csv_path,timestep_start,annotation
/home/mdxuser/Genesis/main/data/picked_up_4/upsampled/Borage_GLA240Gamma_Tocopherol_Elastic_medium_upsampled.csv,0,"End-effector start towards the object, to begin the task."
/home/mdxuser/Genesis/main/data/picked_up_4/upsampled/Borage_GLA240Gamma_Tocopherol_Elastic_medium_upsampled.csv,270,"End-effector grasping the object, using moderate force, causing medium-deformation, with increasing force."
/home/mdxuser/Genesis/main/data/picked_up_4/upsampled/Borage_GLA240Gamma_Tocopherol_Elastic_medium_upsampled.csv,540,"End-effector continue grasping the object, using moderate force, causing medium-deformation, with increasing force."
/home/mdxuser/Genesis/main/data/picked_up_4/upsampled/Borage_GLA240Gamma_Tocopherol_Elastic_medium_upsampled.csv,810,"End-effector lifting the object, using moderate force, causing medium-deformation, with increasing force."
/home/mdxuser/Genesis/main/data/picked_up_4/upsampled/Borage_GLA240Gamma_Tocopherol_Elastic_medium_upsampled.csv,1080,"End-effector rotating the object, by an angle of 45.0 degrees, using moderate force, causing medium-deformation, with constant force."
/home/mdxuser/Genesis/main/data/picked_up_4/upsampled/Borage_GLA240Gamma_Tocopherol_Elastic_medium_upsampled.csv,1350,"End-effector continue rotating the object, by an angle of 45.0 degrees, using moderate force, causing medium-deformation, with constant force."
/home/mdxuser/Genesis/main/data/picked_up_4/upsampled/Borage_GLA240Gamma_Tocopherol_Elastic_medium_upsampled.csv,1620,"End-effector holding position of the object, maintaining a stable hold, using moderate force, causing medium-deformation."
/home/mdxuser/Genesis/main/data/picked_up_4/upsampled/Borage_GLA240Gamma_Tocopherol_Elastic_medium_upsampled.csv,1890,"End-effector rotating the object, by an angle of 45.0 degrees, using moderate force, causing medium-deformation, with constant force."
/home/mdxuser/Genesis/main/data/picked_up_4/upsampled/Borage_GLA240Gamma_Tocopherol_Elastic_medium_upsampled.csv,2160,"End-effector holding position of the object, maintaining a stable hold, using moderate force, causing medium-deformation."
/home/mdxuser/Genesis/main/data/picked_up_4/upsampled/Borage_GLA240Gamma_Tocopherol_Elastic_medium_upsampled.csv,2430,"End-effector continue holding position of the object, maintaining a stable hold, using moderate force, causing medium-deformation."
/home/mdxuser/Genesis/main/data/picked_up_4/upsampled/Borage_GLA240Gamma_Tocopherol_Elastic_medium_upsampled.csv,2700,"End-effector stopping the object, using zero-force, causing undeformed shape."
/home/mdxuser/Genesis/main/data/picked_up_4/upsampled/Cascadia_8_Color_AquariusHibscsBearingSeaBlk_Size_50_Elastic_medium_upsampled.csv,0,"End-effector start towards the object, to begin the task."
/home/mdxuser/Genesis/main/data/picked_up_4/upsampled/Cascadia_8_Color_AquariusHibscsBearingSeaBlk_Size_50_Elastic_medium_upsampled.csv,270,"End-effector grasping the object, using moderate force, causing medium-deformation, with increasing force."
/home/mdxuser/Genesis/main/data/picked_up_4/upsampled/Cascadia_8_Color_AquariusHibscsBearingSeaBlk_Size_50_Elastic_medium_upsampled.csv,540,"End-effector continue grasping the object, using moderate force, causing medium-deformation, with increasing force."
/home/mdxuser/Genesis/main/data/picked_up_4/upsampled/Cascadia_8_Color_AquariusHibscsBearingSeaBlk_Size_50_Elastic_medium_upsampled.csv,810,"End-effector lifting the object, using moderate force, causing medium-deformation, with increasing force."
/home/mdxuser/Genesis/main/data/picked_up_4/upsampled/Cascadia_8_Color_AquariusHibscsBearingSeaBlk_Size_50_Elastic_medium_upsampled.csv,1080,"End-effector rotating the object, by an angle of 30.0 degrees, using moderate force, causing medium-deformation, with constant force."
/home/mdxuser/Genesis/main/data/picked_up_4/upsampled/Cascadia_8_Color_AquariusHibscsBearingSeaBlk_Size_50_Elastic_medium_upsampled.csv,1350,"End-effector continue rotating the object, by an angle of 30.0 degrees, using moderate force, causing medium-deformation, with constant force."
/home/mdxuser/Genesis/main/data/picked_up_4/upsampled/Cascadia_8_Color_AquariusHibscsBearingSeaBlk_Size_50_Elastic_medium_upsampled.csv,1620,"End-effector holding position of the object, maintaining a stable hold, using moderate force, causing medium-deformation."
/home/mdxuser/Genesis/main/data/picked_up_4/upsampled/Cascadia_8_Color_AquariusHibscsBearingSeaBlk_Size_50_Elastic_medium_upsampled.csv,1890,"End-effector rotating the object, by an angle of 45.0 degrees, using moderate force, causing medium-deformation, with constant force."
/home/mdxuser/Genesis/main/data/picked_up_4/upsampled/Cascadia_8_Color_AquariusHibscsBearingSeaBlk_Size_50_Elastic_medium_upsampled.csv,2160,"End-effector continue rotating the object, by an angle of 45.0 degrees, using moderate force, causing medium-deformation, with constant force."
/home/mdxuser/Genesis/main/data/picked_up_4/upsampled/Cascadia_8_Color_AquariusHibscsBearingSeaBlk_Size_50_Elastic_medium_upsampled.csv,2430,The object has been dropped.
/home/mdxuser/Genesis/main/data/picked_up_4/upsampled/Cascadia_8_Color_AquariusHibscsBearingSeaBlk_Size_50_Elastic_medium_upsampled.csv,2700,The object has been dropped.
/home/mdxuser/Genesis/main/data/picked_up_4/upsampled/Crayola_Crayons_24_count_Elastic_medium_upsampled.csv,0,"End-effector start towards the object, to begin the task."
/home/mdxuser/Genesis/main/data/picked_up_4/upsampled/Crayola_Crayons_24_count_Elastic_medium_upsampled.csv,270,"End-effector grasping the object, using moderate force, causing medium-deformation, with increasing force."
/home/mdxuser/Genesis/main/data/picked_up_4/upsampled/Crayola_Crayons_24_count_Elastic_medium_upsampled.csv,540,"End-effector continue grasping the object, using moderate force, causing medium-deformation, with increasing force."
/home/mdxuser/Genesis/main/data/picked_up_4/upsampled/Crayola_Crayons_24_count_Elastic_medium_upsampled.csv,810,"End-effector lifting the object, using moderate force, causing medium-deformation, with increasing force."
/home/mdxuser/Genesis/main/data/picked_up_4/upsampled/Crayola_Crayons_24_count_Elastic_medium_upsampled.csv,1080,"End-effector rotating the object, by an angle of 30.0 degrees, using moderate force, causing medium-deformation, with constant force."
/home/mdxuser/Genesis/main/data/picked_up_4/upsampled/Crayola_Crayons_24_count_Elastic_medium_upsampled.csv,1350,"End-effector continue rotating the object, by an angle of 30.0 degrees, using moderate force, causing medium-deformation, with constant force."
/home/mdxuser/Genesis/main/data/picked_up_4/upsampled/Crayola_Crayons_24_count_Elastic_medium_upsampled.csv,1620,"End-effector holding position of the object, maintaining a stable hold, using moderate force, causing medium-deformation."
/home/mdxuser/Genesis/main/data/picked_up_4/upsampled/Crayola_Crayons_24_count_Elastic_medium_upsampled.csv,1890,"End-effector rotating the object, by an angle of 45.0 degrees, using moderate force, causing medium-deformation, with constant force."
/home/mdxuser/Genesis/main/data/picked_up_4/upsampled/Crayola_Crayons_24_count_Elastic_medium_upsampled.csv,2160,"End-effector continue rotating the object, by an angle of 45.0 degrees, using moderate force, causing medium-deformation, with constant force."
/home/mdxuser/Genesis/main/data/picked_up_4/upsampled/Crayola_Crayons_24_count_Elastic_medium_upsampled.csv,2430,The object has been dropped.
/home/mdxuser/Genesis/main/data/picked_up_4/upsampled/Crayola_Crayons_24_count_Elastic_medium_upsampled.csv,2700,The object has been dropped.
/home/mdxuser/Genesis/main/data/picked_up_4/upsampled/Cole_Hardware_School_Bell_Solid_Brass_38_Elastic_medium_upsampled.csv,0,"End-effector start towards the object, to begin the task."
/home/mdxuser/Genesis/main/data/picked_up_4/upsampled/Cole_Hardware_School_Bell_Solid_Brass_38_Elastic_medium_upsampled.csv,270,"End-effector grasping the object, using moderate force, causing medium-deformation, with increasing force."
/home/mdxuser/Genesis/main/data/picked_up_4/upsampled/Cole_Hardware_School_Bell_Solid_Brass_38_Elastic_medium_upsampled.csv,540,"End-effector continue grasping the object, using moderate force, causing medium-deformation, with increasing force."
/home/mdxuser/Genesis/main/data/picked_up_4/upsampled/Cole_Hardware_School_Bell_Solid_Brass_38_Elastic_medium_upsampled.csv,810,"End-effector lifting the object, using moderate force, causing medium-deformation, with increasing force."
/home/mdxuser/Genesis/main/data/picked_up_4/upsampled/Cole_Hardware_School_Bell_Solid_Brass_38_Elastic_medium_upsampled.csv,1080,"End-effector rotating the object, by an angle of 45.0 degrees, using moderate force, causing medium-deformation, with constant force."
/home/mdxuser/Genesis/main/data/picked_up_4/upsampled/Cole_Hardware_School_Bell_Solid_Brass_38_Elastic_medium_upsampled.csv,1350,"End-effector holding position of the object, maintaining a stable hold, using moderate force, causing medium-deformation."
/home/mdxuser/Genesis/main/data/picked_up_4/upsampled/Cole_Hardware_School_Bell_Solid_Brass_38_Elastic_medium_upsampled.csv,1620,"End-effector continue holding position of the object, maintaining a stable hold, using moderate force, causing medium-deformation."
/home/mdxuser/Genesis/main/data/picked_up_4/upsampled/Cole_Hardware_School_Bell_Solid_Brass_38_Elastic_medium_upsampled.csv,1890,"End-effector rotating the object, by an angle of 45.0 degrees, using moderate force, causing medium-deformation, with constant force."
/home/mdxuser/Genesis/main/data/picked_up_4/upsampled/Cole_Hardware_School_Bell_Solid_Brass_38_Elastic_medium_upsampled.csv,2160,"End-effector holding position of the object, maintaining a stable hold, using moderate force, causing medium-deformation."
/home/mdxuser/Genesis/main/data/picked_up_4/upsampled/Cole_Hardware_School_Bell_Solid_Brass_38_Elastic_medium_upsampled.csv,2430,"End-effector continue holding position of the object, maintaining a stable hold, using moderate force, causing medium-deformation."
/home/mdxuser/Genesis/main/data/picked_up_4/upsampled/Cole_Hardware_School_Bell_Solid_Brass_38_Elastic_medium_upsampled.csv,2700,The object has been dropped.
/home/mdxuser/Genesis/main/data/picked_up_4/upsampled/Melissa_Doug_Pound_and_Roll_Elastic_medium_upsampled.csv,0,"End-effector start towards the object, to begin the task."
/home/mdxuser/Genesis/main/data/picked_up_4/upsampled/Melissa_Doug_Pound_and_Roll_Elastic_medium_upsampled.csv,270,"End-effector grasping the object, using moderate force, causing medium-deformation, with increasing force."
/home/mdxuser/Genesis/main/data/picked_up_4/upsampled/Melissa_Doug_Pound_and_Roll_Elastic_medium_upsampled.csv,540,"End-effector continue grasping the object, using moderate force, causing medium-deformation, with increasing force."
/home/mdxuser/Genesis/main/data/picked_up_4/upsampled/Melissa_Doug_Pound_and_Roll_Elastic_medium_upsampled.csv,810,"End-effector lifting the object, using moderate force, causing medium-deformation, with increasing force."
/home/mdxuser/Genesis/main/data/picked_up_4/upsampled/Melissa_Doug_Pound_and_Roll_Elastic_medium_upsampled.csv,1080,"End-effector rotating the object, by an angle of 30.0 degrees, using moderate force, causing medium-deformation, with constant force."
/home/mdxuser/Genesis/main/data/picked_up_4/upsampled/Melissa_Doug_Pound_and_Roll_Elastic_medium_upsampled.csv,1350,"End-effector continue rotating the object, by an angle of 30.0 degrees, using moderate force, causing medium-deformation, with constant force."
/home/mdxuser/Genesis/main/data/picked_up_4/upsampled/Melissa_Doug_Pound_and_Roll_Elastic_medium_upsampled.csv,1620,"End-effector holding position of the object, maintaining a stable hold, using moderate force, causing medium-deformation."
/home/mdxuser/Genesis/main/data/picked_up_4/upsampled/Melissa_Doug_Pound_and_Roll_Elastic_medium_upsampled.csv,1890,"End-effector rotating the object, by an angle of 45.0 degrees, using moderate force, causing medium-deformation, with constant force."
/home/mdxuser/Genesis/main/data/picked_up_4/upsampled/Melissa_Doug_Pound_and_Roll_Elastic_medium_upsampled.csv,2160,"End-effector continue rotating the object, by an angle of 45.0 degrees, using moderate force, causing medium-deformation, with constant force."
/home/mdxuser/Genesis/main/data/picked_up_4/upsampled/Melissa_Doug_Pound_and_Roll_Elastic_medium_upsampled.csv,2430,The object has been dropped.
/home/mdxuser/Genesis/main/data/picked_up_4/upsampled/Melissa_Doug_Pound_and_Roll_Elastic_medium_upsampled.csv,2700,The object has been dropped.
/home/mdxuser/Genesis/main/data/picked_up_4/upsampled/Perricone_MD_Neuropeptide_Firming_Moisturizer_Elastic_hard_upsampled.csv,0,"End-effector start towards the object, to begin the task."
/home/mdxuser/Genesis/main/data/picked_up_4/upsampled/Perricone_MD_Neuropeptide_Firming_Moisturizer_Elastic_hard_upsampled.csv,270,"End-effector grasping the object, using strong force, causing hard-deformation, with increasing force."
/home/mdxuser/Genesis/main/data/picked_up_4/upsampled/Perricone_MD_Neuropeptide_Firming_Moisturizer_Elastic_hard_upsampled.csv,540,"End-effector continue grasping the object, using strong force, causing hard-deformation, with increasing force."
/home/mdxuser/Genesis/main/data/picked_up_4/upsampled/Perricone_MD_Neuropeptide_Firming_Moisturizer_Elastic_hard_upsampled.csv,810,"End-effector lifting the object, using strong force, causing hard-deformation, with increasing force."
/home/mdxuser/Genesis/main/data/picked_up_4/upsampled/Perricone_MD_Neuropeptide_Firming_Moisturizer_Elastic_hard_upsampled.csv,1080,"End-effector rotating the object, by an angle of 45.0 degrees, using strong force, causing hard-deformation, with constant force."
/home/mdxuser/Genesis/main/data/picked_up_4/upsampled/Perricone_MD_Neuropeptide_Firming_Moisturizer_Elastic_hard_upsampled.csv,1350,"End-effector continue rotating the object, by an angle of 45.0 degrees, using strong force, causing hard-deformation, with constant force."
/home/mdxuser/Genesis/main/data/picked_up_4/upsampled/Perricone_MD_Neuropeptide_Firming_Moisturizer_Elastic_hard_upsampled.csv,1620,"End-effector holding position of the object, maintaining a stable hold, using strong force, causing hard-deformation."
/home/mdxuser/Genesis/main/data/picked_up_4/upsampled/Perricone_MD_Neuropeptide_Firming_Moisturizer_Elastic_hard_upsampled.csv,1890,"End-effector rotating the object, by an angle of 30.0 degrees, using strong force, causing hard-deformation, with constant force."
/home/mdxuser/Genesis/main/data/picked_up_4/upsampled/Perricone_MD_Neuropeptide_Firming_Moisturizer_Elastic_hard_upsampled.csv,2160,"End-effector continue rotating the object, by an angle of 30.0 degrees, using strong force, causing hard-deformation, with constant force."
/home/mdxuser/Genesis/main/data/picked_up_4/upsampled/Perricone_MD_Neuropeptide_Firming_Moisturizer_Elastic_hard_upsampled.csv,2430,"End-effector holding position of the object, maintaining a stable hold, using strong force, causing hard-deformation."
/home/mdxuser/Genesis/main/data/picked_up_4/upsampled/Perricone_MD_Neuropeptide_Firming_Moisturizer_Elastic_hard_upsampled.csv,2700,The object has been dropped.
/home/mdxuser/Genesis/main/data/picked_up_4/upsampled/Jarrow_Glucosamine_Chondroitin_Combination_120_Caps_Elastic_soft_upsampled.csv,0,"End-effector start towards the object, to begin the task."
/home/mdxuser/Genesis/main/data/picked_up_4/upsampled/Jarrow_Glucosamine_Chondroitin_Combination_120_Caps_Elastic_soft_upsampled.csv,270,"End-effector grasping the object, using gentle force, causing soft-deformation, with increasing force."
/home/mdxuser/Genesis/main/data/picked_up_4/upsampled/Jarrow_Glucosamine_Chondroitin_Combination_120_Caps_Elastic_soft_upsampled.csv,540,"End-effector continue grasping the object, using gentle force, causing soft-deformation, with increasing force."
/home/mdxuser/Genesis/main/data/picked_up_4/upsampled/Jarrow_Glucosamine_Chondroitin_Combination_120_Caps_Elastic_soft_upsampled.csv,810,"End-effector lifting the object, using gentle force, causing soft-deformation, with increasing force."
/home/mdxuser/Genesis/main/data/picked_up_4/upsampled/Jarrow_Glucosamine_Chondroitin_Combination_120_Caps_Elastic_soft_upsampled.csv,1080,"End-effector rotating the object, by an angle of 45.0 degrees, using gentle force, causing soft-deformation, with constant force."
/home/mdxuser/Genesis/main/data/picked_up_4/upsampled/Jarrow_Glucosamine_Chondroitin_Combination_120_Caps_Elastic_soft_upsampled.csv,1350,"End-effector continue rotating the object, by an angle of 45.0 degrees, using gentle force, causing soft-deformation, with constant force."
/home/mdxuser/Genesis/main/data/picked_up_4/upsampled/Jarrow_Glucosamine_Chondroitin_Combination_120_Caps_Elastic_soft_upsampled.csv,1620,"End-effector holding position of the object, maintaining a stable hold, using gentle force, causing soft-deformation."
/home/mdxuser/Genesis/main/data/picked_up_4/upsampled/Jarrow_Glucosamine_Chondroitin_Combination_120_Caps_Elastic_soft_upsampled.csv,1890,"End-effector rotating the object, by an angle of 30.0 degrees, using gentle force, causing soft-deformation, with constant force."
/home/mdxuser/Genesis/main/data/picked_up_4/upsampled/Jarrow_Glucosamine_Chondroitin_Combination_120_Caps_Elastic_soft_upsampled.csv,2160,"End-effector continue rotating the object, by an angle of 30.0 degrees, using gentle force, causing soft-deformation, with constant force."
/home/mdxuser/Genesis/main/data/picked_up_4/upsampled/Jarrow_Glucosamine_Chondroitin_Combination_120_Caps_Elastic_soft_upsampled.csv,2430,"End-effector holding position of the object, maintaining a stable hold, using gentle force, causing soft-deformation."
/home/mdxuser/Genesis/main/data/picked_up_4/upsampled/Jarrow_Glucosamine_Chondroitin_Combination_120_Caps_Elastic_soft_upsampled.csv,2700,The object has been dropped.
/home/mdxuser/Genesis/main/data/picked_up_4/upsampled/Blackcurrant_Lutein_Elastic_medium_upsampled.csv,0,"End-effector start towards the object, to begin the task."
/home/mdxuser/Genesis/main/data/picked_up_4/upsampled/Blackcurrant_Lutein_Elastic_medium_upsampled.csv,270,"End-effector grasping the object, using moderate force, causing medium-deformation, with increasing force."
/home/mdxuser/Genesis/main/data/picked_up_4/upsampled/Blackcurrant_Lutein_Elastic_medium_upsampled.csv,540,"End-effector continue grasping the object, using moderate force, causing medium-deformation, with increasing force."
/home/mdxuser/Genesis/main/data/picked_up_4/upsampled/Blackcurrant_Lutein_Elastic_medium_upsampled.csv,810,"End-effector lifting the object, using moderate force, causing medium-deformation, with increasing force."
/home/mdxuser/Genesis/main/data/picked_up_4/upsampled/Blackcurrant_Lutein_Elastic_medium_upsampled.csv,1080,"End-effector rotating the object, by an angle of 30.0 degrees, using moderate force, causing medium-deformation, with constant force."
/home/mdxuser/Genesis/main/data/picked_up_4/upsampled/Blackcurrant_Lutein_Elastic_medium_upsampled.csv,1350,"End-effector continue rotating the object, by an angle of 30.0 degrees, using moderate force, causing medium-deformation, with constant force."
/home/mdxuser/Genesis/main/data/picked_up_4/upsampled/Blackcurrant_Lutein_Elastic_medium_upsampled.csv,1620,"End-effector holding position of the object, maintaining a stable hold, using moderate force, causing medium-deformation."
/home/mdxuser/Genesis/main/data/picked_up_4/upsampled/Blackcurrant_Lutein_Elastic_medium_upsampled.csv,1890,"End-effector rotating the object, by an angle of 45.0 degrees, using moderate force, causing medium-deformation, with constant force."
/home/mdxuser/Genesis/main/data/picked_up_4/upsampled/Blackcurrant_Lutein_Elastic_medium_upsampled.csv,2160,"End-effector continue rotating the object, by an angle of 45.0 degrees, using moderate force, causing medium-deformation, with constant force."
/home/mdxuser/Genesis/main/data/picked_up_4/upsampled/Blackcurrant_Lutein_Elastic_medium_upsampled.csv,2430,"End-effector holding position of the object, maintaining a stable hold, using moderate force, causing medium-deformation."
/home/mdxuser/Genesis/main/data/picked_up_4/upsampled/Blackcurrant_Lutein_Elastic_medium_upsampled.csv,2700,"End-effector stopping the object, using zero-force, causing undeformed shape."
/home/mdxuser/Genesis/main/data/picked_up_4/upsampled/Diet_Pepsi_Soda_Cola12_Pack_12_oz_Cans_Elastic_hard_upsampled.csv,0,"End-effector start towards the object, to begin the task."
/home/mdxuser/Genesis/main/data/picked_up_4/upsampled/Diet_Pepsi_Soda_Cola12_Pack_12_oz_Cans_Elastic_hard_upsampled.csv,270,"End-effector grasping the object, using strong force, causing hard-deformation, with increasing force."
/home/mdxuser/Genesis/main/data/picked_up_4/upsampled/Diet_Pepsi_Soda_Cola12_Pack_12_oz_Cans_Elastic_hard_upsampled.csv,540,"End-effector continue grasping the object, using strong force, causing hard-deformation, with increasing force."
/home/mdxuser/Genesis/main/data/picked_up_4/upsampled/Diet_Pepsi_Soda_Cola12_Pack_12_oz_Cans_Elastic_hard_upsampled.csv,810,"End-effector lifting the object, using strong force, causing hard-deformation, with increasing force."
/home/mdxuser/Genesis/main/data/picked_up_4/upsampled/Diet_Pepsi_Soda_Cola12_Pack_12_oz_Cans_Elastic_hard_upsampled.csv,1080,"End-effector rotating the object, by an angle of 45.0 degrees, using strong force, causing hard-deformation, with constant force."
/home/mdxuser/Genesis/main/data/picked_up_4/upsampled/Diet_Pepsi_Soda_Cola12_Pack_12_oz_Cans_Elastic_hard_upsampled.csv,1350,"End-effector continue rotating the object, by an angle of 45.0 degrees, using strong force, causing hard-deformation, with constant force."
/home/mdxuser/Genesis/main/data/picked_up_4/upsampled/Diet_Pepsi_Soda_Cola12_Pack_12_oz_Cans_Elastic_hard_upsampled.csv,1620,"End-effector holding position of the object, maintaining a stable hold, using strong force, causing hard-deformation."
/home/mdxuser/Genesis/main/data/picked_up_4/upsampled/Diet_Pepsi_Soda_Cola12_Pack_12_oz_Cans_Elastic_hard_upsampled.csv,1890,"End-effector rotating the object, by an angle of 45.0 degrees, using strong force, causing hard-deformation, with constant force."
/home/mdxuser/Genesis/main/data/picked_up_4/upsampled/Diet_Pepsi_Soda_Cola12_Pack_12_oz_Cans_Elastic_hard_upsampled.csv,2160,"End-effector continue rotating the object, by an angle of 45.0 degrees, using strong force, causing hard-deformation, with constant force."
/home/mdxuser/Genesis/main/data/picked_up_4/upsampled/Diet_Pepsi_Soda_Cola12_Pack_12_oz_Cans_Elastic_hard_upsampled.csv,2430,"End-effector holding position of the object, maintaining a stable hold, using strong force, causing hard-deformation."
/home/mdxuser/Genesis/main/data/picked_up_4/upsampled/Diet_Pepsi_Soda_Cola12_Pack_12_oz_Cans_Elastic_hard_upsampled.csv,2700,The object has been dropped.
/home/mdxuser/Genesis/main/data/picked_up_4/upsampled/Blackcurrant_Lutein_Elastic_hard_upsampled.csv,0,"End-effector start towards the object, to begin the task."
/home/mdxuser/Genesis/main/data/picked_up_4/upsampled/Blackcurrant_Lutein_Elastic_hard_upsampled.csv,270,"End-effector grasping the object, using strong force, causing hard-deformation, with increasing force."
/home/mdxuser/Genesis/main/data/picked_up_4/upsampled/Blackcurrant_Lutein_Elastic_hard_upsampled.csv,540,"End-effector continue grasping the object, using strong force, causing hard-deformation, with increasing force."
/home/mdxuser/Genesis/main/data/picked_up_4/upsampled/Blackcurrant_Lutein_Elastic_hard_upsampled.csv,810,"End-effector lifting the object, using strong force, causing hard-deformation, with increasing force."
/home/mdxuser/Genesis/main/data/picked_up_4/upsampled/Blackcurrant_Lutein_Elastic_hard_upsampled.csv,1080,"End-effector rotating the object, by an angle of 45.0 degrees, using strong force, causing hard-deformation, with constant force."
/home/mdxuser/Genesis/main/data/picked_up_4/upsampled/Blackcurrant_Lutein_Elastic_hard_upsampled.csv,1350,"End-effector holding position of the object, maintaining a stable hold, using strong force, causing hard-deformation."
/home/mdxuser/Genesis/main/data/picked_up_4/upsampled/Blackcurrant_Lutein_Elastic_hard_upsampled.csv,1620,"End-effector continue holding position of the object, maintaining a stable hold, using strong force, causing hard-deformation."
/home/mdxuser/Genesis/main/data/picked_up_4/upsampled/Blackcurrant_Lutein_Elastic_hard_upsampled.csv,1890,"End-effector rotating the object, by an angle of 45.0 degrees, using strong force, causing hard-deformation, with constant force."
/home/mdxuser/Genesis/main/data/picked_up_4/upsampled/Blackcurrant_Lutein_Elastic_hard_upsampled.csv,2160,"End-effector holding position of the object, maintaining a stable hold, using strong force, causing hard-deformation."
/home/mdxuser/Genesis/main/data/picked_up_4/upsampled/Blackcurrant_Lutein_Elastic_hard_upsampled.csv,2430,"End-effector continue holding position of the object, maintaining a stable hold, using strong force, causing hard-deformation."
/home/mdxuser/Genesis/main/data/picked_up_4/upsampled/Blackcurrant_Lutein_Elastic_hard_upsampled.csv,2700,"End-effector stopping the object, using zero-force, causing undeformed shape."
/home/mdxuser/Genesis/main/data/picked_up_4/upsampled/Office_Depot_HP_75_Remanufactured_Ink_Cartridge_TriColor_Elastic_soft_upsampled.csv,0,"End-effector start towards the object, to begin the task."
/home/mdxuser/Genesis/main/data/picked_up_4/upsampled/Office_Depot_HP_75_Remanufactured_Ink_Cartridge_TriColor_Elastic_soft_upsampled.csv,270,"End-effector grasping the object, using gentle force, causing soft-deformation, with increasing force."
/home/mdxuser/Genesis/main/data/picked_up_4/upsampled/Office_Depot_HP_75_Remanufactured_Ink_Cartridge_TriColor_Elastic_soft_upsampled.csv,540,"End-effector continue grasping the object, using gentle force, causing soft-deformation, with increasing force."
/home/mdxuser/Genesis/main/data/picked_up_4/upsampled/Office_Depot_HP_75_Remanufactured_Ink_Cartridge_TriColor_Elastic_soft_upsampled.csv,810,"End-effector lifting the object, using gentle force, causing soft-deformation, with increasing force."
/home/mdxuser/Genesis/main/data/picked_up_4/upsampled/Office_Depot_HP_75_Remanufactured_Ink_Cartridge_TriColor_Elastic_soft_upsampled.csv,1080,"End-effector rotating the object, by an angle of 30.0 degrees, using gentle force, causing soft-deformation, with constant force."
/home/mdxuser/Genesis/main/data/picked_up_4/upsampled/Office_Depot_HP_75_Remanufactured_Ink_Cartridge_TriColor_Elastic_soft_upsampled.csv,1350,"End-effector continue rotating the object, by an angle of 30.0 degrees, using gentle force, causing soft-deformation, with constant force."
/home/mdxuser/Genesis/main/data/picked_up_4/upsampled/Office_Depot_HP_75_Remanufactured_Ink_Cartridge_TriColor_Elastic_soft_upsampled.csv,1620,"End-effector holding position of the object, maintaining a stable hold, using gentle force, causing soft-deformation."
/home/mdxuser/Genesis/main/data/picked_up_4/upsampled/Office_Depot_HP_75_Remanufactured_Ink_Cartridge_TriColor_Elastic_soft_upsampled.csv,1890,The object has been dropped.
/home/mdxuser/Genesis/main/data/picked_up_4/upsampled/Office_Depot_HP_75_Remanufactured_Ink_Cartridge_TriColor_Elastic_soft_upsampled.csv,2160,The object has been dropped.
/home/mdxuser/Genesis/main/data/picked_up_4/upsampled/Office_Depot_HP_75_Remanufactured_Ink_Cartridge_TriColor_Elastic_soft_upsampled.csv,2430,The object has been dropped.
/home/mdxuser/Genesis/main/data/picked_up_4/upsampled/Office_Depot_HP_75_Remanufactured_Ink_Cartridge_TriColor_Elastic_soft_upsampled.csv,2700,The object has been dropped.
/home/mdxuser/Genesis/main/data/picked_up_4/upsampled/BlackBlack_Nintendo_3DSXL_Elastic_medium_upsampled.csv,0,"End-effector start towards the object, to begin the task."
/home/mdxuser/Genesis/main/data/picked_up_4/upsampled/BlackBlack_Nintendo_3DSXL_Elastic_medium_upsampled.csv,270,"End-effector grasping the object, using moderate force, causing medium-deformation, with increasing force."
/home/mdxuser/Genesis/main/data/picked_up_4/upsampled/BlackBlack_Nintendo_3DSXL_Elastic_medium_upsampled.csv,540,"End-effector continue grasping the object, using moderate force, causing medium-deformation, with increasing force."
/home/mdxuser/Genesis/main/data/picked_up_4/upsampled/BlackBlack_Nintendo_3DSXL_Elastic_medium_upsampled.csv,810,"End-effector lifting the object, using moderate force, causing medium-deformation, with increasing force."
/home/mdxuser/Genesis/main/data/picked_up_4/upsampled/BlackBlack_Nintendo_3DSXL_Elastic_medium_upsampled.csv,1080,"End-effector rotating the object, by an angle of 45.0 degrees, using moderate force, causing medium-deformation, with constant force."
/home/mdxuser/Genesis/main/data/picked_up_4/upsampled/BlackBlack_Nintendo_3DSXL_Elastic_medium_upsampled.csv,1350,"End-effector holding position of the object, maintaining a stable hold, using moderate force, causing medium-deformation."
/home/mdxuser/Genesis/main/data/picked_up_4/upsampled/BlackBlack_Nintendo_3DSXL_Elastic_medium_upsampled.csv,1620,"End-effector continue holding position of the object, maintaining a stable hold, using moderate force, causing medium-deformation."
/home/mdxuser/Genesis/main/data/picked_up_4/upsampled/BlackBlack_Nintendo_3DSXL_Elastic_medium_upsampled.csv,1890,The object has been dropped.
/home/mdxuser/Genesis/main/data/picked_up_4/upsampled/BlackBlack_Nintendo_3DSXL_Elastic_medium_upsampled.csv,2160,The object has been dropped.
/home/mdxuser/Genesis/main/data/picked_up_4/upsampled/BlackBlack_Nintendo_3DSXL_Elastic_medium_upsampled.csv,2430,The object has been dropped.
/home/mdxuser/Genesis/main/data/picked_up_4/upsampled/BlackBlack_Nintendo_3DSXL_Elastic_medium_upsampled.csv,2700,The object has been dropped.
/home/mdxuser/Genesis/main/data/picked_up_4/upsampled/Melissa_Doug_Pound_and_Roll_Elastic_hard_upsampled.csv,0,"End-effector start towards the object, to begin the task."
/home/mdxuser/Genesis/main/data/picked_up_4/upsampled/Melissa_Doug_Pound_and_Roll_Elastic_hard_upsampled.csv,270,"End-effector grasping the object, using strong force, causing hard-deformation, with increasing force."
/home/mdxuser/Genesis/main/data/picked_up_4/upsampled/Melissa_Doug_Pound_and_Roll_Elastic_hard_upsampled.csv,540,"End-effector continue grasping the object, using strong force, causing hard-deformation, with increasing force."
/home/mdxuser/Genesis/main/data/picked_up_4/upsampled/Melissa_Doug_Pound_and_Roll_Elastic_hard_upsampled.csv,810,"End-effector lifting the object, using strong force, causing hard-deformation, with increasing force."
/home/mdxuser/Genesis/main/data/picked_up_4/upsampled/Melissa_Doug_Pound_and_Roll_Elastic_hard_upsampled.csv,1080,"End-effector rotating the object, by an angle of 30.0 degrees, using strong force, causing hard-deformation, with constant force."
/home/mdxuser/Genesis/main/data/picked_up_4/upsampled/Melissa_Doug_Pound_and_Roll_Elastic_hard_upsampled.csv,1350,"End-effector continue rotating the object, by an angle of 30.0 degrees, using strong force, causing hard-deformation, with constant force."
/home/mdxuser/Genesis/main/data/picked_up_4/upsampled/Melissa_Doug_Pound_and_Roll_Elastic_hard_upsampled.csv,1620,"End-effector holding position of the object, maintaining a stable hold, using strong force, causing hard-deformation."
/home/mdxuser/Genesis/main/data/picked_up_4/upsampled/Melissa_Doug_Pound_and_Roll_Elastic_hard_upsampled.csv,1890,The object has been dropped.
/home/mdxuser/Genesis/main/data/picked_up_4/upsampled/Melissa_Doug_Pound_and_Roll_Elastic_hard_upsampled.csv,2160,The object has been dropped.
/home/mdxuser/Genesis/main/data/picked_up_4/upsampled/Melissa_Doug_Pound_and_Roll_Elastic_hard_upsampled.csv,2430,The object has been dropped.
/home/mdxuser/Genesis/main/data/picked_up_4/upsampled/Melissa_Doug_Pound_and_Roll_Elastic_hard_upsampled.csv,2700,The object has been dropped.
/home/mdxuser/Genesis/main/data/picked_up_4/upsampled/ASICS_GELBlur33_20_GS_Flash_YellowHot_PunchSilver_Elastic_soft_upsampled.csv,0,"End-effector start towards the object, to begin the task."
/home/mdxuser/Genesis/main/data/picked_up_4/upsampled/ASICS_GELBlur33_20_GS_Flash_YellowHot_PunchSilver_Elastic_soft_upsampled.csv,270,"End-effector grasping the object, using gentle force, causing soft-deformation, with increasing force."
/home/mdxuser/Genesis/main/data/picked_up_4/upsampled/ASICS_GELBlur33_20_GS_Flash_YellowHot_PunchSilver_Elastic_soft_upsampled.csv,540,"End-effector continue grasping the object, using gentle force, causing soft-deformation, with increasing force."
/home/mdxuser/Genesis/main/data/picked_up_4/upsampled/ASICS_GELBlur33_20_GS_Flash_YellowHot_PunchSilver_Elastic_soft_upsampled.csv,810,"End-effector lifting the object, using gentle force, causing soft-deformation, with increasing force."
/home/mdxuser/Genesis/main/data/picked_up_4/upsampled/ASICS_GELBlur33_20_GS_Flash_YellowHot_PunchSilver_Elastic_soft_upsampled.csv,1080,"End-effector rotating the object, by an angle of 45.0 degrees, using gentle force, causing soft-deformation, with constant force."
/home/mdxuser/Genesis/main/data/picked_up_4/upsampled/ASICS_GELBlur33_20_GS_Flash_YellowHot_PunchSilver_Elastic_soft_upsampled.csv,1350,"End-effector continue rotating the object, by an angle of 45.0 degrees, using gentle force, causing soft-deformation, with constant force."
/home/mdxuser/Genesis/main/data/picked_up_4/upsampled/ASICS_GELBlur33_20_GS_Flash_YellowHot_PunchSilver_Elastic_soft_upsampled.csv,1620,The object has been dropped.
/home/mdxuser/Genesis/main/data/picked_up_4/upsampled/ASICS_GELBlur33_20_GS_Flash_YellowHot_PunchSilver_Elastic_soft_upsampled.csv,1890,The object has been dropped.
/home/mdxuser/Genesis/main/data/picked_up_4/upsampled/ASICS_GELBlur33_20_GS_Flash_YellowHot_PunchSilver_Elastic_soft_upsampled.csv,2160,The object has been dropped.
/home/mdxuser/Genesis/main/data/picked_up_4/upsampled/ASICS_GELBlur33_20_GS_Flash_YellowHot_PunchSilver_Elastic_soft_upsampled.csv,2430,The object has been dropped.
/home/mdxuser/Genesis/main/data/picked_up_4/upsampled/ASICS_GELBlur33_20_GS_Flash_YellowHot_PunchSilver_Elastic_soft_upsampled.csv,2700,The object has been dropped.
/home/mdxuser/Genesis/main/data/picked_up_4/upsampled/Crayola_Model_Magic_Modeling_Material_White_3_oz_Elastic_medium_upsampled.csv,0,"End-effector start towards the object, to begin the task."
/home/mdxuser/Genesis/main/data/picked_up_4/upsampled/Crayola_Model_Magic_Modeling_Material_White_3_oz_Elastic_medium_upsampled.csv,270,"End-effector grasping the object, using moderate force, causing medium-deformation, with increasing force."
/home/mdxuser/Genesis/main/data/picked_up_4/upsampled/Crayola_Model_Magic_Modeling_Material_White_3_oz_Elastic_medium_upsampled.csv,540,"End-effector continue grasping the object, using moderate force, causing medium-deformation, with increasing force."
/home/mdxuser/Genesis/main/data/picked_up_4/upsampled/Crayola_Model_Magic_Modeling_Material_White_3_oz_Elastic_medium_upsampled.csv,810,"End-effector lifting the object, using moderate force, causing medium-deformation, with increasing force."
/home/mdxuser/Genesis/main/data/picked_up_4/upsampled/Crayola_Model_Magic_Modeling_Material_White_3_oz_Elastic_medium_upsampled.csv,1080,"End-effector rotating the object, by an angle of 30.0 degrees, using moderate force, causing medium-deformation, with constant force."
/home/mdxuser/Genesis/main/data/picked_up_4/upsampled/Crayola_Model_Magic_Modeling_Material_White_3_oz_Elastic_medium_upsampled.csv,1350,"End-effector continue rotating the object, by an angle of 30.0 degrees, using moderate force, causing medium-deformation, with constant force."
/home/mdxuser/Genesis/main/data/picked_up_4/upsampled/Crayola_Model_Magic_Modeling_Material_White_3_oz_Elastic_medium_upsampled.csv,1620,The object has been dropped.
/home/mdxuser/Genesis/main/data/picked_up_4/upsampled/Crayola_Model_Magic_Modeling_Material_White_3_oz_Elastic_medium_upsampled.csv,1890,The object has been dropped.
/home/mdxuser/Genesis/main/data/picked_up_4/upsampled/Crayola_Model_Magic_Modeling_Material_White_3_oz_Elastic_medium_upsampled.csv,2160,The object has been dropped.
/home/mdxuser/Genesis/main/data/picked_up_4/upsampled/Crayola_Model_Magic_Modeling_Material_White_3_oz_Elastic_medium_upsampled.csv,2430,The object has been dropped.
/home/mdxuser/Genesis/main/data/picked_up_4/upsampled/Crayola_Model_Magic_Modeling_Material_White_3_oz_Elastic_medium_upsampled.csv,2700,The object has been dropped.
/home/mdxuser/Genesis/main/data/picked_up_4/upsampled/BAGEL_WITH_CHEESE_Elastic_medium_upsampled.csv,0,"End-effector start towards the object, to begin the task."
/home/mdxuser/Genesis/main/data/picked_up_4/upsampled/BAGEL_WITH_CHEESE_Elastic_medium_upsampled.csv,270,"End-effector grasping the object, using moderate force, causing medium-deformation, with increasing force."
/home/mdxuser/Genesis/main/data/picked_up_4/upsampled/BAGEL_WITH_CHEESE_Elastic_medium_upsampled.csv,540,"End-effector continue grasping the object, using moderate force, causing medium-deformation, with increasing force."
/home/mdxuser/Genesis/main/data/picked_up_4/upsampled/BAGEL_WITH_CHEESE_Elastic_medium_upsampled.csv,810,"End-effector lifting the object, using moderate force, causing medium-deformation, with increasing force."
/home/mdxuser/Genesis/main/data/picked_up_4/upsampled/BAGEL_WITH_CHEESE_Elastic_medium_upsampled.csv,1080,"End-effector rotating the object, by an angle of 45.0 degrees, using moderate force, causing medium-deformation, with constant force."
/home/mdxuser/Genesis/main/data/picked_up_4/upsampled/BAGEL_WITH_CHEESE_Elastic_medium_upsampled.csv,1350,The object has been dropped.
/home/mdxuser/Genesis/main/data/picked_up_4/upsampled/BAGEL_WITH_CHEESE_Elastic_medium_upsampled.csv,1620,The object has been dropped.
/home/mdxuser/Genesis/main/data/picked_up_4/upsampled/BAGEL_WITH_CHEESE_Elastic_medium_upsampled.csv,1890,The object has been dropped.
/home/mdxuser/Genesis/main/data/picked_up_4/upsampled/BAGEL_WITH_CHEESE_Elastic_medium_upsampled.csv,2160,The object has been dropped.
/home/mdxuser/Genesis/main/data/picked_up_4/upsampled/BAGEL_WITH_CHEESE_Elastic_medium_upsampled.csv,2430,The object has been dropped.
/home/mdxuser/Genesis/main/data/picked_up_4/upsampled/BAGEL_WITH_CHEESE_Elastic_medium_upsampled.csv,2700,The object has been dropped.
/home/mdxuser/Genesis/main/data/picked_up_4/upsampled/CoQ10_BjTLbuRVt1t_Elastic_soft_upsampled.csv,0,"End-effector start towards the object, to begin the task."
/home/mdxuser/Genesis/main/data/picked_up_4/upsampled/CoQ10_BjTLbuRVt1t_Elastic_soft_upsampled.csv,270,"End-effector grasping the object, using gentle force, causing soft-deformation, with increasing force."
/home/mdxuser/Genesis/main/data/picked_up_4/upsampled/CoQ10_BjTLbuRVt1t_Elastic_soft_upsampled.csv,540,"End-effector continue grasping the object, using gentle force, causing soft-deformation, with increasing force."
/home/mdxuser/Genesis/main/data/picked_up_4/upsampled/CoQ10_BjTLbuRVt1t_Elastic_soft_upsampled.csv,810,"End-effector lifting the object, using gentle force, causing soft-deformation, with increasing force."
/home/mdxuser/Genesis/main/data/picked_up_4/upsampled/CoQ10_BjTLbuRVt1t_Elastic_soft_upsampled.csv,1080,"End-effector rotating the object, by an angle of 30.0 degrees, using gentle force, causing soft-deformation, with constant force."
/home/mdxuser/Genesis/main/data/picked_up_4/upsampled/CoQ10_BjTLbuRVt1t_Elastic_soft_upsampled.csv,1350,"End-effector continue rotating the object, by an angle of 30.0 degrees, using gentle force, causing soft-deformation, with constant force."
/home/mdxuser/Genesis/main/data/picked_up_4/upsampled/CoQ10_BjTLbuRVt1t_Elastic_soft_upsampled.csv,1620,"End-effector holding position of the object, maintaining a stable hold, using gentle force, causing soft-deformation."
/home/mdxuser/Genesis/main/data/picked_up_4/upsampled/CoQ10_BjTLbuRVt1t_Elastic_soft_upsampled.csv,1890,"End-effector rotating the object, by an angle of 30.0 degrees, using gentle force, causing soft-deformation, with constant force."
/home/mdxuser/Genesis/main/data/picked_up_4/upsampled/CoQ10_BjTLbuRVt1t_Elastic_soft_upsampled.csv,2160,"End-effector continue rotating the object, by an angle of 30.0 degrees, using gentle force, causing soft-deformation, with constant force."
/home/mdxuser/Genesis/main/data/picked_up_4/upsampled/CoQ10_BjTLbuRVt1t_Elastic_soft_upsampled.csv,2430,The object has been dropped.
/home/mdxuser/Genesis/main/data/picked_up_4/upsampled/CoQ10_BjTLbuRVt1t_Elastic_soft_upsampled.csv,2700,The object has been dropped.
/home/mdxuser/Genesis/main/data/picked_up_4/upsampled/Office_Depot_Canon_CL_41_Remanufactured_Ink_Cartridge_TriColor_Elastic_soft_upsampled.csv,0,"End-effector start towards the object, to begin the task."
/home/mdxuser/Genesis/main/data/picked_up_4/upsampled/Office_Depot_Canon_CL_41_Remanufactured_Ink_Cartridge_TriColor_Elastic_soft_upsampled.csv,270,"End-effector grasping the object, using gentle force, causing soft-deformation, with increasing force."
/home/mdxuser/Genesis/main/data/picked_up_4/upsampled/Office_Depot_Canon_CL_41_Remanufactured_Ink_Cartridge_TriColor_Elastic_soft_upsampled.csv,540,"End-effector continue grasping the object, using gentle force, causing soft-deformation, with increasing force."
/home/mdxuser/Genesis/main/data/picked_up_4/upsampled/Office_Depot_Canon_CL_41_Remanufactured_Ink_Cartridge_TriColor_Elastic_soft_upsampled.csv,810,"End-effector lifting the object, using gentle force, causing soft-deformation, with increasing force."
/home/mdxuser/Genesis/main/data/picked_up_4/upsampled/Office_Depot_Canon_CL_41_Remanufactured_Ink_Cartridge_TriColor_Elastic_soft_upsampled.csv,1080,"End-effector rotating the object, by an angle of 45.0 degrees, using gentle force, causing soft-deformation, with constant force."
/home/mdxuser/Genesis/main/data/picked_up_4/upsampled/Office_Depot_Canon_CL_41_Remanufactured_Ink_Cartridge_TriColor_Elastic_soft_upsampled.csv,1350,"End-effector holding position of the object, maintaining a stable hold, using gentle force, causing soft-deformation."
/home/mdxuser/Genesis/main/data/picked_up_4/upsampled/Office_Depot_Canon_CL_41_Remanufactured_Ink_Cartridge_TriColor_Elastic_soft_upsampled.csv,1620,"End-effector continue holding position of the object, maintaining a stable hold, using gentle force, causing soft-deformation."
/home/mdxuser/Genesis/main/data/picked_up_4/upsampled/Office_Depot_Canon_CL_41_Remanufactured_Ink_Cartridge_TriColor_Elastic_soft_upsampled.csv,1890,"End-effector rotating the object, by an angle of 45.0 degrees, using gentle force, causing soft-deformation, with constant force."
/home/mdxuser/Genesis/main/data/picked_up_4/upsampled/Office_Depot_Canon_CL_41_Remanufactured_Ink_Cartridge_TriColor_Elastic_soft_upsampled.csv,2160,"End-effector continue rotating the object, by an angle of 45.0 degrees, using gentle force, causing soft-deformation, with constant force."
/home/mdxuser/Genesis/main/data/picked_up_4/upsampled/Office_Depot_Canon_CL_41_Remanufactured_Ink_Cartridge_TriColor_Elastic_soft_upsampled.csv,2430,"End-effector holding position of the object, maintaining a stable hold, using gentle force, causing soft-deformation."
/home/mdxuser/Genesis/main/data/picked_up_4/upsampled/Office_Depot_Canon_CL_41_Remanufactured_Ink_Cartridge_TriColor_Elastic_soft_upsampled.csv,2700,"End-effector stopping the object, using zero-force, causing undeformed shape."
/home/mdxuser/Genesis/main/data/picked_up_4/upsampled/BAGEL_WITH_CHEESE_Elastic_soft_upsampled.csv,0,"End-effector start towards the object, to begin the task."
/home/mdxuser/Genesis/main/data/picked_up_4/upsampled/BAGEL_WITH_CHEESE_Elastic_soft_upsampled.csv,270,"End-effector grasping the object, using gentle force, causing soft-deformation, with increasing force."
/home/mdxuser/Genesis/main/data/picked_up_4/upsampled/BAGEL_WITH_CHEESE_Elastic_soft_upsampled.csv,540,"End-effector continue grasping the object, using gentle force, causing soft-deformation, with increasing force."
/home/mdxuser/Genesis/main/data/picked_up_4/upsampled/BAGEL_WITH_CHEESE_Elastic_soft_upsampled.csv,810,"End-effector lifting the object, using gentle force, causing soft-deformation, with increasing force."
/home/mdxuser/Genesis/main/data/picked_up_4/upsampled/BAGEL_WITH_CHEESE_Elastic_soft_upsampled.csv,1080,"End-effector rotating the object, by an angle of 45.0 degrees, using gentle force, causing soft-deformation, with constant force."
/home/mdxuser/Genesis/main/data/picked_up_4/upsampled/BAGEL_WITH_CHEESE_Elastic_soft_upsampled.csv,1350,"End-effector holding position of the object, maintaining a stable hold, using gentle force, causing soft-deformation."
/home/mdxuser/Genesis/main/data/picked_up_4/upsampled/BAGEL_WITH_CHEESE_Elastic_soft_upsampled.csv,1620,"End-effector continue holding position of the object, maintaining a stable hold, using gentle force, causing soft-deformation."
/home/mdxuser/Genesis/main/data/picked_up_4/upsampled/BAGEL_WITH_CHEESE_Elastic_soft_upsampled.csv,1890,The object has been dropped.
/home/mdxuser/Genesis/main/data/picked_up_4/upsampled/BAGEL_WITH_CHEESE_Elastic_soft_upsampled.csv,2160,The object has been dropped.
/home/mdxuser/Genesis/main/data/picked_up_4/upsampled/BAGEL_WITH_CHEESE_Elastic_soft_upsampled.csv,2430,The object has been dropped.
/home/mdxuser/Genesis/main/data/picked_up_4/upsampled/BAGEL_WITH_CHEESE_Elastic_soft_upsampled.csv,2700,The object has been dropped.
/home/mdxuser/Genesis/main/data/picked_up_4/upsampled/Android_Lego_Elastic_soft_upsampled.csv,0,"End-effector start towards the object, to begin the task."
/home/mdxuser/Genesis/main/data/picked_up_4/upsampled/Android_Lego_Elastic_soft_upsampled.csv,270,"End-effector grasping the object, using gentle force, causing soft-deformation, with increasing force."
/home/mdxuser/Genesis/main/data/picked_up_4/upsampled/Android_Lego_Elastic_soft_upsampled.csv,540,"End-effector continue grasping the object, using gentle force, causing soft-deformation, with increasing force."
/home/mdxuser/Genesis/main/data/picked_up_4/upsampled/Android_Lego_Elastic_soft_upsampled.csv,810,"End-effector lifting the object, using gentle force, causing soft-deformation, with increasing force."
/home/mdxuser/Genesis/main/data/picked_up_4/upsampled/Android_Lego_Elastic_soft_upsampled.csv,1080,"End-effector rotating the object, by an angle of 30.0 degrees, using gentle force, causing soft-deformation, with constant force."
/home/mdxuser/Genesis/main/data/picked_up_4/upsampled/Android_Lego_Elastic_soft_upsampled.csv,1350,"End-effector continue rotating the object, by an angle of 30.0 degrees, using gentle force, causing soft-deformation, with constant force."
/home/mdxuser/Genesis/main/data/picked_up_4/upsampled/Android_Lego_Elastic_soft_upsampled.csv,1620,"End-effector holding position of the object, maintaining a stable hold, using gentle force, causing soft-deformation."
/home/mdxuser/Genesis/main/data/picked_up_4/upsampled/Android_Lego_Elastic_soft_upsampled.csv,1890,"End-effector rotating the object, by an angle of 30.0 degrees, using gentle force, causing soft-deformation, with constant force."
/home/mdxuser/Genesis/main/data/picked_up_4/upsampled/Android_Lego_Elastic_soft_upsampled.csv,2160,"End-effector continue rotating the object, by an angle of 30.0 degrees, using gentle force, causing soft-deformation, with constant force."
/home/mdxuser/Genesis/main/data/picked_up_4/upsampled/Android_Lego_Elastic_soft_upsampled.csv,2430,"End-effector holding position of the object, maintaining a stable hold, using gentle force, causing soft-deformation."
/home/mdxuser/Genesis/main/data/picked_up_4/upsampled/Android_Lego_Elastic_soft_upsampled.csv,2700,"End-effector stopping the object, using zero-force, causing undeformed shape."
/home/mdxuser/Genesis/main/data/picked_up_4/upsampled/Cole_Hardware_Electric_Pot_Cabana_55_Elastic_hard_upsampled.csv,0,"End-effector start towards the object, to begin the task."
/home/mdxuser/Genesis/main/data/picked_up_4/upsampled/Cole_Hardware_Electric_Pot_Cabana_55_Elastic_hard_upsampled.csv,270,"End-effector grasping the object, using strong force, causing hard-deformation, with increasing force."
/home/mdxuser/Genesis/main/data/picked_up_4/upsampled/Cole_Hardware_Electric_Pot_Cabana_55_Elastic_hard_upsampled.csv,540,"End-effector continue grasping the object, using strong force, causing hard-deformation, with increasing force."
/home/mdxuser/Genesis/main/data/picked_up_4/upsampled/Cole_Hardware_Electric_Pot_Cabana_55_Elastic_hard_upsampled.csv,810,"End-effector lifting the object, using strong force, causing hard-deformation, with increasing force."
/home/mdxuser/Genesis/main/data/picked_up_4/upsampled/Cole_Hardware_Electric_Pot_Cabana_55_Elastic_hard_upsampled.csv,1080,"End-effector rotating the object, by an angle of 30.0 degrees, using strong force, causing hard-deformation, with constant force."
/home/mdxuser/Genesis/main/data/picked_up_4/upsampled/Cole_Hardware_Electric_Pot_Cabana_55_Elastic_hard_upsampled.csv,1350,"End-effector continue rotating the object, by an angle of 30.0 degrees, using strong force, causing hard-deformation, with constant force."
/home/mdxuser/Genesis/main/data/picked_up_4/upsampled/Cole_Hardware_Electric_Pot_Cabana_55_Elastic_hard_upsampled.csv,1620,"End-effector holding position of the object, maintaining a stable hold, using strong force, causing hard-deformation."
/home/mdxuser/Genesis/main/data/picked_up_4/upsampled/Cole_Hardware_Electric_Pot_Cabana_55_Elastic_hard_upsampled.csv,1890,"End-effector rotating the object, by an angle of 30.0 degrees, using strong force, causing hard-deformation, with constant force."
/home/mdxuser/Genesis/main/data/picked_up_4/upsampled/Cole_Hardware_Electric_Pot_Cabana_55_Elastic_hard_upsampled.csv,2160,"End-effector continue rotating the object, by an angle of 30.0 degrees, using strong force, causing hard-deformation, with constant force."
/home/mdxuser/Genesis/main/data/picked_up_4/upsampled/Cole_Hardware_Electric_Pot_Cabana_55_Elastic_hard_upsampled.csv,2430,"End-effector holding position of the object, maintaining a stable hold, using strong force, causing hard-deformation."
/home/mdxuser/Genesis/main/data/picked_up_4/upsampled/Cole_Hardware_Electric_Pot_Cabana_55_Elastic_hard_upsampled.csv,2700,The object has been dropped.
/home/mdxuser/Genesis/main/data/picked_up_4/upsampled/Perricone_MD_Neuropeptide_Firming_Moisturizer_Elastic_medium_upsampled.csv,0,"End-effector start towards the object, to begin the task."
/home/mdxuser/Genesis/main/data/picked_up_4/upsampled/Perricone_MD_Neuropeptide_Firming_Moisturizer_Elastic_medium_upsampled.csv,270,"End-effector grasping the object, using moderate force, causing medium-deformation, with increasing force."
/home/mdxuser/Genesis/main/data/picked_up_4/upsampled/Perricone_MD_Neuropeptide_Firming_Moisturizer_Elastic_medium_upsampled.csv,540,"End-effector continue grasping the object, using moderate force, causing medium-deformation, with increasing force."
/home/mdxuser/Genesis/main/data/picked_up_4/upsampled/Perricone_MD_Neuropeptide_Firming_Moisturizer_Elastic_medium_upsampled.csv,810,"End-effector lifting the object, using moderate force, causing medium-deformation, with increasing force."
/home/mdxuser/Genesis/main/data/picked_up_4/upsampled/Perricone_MD_Neuropeptide_Firming_Moisturizer_Elastic_medium_upsampled.csv,1080,"End-effector rotating the object, by an angle of 45.0 degrees, using moderate force, causing medium-deformation, with constant force."
/home/mdxuser/Genesis/main/data/picked_up_4/upsampled/Perricone_MD_Neuropeptide_Firming_Moisturizer_Elastic_medium_upsampled.csv,1350,"End-effector holding position of the object, maintaining a stable hold, using moderate force, causing medium-deformation."
/home/mdxuser/Genesis/main/data/picked_up_4/upsampled/Perricone_MD_Neuropeptide_Firming_Moisturizer_Elastic_medium_upsampled.csv,1620,"End-effector continue holding position of the object, maintaining a stable hold, using moderate force, causing medium-deformation."
/home/mdxuser/Genesis/main/data/picked_up_4/upsampled/Perricone_MD_Neuropeptide_Firming_Moisturizer_Elastic_medium_upsampled.csv,1890,"End-effector rotating the object, by an angle of 45.0 degrees, using moderate force, causing medium-deformation, with constant force."
/home/mdxuser/Genesis/main/data/picked_up_4/upsampled/Perricone_MD_Neuropeptide_Firming_Moisturizer_Elastic_medium_upsampled.csv,2160,"End-effector holding position of the object, maintaining a stable hold, using moderate force, causing medium-deformation."
/home/mdxuser/Genesis/main/data/picked_up_4/upsampled/Perricone_MD_Neuropeptide_Firming_Moisturizer_Elastic_medium_upsampled.csv,2430,"End-effector continue holding position of the object, maintaining a stable hold, using moderate force, causing medium-deformation."
/home/mdxuser/Genesis/main/data/picked_up_4/upsampled/Perricone_MD_Neuropeptide_Firming_Moisturizer_Elastic_medium_upsampled.csv,2700,"End-effector stopping the object, using zero-force, causing undeformed shape."
/home/mdxuser/Genesis/main/data/picked_up_4/upsampled/Dog_Elastic_medium_upsampled.csv,0,"End-effector start towards the object, to begin the task."
/home/mdxuser/Genesis/main/data/picked_up_4/upsampled/Dog_Elastic_medium_upsampled.csv,270,"End-effector grasping the object, using moderate force, causing medium-deformation, with increasing force."
/home/mdxuser/Genesis/main/data/picked_up_4/upsampled/Dog_Elastic_medium_upsampled.csv,540,"End-effector continue grasping the object, using moderate force, causing medium-deformation, with increasing force."
/home/mdxuser/Genesis/main/data/picked_up_4/upsampled/Dog_Elastic_medium_upsampled.csv,810,"End-effector lifting the object, using moderate force, causing medium-deformation, with increasing force."
/home/mdxuser/Genesis/main/data/picked_up_4/upsampled/Dog_Elastic_medium_upsampled.csv,1080,"End-effector rotating the object, by an angle of 45.0 degrees, using moderate force, causing medium-deformation, with constant force."
/home/mdxuser/Genesis/main/data/picked_up_4/upsampled/Dog_Elastic_medium_upsampled.csv,1350,"End-effector holding position of the object, maintaining a stable hold, using moderate force, causing medium-deformation."
/home/mdxuser/Genesis/main/data/picked_up_4/upsampled/Dog_Elastic_medium_upsampled.csv,1620,"End-effector continue holding position of the object, maintaining a stable hold, using moderate force, causing medium-deformation."
/home/mdxuser/Genesis/main/data/picked_up_4/upsampled/Dog_Elastic_medium_upsampled.csv,1890,"End-effector rotating the object, by an angle of 45.0 degrees, using moderate force, causing medium-deformation, with constant force."
/home/mdxuser/Genesis/main/data/picked_up_4/upsampled/Dog_Elastic_medium_upsampled.csv,2160,"End-effector continue rotating the object, by an angle of 45.0 degrees, using moderate force, causing medium-deformation, with constant force."
/home/mdxuser/Genesis/main/data/picked_up_4/upsampled/Dog_Elastic_medium_upsampled.csv,2430,"End-effector holding position of the object, maintaining a stable hold, using moderate force, causing medium-deformation."
/home/mdxuser/Genesis/main/data/picked_up_4/upsampled/Dog_Elastic_medium_upsampled.csv,2700,"End-effector stopping the object, using zero-force, causing undeformed shape."
/home/mdxuser/Genesis/main/data/picked_up_4/upsampled/AllergenFree_JarroDophilus_Elastic_soft_upsampled.csv,0,"End-effector start towards the object, to begin the task."
/home/mdxuser/Genesis/main/data/picked_up_4/upsampled/AllergenFree_JarroDophilus_Elastic_soft_upsampled.csv,270,"End-effector grasping the object, using gentle force, causing soft-deformation, with increasing force."
/home/mdxuser/Genesis/main/data/picked_up_4/upsampled/AllergenFree_JarroDophilus_Elastic_soft_upsampled.csv,540,"End-effector continue grasping the object, using gentle force, causing soft-deformation, with increasing force."
/home/mdxuser/Genesis/main/data/picked_up_4/upsampled/AllergenFree_JarroDophilus_Elastic_soft_upsampled.csv,810,"End-effector lifting the object, using gentle force, causing soft-deformation, with increasing force."
/home/mdxuser/Genesis/main/data/picked_up_4/upsampled/AllergenFree_JarroDophilus_Elastic_soft_upsampled.csv,1080,"End-effector rotating the object, by an angle of 45.0 degrees, using gentle force, causing soft-deformation, with constant force."
/home/mdxuser/Genesis/main/data/picked_up_4/upsampled/AllergenFree_JarroDophilus_Elastic_soft_upsampled.csv,1350,"End-effector holding position of the object, maintaining a stable hold, using gentle force, causing soft-deformation."
/home/mdxuser/Genesis/main/data/picked_up_4/upsampled/AllergenFree_JarroDophilus_Elastic_soft_upsampled.csv,1620,"End-effector continue holding position of the object, maintaining a stable hold, using gentle force, causing soft-deformation."
/home/mdxuser/Genesis/main/data/picked_up_4/upsampled/AllergenFree_JarroDophilus_Elastic_soft_upsampled.csv,1890,"End-effector rotating the object, by an angle of 45.0 degrees, using gentle force, causing soft-deformation, with constant force."
/home/mdxuser/Genesis/main/data/picked_up_4/upsampled/AllergenFree_JarroDophilus_Elastic_soft_upsampled.csv,2160,"End-effector continue rotating the object, by an angle of 45.0 degrees, using gentle force, causing soft-deformation, with constant force."
/home/mdxuser/Genesis/main/data/picked_up_4/upsampled/AllergenFree_JarroDophilus_Elastic_soft_upsampled.csv,2430,The object has been dropped.
/home/mdxuser/Genesis/main/data/picked_up_4/upsampled/AllergenFree_JarroDophilus_Elastic_soft_upsampled.csv,2700,The object has been dropped.
/home/mdxuser/Genesis/main/data/picked_up_4/upsampled/Crayola_Crayons_Washable_24_crayons_Elastic_medium_upsampled.csv,0,"End-effector start towards the object, to begin the task."
/home/mdxuser/Genesis/main/data/picked_up_4/upsampled/Crayola_Crayons_Washable_24_crayons_Elastic_medium_upsampled.csv,270,"End-effector grasping the object, using moderate force, causing medium-deformation, with increasing force."
/home/mdxuser/Genesis/main/data/picked_up_4/upsampled/Crayola_Crayons_Washable_24_crayons_Elastic_medium_upsampled.csv,540,"End-effector continue grasping the object, using moderate force, causing medium-deformation, with increasing force."
/home/mdxuser/Genesis/main/data/picked_up_4/upsampled/Crayola_Crayons_Washable_24_crayons_Elastic_medium_upsampled.csv,810,"End-effector lifting the object, using moderate force, causing medium-deformation, with increasing force."
/home/mdxuser/Genesis/main/data/picked_up_4/upsampled/Crayola_Crayons_Washable_24_crayons_Elastic_medium_upsampled.csv,1080,"End-effector rotating the object, by an angle of 45.0 degrees, using moderate force, causing medium-deformation, with constant force."
/home/mdxuser/Genesis/main/data/picked_up_4/upsampled/Crayola_Crayons_Washable_24_crayons_Elastic_medium_upsampled.csv,1350,"End-effector continue rotating the object, by an angle of 45.0 degrees, using moderate force, causing medium-deformation, with constant force."
/home/mdxuser/Genesis/main/data/picked_up_4/upsampled/Crayola_Crayons_Washable_24_crayons_Elastic_medium_upsampled.csv,1620,"End-effector holding position of the object, maintaining a stable hold, using moderate force, causing medium-deformation."
/home/mdxuser/Genesis/main/data/picked_up_4/upsampled/Crayola_Crayons_Washable_24_crayons_Elastic_medium_upsampled.csv,1890,"End-effector rotating the object, by an angle of 30.0 degrees, using moderate force, causing medium-deformation, with constant force."
/home/mdxuser/Genesis/main/data/picked_up_4/upsampled/Crayola_Crayons_Washable_24_crayons_Elastic_medium_upsampled.csv,2160,"End-effector continue rotating the object, by an angle of 30.0 degrees, using moderate force, causing medium-deformation, with constant force."
/home/mdxuser/Genesis/main/data/picked_up_4/upsampled/Crayola_Crayons_Washable_24_crayons_Elastic_medium_upsampled.csv,2430,"End-effector holding position of the object, maintaining a stable hold, using moderate force, causing medium-deformation."
/home/mdxuser/Genesis/main/data/picked_up_4/upsampled/Crayola_Crayons_Washable_24_crayons_Elastic_medium_upsampled.csv,2700,"End-effector stopping the object, using zero-force, causing undeformed shape."
/home/mdxuser/Genesis/main/data/picked_up_4/upsampled/3D_Dollhouse_Sink_Elastic_medium_upsampled.csv,0,"End-effector start towards the object, to begin the task."
/home/mdxuser/Genesis/main/data/picked_up_4/upsampled/3D_Dollhouse_Sink_Elastic_medium_upsampled.csv,270,"End-effector grasping the object, using moderate force, causing medium-deformation, with increasing force."
/home/mdxuser/Genesis/main/data/picked_up_4/upsampled/3D_Dollhouse_Sink_Elastic_medium_upsampled.csv,540,"End-effector continue grasping the object, using moderate force, causing medium-deformation, with increasing force."
/home/mdxuser/Genesis/main/data/picked_up_4/upsampled/3D_Dollhouse_Sink_Elastic_medium_upsampled.csv,810,"End-effector lifting the object, using moderate force, causing medium-deformation, with increasing force."
/home/mdxuser/Genesis/main/data/picked_up_4/upsampled/3D_Dollhouse_Sink_Elastic_medium_upsampled.csv,1080,"End-effector rotating the object, by an angle of 45.0 degrees, using moderate force, causing medium-deformation, with constant force."
/home/mdxuser/Genesis/main/data/picked_up_4/upsampled/3D_Dollhouse_Sink_Elastic_medium_upsampled.csv,1350,"End-effector holding position of the object, maintaining a stable hold, using moderate force, causing medium-deformation."
/home/mdxuser/Genesis/main/data/picked_up_4/upsampled/3D_Dollhouse_Sink_Elastic_medium_upsampled.csv,1620,"End-effector continue holding position of the object, maintaining a stable hold, using moderate force, causing medium-deformation."
/home/mdxuser/Genesis/main/data/picked_up_4/upsampled/3D_Dollhouse_Sink_Elastic_medium_upsampled.csv,1890,The object has been dropped.
/home/mdxuser/Genesis/main/data/picked_up_4/upsampled/3D_Dollhouse_Sink_Elastic_medium_upsampled.csv,2160,The object has been dropped.
/home/mdxuser/Genesis/main/data/picked_up_4/upsampled/3D_Dollhouse_Sink_Elastic_medium_upsampled.csv,2430,The object has been dropped.
/home/mdxuser/Genesis/main/data/picked_up_4/upsampled/3D_Dollhouse_Sink_Elastic_medium_upsampled.csv,2700,The object has been dropped.
/home/mdxuser/Genesis/main/data/picked_up_4/upsampled/Cascadia_8_Color_AquariusHibscsBearingSeaBlk_Size_50_Elastic_hard_upsampled.csv,0,"End-effector start towards the object, to begin the task."
/home/mdxuser/Genesis/main/data/picked_up_4/upsampled/Cascadia_8_Color_AquariusHibscsBearingSeaBlk_Size_50_Elastic_hard_upsampled.csv,270,"End-effector grasping the object, using strong force, causing hard-deformation, with increasing force."
/home/mdxuser/Genesis/main/data/picked_up_4/upsampled/Cascadia_8_Color_AquariusHibscsBearingSeaBlk_Size_50_Elastic_hard_upsampled.csv,540,"End-effector continue grasping the object, using strong force, causing hard-deformation, with increasing force."
/home/mdxuser/Genesis/main/data/picked_up_4/upsampled/Cascadia_8_Color_AquariusHibscsBearingSeaBlk_Size_50_Elastic_hard_upsampled.csv,810,"End-effector lifting the object, using strong force, causing hard-deformation, with increasing force."
/home/mdxuser/Genesis/main/data/picked_up_4/upsampled/Cascadia_8_Color_AquariusHibscsBearingSeaBlk_Size_50_Elastic_hard_upsampled.csv,1080,"End-effector rotating the object, by an angle of 45.0 degrees, using strong force, causing hard-deformation, with constant force."
/home/mdxuser/Genesis/main/data/picked_up_4/upsampled/Cascadia_8_Color_AquariusHibscsBearingSeaBlk_Size_50_Elastic_hard_upsampled.csv,1350,"End-effector holding position of the object, maintaining a stable hold, using strong force, causing hard-deformation."
/home/mdxuser/Genesis/main/data/picked_up_4/upsampled/Cascadia_8_Color_AquariusHibscsBearingSeaBlk_Size_50_Elastic_hard_upsampled.csv,1620,"End-effector continue holding position of the object, maintaining a stable hold, using strong force, causing hard-deformation."
/home/mdxuser/Genesis/main/data/picked_up_4/upsampled/Cascadia_8_Color_AquariusHibscsBearingSeaBlk_Size_50_Elastic_hard_upsampled.csv,1890,"End-effector rotating the object, by an angle of 30.0 degrees, using strong force, causing hard-deformation, with constant force."
/home/mdxuser/Genesis/main/data/picked_up_4/upsampled/Cascadia_8_Color_AquariusHibscsBearingSeaBlk_Size_50_Elastic_hard_upsampled.csv,2160,"End-effector continue rotating the object, by an angle of 30.0 degrees, using strong force, causing hard-deformation, with constant force."
/home/mdxuser/Genesis/main/data/picked_up_4/upsampled/Cascadia_8_Color_AquariusHibscsBearingSeaBlk_Size_50_Elastic_hard_upsampled.csv,2430,"End-effector holding position of the object, maintaining a stable hold, using strong force, causing hard-deformation."
/home/mdxuser/Genesis/main/data/picked_up_4/upsampled/Cascadia_8_Color_AquariusHibscsBearingSeaBlk_Size_50_Elastic_hard_upsampled.csv,2700,The object has been dropped.
/home/mdxuser/Genesis/main/data/picked_up_4/upsampled/ASICS_GELDirt_Dog_4_SunFlameBlack_Elastic_hard_upsampled.csv,0,"End-effector start towards the object, to begin the task."
/home/mdxuser/Genesis/main/data/picked_up_4/upsampled/ASICS_GELDirt_Dog_4_SunFlameBlack_Elastic_hard_upsampled.csv,270,"End-effector grasping the object, using strong force, causing hard-deformation, with increasing force."
/home/mdxuser/Genesis/main/data/picked_up_4/upsampled/ASICS_GELDirt_Dog_4_SunFlameBlack_Elastic_hard_upsampled.csv,540,"End-effector continue grasping the object, using strong force, causing hard-deformation, with increasing force."
/home/mdxuser/Genesis/main/data/picked_up_4/upsampled/ASICS_GELDirt_Dog_4_SunFlameBlack_Elastic_hard_upsampled.csv,810,"End-effector lifting the object, using strong force, causing hard-deformation, with increasing force."
/home/mdxuser/Genesis/main/data/picked_up_4/upsampled/ASICS_GELDirt_Dog_4_SunFlameBlack_Elastic_hard_upsampled.csv,1080,"End-effector rotating the object, by an angle of 30.0 degrees, using strong force, causing hard-deformation, with constant force."
/home/mdxuser/Genesis/main/data/picked_up_4/upsampled/ASICS_GELDirt_Dog_4_SunFlameBlack_Elastic_hard_upsampled.csv,1350,"End-effector continue rotating the object, by an angle of 30.0 degrees, using strong force, causing hard-deformation, with constant force."
/home/mdxuser/Genesis/main/data/picked_up_4/upsampled/ASICS_GELDirt_Dog_4_SunFlameBlack_Elastic_hard_upsampled.csv,1620,"End-effector holding position of the object, maintaining a stable hold, using strong force, causing hard-deformation."
/home/mdxuser/Genesis/main/data/picked_up_4/upsampled/ASICS_GELDirt_Dog_4_SunFlameBlack_Elastic_hard_upsampled.csv,1890,"End-effector rotating the object, by an angle of 45.0 degrees, using strong force, causing hard-deformation, with constant force."
/home/mdxuser/Genesis/main/data/picked_up_4/upsampled/ASICS_GELDirt_Dog_4_SunFlameBlack_Elastic_hard_upsampled.csv,2160,"End-effector continue rotating the object, by an angle of 45.0 degrees, using strong force, causing hard-deformation, with constant force."
/home/mdxuser/Genesis/main/data/picked_up_4/upsampled/ASICS_GELDirt_Dog_4_SunFlameBlack_Elastic_hard_upsampled.csv,2430,The object has been dropped.
/home/mdxuser/Genesis/main/data/picked_up_4/upsampled/ASICS_GELDirt_Dog_4_SunFlameBlack_Elastic_hard_upsampled.csv,2700,The object has been dropped.
/home/mdxuser/Genesis/main/data/picked_up_4/upsampled/Just_For_Men_ShampooIn_Haircolor_Jet_Black_60_Elastic_hard_upsampled.csv,0,"End-effector start towards the object, to begin the task."
/home/mdxuser/Genesis/main/data/picked_up_4/upsampled/Just_For_Men_ShampooIn_Haircolor_Jet_Black_60_Elastic_hard_upsampled.csv,270,"End-effector grasping the object, using strong force, causing hard-deformation, with increasing force."
/home/mdxuser/Genesis/main/data/picked_up_4/upsampled/Just_For_Men_ShampooIn_Haircolor_Jet_Black_60_Elastic_hard_upsampled.csv,540,"End-effector continue grasping the object, using strong force, causing hard-deformation, with increasing force."
/home/mdxuser/Genesis/main/data/picked_up_4/upsampled/Just_For_Men_ShampooIn_Haircolor_Jet_Black_60_Elastic_hard_upsampled.csv,810,"End-effector lifting the object, using strong force, causing hard-deformation, with increasing force."
/home/mdxuser/Genesis/main/data/picked_up_4/upsampled/Just_For_Men_ShampooIn_Haircolor_Jet_Black_60_Elastic_hard_upsampled.csv,1080,"End-effector rotating the object, by an angle of 45.0 degrees, using strong force, causing hard-deformation, with constant force."
/home/mdxuser/Genesis/main/data/picked_up_4/upsampled/Just_For_Men_ShampooIn_Haircolor_Jet_Black_60_Elastic_hard_upsampled.csv,1350,"End-effector holding position of the object, maintaining a stable hold, using strong force, causing hard-deformation."
/home/mdxuser/Genesis/main/data/picked_up_4/upsampled/Just_For_Men_ShampooIn_Haircolor_Jet_Black_60_Elastic_hard_upsampled.csv,1620,"End-effector continue holding position of the object, maintaining a stable hold, using strong force, causing hard-deformation."
/home/mdxuser/Genesis/main/data/picked_up_4/upsampled/Just_For_Men_ShampooIn_Haircolor_Jet_Black_60_Elastic_hard_upsampled.csv,1890,"End-effector rotating the object, by an angle of 45.0 degrees, using strong force, causing hard-deformation, with constant force."
/home/mdxuser/Genesis/main/data/picked_up_4/upsampled/Just_For_Men_ShampooIn_Haircolor_Jet_Black_60_Elastic_hard_upsampled.csv,2160,"End-effector continue rotating the object, by an angle of 45.0 degrees, using strong force, causing hard-deformation, with constant force."
/home/mdxuser/Genesis/main/data/picked_up_4/upsampled/Just_For_Men_ShampooIn_Haircolor_Jet_Black_60_Elastic_hard_upsampled.csv,2430,"End-effector holding position of the object, maintaining a stable hold, using strong force, causing hard-deformation."
/home/mdxuser/Genesis/main/data/picked_up_4/upsampled/Just_For_Men_ShampooIn_Haircolor_Jet_Black_60_Elastic_hard_upsampled.csv,2700,"End-effector stopping the object, using zero-force, causing undeformed shape."
/home/mdxuser/Genesis/main/data/picked_up_4/upsampled/Borage_GLA240Gamma_Tocopherol_Elastic_soft_upsampled.csv,0,"End-effector start towards the object, to begin the task."
/home/mdxuser/Genesis/main/data/picked_up_4/upsampled/Borage_GLA240Gamma_Tocopherol_Elastic_soft_upsampled.csv,270,"End-effector grasping the object, using gentle force, causing soft-deformation, with increasing force."
/home/mdxuser/Genesis/main/data/picked_up_4/upsampled/Borage_GLA240Gamma_Tocopherol_Elastic_soft_upsampled.csv,540,"End-effector continue grasping the object, using gentle force, causing soft-deformation, with increasing force."
/home/mdxuser/Genesis/main/data/picked_up_4/upsampled/Borage_GLA240Gamma_Tocopherol_Elastic_soft_upsampled.csv,810,"End-effector lifting the object, using gentle force, causing soft-deformation, with increasing force."
/home/mdxuser/Genesis/main/data/picked_up_4/upsampled/Borage_GLA240Gamma_Tocopherol_Elastic_soft_upsampled.csv,1080,"End-effector rotating the object, by an angle of 45.0 degrees, using gentle force, causing soft-deformation, with constant force."
/home/mdxuser/Genesis/main/data/picked_up_4/upsampled/Borage_GLA240Gamma_Tocopherol_Elastic_soft_upsampled.csv,1350,"End-effector holding position of the object, maintaining a stable hold, using gentle force, causing soft-deformation."
/home/mdxuser/Genesis/main/data/picked_up_4/upsampled/Borage_GLA240Gamma_Tocopherol_Elastic_soft_upsampled.csv,1620,"End-effector continue holding position of the object, maintaining a stable hold, using gentle force, causing soft-deformation."
/home/mdxuser/Genesis/main/data/picked_up_4/upsampled/Borage_GLA240Gamma_Tocopherol_Elastic_soft_upsampled.csv,1890,"End-effector rotating the object, by an angle of 30.0 degrees, using gentle force, causing soft-deformation, with constant force."
/home/mdxuser/Genesis/main/data/picked_up_4/upsampled/Borage_GLA240Gamma_Tocopherol_Elastic_soft_upsampled.csv,2160,"End-effector continue rotating the object, by an angle of 30.0 degrees, using gentle force, causing soft-deformation, with constant force."
/home/mdxuser/Genesis/main/data/picked_up_4/upsampled/Borage_GLA240Gamma_Tocopherol_Elastic_soft_upsampled.csv,2430,"End-effector holding position of the object, maintaining a stable hold, using gentle force, causing soft-deformation."
/home/mdxuser/Genesis/main/data/picked_up_4/upsampled/Borage_GLA240Gamma_Tocopherol_Elastic_soft_upsampled.csv,2700,"End-effector stopping the object, using zero-force, causing undeformed shape."
/home/mdxuser/Genesis/main/data/picked_up_4/upsampled/Crayola_Washable_Fingerpaint_Red_Blue_Yellow_3_count_8_fl_oz_bottes_each_Elastic_hard_upsampled.csv,0,"End-effector start towards the object, to begin the task."
/home/mdxuser/Genesis/main/data/picked_up_4/upsampled/Crayola_Washable_Fingerpaint_Red_Blue_Yellow_3_count_8_fl_oz_bottes_each_Elastic_hard_upsampled.csv,270,"End-effector grasping the object, using strong force, causing hard-deformation, with increasing force."
/home/mdxuser/Genesis/main/data/picked_up_4/upsampled/Crayola_Washable_Fingerpaint_Red_Blue_Yellow_3_count_8_fl_oz_bottes_each_Elastic_hard_upsampled.csv,540,"End-effector continue grasping the object, using strong force, causing hard-deformation, with increasing force."
/home/mdxuser/Genesis/main/data/picked_up_4/upsampled/Crayola_Washable_Fingerpaint_Red_Blue_Yellow_3_count_8_fl_oz_bottes_each_Elastic_hard_upsampled.csv,810,"End-effector lifting the object, using strong force, causing hard-deformation, with increasing force."
/home/mdxuser/Genesis/main/data/picked_up_4/upsampled/Crayola_Washable_Fingerpaint_Red_Blue_Yellow_3_count_8_fl_oz_bottes_each_Elastic_hard_upsampled.csv,1080,"End-effector rotating the object, by an angle of 30.0 degrees, using strong force, causing hard-deformation, with constant force."
/home/mdxuser/Genesis/main/data/picked_up_4/upsampled/Crayola_Washable_Fingerpaint_Red_Blue_Yellow_3_count_8_fl_oz_bottes_each_Elastic_hard_upsampled.csv,1350,"End-effector continue rotating the object, by an angle of 30.0 degrees, using strong force, causing hard-deformation, with constant force."
/home/mdxuser/Genesis/main/data/picked_up_4/upsampled/Crayola_Washable_Fingerpaint_Red_Blue_Yellow_3_count_8_fl_oz_bottes_each_Elastic_hard_upsampled.csv,1620,"End-effector holding position of the object, maintaining a stable hold, using strong force, causing hard-deformation."
/home/mdxuser/Genesis/main/data/picked_up_4/upsampled/Crayola_Washable_Fingerpaint_Red_Blue_Yellow_3_count_8_fl_oz_bottes_each_Elastic_hard_upsampled.csv,1890,"End-effector rotating the object, by an angle of 45.0 degrees, using strong force, causing hard-deformation, with constant force."
/home/mdxuser/Genesis/main/data/picked_up_4/upsampled/Crayola_Washable_Fingerpaint_Red_Blue_Yellow_3_count_8_fl_oz_bottes_each_Elastic_hard_upsampled.csv,2160,"End-effector continue rotating the object, by an angle of 45.0 degrees, using strong force, causing hard-deformation, with constant force."
/home/mdxuser/Genesis/main/data/picked_up_4/upsampled/Crayola_Washable_Fingerpaint_Red_Blue_Yellow_3_count_8_fl_oz_bottes_each_Elastic_hard_upsampled.csv,2430,"End-effector holding position of the object, maintaining a stable hold, using strong force, causing hard-deformation."
/home/mdxuser/Genesis/main/data/picked_up_4/upsampled/Crayola_Washable_Fingerpaint_Red_Blue_Yellow_3_count_8_fl_oz_bottes_each_Elastic_hard_upsampled.csv,2700,The object has been dropped.
/home/mdxuser/Genesis/main/data/picked_up_4/upsampled/Cole_Hardware_Mug_Classic_Blue_Elastic_soft_upsampled.csv,0,"End-effector start towards the object, to begin the task."
/home/mdxuser/Genesis/main/data/picked_up_4/upsampled/Cole_Hardware_Mug_Classic_Blue_Elastic_soft_upsampled.csv,270,"End-effector grasping the object, using gentle force, causing soft-deformation, with increasing force."
/home/mdxuser/Genesis/main/data/picked_up_4/upsampled/Cole_Hardware_Mug_Classic_Blue_Elastic_soft_upsampled.csv,540,"End-effector continue grasping the object, using gentle force, causing soft-deformation, with increasing force."
/home/mdxuser/Genesis/main/data/picked_up_4/upsampled/Cole_Hardware_Mug_Classic_Blue_Elastic_soft_upsampled.csv,810,"End-effector lifting the object, using gentle force, causing soft-deformation, with increasing force."
/home/mdxuser/Genesis/main/data/picked_up_4/upsampled/Cole_Hardware_Mug_Classic_Blue_Elastic_soft_upsampled.csv,1080,"End-effector rotating the object, by an angle of 45.0 degrees, using gentle force, causing soft-deformation, with constant force."
/home/mdxuser/Genesis/main/data/picked_up_4/upsampled/Cole_Hardware_Mug_Classic_Blue_Elastic_soft_upsampled.csv,1350,"End-effector continue rotating the object, by an angle of 45.0 degrees, using gentle force, causing soft-deformation, with constant force."
/home/mdxuser/Genesis/main/data/picked_up_4/upsampled/Cole_Hardware_Mug_Classic_Blue_Elastic_soft_upsampled.csv,1620,The object has been dropped.
/home/mdxuser/Genesis/main/data/picked_up_4/upsampled/Cole_Hardware_Mug_Classic_Blue_Elastic_soft_upsampled.csv,1890,The object has been dropped.
/home/mdxuser/Genesis/main/data/picked_up_4/upsampled/Cole_Hardware_Mug_Classic_Blue_Elastic_soft_upsampled.csv,2160,The object has been dropped.
/home/mdxuser/Genesis/main/data/picked_up_4/upsampled/Cole_Hardware_Mug_Classic_Blue_Elastic_soft_upsampled.csv,2430,The object has been dropped.
/home/mdxuser/Genesis/main/data/picked_up_4/upsampled/Cole_Hardware_Mug_Classic_Blue_Elastic_soft_upsampled.csv,2700,The object has been dropped.
/home/mdxuser/Genesis/main/data/picked_up_4/upsampled/Just_For_Men_ShampooIn_Haircolor_Jet_Black_60_Elastic_medium_upsampled.csv,0,"End-effector start towards the object, to begin the task."
/home/mdxuser/Genesis/main/data/picked_up_4/upsampled/Just_For_Men_ShampooIn_Haircolor_Jet_Black_60_Elastic_medium_upsampled.csv,270,"End-effector grasping the object, using moderate force, causing medium-deformation, with increasing force."
/home/mdxuser/Genesis/main/data/picked_up_4/upsampled/Just_For_Men_ShampooIn_Haircolor_Jet_Black_60_Elastic_medium_upsampled.csv,540,"End-effector continue grasping the object, using moderate force, causing medium-deformation, with increasing force."
/home/mdxuser/Genesis/main/data/picked_up_4/upsampled/Just_For_Men_ShampooIn_Haircolor_Jet_Black_60_Elastic_medium_upsampled.csv,810,"End-effector lifting the object, using moderate force, causing medium-deformation, with increasing force."
/home/mdxuser/Genesis/main/data/picked_up_4/upsampled/Just_For_Men_ShampooIn_Haircolor_Jet_Black_60_Elastic_medium_upsampled.csv,1080,"End-effector rotating the object, by an angle of 30.0 degrees, using moderate force, causing medium-deformation, with constant force."
/home/mdxuser/Genesis/main/data/picked_up_4/upsampled/Just_For_Men_ShampooIn_Haircolor_Jet_Black_60_Elastic_medium_upsampled.csv,1350,"End-effector continue rotating the object, by an angle of 30.0 degrees, using moderate force, causing medium-deformation, with constant force."
/home/mdxuser/Genesis/main/data/picked_up_4/upsampled/Just_For_Men_ShampooIn_Haircolor_Jet_Black_60_Elastic_medium_upsampled.csv,1620,"End-effector holding position of the object, maintaining a stable hold, using moderate force, causing medium-deformation."
/home/mdxuser/Genesis/main/data/picked_up_4/upsampled/Just_For_Men_ShampooIn_Haircolor_Jet_Black_60_Elastic_medium_upsampled.csv,1890,"End-effector rotating the object, by an angle of 30.0 degrees, using moderate force, causing medium-deformation, with constant force."
/home/mdxuser/Genesis/main/data/picked_up_4/upsampled/Just_For_Men_ShampooIn_Haircolor_Jet_Black_60_Elastic_medium_upsampled.csv,2160,"End-effector continue rotating the object, by an angle of 30.0 degrees, using moderate force, causing medium-deformation, with constant force."
/home/mdxuser/Genesis/main/data/picked_up_4/upsampled/Just_For_Men_ShampooIn_Haircolor_Jet_Black_60_Elastic_medium_upsampled.csv,2430,"End-effector holding position of the object, maintaining a stable hold, using moderate force, causing medium-deformation."
/home/mdxuser/Genesis/main/data/picked_up_4/upsampled/Just_For_Men_ShampooIn_Haircolor_Jet_Black_60_Elastic_medium_upsampled.csv,2700,"End-effector stopping the object, using zero-force, causing undeformed shape."
/home/mdxuser/Genesis/main/data/picked_up_4/upsampled/Circo_Fish_Toothbrush_Holder_14995988_Elastic_hard_upsampled.csv,0,"End-effector start towards the object, to begin the task."
/home/mdxuser/Genesis/main/data/picked_up_4/upsampled/Circo_Fish_Toothbrush_Holder_14995988_Elastic_hard_upsampled.csv,270,"End-effector grasping the object, using strong force, causing hard-deformation, with increasing force."
/home/mdxuser/Genesis/main/data/picked_up_4/upsampled/Circo_Fish_Toothbrush_Holder_14995988_Elastic_hard_upsampled.csv,540,"End-effector continue grasping the object, using strong force, causing hard-deformation, with increasing force."
/home/mdxuser/Genesis/main/data/picked_up_4/upsampled/Circo_Fish_Toothbrush_Holder_14995988_Elastic_hard_upsampled.csv,810,"End-effector lifting the object, using strong force, causing hard-deformation, with increasing force."
/home/mdxuser/Genesis/main/data/picked_up_4/upsampled/Circo_Fish_Toothbrush_Holder_14995988_Elastic_hard_upsampled.csv,1080,"End-effector rotating the object, by an angle of 30.0 degrees, using strong force, causing hard-deformation, with constant force."
/home/mdxuser/Genesis/main/data/picked_up_4/upsampled/Circo_Fish_Toothbrush_Holder_14995988_Elastic_hard_upsampled.csv,1350,"End-effector continue rotating the object, by an angle of 30.0 degrees, using strong force, causing hard-deformation, with constant force."
/home/mdxuser/Genesis/main/data/picked_up_4/upsampled/Circo_Fish_Toothbrush_Holder_14995988_Elastic_hard_upsampled.csv,1620,"End-effector holding position of the object, maintaining a stable hold, using strong force, causing hard-deformation."
/home/mdxuser/Genesis/main/data/picked_up_4/upsampled/Circo_Fish_Toothbrush_Holder_14995988_Elastic_hard_upsampled.csv,1890,"End-effector rotating the object, by an angle of 45.0 degrees, using strong force, causing hard-deformation, with constant force."
/home/mdxuser/Genesis/main/data/picked_up_4/upsampled/Circo_Fish_Toothbrush_Holder_14995988_Elastic_hard_upsampled.csv,2160,"End-effector continue rotating the object, by an angle of 45.0 degrees, using strong force, causing hard-deformation, with constant force."
/home/mdxuser/Genesis/main/data/picked_up_4/upsampled/Circo_Fish_Toothbrush_Holder_14995988_Elastic_hard_upsampled.csv,2430,The object has been dropped.
/home/mdxuser/Genesis/main/data/picked_up_4/upsampled/Circo_Fish_Toothbrush_Holder_14995988_Elastic_hard_upsampled.csv,2700,The object has been dropped.
/home/mdxuser/Genesis/main/data/picked_up_4/upsampled/Cole_Hardware_Butter_Dish_Square_Red_Elastic_medium_upsampled.csv,0,"End-effector start towards the object, to begin the task."
/home/mdxuser/Genesis/main/data/picked_up_4/upsampled/Cole_Hardware_Butter_Dish_Square_Red_Elastic_medium_upsampled.csv,270,"End-effector grasping the object, using moderate force, causing medium-deformation, with increasing force."
/home/mdxuser/Genesis/main/data/picked_up_4/upsampled/Cole_Hardware_Butter_Dish_Square_Red_Elastic_medium_upsampled.csv,540,"End-effector continue grasping the object, using moderate force, causing medium-deformation, with increasing force."
/home/mdxuser/Genesis/main/data/picked_up_4/upsampled/Cole_Hardware_Butter_Dish_Square_Red_Elastic_medium_upsampled.csv,810,"End-effector lifting the object, using moderate force, causing medium-deformation, with increasing force."
/home/mdxuser/Genesis/main/data/picked_up_4/upsampled/Cole_Hardware_Butter_Dish_Square_Red_Elastic_medium_upsampled.csv,1080,"End-effector rotating the object, by an angle of 30.0 degrees, using moderate force, causing medium-deformation, with constant force."
/home/mdxuser/Genesis/main/data/picked_up_4/upsampled/Cole_Hardware_Butter_Dish_Square_Red_Elastic_medium_upsampled.csv,1350,"End-effector continue rotating the object, by an angle of 30.0 degrees, using moderate force, causing medium-deformation, with constant force."
/home/mdxuser/Genesis/main/data/picked_up_4/upsampled/Cole_Hardware_Butter_Dish_Square_Red_Elastic_medium_upsampled.csv,1620,"End-effector holding position of the object, maintaining a stable hold, using moderate force, causing medium-deformation."
/home/mdxuser/Genesis/main/data/picked_up_4/upsampled/Cole_Hardware_Butter_Dish_Square_Red_Elastic_medium_upsampled.csv,1890,"End-effector rotating the object, by an angle of 45.0 degrees, using moderate force, causing medium-deformation, with constant force."
/home/mdxuser/Genesis/main/data/picked_up_4/upsampled/Cole_Hardware_Butter_Dish_Square_Red_Elastic_medium_upsampled.csv,2160,"End-effector continue rotating the object, by an angle of 45.0 degrees, using moderate force, causing medium-deformation, with constant force."
/home/mdxuser/Genesis/main/data/picked_up_4/upsampled/Cole_Hardware_Butter_Dish_Square_Red_Elastic_medium_upsampled.csv,2430,"End-effector holding position of the object, maintaining a stable hold, using moderate force, causing medium-deformation."
/home/mdxuser/Genesis/main/data/picked_up_4/upsampled/Cole_Hardware_Butter_Dish_Square_Red_Elastic_medium_upsampled.csv,2700,The object has been dropped.
/home/mdxuser/Genesis/main/data/picked_up_4/upsampled/Dixie_10_ounce_Bowls_35_ct_Elastic_soft_upsampled.csv,0,"End-effector start towards the object, to begin the task."
/home/mdxuser/Genesis/main/data/picked_up_4/upsampled/Dixie_10_ounce_Bowls_35_ct_Elastic_soft_upsampled.csv,270,"End-effector grasping the object, using gentle force, causing soft-deformation, with increasing force."
/home/mdxuser/Genesis/main/data/picked_up_4/upsampled/Dixie_10_ounce_Bowls_35_ct_Elastic_soft_upsampled.csv,540,"End-effector continue grasping the object, using gentle force, causing soft-deformation, with increasing force."
/home/mdxuser/Genesis/main/data/picked_up_4/upsampled/Dixie_10_ounce_Bowls_35_ct_Elastic_soft_upsampled.csv,810,"End-effector lifting the object, using gentle force, causing soft-deformation, with increasing force."
/home/mdxuser/Genesis/main/data/picked_up_4/upsampled/Dixie_10_ounce_Bowls_35_ct_Elastic_soft_upsampled.csv,1080,"End-effector rotating the object, by an angle of 45.0 degrees, using gentle force, causing soft-deformation, with constant force."
/home/mdxuser/Genesis/main/data/picked_up_4/upsampled/Dixie_10_ounce_Bowls_35_ct_Elastic_soft_upsampled.csv,1350,"End-effector continue rotating the object, by an angle of 45.0 degrees, using gentle force, causing soft-deformation, with constant force."
/home/mdxuser/Genesis/main/data/picked_up_4/upsampled/Dixie_10_ounce_Bowls_35_ct_Elastic_soft_upsampled.csv,1620,The object has been dropped.
/home/mdxuser/Genesis/main/data/picked_up_4/upsampled/Dixie_10_ounce_Bowls_35_ct_Elastic_soft_upsampled.csv,1890,The object has been dropped.
/home/mdxuser/Genesis/main/data/picked_up_4/upsampled/Dixie_10_ounce_Bowls_35_ct_Elastic_soft_upsampled.csv,2160,The object has been dropped.
/home/mdxuser/Genesis/main/data/picked_up_4/upsampled/Dixie_10_ounce_Bowls_35_ct_Elastic_soft_upsampled.csv,2430,The object has been dropped.
/home/mdxuser/Genesis/main/data/picked_up_4/upsampled/Dixie_10_ounce_Bowls_35_ct_Elastic_soft_upsampled.csv,2700,The object has been dropped.
/home/mdxuser/Genesis/main/data/picked_up_4/upsampled/Android_Figure_Orange_Elastic_soft_upsampled.csv,0,"End-effector start towards the object, to begin the task."
/home/mdxuser/Genesis/main/data/picked_up_4/upsampled/Android_Figure_Orange_Elastic_soft_upsampled.csv,270,"End-effector grasping the object, using gentle force, causing soft-deformation, with increasing force."
/home/mdxuser/Genesis/main/data/picked_up_4/upsampled/Android_Figure_Orange_Elastic_soft_upsampled.csv,540,"End-effector continue grasping the object, using gentle force, causing soft-deformation, with increasing force."
/home/mdxuser/Genesis/main/data/picked_up_4/upsampled/Android_Figure_Orange_Elastic_soft_upsampled.csv,810,"End-effector lifting the object, using gentle force, causing soft-deformation, with increasing force."
/home/mdxuser/Genesis/main/data/picked_up_4/upsampled/Android_Figure_Orange_Elastic_soft_upsampled.csv,1080,"End-effector rotating the object, by an angle of 45.0 degrees, using gentle force, causing soft-deformation, with constant force."
/home/mdxuser/Genesis/main/data/picked_up_4/upsampled/Android_Figure_Orange_Elastic_soft_upsampled.csv,1350,"End-effector continue rotating the object, by an angle of 45.0 degrees, using gentle force, causing soft-deformation, with constant force."
/home/mdxuser/Genesis/main/data/picked_up_4/upsampled/Android_Figure_Orange_Elastic_soft_upsampled.csv,1620,"End-effector holding position of the object, maintaining a stable hold, using gentle force, causing soft-deformation."
/home/mdxuser/Genesis/main/data/picked_up_4/upsampled/Android_Figure_Orange_Elastic_soft_upsampled.csv,1890,"End-effector rotating the object, by an angle of 45.0 degrees, using gentle force, causing soft-deformation, with constant force."
/home/mdxuser/Genesis/main/data/picked_up_4/upsampled/Android_Figure_Orange_Elastic_soft_upsampled.csv,2160,"End-effector holding position of the object, maintaining a stable hold, using gentle force, causing soft-deformation."
/home/mdxuser/Genesis/main/data/picked_up_4/upsampled/Android_Figure_Orange_Elastic_soft_upsampled.csv,2430,"End-effector continue holding position of the object, maintaining a stable hold, using gentle force, causing soft-deformation."
/home/mdxuser/Genesis/main/data/picked_up_4/upsampled/Android_Figure_Orange_Elastic_soft_upsampled.csv,2700,"End-effector stopping the object, using zero-force, causing undeformed shape."
/home/mdxuser/Genesis/main/data/picked_up_4/upsampled/adizero_F50_TRX_FG_LEA_Elastic_medium_upsampled.csv,0,"End-effector start towards the object, to begin the task."
/home/mdxuser/Genesis/main/data/picked_up_4/upsampled/adizero_F50_TRX_FG_LEA_Elastic_medium_upsampled.csv,270,"End-effector grasping the object, using moderate force, causing medium-deformation, with increasing force."
/home/mdxuser/Genesis/main/data/picked_up_4/upsampled/adizero_F50_TRX_FG_LEA_Elastic_medium_upsampled.csv,540,"End-effector continue grasping the object, using moderate force, causing medium-deformation, with increasing force."
/home/mdxuser/Genesis/main/data/picked_up_4/upsampled/adizero_F50_TRX_FG_LEA_Elastic_medium_upsampled.csv,810,"End-effector lifting the object, using moderate force, causing medium-deformation, with increasing force."
/home/mdxuser/Genesis/main/data/picked_up_4/upsampled/adizero_F50_TRX_FG_LEA_Elastic_medium_upsampled.csv,1080,"End-effector rotating the object, by an angle of 30.0 degrees, using moderate force, causing medium-deformation, with constant force."
/home/mdxuser/Genesis/main/data/picked_up_4/upsampled/adizero_F50_TRX_FG_LEA_Elastic_medium_upsampled.csv,1350,"End-effector continue rotating the object, by an angle of 30.0 degrees, using moderate force, causing medium-deformation, with constant force."
/home/mdxuser/Genesis/main/data/picked_up_4/upsampled/adizero_F50_TRX_FG_LEA_Elastic_medium_upsampled.csv,1620,"End-effector holding position of the object, maintaining a stable hold, using moderate force, causing medium-deformation."
/home/mdxuser/Genesis/main/data/picked_up_4/upsampled/adizero_F50_TRX_FG_LEA_Elastic_medium_upsampled.csv,1890,"End-effector rotating the object, by an angle of 45.0 degrees, using moderate force, causing medium-deformation, with constant force."
/home/mdxuser/Genesis/main/data/picked_up_4/upsampled/adizero_F50_TRX_FG_LEA_Elastic_medium_upsampled.csv,2160,"End-effector continue rotating the object, by an angle of 45.0 degrees, using moderate force, causing medium-deformation, with constant force."
/home/mdxuser/Genesis/main/data/picked_up_4/upsampled/adizero_F50_TRX_FG_LEA_Elastic_medium_upsampled.csv,2430,The object has been dropped.
/home/mdxuser/Genesis/main/data/picked_up_4/upsampled/adizero_F50_TRX_FG_LEA_Elastic_medium_upsampled.csv,2700,The object has been dropped.
/home/mdxuser/Genesis/main/data/picked_up_4/upsampled/Beyonc_Life_is_But_a_Dream_DVD_Elastic_medium_upsampled.csv,0,"End-effector start towards the object, to begin the task."
/home/mdxuser/Genesis/main/data/picked_up_4/upsampled/Beyonc_Life_is_But_a_Dream_DVD_Elastic_medium_upsampled.csv,270,"End-effector grasping the object, using moderate force, causing medium-deformation, with increasing force."
/home/mdxuser/Genesis/main/data/picked_up_4/upsampled/Beyonc_Life_is_But_a_Dream_DVD_Elastic_medium_upsampled.csv,540,"End-effector continue grasping the object, using moderate force, causing medium-deformation, with increasing force."
/home/mdxuser/Genesis/main/data/picked_up_4/upsampled/Beyonc_Life_is_But_a_Dream_DVD_Elastic_medium_upsampled.csv,810,"End-effector lifting the object, using moderate force, causing medium-deformation, with increasing force."
/home/mdxuser/Genesis/main/data/picked_up_4/upsampled/Beyonc_Life_is_But_a_Dream_DVD_Elastic_medium_upsampled.csv,1080,"End-effector rotating the object, by an angle of 45.0 degrees, using moderate force, causing medium-deformation, with constant force."
/home/mdxuser/Genesis/main/data/picked_up_4/upsampled/Beyonc_Life_is_But_a_Dream_DVD_Elastic_medium_upsampled.csv,1350,The object has been dropped.
/home/mdxuser/Genesis/main/data/picked_up_4/upsampled/Beyonc_Life_is_But_a_Dream_DVD_Elastic_medium_upsampled.csv,1620,The object has been dropped.
/home/mdxuser/Genesis/main/data/picked_up_4/upsampled/Beyonc_Life_is_But_a_Dream_DVD_Elastic_medium_upsampled.csv,1890,The object has been dropped.
/home/mdxuser/Genesis/main/data/picked_up_4/upsampled/Beyonc_Life_is_But_a_Dream_DVD_Elastic_medium_upsampled.csv,2160,The object has been dropped.
/home/mdxuser/Genesis/main/data/picked_up_4/upsampled/Beyonc_Life_is_But_a_Dream_DVD_Elastic_medium_upsampled.csv,2430,The object has been dropped.
/home/mdxuser/Genesis/main/data/picked_up_4/upsampled/Beyonc_Life_is_But_a_Dream_DVD_Elastic_medium_upsampled.csv,2700,The object has been dropped.
/home/mdxuser/Genesis/main/data/picked_up_4/upsampled/ASICS_GEL1140V_WhiteBlackSilver_Elastic_hard_upsampled.csv,0,"End-effector start towards the object, to begin the task."
/home/mdxuser/Genesis/main/data/picked_up_4/upsampled/ASICS_GEL1140V_WhiteBlackSilver_Elastic_hard_upsampled.csv,270,"End-effector grasping the object, using strong force, causing hard-deformation, with increasing force."
/home/mdxuser/Genesis/main/data/picked_up_4/upsampled/ASICS_GEL1140V_WhiteBlackSilver_Elastic_hard_upsampled.csv,540,"End-effector continue grasping the object, using strong force, causing hard-deformation, with increasing force."
/home/mdxuser/Genesis/main/data/picked_up_4/upsampled/ASICS_GEL1140V_WhiteBlackSilver_Elastic_hard_upsampled.csv,810,"End-effector lifting the object, using strong force, causing hard-deformation, with increasing force."
/home/mdxuser/Genesis/main/data/picked_up_4/upsampled/ASICS_GEL1140V_WhiteBlackSilver_Elastic_hard_upsampled.csv,1080,"End-effector rotating the object, by an angle of 45.0 degrees, using strong force, causing hard-deformation, with constant force."
/home/mdxuser/Genesis/main/data/picked_up_4/upsampled/ASICS_GEL1140V_WhiteBlackSilver_Elastic_hard_upsampled.csv,1350,"End-effector holding position of the object, maintaining a stable hold, using strong force, causing hard-deformation."
/home/mdxuser/Genesis/main/data/picked_up_4/upsampled/ASICS_GEL1140V_WhiteBlackSilver_Elastic_hard_upsampled.csv,1620,"End-effector continue holding position of the object, maintaining a stable hold, using strong force, causing hard-deformation."
/home/mdxuser/Genesis/main/data/picked_up_4/upsampled/ASICS_GEL1140V_WhiteBlackSilver_Elastic_hard_upsampled.csv,1890,"End-effector rotating the object, by an angle of 30.0 degrees, using strong force, causing hard-deformation, with constant force."
/home/mdxuser/Genesis/main/data/picked_up_4/upsampled/ASICS_GEL1140V_WhiteBlackSilver_Elastic_hard_upsampled.csv,2160,"End-effector continue rotating the object, by an angle of 30.0 degrees, using strong force, causing hard-deformation, with constant force."
/home/mdxuser/Genesis/main/data/picked_up_4/upsampled/ASICS_GEL1140V_WhiteBlackSilver_Elastic_hard_upsampled.csv,2430,"End-effector holding position of the object, maintaining a stable hold, using strong force, causing hard-deformation."
/home/mdxuser/Genesis/main/data/picked_up_4/upsampled/ASICS_GEL1140V_WhiteBlackSilver_Elastic_hard_upsampled.csv,2700,"End-effector stopping the object, using zero-force, causing undeformed shape."
/home/mdxuser/Genesis/main/data/picked_up_4/upsampled/Office_Depot_Canon_CL_41_Remanufactured_Ink_Cartridge_TriColor_Elastic_hard_upsampled.csv,0,"End-effector start towards the object, to begin the task."
/home/mdxuser/Genesis/main/data/picked_up_4/upsampled/Office_Depot_Canon_CL_41_Remanufactured_Ink_Cartridge_TriColor_Elastic_hard_upsampled.csv,270,"End-effector grasping the object, using strong force, causing hard-deformation, with increasing force."
/home/mdxuser/Genesis/main/data/picked_up_4/upsampled/Office_Depot_Canon_CL_41_Remanufactured_Ink_Cartridge_TriColor_Elastic_hard_upsampled.csv,540,"End-effector continue grasping the object, using strong force, causing hard-deformation, with increasing force."
/home/mdxuser/Genesis/main/data/picked_up_4/upsampled/Office_Depot_Canon_CL_41_Remanufactured_Ink_Cartridge_TriColor_Elastic_hard_upsampled.csv,810,"End-effector lifting the object, using strong force, causing hard-deformation, with increasing force."
/home/mdxuser/Genesis/main/data/picked_up_4/upsampled/Office_Depot_Canon_CL_41_Remanufactured_Ink_Cartridge_TriColor_Elastic_hard_upsampled.csv,1080,"End-effector rotating the object, by an angle of 45.0 degrees, using strong force, causing hard-deformation, with constant force."
/home/mdxuser/Genesis/main/data/picked_up_4/upsampled/Office_Depot_Canon_CL_41_Remanufactured_Ink_Cartridge_TriColor_Elastic_hard_upsampled.csv,1350,"End-effector continue rotating the object, by an angle of 45.0 degrees, using strong force, causing hard-deformation, with constant force."
/home/mdxuser/Genesis/main/data/picked_up_4/upsampled/Office_Depot_Canon_CL_41_Remanufactured_Ink_Cartridge_TriColor_Elastic_hard_upsampled.csv,1620,"End-effector holding position of the object, maintaining a stable hold, using strong force, causing hard-deformation."
/home/mdxuser/Genesis/main/data/picked_up_4/upsampled/Office_Depot_Canon_CL_41_Remanufactured_Ink_Cartridge_TriColor_Elastic_hard_upsampled.csv,1890,"End-effector rotating the object, by an angle of 45.0 degrees, using strong force, causing hard-deformation, with constant force."
/home/mdxuser/Genesis/main/data/picked_up_4/upsampled/Office_Depot_Canon_CL_41_Remanufactured_Ink_Cartridge_TriColor_Elastic_hard_upsampled.csv,2160,"End-effector holding position of the object, maintaining a stable hold, using strong force, causing hard-deformation."
/home/mdxuser/Genesis/main/data/picked_up_4/upsampled/Office_Depot_Canon_CL_41_Remanufactured_Ink_Cartridge_TriColor_Elastic_hard_upsampled.csv,2430,"End-effector continue holding position of the object, maintaining a stable hold, using strong force, causing hard-deformation."
/home/mdxuser/Genesis/main/data/picked_up_4/upsampled/Office_Depot_Canon_CL_41_Remanufactured_Ink_Cartridge_TriColor_Elastic_hard_upsampled.csv,2700,"End-effector stopping the object, using zero-force, causing undeformed shape."
/home/mdxuser/Genesis/main/data/picked_up_4/upsampled/CoQ10_Elastic_soft_upsampled.csv,0,"End-effector start towards the object, to begin the task."
/home/mdxuser/Genesis/main/data/picked_up_4/upsampled/CoQ10_Elastic_soft_upsampled.csv,270,"End-effector grasping the object, using gentle force, causing soft-deformation, with increasing force."
/home/mdxuser/Genesis/main/data/picked_up_4/upsampled/CoQ10_Elastic_soft_upsampled.csv,540,"End-effector continue grasping the object, using gentle force, causing soft-deformation, with increasing force."
/home/mdxuser/Genesis/main/data/picked_up_4/upsampled/CoQ10_Elastic_soft_upsampled.csv,810,"End-effector lifting the object, using gentle force, causing soft-deformation, with increasing force."
/home/mdxuser/Genesis/main/data/picked_up_4/upsampled/CoQ10_Elastic_soft_upsampled.csv,1080,"End-effector rotating the object, by an angle of 45.0 degrees, using gentle force, causing soft-deformation, with constant force."
/home/mdxuser/Genesis/main/data/picked_up_4/upsampled/CoQ10_Elastic_soft_upsampled.csv,1350,"End-effector holding position of the object, maintaining a stable hold, using gentle force, causing soft-deformation."
/home/mdxuser/Genesis/main/data/picked_up_4/upsampled/CoQ10_Elastic_soft_upsampled.csv,1620,"End-effector continue holding position of the object, maintaining a stable hold, using gentle force, causing soft-deformation."
/home/mdxuser/Genesis/main/data/picked_up_4/upsampled/CoQ10_Elastic_soft_upsampled.csv,1890,"End-effector rotating the object, by an angle of 30.0 degrees, using gentle force, causing soft-deformation, with constant force."
/home/mdxuser/Genesis/main/data/picked_up_4/upsampled/CoQ10_Elastic_soft_upsampled.csv,2160,"End-effector continue rotating the object, by an angle of 30.0 degrees, using gentle force, causing soft-deformation, with constant force."
/home/mdxuser/Genesis/main/data/picked_up_4/upsampled/CoQ10_Elastic_soft_upsampled.csv,2430,"End-effector holding position of the object, maintaining a stable hold, using gentle force, causing soft-deformation."
/home/mdxuser/Genesis/main/data/picked_up_4/upsampled/CoQ10_Elastic_soft_upsampled.csv,2700,The object has been dropped.
/home/mdxuser/Genesis/main/data/picked_up_4/upsampled/3D_Dollhouse_Sofa_Elastic_hard_upsampled.csv,0,"End-effector start towards the object, to begin the task."
/home/mdxuser/Genesis/main/data/picked_up_4/upsampled/3D_Dollhouse_Sofa_Elastic_hard_upsampled.csv,270,"End-effector grasping the object, using strong force, causing hard-deformation, with increasing force."
/home/mdxuser/Genesis/main/data/picked_up_4/upsampled/3D_Dollhouse_Sofa_Elastic_hard_upsampled.csv,540,"End-effector continue grasping the object, using strong force, causing hard-deformation, with increasing force."
/home/mdxuser/Genesis/main/data/picked_up_4/upsampled/3D_Dollhouse_Sofa_Elastic_hard_upsampled.csv,810,"End-effector lifting the object, using strong force, causing hard-deformation, with increasing force."
/home/mdxuser/Genesis/main/data/picked_up_4/upsampled/3D_Dollhouse_Sofa_Elastic_hard_upsampled.csv,1080,"End-effector rotating the object, by an angle of 30.0 degrees, using strong force, causing hard-deformation, with constant force."
/home/mdxuser/Genesis/main/data/picked_up_4/upsampled/3D_Dollhouse_Sofa_Elastic_hard_upsampled.csv,1350,"End-effector continue rotating the object, by an angle of 30.0 degrees, using strong force, causing hard-deformation, with constant force."
/home/mdxuser/Genesis/main/data/picked_up_4/upsampled/3D_Dollhouse_Sofa_Elastic_hard_upsampled.csv,1620,"End-effector holding position of the object, maintaining a stable hold, using strong force, causing hard-deformation."
/home/mdxuser/Genesis/main/data/picked_up_4/upsampled/3D_Dollhouse_Sofa_Elastic_hard_upsampled.csv,1890,The object has been dropped.
/home/mdxuser/Genesis/main/data/picked_up_4/upsampled/3D_Dollhouse_Sofa_Elastic_hard_upsampled.csv,2160,The object has been dropped.
/home/mdxuser/Genesis/main/data/picked_up_4/upsampled/3D_Dollhouse_Sofa_Elastic_hard_upsampled.csv,2430,The object has been dropped.
/home/mdxuser/Genesis/main/data/picked_up_4/upsampled/3D_Dollhouse_Sofa_Elastic_hard_upsampled.csv,2700,The object has been dropped.
/home/mdxuser/Genesis/main/data/picked_up_4/upsampled/Circo_Fish_Toothbrush_Holder_14995988_Elastic_medium_upsampled.csv,0,"End-effector start towards the object, to begin the task."
/home/mdxuser/Genesis/main/data/picked_up_4/upsampled/Circo_Fish_Toothbrush_Holder_14995988_Elastic_medium_upsampled.csv,270,"End-effector grasping the object, using moderate force, causing medium-deformation, with increasing force."
/home/mdxuser/Genesis/main/data/picked_up_4/upsampled/Circo_Fish_Toothbrush_Holder_14995988_Elastic_medium_upsampled.csv,540,"End-effector continue grasping the object, using moderate force, causing medium-deformation, with increasing force."
/home/mdxuser/Genesis/main/data/picked_up_4/upsampled/Circo_Fish_Toothbrush_Holder_14995988_Elastic_medium_upsampled.csv,810,"End-effector lifting the object, using moderate force, causing medium-deformation, with increasing force."
/home/mdxuser/Genesis/main/data/picked_up_4/upsampled/Circo_Fish_Toothbrush_Holder_14995988_Elastic_medium_upsampled.csv,1080,"End-effector rotating the object, by an angle of 45.0 degrees, using moderate force, causing medium-deformation, with constant force."
/home/mdxuser/Genesis/main/data/picked_up_4/upsampled/Circo_Fish_Toothbrush_Holder_14995988_Elastic_medium_upsampled.csv,1350,"End-effector continue rotating the object, by an angle of 45.0 degrees, using moderate force, causing medium-deformation, with constant force."
/home/mdxuser/Genesis/main/data/picked_up_4/upsampled/Circo_Fish_Toothbrush_Holder_14995988_Elastic_medium_upsampled.csv,1620,"End-effector holding position of the object, maintaining a stable hold, using moderate force, causing medium-deformation."
/home/mdxuser/Genesis/main/data/picked_up_4/upsampled/Circo_Fish_Toothbrush_Holder_14995988_Elastic_medium_upsampled.csv,1890,"End-effector rotating the object, by an angle of 30.0 degrees, using moderate force, causing medium-deformation, with constant force."
/home/mdxuser/Genesis/main/data/picked_up_4/upsampled/Circo_Fish_Toothbrush_Holder_14995988_Elastic_medium_upsampled.csv,2160,"End-effector continue rotating the object, by an angle of 30.0 degrees, using moderate force, causing medium-deformation, with constant force."
/home/mdxuser/Genesis/main/data/picked_up_4/upsampled/Circo_Fish_Toothbrush_Holder_14995988_Elastic_medium_upsampled.csv,2430,The object has been dropped.
/home/mdxuser/Genesis/main/data/picked_up_4/upsampled/Circo_Fish_Toothbrush_Holder_14995988_Elastic_medium_upsampled.csv,2700,The object has been dropped.
/home/mdxuser/Genesis/main/data/picked_up_4/upsampled/JarroDophilusFOS_Value_Size_Elastic_soft_upsampled.csv,0,"End-effector start towards the object, to begin the task."
/home/mdxuser/Genesis/main/data/picked_up_4/upsampled/JarroDophilusFOS_Value_Size_Elastic_soft_upsampled.csv,270,"End-effector grasping the object, using gentle force, causing soft-deformation, with increasing force."
/home/mdxuser/Genesis/main/data/picked_up_4/upsampled/JarroDophilusFOS_Value_Size_Elastic_soft_upsampled.csv,540,"End-effector continue grasping the object, using gentle force, causing soft-deformation, with increasing force."
/home/mdxuser/Genesis/main/data/picked_up_4/upsampled/JarroDophilusFOS_Value_Size_Elastic_soft_upsampled.csv,810,"End-effector lifting the object, using gentle force, causing soft-deformation, with increasing force."
/home/mdxuser/Genesis/main/data/picked_up_4/upsampled/JarroDophilusFOS_Value_Size_Elastic_soft_upsampled.csv,1080,"End-effector rotating the object, by an angle of 45.0 degrees, using gentle force, causing soft-deformation, with constant force."
/home/mdxuser/Genesis/main/data/picked_up_4/upsampled/JarroDophilusFOS_Value_Size_Elastic_soft_upsampled.csv,1350,"End-effector holding position of the object, maintaining a stable hold, using gentle force, causing soft-deformation."
/home/mdxuser/Genesis/main/data/picked_up_4/upsampled/JarroDophilusFOS_Value_Size_Elastic_soft_upsampled.csv,1620,"End-effector continue holding position of the object, maintaining a stable hold, using gentle force, causing soft-deformation."
/home/mdxuser/Genesis/main/data/picked_up_4/upsampled/JarroDophilusFOS_Value_Size_Elastic_soft_upsampled.csv,1890,"End-effector rotating the object, by an angle of 45.0 degrees, using gentle force, causing soft-deformation, with constant force."
/home/mdxuser/Genesis/main/data/picked_up_4/upsampled/JarroDophilusFOS_Value_Size_Elastic_soft_upsampled.csv,2160,"End-effector holding position of the object, maintaining a stable hold, using gentle force, causing soft-deformation."
/home/mdxuser/Genesis/main/data/picked_up_4/upsampled/JarroDophilusFOS_Value_Size_Elastic_soft_upsampled.csv,2430,"End-effector continue holding position of the object, maintaining a stable hold, using gentle force, causing soft-deformation."
/home/mdxuser/Genesis/main/data/picked_up_4/upsampled/JarroDophilusFOS_Value_Size_Elastic_soft_upsampled.csv,2700,The object has been dropped.
/home/mdxuser/Genesis/main/data/picked_up_4/upsampled/3D_Dollhouse_Sink_Elastic_hard_upsampled.csv,0,"End-effector start towards the object, to begin the task."
/home/mdxuser/Genesis/main/data/picked_up_4/upsampled/3D_Dollhouse_Sink_Elastic_hard_upsampled.csv,270,"End-effector grasping the object, using strong force, causing hard-deformation, with increasing force."
/home/mdxuser/Genesis/main/data/picked_up_4/upsampled/3D_Dollhouse_Sink_Elastic_hard_upsampled.csv,540,"End-effector continue grasping the object, using strong force, causing hard-deformation, with increasing force."
/home/mdxuser/Genesis/main/data/picked_up_4/upsampled/3D_Dollhouse_Sink_Elastic_hard_upsampled.csv,810,"End-effector lifting the object, using strong force, causing hard-deformation, with increasing force."
/home/mdxuser/Genesis/main/data/picked_up_4/upsampled/3D_Dollhouse_Sink_Elastic_hard_upsampled.csv,1080,"End-effector rotating the object, by an angle of 45.0 degrees, using strong force, causing hard-deformation, with constant force."
/home/mdxuser/Genesis/main/data/picked_up_4/upsampled/3D_Dollhouse_Sink_Elastic_hard_upsampled.csv,1350,"End-effector continue rotating the object, by an angle of 45.0 degrees, using strong force, causing hard-deformation, with constant force."
/home/mdxuser/Genesis/main/data/picked_up_4/upsampled/3D_Dollhouse_Sink_Elastic_hard_upsampled.csv,1620,"End-effector holding position of the object, maintaining a stable hold, using strong force, causing hard-deformation."
/home/mdxuser/Genesis/main/data/picked_up_4/upsampled/3D_Dollhouse_Sink_Elastic_hard_upsampled.csv,1890,"End-effector rotating the object, by an angle of 30.0 degrees, using strong force, causing hard-deformation, with constant force."
/home/mdxuser/Genesis/main/data/picked_up_4/upsampled/3D_Dollhouse_Sink_Elastic_hard_upsampled.csv,2160,"End-effector continue rotating the object, by an angle of 30.0 degrees, using strong force, causing hard-deformation, with constant force."
/home/mdxuser/Genesis/main/data/picked_up_4/upsampled/3D_Dollhouse_Sink_Elastic_hard_upsampled.csv,2430,"End-effector holding position of the object, maintaining a stable hold, using strong force, causing hard-deformation."
/home/mdxuser/Genesis/main/data/picked_up_4/upsampled/3D_Dollhouse_Sink_Elastic_hard_upsampled.csv,2700,The object has been dropped.
/home/mdxuser/Genesis/main/data/picked_up_4/upsampled/ASICS_GELLinksmaster_WhiteSilverCarolina_Blue_Elastic_hard_upsampled.csv,0,"End-effector start towards the object, to begin the task."
/home/mdxuser/Genesis/main/data/picked_up_4/upsampled/ASICS_GELLinksmaster_WhiteSilverCarolina_Blue_Elastic_hard_upsampled.csv,270,"End-effector grasping the object, using strong force, causing hard-deformation, with increasing force."
/home/mdxuser/Genesis/main/data/picked_up_4/upsampled/ASICS_GELLinksmaster_WhiteSilverCarolina_Blue_Elastic_hard_upsampled.csv,540,"End-effector continue grasping the object, using strong force, causing hard-deformation, with increasing force."
/home/mdxuser/Genesis/main/data/picked_up_4/upsampled/ASICS_GELLinksmaster_WhiteSilverCarolina_Blue_Elastic_hard_upsampled.csv,810,"End-effector lifting the object, using strong force, causing hard-deformation, with increasing force."
/home/mdxuser/Genesis/main/data/picked_up_4/upsampled/ASICS_GELLinksmaster_WhiteSilverCarolina_Blue_Elastic_hard_upsampled.csv,1080,"End-effector rotating the object, by an angle of 30.0 degrees, using strong force, causing hard-deformation, with constant force."
/home/mdxuser/Genesis/main/data/picked_up_4/upsampled/ASICS_GELLinksmaster_WhiteSilverCarolina_Blue_Elastic_hard_upsampled.csv,1350,"End-effector continue rotating the object, by an angle of 30.0 degrees, using strong force, causing hard-deformation, with constant force."
/home/mdxuser/Genesis/main/data/picked_up_4/upsampled/ASICS_GELLinksmaster_WhiteSilverCarolina_Blue_Elastic_hard_upsampled.csv,1620,"End-effector holding position of the object, maintaining a stable hold, using strong force, causing hard-deformation."
/home/mdxuser/Genesis/main/data/picked_up_4/upsampled/ASICS_GELLinksmaster_WhiteSilverCarolina_Blue_Elastic_hard_upsampled.csv,1890,"End-effector rotating the object, by an angle of 45.0 degrees, using strong force, causing hard-deformation, with constant force."
/home/mdxuser/Genesis/main/data/picked_up_4/upsampled/ASICS_GELLinksmaster_WhiteSilverCarolina_Blue_Elastic_hard_upsampled.csv,2160,The object has been dropped.
/home/mdxuser/Genesis/main/data/picked_up_4/upsampled/ASICS_GELLinksmaster_WhiteSilverCarolina_Blue_Elastic_hard_upsampled.csv,2430,The object has been dropped.
/home/mdxuser/Genesis/main/data/picked_up_4/upsampled/ASICS_GELLinksmaster_WhiteSilverCarolina_Blue_Elastic_hard_upsampled.csv,2700,The object has been dropped.
/home/mdxuser/Genesis/main/data/picked_up_4/upsampled/Office_Depot_Dell_Series_1_Remanufactured_Ink_Cartridge_TriColor_Elastic_soft_upsampled.csv,0,"End-effector start towards the object, to begin the task."
/home/mdxuser/Genesis/main/data/picked_up_4/upsampled/Office_Depot_Dell_Series_1_Remanufactured_Ink_Cartridge_TriColor_Elastic_soft_upsampled.csv,270,"End-effector grasping the object, using gentle force, causing soft-deformation, with increasing force."
/home/mdxuser/Genesis/main/data/picked_up_4/upsampled/Office_Depot_Dell_Series_1_Remanufactured_Ink_Cartridge_TriColor_Elastic_soft_upsampled.csv,540,"End-effector continue grasping the object, using gentle force, causing soft-deformation, with increasing force."
/home/mdxuser/Genesis/main/data/picked_up_4/upsampled/Office_Depot_Dell_Series_1_Remanufactured_Ink_Cartridge_TriColor_Elastic_soft_upsampled.csv,810,"End-effector lifting the object, using gentle force, causing soft-deformation, with increasing force."
/home/mdxuser/Genesis/main/data/picked_up_4/upsampled/Office_Depot_Dell_Series_1_Remanufactured_Ink_Cartridge_TriColor_Elastic_soft_upsampled.csv,1080,"End-effector rotating the object, by an angle of 30.0 degrees, using gentle force, causing soft-deformation, with constant force."
/home/mdxuser/Genesis/main/data/picked_up_4/upsampled/Office_Depot_Dell_Series_1_Remanufactured_Ink_Cartridge_TriColor_Elastic_soft_upsampled.csv,1350,"End-effector continue rotating the object, by an angle of 30.0 degrees, using gentle force, causing soft-deformation, with constant force."
/home/mdxuser/Genesis/main/data/picked_up_4/upsampled/Office_Depot_Dell_Series_1_Remanufactured_Ink_Cartridge_TriColor_Elastic_soft_upsampled.csv,1620,"End-effector holding position of the object, maintaining a stable hold, using gentle force, causing soft-deformation."
/home/mdxuser/Genesis/main/data/picked_up_4/upsampled/Office_Depot_Dell_Series_1_Remanufactured_Ink_Cartridge_TriColor_Elastic_soft_upsampled.csv,1890,The object has been dropped.
/home/mdxuser/Genesis/main/data/picked_up_4/upsampled/Office_Depot_Dell_Series_1_Remanufactured_Ink_Cartridge_TriColor_Elastic_soft_upsampled.csv,2160,The object has been dropped.
/home/mdxuser/Genesis/main/data/picked_up_4/upsampled/Office_Depot_Dell_Series_1_Remanufactured_Ink_Cartridge_TriColor_Elastic_soft_upsampled.csv,2430,The object has been dropped.
/home/mdxuser/Genesis/main/data/picked_up_4/upsampled/Office_Depot_Dell_Series_1_Remanufactured_Ink_Cartridge_TriColor_Elastic_soft_upsampled.csv,2700,The object has been dropped.
/home/mdxuser/Genesis/main/data/picked_up_4/upsampled/Don_Franciscos_Gourmet_Coffee_Medium_Decaf_100_Colombian_12_oz_340_g_Elastic_medium_upsampled.csv,0,"End-effector start towards the object, to begin the task."
/home/mdxuser/Genesis/main/data/picked_up_4/upsampled/Don_Franciscos_Gourmet_Coffee_Medium_Decaf_100_Colombian_12_oz_340_g_Elastic_medium_upsampled.csv,270,"End-effector grasping the object, using moderate force, causing medium-deformation, with increasing force."
/home/mdxuser/Genesis/main/data/picked_up_4/upsampled/Don_Franciscos_Gourmet_Coffee_Medium_Decaf_100_Colombian_12_oz_340_g_Elastic_medium_upsampled.csv,540,"End-effector continue grasping the object, using moderate force, causing medium-deformation, with increasing force."
/home/mdxuser/Genesis/main/data/picked_up_4/upsampled/Don_Franciscos_Gourmet_Coffee_Medium_Decaf_100_Colombian_12_oz_340_g_Elastic_medium_upsampled.csv,810,"End-effector lifting the object, using moderate force, causing medium-deformation, with increasing force."
/home/mdxuser/Genesis/main/data/picked_up_4/upsampled/Don_Franciscos_Gourmet_Coffee_Medium_Decaf_100_Colombian_12_oz_340_g_Elastic_medium_upsampled.csv,1080,"End-effector rotating the object, by an angle of 45.0 degrees, using moderate force, causing medium-deformation, with constant force."
/home/mdxuser/Genesis/main/data/picked_up_4/upsampled/Don_Franciscos_Gourmet_Coffee_Medium_Decaf_100_Colombian_12_oz_340_g_Elastic_medium_upsampled.csv,1350,"End-effector holding position of the object, maintaining a stable hold, using moderate force, causing medium-deformation."
/home/mdxuser/Genesis/main/data/picked_up_4/upsampled/Don_Franciscos_Gourmet_Coffee_Medium_Decaf_100_Colombian_12_oz_340_g_Elastic_medium_upsampled.csv,1620,"End-effector continue holding position of the object, maintaining a stable hold, using moderate force, causing medium-deformation."
/home/mdxuser/Genesis/main/data/picked_up_4/upsampled/Don_Franciscos_Gourmet_Coffee_Medium_Decaf_100_Colombian_12_oz_340_g_Elastic_medium_upsampled.csv,1890,"End-effector rotating the object, by an angle of 45.0 degrees, using moderate force, causing medium-deformation, with constant force."
/home/mdxuser/Genesis/main/data/picked_up_4/upsampled/Don_Franciscos_Gourmet_Coffee_Medium_Decaf_100_Colombian_12_oz_340_g_Elastic_medium_upsampled.csv,2160,"End-effector continue rotating the object, by an angle of 45.0 degrees, using moderate force, causing medium-deformation, with constant force."
/home/mdxuser/Genesis/main/data/picked_up_4/upsampled/Don_Franciscos_Gourmet_Coffee_Medium_Decaf_100_Colombian_12_oz_340_g_Elastic_medium_upsampled.csv,2430,"End-effector holding position of the object, maintaining a stable hold, using moderate force, causing medium-deformation."
/home/mdxuser/Genesis/main/data/picked_up_4/upsampled/Don_Franciscos_Gourmet_Coffee_Medium_Decaf_100_Colombian_12_oz_340_g_Elastic_medium_upsampled.csv,2700,"End-effector stopping the object, using zero-force, causing undeformed shape."
/home/mdxuser/Genesis/main/data/picked_up_4/upsampled/BIRD_RATTLE_Elastic_hard_upsampled.csv,0,"End-effector start towards the object, to begin the task."
/home/mdxuser/Genesis/main/data/picked_up_4/upsampled/BIRD_RATTLE_Elastic_hard_upsampled.csv,270,"End-effector grasping the object, using strong force, causing hard-deformation, with increasing force."
/home/mdxuser/Genesis/main/data/picked_up_4/upsampled/BIRD_RATTLE_Elastic_hard_upsampled.csv,540,"End-effector lifting the object, using strong force, causing hard-deformation, with increasing force."
/home/mdxuser/Genesis/main/data/picked_up_4/upsampled/BIRD_RATTLE_Elastic_hard_upsampled.csv,810,"End-effector rotating the object, by an angle of 45.0 degrees, using strong force, causing hard-deformation, with constant force."
/home/mdxuser/Genesis/main/data/picked_up_4/upsampled/BIRD_RATTLE_Elastic_hard_upsampled.csv,1080,The object has been dropped.
/home/mdxuser/Genesis/main/data/picked_up_4/upsampled/BIRD_RATTLE_Elastic_hard_upsampled.csv,1350,The object has been dropped.
/home/mdxuser/Genesis/main/data/picked_up_4/upsampled/BIRD_RATTLE_Elastic_hard_upsampled.csv,1620,The object has been dropped.
/home/mdxuser/Genesis/main/data/picked_up_4/upsampled/BIRD_RATTLE_Elastic_hard_upsampled.csv,1890,The object has been dropped.
/home/mdxuser/Genesis/main/data/picked_up_4/upsampled/BIRD_RATTLE_Elastic_hard_upsampled.csv,2160,The object has been dropped.
/home/mdxuser/Genesis/main/data/picked_up_4/upsampled/BIRD_RATTLE_Elastic_hard_upsampled.csv,2430,The object has been dropped.
/home/mdxuser/Genesis/main/data/picked_up_4/upsampled/BRAILLE_ALPHABET_AZ_Elastic_soft_upsampled.csv,0,"End-effector start towards the object, to begin the task."
/home/mdxuser/Genesis/main/data/picked_up_4/upsampled/BRAILLE_ALPHABET_AZ_Elastic_soft_upsampled.csv,270,"End-effector grasping the object, using gentle force, causing soft-deformation, with increasing force."
/home/mdxuser/Genesis/main/data/picked_up_4/upsampled/BRAILLE_ALPHABET_AZ_Elastic_soft_upsampled.csv,540,"End-effector lifting the object, using gentle force, causing soft-deformation, with increasing force."
/home/mdxuser/Genesis/main/data/picked_up_4/upsampled/BRAILLE_ALPHABET_AZ_Elastic_soft_upsampled.csv,810,"End-effector rotating the object, by an angle of 30.0 degrees, using gentle force, causing soft-deformation, with constant force."
/home/mdxuser/Genesis/main/data/picked_up_4/upsampled/BRAILLE_ALPHABET_AZ_Elastic_soft_upsampled.csv,1080,"End-effector continue rotating the object, by an angle of 30.0 degrees, using gentle force, causing soft-deformation, with constant force."
/home/mdxuser/Genesis/main/data/picked_up_4/upsampled/BRAILLE_ALPHABET_AZ_Elastic_soft_upsampled.csv,1350,The object has been dropped.
/home/mdxuser/Genesis/main/data/picked_up_4/upsampled/BRAILLE_ALPHABET_AZ_Elastic_soft_upsampled.csv,1620,The object has been dropped.
/home/mdxuser/Genesis/main/data/picked_up_4/upsampled/BRAILLE_ALPHABET_AZ_Elastic_soft_upsampled.csv,1890,The object has been dropped.
/home/mdxuser/Genesis/main/data/picked_up_4/upsampled/BRAILLE_ALPHABET_AZ_Elastic_soft_upsampled.csv,2160,The object has been dropped.
/home/mdxuser/Genesis/main/data/picked_up_4/upsampled/BRAILLE_ALPHABET_AZ_Elastic_soft_upsampled.csv,2430,The object has been dropped.
/home/mdxuser/Genesis/main/data/picked_up_4/upsampled/Granimals_20_Wooden_ABC_Blocks_Wagon_g2TinmUGGHI_Elastic_soft_upsampled.csv,0,"End-effector start towards the object, to begin the task."
/home/mdxuser/Genesis/main/data/picked_up_4/upsampled/Granimals_20_Wooden_ABC_Blocks_Wagon_g2TinmUGGHI_Elastic_soft_upsampled.csv,270,"End-effector grasping the object, using gentle force, causing soft-deformation, with increasing force."
/home/mdxuser/Genesis/main/data/picked_up_4/upsampled/Granimals_20_Wooden_ABC_Blocks_Wagon_g2TinmUGGHI_Elastic_soft_upsampled.csv,540,"End-effector continue grasping the object, using gentle force, causing soft-deformation, with increasing force."
/home/mdxuser/Genesis/main/data/picked_up_4/upsampled/Granimals_20_Wooden_ABC_Blocks_Wagon_g2TinmUGGHI_Elastic_soft_upsampled.csv,810,"End-effector lifting the object, using gentle force, causing soft-deformation, with increasing force."
/home/mdxuser/Genesis/main/data/picked_up_4/upsampled/Granimals_20_Wooden_ABC_Blocks_Wagon_g2TinmUGGHI_Elastic_soft_upsampled.csv,1080,"End-effector rotating the object, by an angle of 45.0 degrees, using gentle force, causing soft-deformation, with constant force."
/home/mdxuser/Genesis/main/data/picked_up_4/upsampled/Granimals_20_Wooden_ABC_Blocks_Wagon_g2TinmUGGHI_Elastic_soft_upsampled.csv,1350,"End-effector holding position of the object, maintaining a stable hold, using gentle force, causing soft-deformation."
/home/mdxuser/Genesis/main/data/picked_up_4/upsampled/Granimals_20_Wooden_ABC_Blocks_Wagon_g2TinmUGGHI_Elastic_soft_upsampled.csv,1620,"End-effector continue holding position of the object, maintaining a stable hold, using gentle force, causing soft-deformation."
/home/mdxuser/Genesis/main/data/picked_up_4/upsampled/Granimals_20_Wooden_ABC_Blocks_Wagon_g2TinmUGGHI_Elastic_soft_upsampled.csv,1890,"End-effector rotating the object, by an angle of 30.0 degrees, using gentle force, causing soft-deformation, with constant force."
/home/mdxuser/Genesis/main/data/picked_up_4/upsampled/Granimals_20_Wooden_ABC_Blocks_Wagon_g2TinmUGGHI_Elastic_soft_upsampled.csv,2160,"End-effector continue rotating the object, by an angle of 30.0 degrees, using gentle force, causing soft-deformation, with constant force."
/home/mdxuser/Genesis/main/data/picked_up_4/upsampled/Granimals_20_Wooden_ABC_Blocks_Wagon_g2TinmUGGHI_Elastic_soft_upsampled.csv,2430,The object has been dropped.
/home/mdxuser/Genesis/main/data/picked_up_4/upsampled/Granimals_20_Wooden_ABC_Blocks_Wagon_g2TinmUGGHI_Elastic_soft_upsampled.csv,2700,The object has been dropped.
/home/mdxuser/Genesis/main/data/picked_up_4/upsampled/CLIMACOOL_BOAT_BREEZE_IE6CyqSaDwN_Elastic_soft_upsampled.csv,0,"End-effector start towards the object, to begin the task."
/home/mdxuser/Genesis/main/data/picked_up_4/upsampled/CLIMACOOL_BOAT_BREEZE_IE6CyqSaDwN_Elastic_soft_upsampled.csv,270,"End-effector grasping the object, using gentle force, causing soft-deformation, with increasing force."
/home/mdxuser/Genesis/main/data/picked_up_4/upsampled/CLIMACOOL_BOAT_BREEZE_IE6CyqSaDwN_Elastic_soft_upsampled.csv,540,"End-effector continue grasping the object, using gentle force, causing soft-deformation, with increasing force."
/home/mdxuser/Genesis/main/data/picked_up_4/upsampled/CLIMACOOL_BOAT_BREEZE_IE6CyqSaDwN_Elastic_soft_upsampled.csv,810,"End-effector lifting the object, using gentle force, causing soft-deformation, with increasing force."
/home/mdxuser/Genesis/main/data/picked_up_4/upsampled/CLIMACOOL_BOAT_BREEZE_IE6CyqSaDwN_Elastic_soft_upsampled.csv,1080,"End-effector rotating the object, by an angle of 45.0 degrees, using gentle force, causing soft-deformation, with constant force."
/home/mdxuser/Genesis/main/data/picked_up_4/upsampled/CLIMACOOL_BOAT_BREEZE_IE6CyqSaDwN_Elastic_soft_upsampled.csv,1350,"End-effector continue rotating the object, by an angle of 45.0 degrees, using gentle force, causing soft-deformation, with constant force."
/home/mdxuser/Genesis/main/data/picked_up_4/upsampled/CLIMACOOL_BOAT_BREEZE_IE6CyqSaDwN_Elastic_soft_upsampled.csv,1620,The object has been dropped.
/home/mdxuser/Genesis/main/data/picked_up_4/upsampled/CLIMACOOL_BOAT_BREEZE_IE6CyqSaDwN_Elastic_soft_upsampled.csv,1890,The object has been dropped.
/home/mdxuser/Genesis/main/data/picked_up_4/upsampled/CLIMACOOL_BOAT_BREEZE_IE6CyqSaDwN_Elastic_soft_upsampled.csv,2160,The object has been dropped.
/home/mdxuser/Genesis/main/data/picked_up_4/upsampled/CLIMACOOL_BOAT_BREEZE_IE6CyqSaDwN_Elastic_soft_upsampled.csv,2430,The object has been dropped.
/home/mdxuser/Genesis/main/data/picked_up_4/upsampled/CLIMACOOL_BOAT_BREEZE_IE6CyqSaDwN_Elastic_soft_upsampled.csv,2700,The object has been dropped.
/home/mdxuser/Genesis/main/data/picked_up_4/upsampled/Asus_80211ac_DualBand_Gigabit_Wireless_Router_RTAC68R_Elastic_hard_upsampled.csv,0,"End-effector start towards the object, to begin the task."
/home/mdxuser/Genesis/main/data/picked_up_4/upsampled/Asus_80211ac_DualBand_Gigabit_Wireless_Router_RTAC68R_Elastic_hard_upsampled.csv,270,"End-effector grasping the object, using strong force, causing hard-deformation, with increasing force."
/home/mdxuser/Genesis/main/data/picked_up_4/upsampled/Asus_80211ac_DualBand_Gigabit_Wireless_Router_RTAC68R_Elastic_hard_upsampled.csv,540,"End-effector continue grasping the object, using strong force, causing hard-deformation, with increasing force."
/home/mdxuser/Genesis/main/data/picked_up_4/upsampled/Asus_80211ac_DualBand_Gigabit_Wireless_Router_RTAC68R_Elastic_hard_upsampled.csv,810,"End-effector lifting the object, using strong force, causing hard-deformation, with increasing force."
/home/mdxuser/Genesis/main/data/picked_up_4/upsampled/Asus_80211ac_DualBand_Gigabit_Wireless_Router_RTAC68R_Elastic_hard_upsampled.csv,1080,"End-effector rotating the object, by an angle of 45.0 degrees, using strong force, causing hard-deformation, with constant force."
/home/mdxuser/Genesis/main/data/picked_up_4/upsampled/Asus_80211ac_DualBand_Gigabit_Wireless_Router_RTAC68R_Elastic_hard_upsampled.csv,1350,"End-effector continue rotating the object, by an angle of 45.0 degrees, using strong force, causing hard-deformation, with constant force."
/home/mdxuser/Genesis/main/data/picked_up_4/upsampled/Asus_80211ac_DualBand_Gigabit_Wireless_Router_RTAC68R_Elastic_hard_upsampled.csv,1620,The object has been dropped.
/home/mdxuser/Genesis/main/data/picked_up_4/upsampled/Asus_80211ac_DualBand_Gigabit_Wireless_Router_RTAC68R_Elastic_hard_upsampled.csv,1890,The object has been dropped.
/home/mdxuser/Genesis/main/data/picked_up_4/upsampled/Asus_80211ac_DualBand_Gigabit_Wireless_Router_RTAC68R_Elastic_hard_upsampled.csv,2160,The object has been dropped.
/home/mdxuser/Genesis/main/data/picked_up_4/upsampled/Asus_80211ac_DualBand_Gigabit_Wireless_Router_RTAC68R_Elastic_hard_upsampled.csv,2430,The object has been dropped.
/home/mdxuser/Genesis/main/data/picked_up_4/upsampled/Asus_80211ac_DualBand_Gigabit_Wireless_Router_RTAC68R_Elastic_hard_upsampled.csv,2700,The object has been dropped.
/home/mdxuser/Genesis/main/data/picked_up_4/upsampled/Brisk_Iced_Tea_Lemon_12_12_fl_oz_355_ml_cans_144_fl_oz_426_lt_Elastic_medium_upsampled.csv,0,"End-effector start towards the object, to begin the task."
/home/mdxuser/Genesis/main/data/picked_up_4/upsampled/Brisk_Iced_Tea_Lemon_12_12_fl_oz_355_ml_cans_144_fl_oz_426_lt_Elastic_medium_upsampled.csv,270,"End-effector grasping the object, using moderate force, causing medium-deformation, with increasing force."
/home/mdxuser/Genesis/main/data/picked_up_4/upsampled/Brisk_Iced_Tea_Lemon_12_12_fl_oz_355_ml_cans_144_fl_oz_426_lt_Elastic_medium_upsampled.csv,540,"End-effector continue grasping the object, using moderate force, causing medium-deformation, with increasing force."
/home/mdxuser/Genesis/main/data/picked_up_4/upsampled/Brisk_Iced_Tea_Lemon_12_12_fl_oz_355_ml_cans_144_fl_oz_426_lt_Elastic_medium_upsampled.csv,810,"End-effector lifting the object, using moderate force, causing medium-deformation, with increasing force."
/home/mdxuser/Genesis/main/data/picked_up_4/upsampled/Brisk_Iced_Tea_Lemon_12_12_fl_oz_355_ml_cans_144_fl_oz_426_lt_Elastic_medium_upsampled.csv,1080,"End-effector rotating the object, by an angle of 45.0 degrees, using moderate force, causing medium-deformation, with constant force."
/home/mdxuser/Genesis/main/data/picked_up_4/upsampled/Brisk_Iced_Tea_Lemon_12_12_fl_oz_355_ml_cans_144_fl_oz_426_lt_Elastic_medium_upsampled.csv,1350,"End-effector continue rotating the object, by an angle of 45.0 degrees, using moderate force, causing medium-deformation, with constant force."
/home/mdxuser/Genesis/main/data/picked_up_4/upsampled/Brisk_Iced_Tea_Lemon_12_12_fl_oz_355_ml_cans_144_fl_oz_426_lt_Elastic_medium_upsampled.csv,1620,The object has been dropped.
/home/mdxuser/Genesis/main/data/picked_up_4/upsampled/Brisk_Iced_Tea_Lemon_12_12_fl_oz_355_ml_cans_144_fl_oz_426_lt_Elastic_medium_upsampled.csv,1890,The object has been dropped.
/home/mdxuser/Genesis/main/data/picked_up_4/upsampled/Brisk_Iced_Tea_Lemon_12_12_fl_oz_355_ml_cans_144_fl_oz_426_lt_Elastic_medium_upsampled.csv,2160,The object has been dropped.
/home/mdxuser/Genesis/main/data/picked_up_4/upsampled/Brisk_Iced_Tea_Lemon_12_12_fl_oz_355_ml_cans_144_fl_oz_426_lt_Elastic_medium_upsampled.csv,2430,The object has been dropped.
/home/mdxuser/Genesis/main/data/picked_up_4/upsampled/Brisk_Iced_Tea_Lemon_12_12_fl_oz_355_ml_cans_144_fl_oz_426_lt_Elastic_medium_upsampled.csv,2700,The object has been dropped.
/home/mdxuser/Genesis/main/data/picked_up_4/upsampled/BAGEL_WITH_CHEESE_Elastic_hard_upsampled.csv,0,"End-effector start towards the object, to begin the task."
/home/mdxuser/Genesis/main/data/picked_up_4/upsampled/BAGEL_WITH_CHEESE_Elastic_hard_upsampled.csv,270,"End-effector grasping the object, using strong force, causing hard-deformation, with increasing force."
/home/mdxuser/Genesis/main/data/picked_up_4/upsampled/BAGEL_WITH_CHEESE_Elastic_hard_upsampled.csv,540,"End-effector continue grasping the object, using strong force, causing hard-deformation, with increasing force."
/home/mdxuser/Genesis/main/data/picked_up_4/upsampled/BAGEL_WITH_CHEESE_Elastic_hard_upsampled.csv,810,"End-effector lifting the object, using strong force, causing hard-deformation, with increasing force."
/home/mdxuser/Genesis/main/data/picked_up_4/upsampled/BAGEL_WITH_CHEESE_Elastic_hard_upsampled.csv,1080,"End-effector rotating the object, by an angle of 30.0 degrees, using strong force, causing hard-deformation, with constant force."
/home/mdxuser/Genesis/main/data/picked_up_4/upsampled/BAGEL_WITH_CHEESE_Elastic_hard_upsampled.csv,1350,"End-effector continue rotating the object, by an angle of 30.0 degrees, using strong force, causing hard-deformation, with constant force."
/home/mdxuser/Genesis/main/data/picked_up_4/upsampled/BAGEL_WITH_CHEESE_Elastic_hard_upsampled.csv,1620,The object has been dropped.
/home/mdxuser/Genesis/main/data/picked_up_4/upsampled/BAGEL_WITH_CHEESE_Elastic_hard_upsampled.csv,1890,The object has been dropped.
/home/mdxuser/Genesis/main/data/picked_up_4/upsampled/BAGEL_WITH_CHEESE_Elastic_hard_upsampled.csv,2160,The object has been dropped.
/home/mdxuser/Genesis/main/data/picked_up_4/upsampled/BAGEL_WITH_CHEESE_Elastic_hard_upsampled.csv,2430,The object has been dropped.
/home/mdxuser/Genesis/main/data/picked_up_4/upsampled/BAGEL_WITH_CHEESE_Elastic_hard_upsampled.csv,2700,The object has been dropped.
/home/mdxuser/Genesis/main/data/picked_up_4/upsampled/Crayola_Washable_Sidewalk_Chalk_16_pack_wDZECiw7J6s_Elastic_medium_upsampled.csv,0,"End-effector start towards the object, to begin the task."
/home/mdxuser/Genesis/main/data/picked_up_4/upsampled/Crayola_Washable_Sidewalk_Chalk_16_pack_wDZECiw7J6s_Elastic_medium_upsampled.csv,270,"End-effector grasping the object, using moderate force, causing medium-deformation, with increasing force."
/home/mdxuser/Genesis/main/data/picked_up_4/upsampled/Crayola_Washable_Sidewalk_Chalk_16_pack_wDZECiw7J6s_Elastic_medium_upsampled.csv,540,"End-effector continue grasping the object, using moderate force, causing medium-deformation, with increasing force."
/home/mdxuser/Genesis/main/data/picked_up_4/upsampled/Crayola_Washable_Sidewalk_Chalk_16_pack_wDZECiw7J6s_Elastic_medium_upsampled.csv,810,"End-effector lifting the object, using moderate force, causing medium-deformation, with increasing force."
/home/mdxuser/Genesis/main/data/picked_up_4/upsampled/Crayola_Washable_Sidewalk_Chalk_16_pack_wDZECiw7J6s_Elastic_medium_upsampled.csv,1080,"End-effector rotating the object, by an angle of 30.0 degrees, using moderate force, causing medium-deformation, with constant force."
/home/mdxuser/Genesis/main/data/picked_up_4/upsampled/Crayola_Washable_Sidewalk_Chalk_16_pack_wDZECiw7J6s_Elastic_medium_upsampled.csv,1350,"End-effector continue rotating the object, by an angle of 30.0 degrees, using moderate force, causing medium-deformation, with constant force."
/home/mdxuser/Genesis/main/data/picked_up_4/upsampled/Crayola_Washable_Sidewalk_Chalk_16_pack_wDZECiw7J6s_Elastic_medium_upsampled.csv,1620,"End-effector holding position of the object, maintaining a stable hold, using moderate force, causing medium-deformation."
/home/mdxuser/Genesis/main/data/picked_up_4/upsampled/Crayola_Washable_Sidewalk_Chalk_16_pack_wDZECiw7J6s_Elastic_medium_upsampled.csv,1890,"End-effector rotating the object, by an angle of 45.0 degrees, using moderate force, causing medium-deformation, with constant force."
/home/mdxuser/Genesis/main/data/picked_up_4/upsampled/Crayola_Washable_Sidewalk_Chalk_16_pack_wDZECiw7J6s_Elastic_medium_upsampled.csv,2160,"End-effector continue rotating the object, by an angle of 45.0 degrees, using moderate force, causing medium-deformation, with constant force."
/home/mdxuser/Genesis/main/data/picked_up_4/upsampled/Crayola_Washable_Sidewalk_Chalk_16_pack_wDZECiw7J6s_Elastic_medium_upsampled.csv,2430,"End-effector holding position of the object, maintaining a stable hold, using moderate force, causing medium-deformation."
/home/mdxuser/Genesis/main/data/picked_up_4/upsampled/Crayola_Washable_Sidewalk_Chalk_16_pack_wDZECiw7J6s_Elastic_medium_upsampled.csv,2700,"End-effector stopping the object, using zero-force, causing undeformed shape."
/home/mdxuser/Genesis/main/data/picked_up_4/upsampled/Cole_Hardware_Antislip_Surfacing_White_2_x_60_Elastic_soft_upsampled.csv,0,"End-effector start towards the object, to begin the task."
/home/mdxuser/Genesis/main/data/picked_up_4/upsampled/Cole_Hardware_Antislip_Surfacing_White_2_x_60_Elastic_soft_upsampled.csv,270,"End-effector grasping the object, using gentle force, causing soft-deformation, with increasing force."
/home/mdxuser/Genesis/main/data/picked_up_4/upsampled/Cole_Hardware_Antislip_Surfacing_White_2_x_60_Elastic_soft_upsampled.csv,540,"End-effector continue grasping the object, using gentle force, causing soft-deformation, with increasing force."
/home/mdxuser/Genesis/main/data/picked_up_4/upsampled/Cole_Hardware_Antislip_Surfacing_White_2_x_60_Elastic_soft_upsampled.csv,810,"End-effector lifting the object, using gentle force, causing soft-deformation, with increasing force."
/home/mdxuser/Genesis/main/data/picked_up_4/upsampled/Cole_Hardware_Antislip_Surfacing_White_2_x_60_Elastic_soft_upsampled.csv,1080,"End-effector rotating the object, by an angle of 30.0 degrees, using gentle force, causing soft-deformation, with constant force."
/home/mdxuser/Genesis/main/data/picked_up_4/upsampled/Cole_Hardware_Antislip_Surfacing_White_2_x_60_Elastic_soft_upsampled.csv,1350,"End-effector continue rotating the object, by an angle of 30.0 degrees, using gentle force, causing soft-deformation, with constant force."
/home/mdxuser/Genesis/main/data/picked_up_4/upsampled/Cole_Hardware_Antislip_Surfacing_White_2_x_60_Elastic_soft_upsampled.csv,1620,"End-effector holding position of the object, maintaining a stable hold, using gentle force, causing soft-deformation."
/home/mdxuser/Genesis/main/data/picked_up_4/upsampled/Cole_Hardware_Antislip_Surfacing_White_2_x_60_Elastic_soft_upsampled.csv,1890,"End-effector rotating the object, by an angle of 45.0 degrees, using gentle force, causing soft-deformation, with constant force."
/home/mdxuser/Genesis/main/data/picked_up_4/upsampled/Cole_Hardware_Antislip_Surfacing_White_2_x_60_Elastic_soft_upsampled.csv,2160,"End-effector continue rotating the object, by an angle of 45.0 degrees, using gentle force, causing soft-deformation, with constant force."
/home/mdxuser/Genesis/main/data/picked_up_4/upsampled/Cole_Hardware_Antislip_Surfacing_White_2_x_60_Elastic_soft_upsampled.csv,2430,The object has been dropped.
/home/mdxuser/Genesis/main/data/picked_up_4/upsampled/Cole_Hardware_Antislip_Surfacing_White_2_x_60_Elastic_soft_upsampled.csv,2700,The object has been dropped.
/home/mdxuser/Genesis/main/data/picked_up_4/upsampled/Crayola_Crayons_24_count_Elastic_hard_upsampled.csv,0,"End-effector start towards the object, to begin the task."
/home/mdxuser/Genesis/main/data/picked_up_4/upsampled/Crayola_Crayons_24_count_Elastic_hard_upsampled.csv,270,"End-effector grasping the object, using strong force, causing hard-deformation, with increasing force."
/home/mdxuser/Genesis/main/data/picked_up_4/upsampled/Crayola_Crayons_24_count_Elastic_hard_upsampled.csv,540,"End-effector continue grasping the object, using strong force, causing hard-deformation, with increasing force."
/home/mdxuser/Genesis/main/data/picked_up_4/upsampled/Crayola_Crayons_24_count_Elastic_hard_upsampled.csv,810,"End-effector lifting the object, using strong force, causing hard-deformation, with increasing force."
/home/mdxuser/Genesis/main/data/picked_up_4/upsampled/Crayola_Crayons_24_count_Elastic_hard_upsampled.csv,1080,"End-effector rotating the object, by an angle of 45.0 degrees, using strong force, causing hard-deformation, with constant force."
/home/mdxuser/Genesis/main/data/picked_up_4/upsampled/Crayola_Crayons_24_count_Elastic_hard_upsampled.csv,1350,"End-effector continue rotating the object, by an angle of 45.0 degrees, using strong force, causing hard-deformation, with constant force."
/home/mdxuser/Genesis/main/data/picked_up_4/upsampled/Crayola_Crayons_24_count_Elastic_hard_upsampled.csv,1620,The object has been dropped.
/home/mdxuser/Genesis/main/data/picked_up_4/upsampled/Crayola_Crayons_24_count_Elastic_hard_upsampled.csv,1890,The object has been dropped.
/home/mdxuser/Genesis/main/data/picked_up_4/upsampled/Crayola_Crayons_24_count_Elastic_hard_upsampled.csv,2160,The object has been dropped.
/home/mdxuser/Genesis/main/data/picked_up_4/upsampled/Crayola_Crayons_24_count_Elastic_hard_upsampled.csv,2430,The object has been dropped.
/home/mdxuser/Genesis/main/data/picked_up_4/upsampled/Crayola_Crayons_24_count_Elastic_hard_upsampled.csv,2700,The object has been dropped.
/home/mdxuser/Genesis/main/data/picked_up_4/upsampled/Crayola_Washable_Sidewalk_Chalk_16_pack_wDZECiw7J6s_Elastic_soft_upsampled.csv,0,"End-effector start towards the object, to begin the task."
/home/mdxuser/Genesis/main/data/picked_up_4/upsampled/Crayola_Washable_Sidewalk_Chalk_16_pack_wDZECiw7J6s_Elastic_soft_upsampled.csv,270,"End-effector grasping the object, using gentle force, causing soft-deformation, with increasing force."
/home/mdxuser/Genesis/main/data/picked_up_4/upsampled/Crayola_Washable_Sidewalk_Chalk_16_pack_wDZECiw7J6s_Elastic_soft_upsampled.csv,540,"End-effector continue grasping the object, using gentle force, causing soft-deformation, with increasing force."
/home/mdxuser/Genesis/main/data/picked_up_4/upsampled/Crayola_Washable_Sidewalk_Chalk_16_pack_wDZECiw7J6s_Elastic_soft_upsampled.csv,810,"End-effector lifting the object, using gentle force, causing soft-deformation, with increasing force."
/home/mdxuser/Genesis/main/data/picked_up_4/upsampled/Crayola_Washable_Sidewalk_Chalk_16_pack_wDZECiw7J6s_Elastic_soft_upsampled.csv,1080,"End-effector rotating the object, by an angle of 45.0 degrees, using gentle force, causing soft-deformation, with constant force."
/home/mdxuser/Genesis/main/data/picked_up_4/upsampled/Crayola_Washable_Sidewalk_Chalk_16_pack_wDZECiw7J6s_Elastic_soft_upsampled.csv,1350,"End-effector holding position of the object, maintaining a stable hold, using gentle force, causing soft-deformation."
/home/mdxuser/Genesis/main/data/picked_up_4/upsampled/Crayola_Washable_Sidewalk_Chalk_16_pack_wDZECiw7J6s_Elastic_soft_upsampled.csv,1620,"End-effector continue holding position of the object, maintaining a stable hold, using gentle force, causing soft-deformation."
/home/mdxuser/Genesis/main/data/picked_up_4/upsampled/Crayola_Washable_Sidewalk_Chalk_16_pack_wDZECiw7J6s_Elastic_soft_upsampled.csv,1890,"End-effector rotating the object, by an angle of 45.0 degrees, using gentle force, causing soft-deformation, with constant force."
/home/mdxuser/Genesis/main/data/picked_up_4/upsampled/Crayola_Washable_Sidewalk_Chalk_16_pack_wDZECiw7J6s_Elastic_soft_upsampled.csv,2160,"End-effector holding position of the object, maintaining a stable hold, using gentle force, causing soft-deformation."
/home/mdxuser/Genesis/main/data/picked_up_4/upsampled/Crayola_Washable_Sidewalk_Chalk_16_pack_wDZECiw7J6s_Elastic_soft_upsampled.csv,2430,"End-effector continue holding position of the object, maintaining a stable hold, using gentle force, causing soft-deformation."
/home/mdxuser/Genesis/main/data/picked_up_4/upsampled/Crayola_Washable_Sidewalk_Chalk_16_pack_wDZECiw7J6s_Elastic_soft_upsampled.csv,2700,The object has been dropped.
/home/mdxuser/Genesis/main/data/picked_up_4/upsampled/Pass_The_Popcorn_Movie_Guessing_Game_Elastic_hard_upsampled.csv,0,"End-effector start towards the object, to begin the task."
/home/mdxuser/Genesis/main/data/picked_up_4/upsampled/Pass_The_Popcorn_Movie_Guessing_Game_Elastic_hard_upsampled.csv,270,"End-effector grasping the object, using strong force, causing hard-deformation, with increasing force."
/home/mdxuser/Genesis/main/data/picked_up_4/upsampled/Pass_The_Popcorn_Movie_Guessing_Game_Elastic_hard_upsampled.csv,540,"End-effector continue grasping the object, using strong force, causing hard-deformation, with increasing force."
/home/mdxuser/Genesis/main/data/picked_up_4/upsampled/Pass_The_Popcorn_Movie_Guessing_Game_Elastic_hard_upsampled.csv,810,"End-effector lifting the object, using strong force, causing hard-deformation, with increasing force."
/home/mdxuser/Genesis/main/data/picked_up_4/upsampled/Pass_The_Popcorn_Movie_Guessing_Game_Elastic_hard_upsampled.csv,1080,"End-effector rotating the object, by an angle of 45.0 degrees, using strong force, causing hard-deformation, with constant force."
/home/mdxuser/Genesis/main/data/picked_up_4/upsampled/Pass_The_Popcorn_Movie_Guessing_Game_Elastic_hard_upsampled.csv,1350,"End-effector continue rotating the object, by an angle of 45.0 degrees, using strong force, causing hard-deformation, with constant force."
/home/mdxuser/Genesis/main/data/picked_up_4/upsampled/Pass_The_Popcorn_Movie_Guessing_Game_Elastic_hard_upsampled.csv,1620,"End-effector holding position of the object, maintaining a stable hold, using strong force, causing hard-deformation."
/home/mdxuser/Genesis/main/data/picked_up_4/upsampled/Pass_The_Popcorn_Movie_Guessing_Game_Elastic_hard_upsampled.csv,1890,"End-effector rotating the object, by an angle of 30.0 degrees, using strong force, causing hard-deformation, with constant force."
/home/mdxuser/Genesis/main/data/picked_up_4/upsampled/Pass_The_Popcorn_Movie_Guessing_Game_Elastic_hard_upsampled.csv,2160,"End-effector continue rotating the object, by an angle of 30.0 degrees, using strong force, causing hard-deformation, with constant force."
/home/mdxuser/Genesis/main/data/picked_up_4/upsampled/Pass_The_Popcorn_Movie_Guessing_Game_Elastic_hard_upsampled.csv,2430,The object has been dropped.
/home/mdxuser/Genesis/main/data/picked_up_4/upsampled/Pass_The_Popcorn_Movie_Guessing_Game_Elastic_hard_upsampled.csv,2700,The object has been dropped.
/home/mdxuser/Genesis/main/data/picked_up_4/upsampled/Perricone_MD_No_Lipstick_Lipstick_Elastic_hard_upsampled.csv,0,"End-effector start towards the object, to begin the task."
/home/mdxuser/Genesis/main/data/picked_up_4/upsampled/Perricone_MD_No_Lipstick_Lipstick_Elastic_hard_upsampled.csv,270,"End-effector grasping the object, using strong force, causing hard-deformation, with increasing force."
/home/mdxuser/Genesis/main/data/picked_up_4/upsampled/Perricone_MD_No_Lipstick_Lipstick_Elastic_hard_upsampled.csv,540,"End-effector continue grasping the object, using strong force, causing hard-deformation, with increasing force."
/home/mdxuser/Genesis/main/data/picked_up_4/upsampled/Perricone_MD_No_Lipstick_Lipstick_Elastic_hard_upsampled.csv,810,"End-effector lifting the object, using strong force, causing hard-deformation, with increasing force."
/home/mdxuser/Genesis/main/data/picked_up_4/upsampled/Perricone_MD_No_Lipstick_Lipstick_Elastic_hard_upsampled.csv,1080,"End-effector rotating the object, by an angle of 45.0 degrees, using strong force, causing hard-deformation, with constant force."
/home/mdxuser/Genesis/main/data/picked_up_4/upsampled/Perricone_MD_No_Lipstick_Lipstick_Elastic_hard_upsampled.csv,1350,"End-effector holding position of the object, maintaining a stable hold, using strong force, causing hard-deformation."
/home/mdxuser/Genesis/main/data/picked_up_4/upsampled/Perricone_MD_No_Lipstick_Lipstick_Elastic_hard_upsampled.csv,1620,"End-effector continue holding position of the object, maintaining a stable hold, using strong force, causing hard-deformation."
/home/mdxuser/Genesis/main/data/picked_up_4/upsampled/Perricone_MD_No_Lipstick_Lipstick_Elastic_hard_upsampled.csv,1890,"End-effector rotating the object, by an angle of 45.0 degrees, using strong force, causing hard-deformation, with constant force."
/home/mdxuser/Genesis/main/data/picked_up_4/upsampled/Perricone_MD_No_Lipstick_Lipstick_Elastic_hard_upsampled.csv,2160,"End-effector continue rotating the object, by an angle of 45.0 degrees, using strong force, causing hard-deformation, with constant force."
/home/mdxuser/Genesis/main/data/picked_up_4/upsampled/Perricone_MD_No_Lipstick_Lipstick_Elastic_hard_upsampled.csv,2430,The object has been dropped.
/home/mdxuser/Genesis/main/data/picked_up_4/upsampled/Perricone_MD_No_Lipstick_Lipstick_Elastic_hard_upsampled.csv,2700,The object has been dropped.
/home/mdxuser/Genesis/main/data/picked_up_4/upsampled/Cole_Hardware_Antislip_Surfacing_White_2_x_60_Elastic_hard_upsampled.csv,0,"End-effector start towards the object, to begin the task."
/home/mdxuser/Genesis/main/data/picked_up_4/upsampled/Cole_Hardware_Antislip_Surfacing_White_2_x_60_Elastic_hard_upsampled.csv,270,"End-effector grasping the object, using strong force, causing hard-deformation, with increasing force."
/home/mdxuser/Genesis/main/data/picked_up_4/upsampled/Cole_Hardware_Antislip_Surfacing_White_2_x_60_Elastic_hard_upsampled.csv,540,"End-effector continue grasping the object, using strong force, causing hard-deformation, with increasing force."
/home/mdxuser/Genesis/main/data/picked_up_4/upsampled/Cole_Hardware_Antislip_Surfacing_White_2_x_60_Elastic_hard_upsampled.csv,810,"End-effector lifting the object, using strong force, causing hard-deformation, with increasing force."
/home/mdxuser/Genesis/main/data/picked_up_4/upsampled/Cole_Hardware_Antislip_Surfacing_White_2_x_60_Elastic_hard_upsampled.csv,1080,"End-effector rotating the object, by an angle of 45.0 degrees, using strong force, causing hard-deformation, with constant force."
/home/mdxuser/Genesis/main/data/picked_up_4/upsampled/Cole_Hardware_Antislip_Surfacing_White_2_x_60_Elastic_hard_upsampled.csv,1350,"End-effector continue rotating the object, by an angle of 45.0 degrees, using strong force, causing hard-deformation, with constant force."
/home/mdxuser/Genesis/main/data/picked_up_4/upsampled/Cole_Hardware_Antislip_Surfacing_White_2_x_60_Elastic_hard_upsampled.csv,1620,The object has been dropped.
/home/mdxuser/Genesis/main/data/picked_up_4/upsampled/Cole_Hardware_Antislip_Surfacing_White_2_x_60_Elastic_hard_upsampled.csv,1890,The object has been dropped.
/home/mdxuser/Genesis/main/data/picked_up_4/upsampled/Cole_Hardware_Antislip_Surfacing_White_2_x_60_Elastic_hard_upsampled.csv,2160,The object has been dropped.
/home/mdxuser/Genesis/main/data/picked_up_4/upsampled/Cole_Hardware_Antislip_Surfacing_White_2_x_60_Elastic_hard_upsampled.csv,2430,The object has been dropped.
/home/mdxuser/Genesis/main/data/picked_up_4/upsampled/Cole_Hardware_Antislip_Surfacing_White_2_x_60_Elastic_hard_upsampled.csv,2700,The object has been dropped.
/home/mdxuser/Genesis/main/data/picked_up_4/upsampled/AllergenFree_JarroDophilus_Elastic_hard_upsampled.csv,0,"End-effector start towards the object, to begin the task."
/home/mdxuser/Genesis/main/data/picked_up_4/upsampled/AllergenFree_JarroDophilus_Elastic_hard_upsampled.csv,270,"End-effector grasping the object, using strong force, causing hard-deformation, with increasing force."
/home/mdxuser/Genesis/main/data/picked_up_4/upsampled/AllergenFree_JarroDophilus_Elastic_hard_upsampled.csv,540,"End-effector continue grasping the object, using strong force, causing hard-deformation, with increasing force."
/home/mdxuser/Genesis/main/data/picked_up_4/upsampled/AllergenFree_JarroDophilus_Elastic_hard_upsampled.csv,810,"End-effector lifting the object, using strong force, causing hard-deformation, with increasing force."
/home/mdxuser/Genesis/main/data/picked_up_4/upsampled/AllergenFree_JarroDophilus_Elastic_hard_upsampled.csv,1080,"End-effector rotating the object, by an angle of 45.0 degrees, using strong force, causing hard-deformation, with constant force."
/home/mdxuser/Genesis/main/data/picked_up_4/upsampled/AllergenFree_JarroDophilus_Elastic_hard_upsampled.csv,1350,"End-effector holding position of the object, maintaining a stable hold, using strong force, causing hard-deformation."
/home/mdxuser/Genesis/main/data/picked_up_4/upsampled/AllergenFree_JarroDophilus_Elastic_hard_upsampled.csv,1620,"End-effector continue holding position of the object, maintaining a stable hold, using strong force, causing hard-deformation."
/home/mdxuser/Genesis/main/data/picked_up_4/upsampled/AllergenFree_JarroDophilus_Elastic_hard_upsampled.csv,1890,"End-effector rotating the object, by an angle of 30.0 degrees, using strong force, causing hard-deformation, with constant force."
/home/mdxuser/Genesis/main/data/picked_up_4/upsampled/AllergenFree_JarroDophilus_Elastic_hard_upsampled.csv,2160,"End-effector continue rotating the object, by an angle of 30.0 degrees, using strong force, causing hard-deformation, with constant force."
/home/mdxuser/Genesis/main/data/picked_up_4/upsampled/AllergenFree_JarroDophilus_Elastic_hard_upsampled.csv,2430,"End-effector holding position of the object, maintaining a stable hold, using strong force, causing hard-deformation."
/home/mdxuser/Genesis/main/data/picked_up_4/upsampled/AllergenFree_JarroDophilus_Elastic_hard_upsampled.csv,2700,"End-effector stopping the object, using zero-force, causing undeformed shape."
/home/mdxuser/Genesis/main/data/picked_up_4/upsampled/ASICS_GELBlur33_20_GS_Flash_YellowHot_PunchSilver_Elastic_medium_upsampled.csv,0,"End-effector start towards the object, to begin the task."
/home/mdxuser/Genesis/main/data/picked_up_4/upsampled/ASICS_GELBlur33_20_GS_Flash_YellowHot_PunchSilver_Elastic_medium_upsampled.csv,270,"End-effector grasping the object, using moderate force, causing medium-deformation, with increasing force."
/home/mdxuser/Genesis/main/data/picked_up_4/upsampled/ASICS_GELBlur33_20_GS_Flash_YellowHot_PunchSilver_Elastic_medium_upsampled.csv,540,"End-effector continue grasping the object, using moderate force, causing medium-deformation, with increasing force."
/home/mdxuser/Genesis/main/data/picked_up_4/upsampled/ASICS_GELBlur33_20_GS_Flash_YellowHot_PunchSilver_Elastic_medium_upsampled.csv,810,"End-effector lifting the object, using moderate force, causing medium-deformation, with increasing force."
/home/mdxuser/Genesis/main/data/picked_up_4/upsampled/ASICS_GELBlur33_20_GS_Flash_YellowHot_PunchSilver_Elastic_medium_upsampled.csv,1080,"End-effector rotating the object, by an angle of 45.0 degrees, using moderate force, causing medium-deformation, with constant force."
/home/mdxuser/Genesis/main/data/picked_up_4/upsampled/ASICS_GELBlur33_20_GS_Flash_YellowHot_PunchSilver_Elastic_medium_upsampled.csv,1350,"End-effector continue rotating the object, by an angle of 45.0 degrees, using moderate force, causing medium-deformation, with constant force."
/home/mdxuser/Genesis/main/data/picked_up_4/upsampled/ASICS_GELBlur33_20_GS_Flash_YellowHot_PunchSilver_Elastic_medium_upsampled.csv,1620,The object has been dropped.
/home/mdxuser/Genesis/main/data/picked_up_4/upsampled/ASICS_GELBlur33_20_GS_Flash_YellowHot_PunchSilver_Elastic_medium_upsampled.csv,1890,The object has been dropped.
/home/mdxuser/Genesis/main/data/picked_up_4/upsampled/ASICS_GELBlur33_20_GS_Flash_YellowHot_PunchSilver_Elastic_medium_upsampled.csv,2160,The object has been dropped.
/home/mdxuser/Genesis/main/data/picked_up_4/upsampled/ASICS_GELBlur33_20_GS_Flash_YellowHot_PunchSilver_Elastic_medium_upsampled.csv,2430,The object has been dropped.
/home/mdxuser/Genesis/main/data/picked_up_4/upsampled/ASICS_GELBlur33_20_GS_Flash_YellowHot_PunchSilver_Elastic_medium_upsampled.csv,2700,The object has been dropped.
/home/mdxuser/Genesis/main/data/picked_up_4/upsampled/Perricone_MD_No_Foundation_Serum_Elastic_soft_upsampled.csv,0,"End-effector start towards the object, to begin the task."
/home/mdxuser/Genesis/main/data/picked_up_4/upsampled/Perricone_MD_No_Foundation_Serum_Elastic_soft_upsampled.csv,270,"End-effector grasping the object, using gentle force, causing soft-deformation, with increasing force."
/home/mdxuser/Genesis/main/data/picked_up_4/upsampled/Perricone_MD_No_Foundation_Serum_Elastic_soft_upsampled.csv,540,"End-effector continue grasping the object, using gentle force, causing soft-deformation, with increasing force."
/home/mdxuser/Genesis/main/data/picked_up_4/upsampled/Perricone_MD_No_Foundation_Serum_Elastic_soft_upsampled.csv,810,"End-effector lifting the object, using gentle force, causing soft-deformation, with increasing force."
/home/mdxuser/Genesis/main/data/picked_up_4/upsampled/Perricone_MD_No_Foundation_Serum_Elastic_soft_upsampled.csv,1080,"End-effector rotating the object, by an angle of 45.0 degrees, using gentle force, causing soft-deformation, with constant force."
/home/mdxuser/Genesis/main/data/picked_up_4/upsampled/Perricone_MD_No_Foundation_Serum_Elastic_soft_upsampled.csv,1350,"End-effector holding position of the object, maintaining a stable hold, using gentle force, causing soft-deformation."
/home/mdxuser/Genesis/main/data/picked_up_4/upsampled/Perricone_MD_No_Foundation_Serum_Elastic_soft_upsampled.csv,1620,"End-effector continue holding position of the object, maintaining a stable hold, using gentle force, causing soft-deformation."
/home/mdxuser/Genesis/main/data/picked_up_4/upsampled/Perricone_MD_No_Foundation_Serum_Elastic_soft_upsampled.csv,1890,"End-effector rotating the object, by an angle of 45.0 degrees, using gentle force, causing soft-deformation, with constant force."
/home/mdxuser/Genesis/main/data/picked_up_4/upsampled/Perricone_MD_No_Foundation_Serum_Elastic_soft_upsampled.csv,2160,"End-effector holding position of the object, maintaining a stable hold, using gentle force, causing soft-deformation."
/home/mdxuser/Genesis/main/data/picked_up_4/upsampled/Perricone_MD_No_Foundation_Serum_Elastic_soft_upsampled.csv,2430,"End-effector continue holding position of the object, maintaining a stable hold, using gentle force, causing soft-deformation."
/home/mdxuser/Genesis/main/data/picked_up_4/upsampled/Perricone_MD_No_Foundation_Serum_Elastic_soft_upsampled.csv,2700,"End-effector stopping the object, using zero-force, causing undeformed shape."
/home/mdxuser/Genesis/main/data/picked_up_4/upsampled/Lactoferrin_Elastic_hard_upsampled.csv,0,"End-effector start towards the object, to begin the task."
/home/mdxuser/Genesis/main/data/picked_up_4/upsampled/Lactoferrin_Elastic_hard_upsampled.csv,270,"End-effector grasping the object, using strong force, causing hard-deformation, with increasing force."
/home/mdxuser/Genesis/main/data/picked_up_4/upsampled/Lactoferrin_Elastic_hard_upsampled.csv,540,"End-effector continue grasping the object, using strong force, causing hard-deformation, with increasing force."
/home/mdxuser/Genesis/main/data/picked_up_4/upsampled/Lactoferrin_Elastic_hard_upsampled.csv,810,"End-effector lifting the object, using strong force, causing hard-deformation, with increasing force."
/home/mdxuser/Genesis/main/data/picked_up_4/upsampled/Lactoferrin_Elastic_hard_upsampled.csv,1080,"End-effector rotating the object, by an angle of 30.0 degrees, using strong force, causing hard-deformation, with constant force."
/home/mdxuser/Genesis/main/data/picked_up_4/upsampled/Lactoferrin_Elastic_hard_upsampled.csv,1350,"End-effector continue rotating the object, by an angle of 30.0 degrees, using strong force, causing hard-deformation, with constant force."
/home/mdxuser/Genesis/main/data/picked_up_4/upsampled/Lactoferrin_Elastic_hard_upsampled.csv,1620,"End-effector holding position of the object, maintaining a stable hold, using strong force, causing hard-deformation."
/home/mdxuser/Genesis/main/data/picked_up_4/upsampled/Lactoferrin_Elastic_hard_upsampled.csv,1890,"End-effector rotating the object, by an angle of 30.0 degrees, using strong force, causing hard-deformation, with constant force."
/home/mdxuser/Genesis/main/data/picked_up_4/upsampled/Lactoferrin_Elastic_hard_upsampled.csv,2160,"End-effector continue rotating the object, by an angle of 30.0 degrees, using strong force, causing hard-deformation, with constant force."
/home/mdxuser/Genesis/main/data/picked_up_4/upsampled/Lactoferrin_Elastic_hard_upsampled.csv,2430,"End-effector holding position of the object, maintaining a stable hold, using strong force, causing hard-deformation."
/home/mdxuser/Genesis/main/data/picked_up_4/upsampled/Lactoferrin_Elastic_hard_upsampled.csv,2700,"End-effector stopping the object, using zero-force, causing undeformed shape."
/home/mdxuser/Genesis/main/data/picked_up_4/upsampled/MK7_Elastic_medium_upsampled.csv,0,"End-effector start towards the object, to begin the task."
/home/mdxuser/Genesis/main/data/picked_up_4/upsampled/MK7_Elastic_medium_upsampled.csv,270,"End-effector grasping the object, using moderate force, causing medium-deformation, with increasing force."
/home/mdxuser/Genesis/main/data/picked_up_4/upsampled/MK7_Elastic_medium_upsampled.csv,540,"End-effector continue grasping the object, using moderate force, causing medium-deformation, with increasing force."
/home/mdxuser/Genesis/main/data/picked_up_4/upsampled/MK7_Elastic_medium_upsampled.csv,810,"End-effector lifting the object, using moderate force, causing medium-deformation, with increasing force."
/home/mdxuser/Genesis/main/data/picked_up_4/upsampled/MK7_Elastic_medium_upsampled.csv,1080,"End-effector rotating the object, by an angle of 45.0 degrees, using moderate force, causing medium-deformation, with constant force."
/home/mdxuser/Genesis/main/data/picked_up_4/upsampled/MK7_Elastic_medium_upsampled.csv,1350,"End-effector continue rotating the object, by an angle of 45.0 degrees, using moderate force, causing medium-deformation, with constant force."
/home/mdxuser/Genesis/main/data/picked_up_4/upsampled/MK7_Elastic_medium_upsampled.csv,1620,"End-effector holding position of the object, maintaining a stable hold, using moderate force, causing medium-deformation."
/home/mdxuser/Genesis/main/data/picked_up_4/upsampled/MK7_Elastic_medium_upsampled.csv,1890,"End-effector rotating the object, by an angle of 45.0 degrees, using moderate force, causing medium-deformation, with constant force."
/home/mdxuser/Genesis/main/data/picked_up_4/upsampled/MK7_Elastic_medium_upsampled.csv,2160,"End-effector continue rotating the object, by an angle of 45.0 degrees, using moderate force, causing medium-deformation, with constant force."
/home/mdxuser/Genesis/main/data/picked_up_4/upsampled/MK7_Elastic_medium_upsampled.csv,2430,"End-effector holding position of the object, maintaining a stable hold, using moderate force, causing medium-deformation."
/home/mdxuser/Genesis/main/data/picked_up_4/upsampled/MK7_Elastic_medium_upsampled.csv,2700,"End-effector stopping the object, using zero-force, causing undeformed shape."
/home/mdxuser/Genesis/main/data/picked_up_4/upsampled/Pinwheel_Pencil_Case_Elastic_hard_upsampled.csv,0,"End-effector start towards the object, to begin the task."
/home/mdxuser/Genesis/main/data/picked_up_4/upsampled/Pinwheel_Pencil_Case_Elastic_hard_upsampled.csv,270,"End-effector grasping the object, using strong force, causing hard-deformation, with increasing force."
/home/mdxuser/Genesis/main/data/picked_up_4/upsampled/Pinwheel_Pencil_Case_Elastic_hard_upsampled.csv,540,"End-effector continue grasping the object, using strong force, causing hard-deformation, with increasing force."
/home/mdxuser/Genesis/main/data/picked_up_4/upsampled/Pinwheel_Pencil_Case_Elastic_hard_upsampled.csv,810,"End-effector lifting the object, using strong force, causing hard-deformation, with increasing force."
/home/mdxuser/Genesis/main/data/picked_up_4/upsampled/Pinwheel_Pencil_Case_Elastic_hard_upsampled.csv,1080,"End-effector rotating the object, by an angle of 45.0 degrees, using strong force, causing hard-deformation, with constant force."
/home/mdxuser/Genesis/main/data/picked_up_4/upsampled/Pinwheel_Pencil_Case_Elastic_hard_upsampled.csv,1350,"End-effector continue rotating the object, by an angle of 45.0 degrees, using strong force, causing hard-deformation, with constant force."
/home/mdxuser/Genesis/main/data/picked_up_4/upsampled/Pinwheel_Pencil_Case_Elastic_hard_upsampled.csv,1620,"End-effector holding position of the object, maintaining a stable hold, using strong force, causing hard-deformation."
/home/mdxuser/Genesis/main/data/picked_up_4/upsampled/Pinwheel_Pencil_Case_Elastic_hard_upsampled.csv,1890,"End-effector rotating the object, by an angle of 45.0 degrees, using strong force, causing hard-deformation, with constant force."
/home/mdxuser/Genesis/main/data/picked_up_4/upsampled/Pinwheel_Pencil_Case_Elastic_hard_upsampled.csv,2160,"End-effector holding position of the object, maintaining a stable hold, using strong force, causing hard-deformation."
/home/mdxuser/Genesis/main/data/picked_up_4/upsampled/Pinwheel_Pencil_Case_Elastic_hard_upsampled.csv,2430,"End-effector continue holding position of the object, maintaining a stable hold, using strong force, causing hard-deformation."
/home/mdxuser/Genesis/main/data/picked_up_4/upsampled/Pinwheel_Pencil_Case_Elastic_hard_upsampled.csv,2700,The object has been dropped.
/home/mdxuser/Genesis/main/data/picked_up_4/upsampled/Crayola_Washable_Sidewalk_Chalk_16_pack_Elastic_hard_upsampled.csv,0,"End-effector start towards the object, to begin the task."
/home/mdxuser/Genesis/main/data/picked_up_4/upsampled/Crayola_Washable_Sidewalk_Chalk_16_pack_Elastic_hard_upsampled.csv,270,"End-effector grasping the object, using strong force, causing hard-deformation, with increasing force."
/home/mdxuser/Genesis/main/data/picked_up_4/upsampled/Crayola_Washable_Sidewalk_Chalk_16_pack_Elastic_hard_upsampled.csv,540,"End-effector continue grasping the object, using strong force, causing hard-deformation, with increasing force."
/home/mdxuser/Genesis/main/data/picked_up_4/upsampled/Crayola_Washable_Sidewalk_Chalk_16_pack_Elastic_hard_upsampled.csv,810,"End-effector lifting the object, using strong force, causing hard-deformation, with increasing force."
/home/mdxuser/Genesis/main/data/picked_up_4/upsampled/Crayola_Washable_Sidewalk_Chalk_16_pack_Elastic_hard_upsampled.csv,1080,"End-effector rotating the object, by an angle of 30.0 degrees, using strong force, causing hard-deformation, with constant force."
/home/mdxuser/Genesis/main/data/picked_up_4/upsampled/Crayola_Washable_Sidewalk_Chalk_16_pack_Elastic_hard_upsampled.csv,1350,"End-effector continue rotating the object, by an angle of 30.0 degrees, using strong force, causing hard-deformation, with constant force."
/home/mdxuser/Genesis/main/data/picked_up_4/upsampled/Crayola_Washable_Sidewalk_Chalk_16_pack_Elastic_hard_upsampled.csv,1620,"End-effector holding position of the object, maintaining a stable hold, using strong force, causing hard-deformation."
/home/mdxuser/Genesis/main/data/picked_up_4/upsampled/Crayola_Washable_Sidewalk_Chalk_16_pack_Elastic_hard_upsampled.csv,1890,"End-effector rotating the object, by an angle of 45.0 degrees, using strong force, causing hard-deformation, with constant force."
/home/mdxuser/Genesis/main/data/picked_up_4/upsampled/Crayola_Washable_Sidewalk_Chalk_16_pack_Elastic_hard_upsampled.csv,2160,The object has been dropped.
/home/mdxuser/Genesis/main/data/picked_up_4/upsampled/Crayola_Washable_Sidewalk_Chalk_16_pack_Elastic_hard_upsampled.csv,2430,The object has been dropped.
/home/mdxuser/Genesis/main/data/picked_up_4/upsampled/Crayola_Washable_Sidewalk_Chalk_16_pack_Elastic_hard_upsampled.csv,2700,The object has been dropped.
/home/mdxuser/Genesis/main/data/picked_up_4/upsampled/Mens_Mako_Canoe_Moc_2Eye_Boat_Shoe_in_OysterTaupe_otyRrfvPMiA_Elastic_hard_upsampled.csv,0,"End-effector start towards the object, to begin the task."
/home/mdxuser/Genesis/main/data/picked_up_4/upsampled/Mens_Mako_Canoe_Moc_2Eye_Boat_Shoe_in_OysterTaupe_otyRrfvPMiA_Elastic_hard_upsampled.csv,270,"End-effector grasping the object, using strong force, causing hard-deformation, with increasing force."
/home/mdxuser/Genesis/main/data/picked_up_4/upsampled/Mens_Mako_Canoe_Moc_2Eye_Boat_Shoe_in_OysterTaupe_otyRrfvPMiA_Elastic_hard_upsampled.csv,540,"End-effector continue grasping the object, using strong force, causing hard-deformation, with increasing force."
/home/mdxuser/Genesis/main/data/picked_up_4/upsampled/Mens_Mako_Canoe_Moc_2Eye_Boat_Shoe_in_OysterTaupe_otyRrfvPMiA_Elastic_hard_upsampled.csv,810,"End-effector lifting the object, using strong force, causing hard-deformation, with increasing force."
/home/mdxuser/Genesis/main/data/picked_up_4/upsampled/Mens_Mako_Canoe_Moc_2Eye_Boat_Shoe_in_OysterTaupe_otyRrfvPMiA_Elastic_hard_upsampled.csv,1080,"End-effector rotating the object, by an angle of 30.0 degrees, using strong force, causing hard-deformation, with constant force."
/home/mdxuser/Genesis/main/data/picked_up_4/upsampled/Mens_Mako_Canoe_Moc_2Eye_Boat_Shoe_in_OysterTaupe_otyRrfvPMiA_Elastic_hard_upsampled.csv,1350,"End-effector continue rotating the object, by an angle of 30.0 degrees, using strong force, causing hard-deformation, with constant force."
/home/mdxuser/Genesis/main/data/picked_up_4/upsampled/Mens_Mako_Canoe_Moc_2Eye_Boat_Shoe_in_OysterTaupe_otyRrfvPMiA_Elastic_hard_upsampled.csv,1620,"End-effector holding position of the object, maintaining a stable hold, using strong force, causing hard-deformation."
/home/mdxuser/Genesis/main/data/picked_up_4/upsampled/Mens_Mako_Canoe_Moc_2Eye_Boat_Shoe_in_OysterTaupe_otyRrfvPMiA_Elastic_hard_upsampled.csv,1890,"End-effector rotating the object, by an angle of 45.0 degrees, using strong force, causing hard-deformation, with constant force."
/home/mdxuser/Genesis/main/data/picked_up_4/upsampled/Mens_Mako_Canoe_Moc_2Eye_Boat_Shoe_in_OysterTaupe_otyRrfvPMiA_Elastic_hard_upsampled.csv,2160,"End-effector holding position of the object, maintaining a stable hold, using strong force, causing hard-deformation."
/home/mdxuser/Genesis/main/data/picked_up_4/upsampled/Mens_Mako_Canoe_Moc_2Eye_Boat_Shoe_in_OysterTaupe_otyRrfvPMiA_Elastic_hard_upsampled.csv,2430,"End-effector continue holding position of the object, maintaining a stable hold, using strong force, causing hard-deformation."
/home/mdxuser/Genesis/main/data/picked_up_4/upsampled/Mens_Mako_Canoe_Moc_2Eye_Boat_Shoe_in_OysterTaupe_otyRrfvPMiA_Elastic_hard_upsampled.csv,2700,The object has been dropped.
/home/mdxuser/Genesis/main/data/picked_up_4/upsampled/CONE_SORTING_Elastic_soft_upsampled.csv,0,"End-effector start towards the object, to begin the task."
/home/mdxuser/Genesis/main/data/picked_up_4/upsampled/CONE_SORTING_Elastic_soft_upsampled.csv,270,"End-effector grasping the object, using gentle force, causing soft-deformation, with increasing force."
/home/mdxuser/Genesis/main/data/picked_up_4/upsampled/CONE_SORTING_Elastic_soft_upsampled.csv,540,"End-effector continue grasping the object, using gentle force, causing soft-deformation, with increasing force."
/home/mdxuser/Genesis/main/data/picked_up_4/upsampled/CONE_SORTING_Elastic_soft_upsampled.csv,810,"End-effector lifting the object, using gentle force, causing soft-deformation, with increasing force."
/home/mdxuser/Genesis/main/data/picked_up_4/upsampled/CONE_SORTING_Elastic_soft_upsampled.csv,1080,"End-effector rotating the object, by an angle of 45.0 degrees, using gentle force, causing soft-deformation, with constant force."
/home/mdxuser/Genesis/main/data/picked_up_4/upsampled/CONE_SORTING_Elastic_soft_upsampled.csv,1350,The object has been dropped.
/home/mdxuser/Genesis/main/data/picked_up_4/upsampled/CONE_SORTING_Elastic_soft_upsampled.csv,1620,The object has been dropped.
/home/mdxuser/Genesis/main/data/picked_up_4/upsampled/CONE_SORTING_Elastic_soft_upsampled.csv,1890,The object has been dropped.
/home/mdxuser/Genesis/main/data/picked_up_4/upsampled/CONE_SORTING_Elastic_soft_upsampled.csv,2160,The object has been dropped.
/home/mdxuser/Genesis/main/data/picked_up_4/upsampled/CONE_SORTING_Elastic_soft_upsampled.csv,2430,The object has been dropped.
/home/mdxuser/Genesis/main/data/picked_up_4/upsampled/CONE_SORTING_Elastic_soft_upsampled.csv,2700,The object has been dropped.
/home/mdxuser/Genesis/main/data/picked_up_4/upsampled/Animal_Crossing_New_Leaf_Nintendo_3DS_Game_Elastic_hard_upsampled.csv,0,"End-effector start towards the object, to begin the task."
/home/mdxuser/Genesis/main/data/picked_up_4/upsampled/Animal_Crossing_New_Leaf_Nintendo_3DS_Game_Elastic_hard_upsampled.csv,270,"End-effector grasping the object, using strong force, causing hard-deformation, with increasing force."
/home/mdxuser/Genesis/main/data/picked_up_4/upsampled/Animal_Crossing_New_Leaf_Nintendo_3DS_Game_Elastic_hard_upsampled.csv,540,"End-effector continue grasping the object, using strong force, causing hard-deformation, with increasing force."
/home/mdxuser/Genesis/main/data/picked_up_4/upsampled/Animal_Crossing_New_Leaf_Nintendo_3DS_Game_Elastic_hard_upsampled.csv,810,"End-effector lifting the object, using strong force, causing hard-deformation, with increasing force."
/home/mdxuser/Genesis/main/data/picked_up_4/upsampled/Animal_Crossing_New_Leaf_Nintendo_3DS_Game_Elastic_hard_upsampled.csv,1080,"End-effector rotating the object, by an angle of 30.0 degrees, using strong force, causing hard-deformation, with constant force."
/home/mdxuser/Genesis/main/data/picked_up_4/upsampled/Animal_Crossing_New_Leaf_Nintendo_3DS_Game_Elastic_hard_upsampled.csv,1350,"End-effector continue rotating the object, by an angle of 30.0 degrees, using strong force, causing hard-deformation, with constant force."
/home/mdxuser/Genesis/main/data/picked_up_4/upsampled/Animal_Crossing_New_Leaf_Nintendo_3DS_Game_Elastic_hard_upsampled.csv,1620,The object has been dropped.
/home/mdxuser/Genesis/main/data/picked_up_4/upsampled/Animal_Crossing_New_Leaf_Nintendo_3DS_Game_Elastic_hard_upsampled.csv,1890,The object has been dropped.
/home/mdxuser/Genesis/main/data/picked_up_4/upsampled/Animal_Crossing_New_Leaf_Nintendo_3DS_Game_Elastic_hard_upsampled.csv,2160,The object has been dropped.
/home/mdxuser/Genesis/main/data/picked_up_4/upsampled/Animal_Crossing_New_Leaf_Nintendo_3DS_Game_Elastic_hard_upsampled.csv,2430,The object has been dropped.
/home/mdxuser/Genesis/main/data/picked_up_4/upsampled/Animal_Crossing_New_Leaf_Nintendo_3DS_Game_Elastic_hard_upsampled.csv,2700,The object has been dropped.
/home/mdxuser/Genesis/main/data/picked_up_4/upsampled/50_BLOCKS_Elastic_medium_upsampled.csv,0,"End-effector start towards the object, to begin the task."
/home/mdxuser/Genesis/main/data/picked_up_4/upsampled/50_BLOCKS_Elastic_medium_upsampled.csv,270,"End-effector grasping the object, using moderate force, causing medium-deformation, with increasing force."
/home/mdxuser/Genesis/main/data/picked_up_4/upsampled/50_BLOCKS_Elastic_medium_upsampled.csv,540,"End-effector continue grasping the object, using moderate force, causing medium-deformation, with increasing force."
/home/mdxuser/Genesis/main/data/picked_up_4/upsampled/50_BLOCKS_Elastic_medium_upsampled.csv,810,"End-effector lifting the object, using moderate force, causing medium-deformation, with increasing force."
/home/mdxuser/Genesis/main/data/picked_up_4/upsampled/50_BLOCKS_Elastic_medium_upsampled.csv,1080,"End-effector rotating the object, by an angle of 45.0 degrees, using moderate force, causing medium-deformation, with constant force."
/home/mdxuser/Genesis/main/data/picked_up_4/upsampled/50_BLOCKS_Elastic_medium_upsampled.csv,1350,"End-effector holding position of the object, maintaining a stable hold, using moderate force, causing medium-deformation."
/home/mdxuser/Genesis/main/data/picked_up_4/upsampled/50_BLOCKS_Elastic_medium_upsampled.csv,1620,"End-effector continue holding position of the object, maintaining a stable hold, using moderate force, causing medium-deformation."
/home/mdxuser/Genesis/main/data/picked_up_4/upsampled/50_BLOCKS_Elastic_medium_upsampled.csv,1890,"End-effector rotating the object, by an angle of 45.0 degrees, using moderate force, causing medium-deformation, with constant force."
/home/mdxuser/Genesis/main/data/picked_up_4/upsampled/50_BLOCKS_Elastic_medium_upsampled.csv,2160,"End-effector holding position of the object, maintaining a stable hold, using moderate force, causing medium-deformation."
/home/mdxuser/Genesis/main/data/picked_up_4/upsampled/50_BLOCKS_Elastic_medium_upsampled.csv,2430,"End-effector continue holding position of the object, maintaining a stable hold, using moderate force, causing medium-deformation."
/home/mdxuser/Genesis/main/data/picked_up_4/upsampled/50_BLOCKS_Elastic_medium_upsampled.csv,2700,The object has been dropped.
/home/mdxuser/Genesis/main/data/picked_up_4/upsampled/CoQ10_wSSVoxVppVD_Elastic_medium_upsampled.csv,0,"End-effector start towards the object, to begin the task."
/home/mdxuser/Genesis/main/data/picked_up_4/upsampled/CoQ10_wSSVoxVppVD_Elastic_medium_upsampled.csv,270,"End-effector grasping the object, using moderate force, causing medium-deformation, with increasing force."
/home/mdxuser/Genesis/main/data/picked_up_4/upsampled/CoQ10_wSSVoxVppVD_Elastic_medium_upsampled.csv,540,"End-effector continue grasping the object, using moderate force, causing medium-deformation, with increasing force."
/home/mdxuser/Genesis/main/data/picked_up_4/upsampled/CoQ10_wSSVoxVppVD_Elastic_medium_upsampled.csv,810,"End-effector lifting the object, using moderate force, causing medium-deformation, with increasing force."
/home/mdxuser/Genesis/main/data/picked_up_4/upsampled/CoQ10_wSSVoxVppVD_Elastic_medium_upsampled.csv,1080,"End-effector rotating the object, by an angle of 45.0 degrees, using moderate force, causing medium-deformation, with constant force."
/home/mdxuser/Genesis/main/data/picked_up_4/upsampled/CoQ10_wSSVoxVppVD_Elastic_medium_upsampled.csv,1350,"End-effector continue rotating the object, by an angle of 45.0 degrees, using moderate force, causing medium-deformation, with constant force."
/home/mdxuser/Genesis/main/data/picked_up_4/upsampled/CoQ10_wSSVoxVppVD_Elastic_medium_upsampled.csv,1620,"End-effector holding position of the object, maintaining a stable hold, using moderate force, causing medium-deformation."
/home/mdxuser/Genesis/main/data/picked_up_4/upsampled/CoQ10_wSSVoxVppVD_Elastic_medium_upsampled.csv,1890,"End-effector rotating the object, by an angle of 45.0 degrees, using moderate force, causing medium-deformation, with constant force."
/home/mdxuser/Genesis/main/data/picked_up_4/upsampled/CoQ10_wSSVoxVppVD_Elastic_medium_upsampled.csv,2160,"End-effector holding position of the object, maintaining a stable hold, using moderate force, causing medium-deformation."
/home/mdxuser/Genesis/main/data/picked_up_4/upsampled/CoQ10_wSSVoxVppVD_Elastic_medium_upsampled.csv,2430,"End-effector continue holding position of the object, maintaining a stable hold, using moderate force, causing medium-deformation."
/home/mdxuser/Genesis/main/data/picked_up_4/upsampled/CoQ10_wSSVoxVppVD_Elastic_medium_upsampled.csv,2700,"End-effector stopping the object, using zero-force, causing undeformed shape."
/home/mdxuser/Genesis/main/data/picked_up_4/upsampled/Android_Lego_Elastic_medium_upsampled.csv,0,"End-effector start towards the object, to begin the task."
/home/mdxuser/Genesis/main/data/picked_up_4/upsampled/Android_Lego_Elastic_medium_upsampled.csv,270,"End-effector grasping the object, using moderate force, causing medium-deformation, with increasing force."
/home/mdxuser/Genesis/main/data/picked_up_4/upsampled/Android_Lego_Elastic_medium_upsampled.csv,540,"End-effector continue grasping the object, using moderate force, causing medium-deformation, with increasing force."
/home/mdxuser/Genesis/main/data/picked_up_4/upsampled/Android_Lego_Elastic_medium_upsampled.csv,810,"End-effector lifting the object, using moderate force, causing medium-deformation, with increasing force."
/home/mdxuser/Genesis/main/data/picked_up_4/upsampled/Android_Lego_Elastic_medium_upsampled.csv,1080,"End-effector rotating the object, by an angle of 30.0 degrees, using moderate force, causing medium-deformation, with constant force."
/home/mdxuser/Genesis/main/data/picked_up_4/upsampled/Android_Lego_Elastic_medium_upsampled.csv,1350,"End-effector continue rotating the object, by an angle of 30.0 degrees, using moderate force, causing medium-deformation, with constant force."
/home/mdxuser/Genesis/main/data/picked_up_4/upsampled/Android_Lego_Elastic_medium_upsampled.csv,1620,"End-effector holding position of the object, maintaining a stable hold, using moderate force, causing medium-deformation."
/home/mdxuser/Genesis/main/data/picked_up_4/upsampled/Android_Lego_Elastic_medium_upsampled.csv,1890,The object has been dropped.
/home/mdxuser/Genesis/main/data/picked_up_4/upsampled/Android_Lego_Elastic_medium_upsampled.csv,2160,The object has been dropped.
/home/mdxuser/Genesis/main/data/picked_up_4/upsampled/Android_Lego_Elastic_medium_upsampled.csv,2430,The object has been dropped.
/home/mdxuser/Genesis/main/data/picked_up_4/upsampled/Android_Lego_Elastic_medium_upsampled.csv,2700,The object has been dropped.
/home/mdxuser/Genesis/main/data/picked_up_4/upsampled/Black_and_Decker_TR3500SD_2Slice_Toaster_Elastic_hard_upsampled.csv,0,"End-effector start towards the object, to begin the task."
/home/mdxuser/Genesis/main/data/picked_up_4/upsampled/Black_and_Decker_TR3500SD_2Slice_Toaster_Elastic_hard_upsampled.csv,270,"End-effector grasping the object, using strong force, causing hard-deformation, with increasing force."
/home/mdxuser/Genesis/main/data/picked_up_4/upsampled/Black_and_Decker_TR3500SD_2Slice_Toaster_Elastic_hard_upsampled.csv,540,"End-effector continue grasping the object, using strong force, causing hard-deformation, with increasing force."
/home/mdxuser/Genesis/main/data/picked_up_4/upsampled/Black_and_Decker_TR3500SD_2Slice_Toaster_Elastic_hard_upsampled.csv,810,"End-effector lifting the object, using strong force, causing hard-deformation, with increasing force."
/home/mdxuser/Genesis/main/data/picked_up_4/upsampled/Black_and_Decker_TR3500SD_2Slice_Toaster_Elastic_hard_upsampled.csv,1080,"End-effector rotating the object, by an angle of 45.0 degrees, using strong force, causing hard-deformation, with constant force."
/home/mdxuser/Genesis/main/data/picked_up_4/upsampled/Black_and_Decker_TR3500SD_2Slice_Toaster_Elastic_hard_upsampled.csv,1350,"End-effector holding position of the object, maintaining a stable hold, using strong force, causing hard-deformation."
/home/mdxuser/Genesis/main/data/picked_up_4/upsampled/Black_and_Decker_TR3500SD_2Slice_Toaster_Elastic_hard_upsampled.csv,1620,"End-effector continue holding position of the object, maintaining a stable hold, using strong force, causing hard-deformation."
/home/mdxuser/Genesis/main/data/picked_up_4/upsampled/Black_and_Decker_TR3500SD_2Slice_Toaster_Elastic_hard_upsampled.csv,1890,"End-effector rotating the object, by an angle of 45.0 degrees, using strong force, causing hard-deformation, with constant force."
/home/mdxuser/Genesis/main/data/picked_up_4/upsampled/Black_and_Decker_TR3500SD_2Slice_Toaster_Elastic_hard_upsampled.csv,2160,"End-effector holding position of the object, maintaining a stable hold, using strong force, causing hard-deformation."
/home/mdxuser/Genesis/main/data/picked_up_4/upsampled/Black_and_Decker_TR3500SD_2Slice_Toaster_Elastic_hard_upsampled.csv,2430,"End-effector continue holding position of the object, maintaining a stable hold, using strong force, causing hard-deformation."
/home/mdxuser/Genesis/main/data/picked_up_4/upsampled/Black_and_Decker_TR3500SD_2Slice_Toaster_Elastic_hard_upsampled.csv,2700,"End-effector stopping the object, using zero-force, causing undeformed shape."
/home/mdxuser/Genesis/main/data/picked_up_4/upsampled/Phillips_Colon_Health_Probiotic_Capsule_Elastic_medium_upsampled.csv,0,"End-effector start towards the object, to begin the task."
/home/mdxuser/Genesis/main/data/picked_up_4/upsampled/Phillips_Colon_Health_Probiotic_Capsule_Elastic_medium_upsampled.csv,270,"End-effector grasping the object, using moderate force, causing medium-deformation, with increasing force."
/home/mdxuser/Genesis/main/data/picked_up_4/upsampled/Phillips_Colon_Health_Probiotic_Capsule_Elastic_medium_upsampled.csv,540,"End-effector continue grasping the object, using moderate force, causing medium-deformation, with increasing force."
/home/mdxuser/Genesis/main/data/picked_up_4/upsampled/Phillips_Colon_Health_Probiotic_Capsule_Elastic_medium_upsampled.csv,810,"End-effector lifting the object, using moderate force, causing medium-deformation, with increasing force."
/home/mdxuser/Genesis/main/data/picked_up_4/upsampled/Phillips_Colon_Health_Probiotic_Capsule_Elastic_medium_upsampled.csv,1080,"End-effector rotating the object, by an angle of 45.0 degrees, using moderate force, causing medium-deformation, with constant force."
/home/mdxuser/Genesis/main/data/picked_up_4/upsampled/Phillips_Colon_Health_Probiotic_Capsule_Elastic_medium_upsampled.csv,1350,"End-effector holding position of the object, maintaining a stable hold, using moderate force, causing medium-deformation."
/home/mdxuser/Genesis/main/data/picked_up_4/upsampled/Phillips_Colon_Health_Probiotic_Capsule_Elastic_medium_upsampled.csv,1620,"End-effector continue holding position of the object, maintaining a stable hold, using moderate force, causing medium-deformation."
/home/mdxuser/Genesis/main/data/picked_up_4/upsampled/Phillips_Colon_Health_Probiotic_Capsule_Elastic_medium_upsampled.csv,1890,"End-effector rotating the object, by an angle of 30.0 degrees, using moderate force, causing medium-deformation, with constant force."
/home/mdxuser/Genesis/main/data/picked_up_4/upsampled/Phillips_Colon_Health_Probiotic_Capsule_Elastic_medium_upsampled.csv,2160,"End-effector continue rotating the object, by an angle of 30.0 degrees, using moderate force, causing medium-deformation, with constant force."
/home/mdxuser/Genesis/main/data/picked_up_4/upsampled/Phillips_Colon_Health_Probiotic_Capsule_Elastic_medium_upsampled.csv,2430,"End-effector holding position of the object, maintaining a stable hold, using moderate force, causing medium-deformation."
/home/mdxuser/Genesis/main/data/picked_up_4/upsampled/Phillips_Colon_Health_Probiotic_Capsule_Elastic_medium_upsampled.csv,2700,The object has been dropped.
/home/mdxuser/Genesis/main/data/picked_up_4/upsampled/Diet_Pepsi_Soda_Cola12_Pack_12_oz_Cans_Elastic_soft_upsampled.csv,0,"End-effector start towards the object, to begin the task."
/home/mdxuser/Genesis/main/data/picked_up_4/upsampled/Diet_Pepsi_Soda_Cola12_Pack_12_oz_Cans_Elastic_soft_upsampled.csv,270,"End-effector grasping the object, using gentle force, causing soft-deformation, with increasing force."
/home/mdxuser/Genesis/main/data/picked_up_4/upsampled/Diet_Pepsi_Soda_Cola12_Pack_12_oz_Cans_Elastic_soft_upsampled.csv,540,"End-effector continue grasping the object, using gentle force, causing soft-deformation, with increasing force."
/home/mdxuser/Genesis/main/data/picked_up_4/upsampled/Diet_Pepsi_Soda_Cola12_Pack_12_oz_Cans_Elastic_soft_upsampled.csv,810,"End-effector lifting the object, using gentle force, causing soft-deformation, with increasing force."
/home/mdxuser/Genesis/main/data/picked_up_4/upsampled/Diet_Pepsi_Soda_Cola12_Pack_12_oz_Cans_Elastic_soft_upsampled.csv,1080,"End-effector rotating the object, by an angle of 30.0 degrees, using gentle force, causing soft-deformation, with constant force."
/home/mdxuser/Genesis/main/data/picked_up_4/upsampled/Diet_Pepsi_Soda_Cola12_Pack_12_oz_Cans_Elastic_soft_upsampled.csv,1350,"End-effector continue rotating the object, by an angle of 30.0 degrees, using gentle force, causing soft-deformation, with constant force."
/home/mdxuser/Genesis/main/data/picked_up_4/upsampled/Diet_Pepsi_Soda_Cola12_Pack_12_oz_Cans_Elastic_soft_upsampled.csv,1620,The object has been dropped.
/home/mdxuser/Genesis/main/data/picked_up_4/upsampled/Diet_Pepsi_Soda_Cola12_Pack_12_oz_Cans_Elastic_soft_upsampled.csv,1890,The object has been dropped.
/home/mdxuser/Genesis/main/data/picked_up_4/upsampled/Diet_Pepsi_Soda_Cola12_Pack_12_oz_Cans_Elastic_soft_upsampled.csv,2160,The object has been dropped.
/home/mdxuser/Genesis/main/data/picked_up_4/upsampled/Diet_Pepsi_Soda_Cola12_Pack_12_oz_Cans_Elastic_soft_upsampled.csv,2430,The object has been dropped.
/home/mdxuser/Genesis/main/data/picked_up_4/upsampled/Diet_Pepsi_Soda_Cola12_Pack_12_oz_Cans_Elastic_soft_upsampled.csv,2700,The object has been dropped.
/home/mdxuser/Genesis/main/data/picked_up_4/upsampled/Brother_Printing_Cartridge_PC501_Elastic_medium_upsampled.csv,0,"End-effector start towards the object, to begin the task."
/home/mdxuser/Genesis/main/data/picked_up_4/upsampled/Brother_Printing_Cartridge_PC501_Elastic_medium_upsampled.csv,270,"End-effector grasping the object, using moderate force, causing medium-deformation, with increasing force."
/home/mdxuser/Genesis/main/data/picked_up_4/upsampled/Brother_Printing_Cartridge_PC501_Elastic_medium_upsampled.csv,540,"End-effector continue grasping the object, using moderate force, causing medium-deformation, with increasing force."
/home/mdxuser/Genesis/main/data/picked_up_4/upsampled/Brother_Printing_Cartridge_PC501_Elastic_medium_upsampled.csv,810,"End-effector lifting the object, using moderate force, causing medium-deformation, with increasing force."
/home/mdxuser/Genesis/main/data/picked_up_4/upsampled/Brother_Printing_Cartridge_PC501_Elastic_medium_upsampled.csv,1080,"End-effector rotating the object, by an angle of 45.0 degrees, using moderate force, causing medium-deformation, with constant force."
/home/mdxuser/Genesis/main/data/picked_up_4/upsampled/Brother_Printing_Cartridge_PC501_Elastic_medium_upsampled.csv,1350,"End-effector continue rotating the object, by an angle of 45.0 degrees, using moderate force, causing medium-deformation, with constant force."
/home/mdxuser/Genesis/main/data/picked_up_4/upsampled/Brother_Printing_Cartridge_PC501_Elastic_medium_upsampled.csv,1620,The object has been dropped.
/home/mdxuser/Genesis/main/data/picked_up_4/upsampled/Brother_Printing_Cartridge_PC501_Elastic_medium_upsampled.csv,1890,The object has been dropped.
/home/mdxuser/Genesis/main/data/picked_up_4/upsampled/Brother_Printing_Cartridge_PC501_Elastic_medium_upsampled.csv,2160,The object has been dropped.
/home/mdxuser/Genesis/main/data/picked_up_4/upsampled/Brother_Printing_Cartridge_PC501_Elastic_medium_upsampled.csv,2430,The object has been dropped.
/home/mdxuser/Genesis/main/data/picked_up_4/upsampled/Brother_Printing_Cartridge_PC501_Elastic_medium_upsampled.csv,2700,The object has been dropped.
/home/mdxuser/Genesis/main/data/picked_up_4/upsampled/Black_Forest_Fruit_Snacks_Juicy_Filled_Centers_10_pouches_9_oz_total_Elastic_hard_upsampled.csv,0,"End-effector start towards the object, to begin the task."
/home/mdxuser/Genesis/main/data/picked_up_4/upsampled/Black_Forest_Fruit_Snacks_Juicy_Filled_Centers_10_pouches_9_oz_total_Elastic_hard_upsampled.csv,270,"End-effector grasping the object, using strong force, causing hard-deformation, with increasing force."
/home/mdxuser/Genesis/main/data/picked_up_4/upsampled/Black_Forest_Fruit_Snacks_Juicy_Filled_Centers_10_pouches_9_oz_total_Elastic_hard_upsampled.csv,540,"End-effector continue grasping the object, using strong force, causing hard-deformation, with increasing force."
/home/mdxuser/Genesis/main/data/picked_up_4/upsampled/Black_Forest_Fruit_Snacks_Juicy_Filled_Centers_10_pouches_9_oz_total_Elastic_hard_upsampled.csv,810,"End-effector lifting the object, using strong force, causing hard-deformation, with increasing force."
/home/mdxuser/Genesis/main/data/picked_up_4/upsampled/Black_Forest_Fruit_Snacks_Juicy_Filled_Centers_10_pouches_9_oz_total_Elastic_hard_upsampled.csv,1080,"End-effector rotating the object, by an angle of 45.0 degrees, using strong force, causing hard-deformation, with constant force."
/home/mdxuser/Genesis/main/data/picked_up_4/upsampled/Black_Forest_Fruit_Snacks_Juicy_Filled_Centers_10_pouches_9_oz_total_Elastic_hard_upsampled.csv,1350,"End-effector continue rotating the object, by an angle of 45.0 degrees, using strong force, causing hard-deformation, with constant force."
/home/mdxuser/Genesis/main/data/picked_up_4/upsampled/Black_Forest_Fruit_Snacks_Juicy_Filled_Centers_10_pouches_9_oz_total_Elastic_hard_upsampled.csv,1620,"End-effector holding position of the object, maintaining a stable hold, using strong force, causing hard-deformation."
/home/mdxuser/Genesis/main/data/picked_up_4/upsampled/Black_Forest_Fruit_Snacks_Juicy_Filled_Centers_10_pouches_9_oz_total_Elastic_hard_upsampled.csv,1890,"End-effector rotating the object, by an angle of 30.0 degrees, using strong force, causing hard-deformation, with constant force."
/home/mdxuser/Genesis/main/data/picked_up_4/upsampled/Black_Forest_Fruit_Snacks_Juicy_Filled_Centers_10_pouches_9_oz_total_Elastic_hard_upsampled.csv,2160,"End-effector continue rotating the object, by an angle of 30.0 degrees, using strong force, causing hard-deformation, with constant force."
/home/mdxuser/Genesis/main/data/picked_up_4/upsampled/Black_Forest_Fruit_Snacks_Juicy_Filled_Centers_10_pouches_9_oz_total_Elastic_hard_upsampled.csv,2430,"End-effector holding position of the object, maintaining a stable hold, using strong force, causing hard-deformation."
/home/mdxuser/Genesis/main/data/picked_up_4/upsampled/Black_Forest_Fruit_Snacks_Juicy_Filled_Centers_10_pouches_9_oz_total_Elastic_hard_upsampled.csv,2700,The object has been dropped.
/home/mdxuser/Genesis/main/data/picked_up_4/upsampled/BlueBlack_Nintendo_3DSXL_Elastic_medium_upsampled.csv,0,"End-effector start towards the object, to begin the task."
/home/mdxuser/Genesis/main/data/picked_up_4/upsampled/BlueBlack_Nintendo_3DSXL_Elastic_medium_upsampled.csv,270,"End-effector grasping the object, using moderate force, causing medium-deformation, with increasing force."
/home/mdxuser/Genesis/main/data/picked_up_4/upsampled/BlueBlack_Nintendo_3DSXL_Elastic_medium_upsampled.csv,540,"End-effector continue grasping the object, using moderate force, causing medium-deformation, with increasing force."
/home/mdxuser/Genesis/main/data/picked_up_4/upsampled/BlueBlack_Nintendo_3DSXL_Elastic_medium_upsampled.csv,810,"End-effector lifting the object, using moderate force, causing medium-deformation, with increasing force."
/home/mdxuser/Genesis/main/data/picked_up_4/upsampled/BlueBlack_Nintendo_3DSXL_Elastic_medium_upsampled.csv,1080,"End-effector rotating the object, by an angle of 30.0 degrees, using moderate force, causing medium-deformation, with constant force."
/home/mdxuser/Genesis/main/data/picked_up_4/upsampled/BlueBlack_Nintendo_3DSXL_Elastic_medium_upsampled.csv,1350,"End-effector continue rotating the object, by an angle of 30.0 degrees, using moderate force, causing medium-deformation, with constant force."
/home/mdxuser/Genesis/main/data/picked_up_4/upsampled/BlueBlack_Nintendo_3DSXL_Elastic_medium_upsampled.csv,1620,"End-effector holding position of the object, maintaining a stable hold, using moderate force, causing medium-deformation."
/home/mdxuser/Genesis/main/data/picked_up_4/upsampled/BlueBlack_Nintendo_3DSXL_Elastic_medium_upsampled.csv,1890,"End-effector rotating the object, by an angle of 45.0 degrees, using moderate force, causing medium-deformation, with constant force."
/home/mdxuser/Genesis/main/data/picked_up_4/upsampled/BlueBlack_Nintendo_3DSXL_Elastic_medium_upsampled.csv,2160,"End-effector continue rotating the object, by an angle of 45.0 degrees, using moderate force, causing medium-deformation, with constant force."
/home/mdxuser/Genesis/main/data/picked_up_4/upsampled/BlueBlack_Nintendo_3DSXL_Elastic_medium_upsampled.csv,2430,The object has been dropped.
/home/mdxuser/Genesis/main/data/picked_up_4/upsampled/BlueBlack_Nintendo_3DSXL_Elastic_medium_upsampled.csv,2700,The object has been dropped.
/home/mdxuser/Genesis/main/data/picked_up_4/upsampled/Granimals_20_Wooden_ABC_Blocks_Wagon_g2TinmUGGHI_Elastic_hard_upsampled.csv,0,"End-effector start towards the object, to begin the task."
/home/mdxuser/Genesis/main/data/picked_up_4/upsampled/Granimals_20_Wooden_ABC_Blocks_Wagon_g2TinmUGGHI_Elastic_hard_upsampled.csv,270,"End-effector grasping the object, using strong force, causing hard-deformation, with increasing force."
/home/mdxuser/Genesis/main/data/picked_up_4/upsampled/Granimals_20_Wooden_ABC_Blocks_Wagon_g2TinmUGGHI_Elastic_hard_upsampled.csv,540,"End-effector continue grasping the object, using strong force, causing hard-deformation, with increasing force."
/home/mdxuser/Genesis/main/data/picked_up_4/upsampled/Granimals_20_Wooden_ABC_Blocks_Wagon_g2TinmUGGHI_Elastic_hard_upsampled.csv,810,"End-effector lifting the object, using strong force, causing hard-deformation, with increasing force."
/home/mdxuser/Genesis/main/data/picked_up_4/upsampled/Granimals_20_Wooden_ABC_Blocks_Wagon_g2TinmUGGHI_Elastic_hard_upsampled.csv,1080,"End-effector rotating the object, by an angle of 30.0 degrees, using strong force, causing hard-deformation, with constant force."
/home/mdxuser/Genesis/main/data/picked_up_4/upsampled/Granimals_20_Wooden_ABC_Blocks_Wagon_g2TinmUGGHI_Elastic_hard_upsampled.csv,1350,"End-effector continue rotating the object, by an angle of 30.0 degrees, using strong force, causing hard-deformation, with constant force."
/home/mdxuser/Genesis/main/data/picked_up_4/upsampled/Granimals_20_Wooden_ABC_Blocks_Wagon_g2TinmUGGHI_Elastic_hard_upsampled.csv,1620,"End-effector holding position of the object, maintaining a stable hold, using strong force, causing hard-deformation."
/home/mdxuser/Genesis/main/data/picked_up_4/upsampled/Granimals_20_Wooden_ABC_Blocks_Wagon_g2TinmUGGHI_Elastic_hard_upsampled.csv,1890,The object has been dropped.
/home/mdxuser/Genesis/main/data/picked_up_4/upsampled/Granimals_20_Wooden_ABC_Blocks_Wagon_g2TinmUGGHI_Elastic_hard_upsampled.csv,2160,The object has been dropped.
/home/mdxuser/Genesis/main/data/picked_up_4/upsampled/Granimals_20_Wooden_ABC_Blocks_Wagon_g2TinmUGGHI_Elastic_hard_upsampled.csv,2430,The object has been dropped.
/home/mdxuser/Genesis/main/data/picked_up_4/upsampled/Granimals_20_Wooden_ABC_Blocks_Wagon_g2TinmUGGHI_Elastic_hard_upsampled.csv,2700,The object has been dropped.
/home/mdxuser/Genesis/main/data/picked_up_4/upsampled/Pepsi_Caffeine_Free_Diet_12_CT_Elastic_medium_upsampled.csv,0,"End-effector start towards the object, to begin the task."
/home/mdxuser/Genesis/main/data/picked_up_4/upsampled/Pepsi_Caffeine_Free_Diet_12_CT_Elastic_medium_upsampled.csv,270,"End-effector grasping the object, using moderate force, causing medium-deformation, with increasing force."
/home/mdxuser/Genesis/main/data/picked_up_4/upsampled/Pepsi_Caffeine_Free_Diet_12_CT_Elastic_medium_upsampled.csv,540,"End-effector continue grasping the object, using moderate force, causing medium-deformation, with increasing force."
/home/mdxuser/Genesis/main/data/picked_up_4/upsampled/Pepsi_Caffeine_Free_Diet_12_CT_Elastic_medium_upsampled.csv,810,"End-effector lifting the object, using moderate force, causing medium-deformation, with increasing force."
/home/mdxuser/Genesis/main/data/picked_up_4/upsampled/Pepsi_Caffeine_Free_Diet_12_CT_Elastic_medium_upsampled.csv,1080,"End-effector rotating the object, by an angle of 45.0 degrees, using moderate force, causing medium-deformation, with constant force."
/home/mdxuser/Genesis/main/data/picked_up_4/upsampled/Pepsi_Caffeine_Free_Diet_12_CT_Elastic_medium_upsampled.csv,1350,"End-effector holding position of the object, maintaining a stable hold, using moderate force, causing medium-deformation."
/home/mdxuser/Genesis/main/data/picked_up_4/upsampled/Pepsi_Caffeine_Free_Diet_12_CT_Elastic_medium_upsampled.csv,1620,"End-effector continue holding position of the object, maintaining a stable hold, using moderate force, causing medium-deformation."
/home/mdxuser/Genesis/main/data/picked_up_4/upsampled/Pepsi_Caffeine_Free_Diet_12_CT_Elastic_medium_upsampled.csv,1890,"End-effector rotating the object, by an angle of 45.0 degrees, using moderate force, causing medium-deformation, with constant force."
/home/mdxuser/Genesis/main/data/picked_up_4/upsampled/Pepsi_Caffeine_Free_Diet_12_CT_Elastic_medium_upsampled.csv,2160,The object has been dropped.
/home/mdxuser/Genesis/main/data/picked_up_4/upsampled/Pepsi_Caffeine_Free_Diet_12_CT_Elastic_medium_upsampled.csv,2430,The object has been dropped.
/home/mdxuser/Genesis/main/data/picked_up_4/upsampled/Pepsi_Caffeine_Free_Diet_12_CT_Elastic_medium_upsampled.csv,2700,The object has been dropped.
/home/mdxuser/Genesis/main/data/picked_up_4/upsampled/ASICS_GELLinksmaster_WhiteSilverCarolina_Blue_Elastic_soft_upsampled.csv,0,"End-effector start towards the object, to begin the task."
/home/mdxuser/Genesis/main/data/picked_up_4/upsampled/ASICS_GELLinksmaster_WhiteSilverCarolina_Blue_Elastic_soft_upsampled.csv,270,"End-effector grasping the object, using gentle force, causing soft-deformation, with increasing force."
/home/mdxuser/Genesis/main/data/picked_up_4/upsampled/ASICS_GELLinksmaster_WhiteSilverCarolina_Blue_Elastic_soft_upsampled.csv,540,"End-effector continue grasping the object, using gentle force, causing soft-deformation, with increasing force."
/home/mdxuser/Genesis/main/data/picked_up_4/upsampled/ASICS_GELLinksmaster_WhiteSilverCarolina_Blue_Elastic_soft_upsampled.csv,810,"End-effector lifting the object, using gentle force, causing soft-deformation, with increasing force."
/home/mdxuser/Genesis/main/data/picked_up_4/upsampled/ASICS_GELLinksmaster_WhiteSilverCarolina_Blue_Elastic_soft_upsampled.csv,1080,"End-effector rotating the object, by an angle of 30.0 degrees, using gentle force, causing soft-deformation, with constant force."
/home/mdxuser/Genesis/main/data/picked_up_4/upsampled/ASICS_GELLinksmaster_WhiteSilverCarolina_Blue_Elastic_soft_upsampled.csv,1350,"End-effector continue rotating the object, by an angle of 30.0 degrees, using gentle force, causing soft-deformation, with constant force."
/home/mdxuser/Genesis/main/data/picked_up_4/upsampled/ASICS_GELLinksmaster_WhiteSilverCarolina_Blue_Elastic_soft_upsampled.csv,1620,The object has been dropped.
/home/mdxuser/Genesis/main/data/picked_up_4/upsampled/ASICS_GELLinksmaster_WhiteSilverCarolina_Blue_Elastic_soft_upsampled.csv,1890,The object has been dropped.
/home/mdxuser/Genesis/main/data/picked_up_4/upsampled/ASICS_GELLinksmaster_WhiteSilverCarolina_Blue_Elastic_soft_upsampled.csv,2160,The object has been dropped.
/home/mdxuser/Genesis/main/data/picked_up_4/upsampled/ASICS_GELLinksmaster_WhiteSilverCarolina_Blue_Elastic_soft_upsampled.csv,2430,The object has been dropped.
/home/mdxuser/Genesis/main/data/picked_up_4/upsampled/ASICS_GELLinksmaster_WhiteSilverCarolina_Blue_Elastic_soft_upsampled.csv,2700,The object has been dropped.
/home/mdxuser/Genesis/main/data/picked_up_4/upsampled/Office_Depot_Dell_Series_11_Remanufactured_Ink_Cartridge_TriColor_Elastic_soft_upsampled.csv,0,"End-effector start towards the object, to begin the task."
/home/mdxuser/Genesis/main/data/picked_up_4/upsampled/Office_Depot_Dell_Series_11_Remanufactured_Ink_Cartridge_TriColor_Elastic_soft_upsampled.csv,270,"End-effector grasping the object, using gentle force, causing soft-deformation, with increasing force."
/home/mdxuser/Genesis/main/data/picked_up_4/upsampled/Office_Depot_Dell_Series_11_Remanufactured_Ink_Cartridge_TriColor_Elastic_soft_upsampled.csv,540,"End-effector continue grasping the object, using gentle force, causing soft-deformation, with increasing force."
/home/mdxuser/Genesis/main/data/picked_up_4/upsampled/Office_Depot_Dell_Series_11_Remanufactured_Ink_Cartridge_TriColor_Elastic_soft_upsampled.csv,810,"End-effector lifting the object, using gentle force, causing soft-deformation, with increasing force."
/home/mdxuser/Genesis/main/data/picked_up_4/upsampled/Office_Depot_Dell_Series_11_Remanufactured_Ink_Cartridge_TriColor_Elastic_soft_upsampled.csv,1080,"End-effector rotating the object, by an angle of 45.0 degrees, using gentle force, causing soft-deformation, with constant force."
/home/mdxuser/Genesis/main/data/picked_up_4/upsampled/Office_Depot_Dell_Series_11_Remanufactured_Ink_Cartridge_TriColor_Elastic_soft_upsampled.csv,1350,"End-effector holding position of the object, maintaining a stable hold, using gentle force, causing soft-deformation."
/home/mdxuser/Genesis/main/data/picked_up_4/upsampled/Office_Depot_Dell_Series_11_Remanufactured_Ink_Cartridge_TriColor_Elastic_soft_upsampled.csv,1620,"End-effector continue holding position of the object, maintaining a stable hold, using gentle force, causing soft-deformation."
/home/mdxuser/Genesis/main/data/picked_up_4/upsampled/Office_Depot_Dell_Series_11_Remanufactured_Ink_Cartridge_TriColor_Elastic_soft_upsampled.csv,1890,The object has been dropped.
/home/mdxuser/Genesis/main/data/picked_up_4/upsampled/Office_Depot_Dell_Series_11_Remanufactured_Ink_Cartridge_TriColor_Elastic_soft_upsampled.csv,2160,The object has been dropped.
/home/mdxuser/Genesis/main/data/picked_up_4/upsampled/Office_Depot_Dell_Series_11_Remanufactured_Ink_Cartridge_TriColor_Elastic_soft_upsampled.csv,2430,The object has been dropped.
/home/mdxuser/Genesis/main/data/picked_up_4/upsampled/Office_Depot_Dell_Series_11_Remanufactured_Ink_Cartridge_TriColor_Elastic_soft_upsampled.csv,2700,The object has been dropped.
/home/mdxuser/Genesis/main/data/picked_up_4/upsampled/Balderdash_Game_Elastic_hard_upsampled.csv,0,"End-effector start towards the object, to begin the task."
/home/mdxuser/Genesis/main/data/picked_up_4/upsampled/Balderdash_Game_Elastic_hard_upsampled.csv,270,"End-effector grasping the object, using strong force, causing hard-deformation, with increasing force."
/home/mdxuser/Genesis/main/data/picked_up_4/upsampled/Balderdash_Game_Elastic_hard_upsampled.csv,540,"End-effector continue grasping the object, using strong force, causing hard-deformation, with increasing force."
/home/mdxuser/Genesis/main/data/picked_up_4/upsampled/Balderdash_Game_Elastic_hard_upsampled.csv,810,"End-effector lifting the object, using strong force, causing hard-deformation, with increasing force."
/home/mdxuser/Genesis/main/data/picked_up_4/upsampled/Balderdash_Game_Elastic_hard_upsampled.csv,1080,"End-effector rotating the object, by an angle of 45.0 degrees, using strong force, causing hard-deformation, with constant force."
/home/mdxuser/Genesis/main/data/picked_up_4/upsampled/Balderdash_Game_Elastic_hard_upsampled.csv,1350,"End-effector holding position of the object, maintaining a stable hold, using strong force, causing hard-deformation."
/home/mdxuser/Genesis/main/data/picked_up_4/upsampled/Balderdash_Game_Elastic_hard_upsampled.csv,1620,"End-effector continue holding position of the object, maintaining a stable hold, using strong force, causing hard-deformation."
/home/mdxuser/Genesis/main/data/picked_up_4/upsampled/Balderdash_Game_Elastic_hard_upsampled.csv,1890,The object has been dropped.
/home/mdxuser/Genesis/main/data/picked_up_4/upsampled/Balderdash_Game_Elastic_hard_upsampled.csv,2160,The object has been dropped.
/home/mdxuser/Genesis/main/data/picked_up_4/upsampled/Balderdash_Game_Elastic_hard_upsampled.csv,2430,The object has been dropped.
/home/mdxuser/Genesis/main/data/picked_up_4/upsampled/Balderdash_Game_Elastic_hard_upsampled.csv,2700,The object has been dropped.
/home/mdxuser/Genesis/main/data/picked_up_4/upsampled/Crayola_Washable_Sidewalk_Chalk_16_pack_wDZECiw7J6s_Elastic_hard_upsampled.csv,0,"End-effector start towards the object, to begin the task."
/home/mdxuser/Genesis/main/data/picked_up_4/upsampled/Crayola_Washable_Sidewalk_Chalk_16_pack_wDZECiw7J6s_Elastic_hard_upsampled.csv,270,"End-effector grasping the object, using strong force, causing hard-deformation, with increasing force."
/home/mdxuser/Genesis/main/data/picked_up_4/upsampled/Crayola_Washable_Sidewalk_Chalk_16_pack_wDZECiw7J6s_Elastic_hard_upsampled.csv,540,"End-effector continue grasping the object, using strong force, causing hard-deformation, with increasing force."
/home/mdxuser/Genesis/main/data/picked_up_4/upsampled/Crayola_Washable_Sidewalk_Chalk_16_pack_wDZECiw7J6s_Elastic_hard_upsampled.csv,810,"End-effector lifting the object, using strong force, causing hard-deformation, with increasing force."
/home/mdxuser/Genesis/main/data/picked_up_4/upsampled/Crayola_Washable_Sidewalk_Chalk_16_pack_wDZECiw7J6s_Elastic_hard_upsampled.csv,1080,"End-effector rotating the object, by an angle of 45.0 degrees, using strong force, causing hard-deformation, with constant force."
/home/mdxuser/Genesis/main/data/picked_up_4/upsampled/Crayola_Washable_Sidewalk_Chalk_16_pack_wDZECiw7J6s_Elastic_hard_upsampled.csv,1350,"End-effector continue rotating the object, by an angle of 45.0 degrees, using strong force, causing hard-deformation, with constant force."
/home/mdxuser/Genesis/main/data/picked_up_4/upsampled/Crayola_Washable_Sidewalk_Chalk_16_pack_wDZECiw7J6s_Elastic_hard_upsampled.csv,1620,"End-effector holding position of the object, maintaining a stable hold, using strong force, causing hard-deformation."
/home/mdxuser/Genesis/main/data/picked_up_4/upsampled/Crayola_Washable_Sidewalk_Chalk_16_pack_wDZECiw7J6s_Elastic_hard_upsampled.csv,1890,"End-effector rotating the object, by an angle of 30.0 degrees, using strong force, causing hard-deformation, with constant force."
/home/mdxuser/Genesis/main/data/picked_up_4/upsampled/Crayola_Washable_Sidewalk_Chalk_16_pack_wDZECiw7J6s_Elastic_hard_upsampled.csv,2160,"End-effector continue rotating the object, by an angle of 30.0 degrees, using strong force, causing hard-deformation, with constant force."
/home/mdxuser/Genesis/main/data/picked_up_4/upsampled/Crayola_Washable_Sidewalk_Chalk_16_pack_wDZECiw7J6s_Elastic_hard_upsampled.csv,2430,The object has been dropped.
/home/mdxuser/Genesis/main/data/picked_up_4/upsampled/Crayola_Washable_Sidewalk_Chalk_16_pack_wDZECiw7J6s_Elastic_hard_upsampled.csv,2700,The object has been dropped.
/home/mdxuser/Genesis/main/data/picked_up_4/upsampled/Central_Garden_Flower_Pot_Goo_425_Elastic_medium_upsampled.csv,0,"End-effector start towards the object, to begin the task."
/home/mdxuser/Genesis/main/data/picked_up_4/upsampled/Central_Garden_Flower_Pot_Goo_425_Elastic_medium_upsampled.csv,270,"End-effector grasping the object, using moderate force, causing medium-deformation, with increasing force."
/home/mdxuser/Genesis/main/data/picked_up_4/upsampled/Central_Garden_Flower_Pot_Goo_425_Elastic_medium_upsampled.csv,540,"End-effector continue grasping the object, using moderate force, causing medium-deformation, with increasing force."
/home/mdxuser/Genesis/main/data/picked_up_4/upsampled/Central_Garden_Flower_Pot_Goo_425_Elastic_medium_upsampled.csv,810,"End-effector lifting the object, using moderate force, causing medium-deformation, with increasing force."
/home/mdxuser/Genesis/main/data/picked_up_4/upsampled/Central_Garden_Flower_Pot_Goo_425_Elastic_medium_upsampled.csv,1080,"End-effector rotating the object, by an angle of 45.0 degrees, using moderate force, causing medium-deformation, with constant force."
/home/mdxuser/Genesis/main/data/picked_up_4/upsampled/Central_Garden_Flower_Pot_Goo_425_Elastic_medium_upsampled.csv,1350,"End-effector continue rotating the object, by an angle of 45.0 degrees, using moderate force, causing medium-deformation, with constant force."
/home/mdxuser/Genesis/main/data/picked_up_4/upsampled/Central_Garden_Flower_Pot_Goo_425_Elastic_medium_upsampled.csv,1620,"End-effector holding position of the object, maintaining a stable hold, using moderate force, causing medium-deformation."
/home/mdxuser/Genesis/main/data/picked_up_4/upsampled/Central_Garden_Flower_Pot_Goo_425_Elastic_medium_upsampled.csv,1890,"End-effector rotating the object, by an angle of 45.0 degrees, using moderate force, causing medium-deformation, with constant force."
/home/mdxuser/Genesis/main/data/picked_up_4/upsampled/Central_Garden_Flower_Pot_Goo_425_Elastic_medium_upsampled.csv,2160,"End-effector continue rotating the object, by an angle of 45.0 degrees, using moderate force, causing medium-deformation, with constant force."
/home/mdxuser/Genesis/main/data/picked_up_4/upsampled/Central_Garden_Flower_Pot_Goo_425_Elastic_medium_upsampled.csv,2430,"End-effector holding position of the object, maintaining a stable hold, using moderate force, causing medium-deformation."
/home/mdxuser/Genesis/main/data/picked_up_4/upsampled/Central_Garden_Flower_Pot_Goo_425_Elastic_medium_upsampled.csv,2700,The object has been dropped.
/home/mdxuser/Genesis/main/data/picked_up_4/upsampled/Black_Decker_Stainless_Steel_Toaster_4_Slice_Elastic_hard_upsampled.csv,0,"End-effector start towards the object, to begin the task."
/home/mdxuser/Genesis/main/data/picked_up_4/upsampled/Black_Decker_Stainless_Steel_Toaster_4_Slice_Elastic_hard_upsampled.csv,270,"End-effector grasping the object, using strong force, causing hard-deformation, with increasing force."
/home/mdxuser/Genesis/main/data/picked_up_4/upsampled/Black_Decker_Stainless_Steel_Toaster_4_Slice_Elastic_hard_upsampled.csv,540,"End-effector continue grasping the object, using strong force, causing hard-deformation, with increasing force."
/home/mdxuser/Genesis/main/data/picked_up_4/upsampled/Black_Decker_Stainless_Steel_Toaster_4_Slice_Elastic_hard_upsampled.csv,810,"End-effector lifting the object, using strong force, causing hard-deformation, with increasing force."
/home/mdxuser/Genesis/main/data/picked_up_4/upsampled/Black_Decker_Stainless_Steel_Toaster_4_Slice_Elastic_hard_upsampled.csv,1080,"End-effector rotating the object, by an angle of 30.0 degrees, using strong force, causing hard-deformation, with constant force."
/home/mdxuser/Genesis/main/data/picked_up_4/upsampled/Black_Decker_Stainless_Steel_Toaster_4_Slice_Elastic_hard_upsampled.csv,1350,"End-effector continue rotating the object, by an angle of 30.0 degrees, using strong force, causing hard-deformation, with constant force."
/home/mdxuser/Genesis/main/data/picked_up_4/upsampled/Black_Decker_Stainless_Steel_Toaster_4_Slice_Elastic_hard_upsampled.csv,1620,"End-effector holding position of the object, maintaining a stable hold, using strong force, causing hard-deformation."
/home/mdxuser/Genesis/main/data/picked_up_4/upsampled/Black_Decker_Stainless_Steel_Toaster_4_Slice_Elastic_hard_upsampled.csv,1890,The object has been dropped.
/home/mdxuser/Genesis/main/data/picked_up_4/upsampled/Black_Decker_Stainless_Steel_Toaster_4_Slice_Elastic_hard_upsampled.csv,2160,The object has been dropped.
/home/mdxuser/Genesis/main/data/picked_up_4/upsampled/Black_Decker_Stainless_Steel_Toaster_4_Slice_Elastic_hard_upsampled.csv,2430,The object has been dropped.
/home/mdxuser/Genesis/main/data/picked_up_4/upsampled/Black_Decker_Stainless_Steel_Toaster_4_Slice_Elastic_hard_upsampled.csv,2700,The object has been dropped.
/home/mdxuser/Genesis/main/data/picked_up_4/upsampled/Olive_Kids_Trains_Planes_Trucks_Bogo_Backpack_Elastic_hard_upsampled.csv,0,"End-effector start towards the object, to begin the task."
/home/mdxuser/Genesis/main/data/picked_up_4/upsampled/Olive_Kids_Trains_Planes_Trucks_Bogo_Backpack_Elastic_hard_upsampled.csv,270,"End-effector grasping the object, using strong force, causing hard-deformation, with increasing force."
/home/mdxuser/Genesis/main/data/picked_up_4/upsampled/Olive_Kids_Trains_Planes_Trucks_Bogo_Backpack_Elastic_hard_upsampled.csv,540,"End-effector continue grasping the object, using strong force, causing hard-deformation, with increasing force."
/home/mdxuser/Genesis/main/data/picked_up_4/upsampled/Olive_Kids_Trains_Planes_Trucks_Bogo_Backpack_Elastic_hard_upsampled.csv,810,"End-effector lifting the object, using strong force, causing hard-deformation, with increasing force."
/home/mdxuser/Genesis/main/data/picked_up_4/upsampled/Olive_Kids_Trains_Planes_Trucks_Bogo_Backpack_Elastic_hard_upsampled.csv,1080,"End-effector rotating the object, by an angle of 45.0 degrees, using strong force, causing hard-deformation, with constant force."
/home/mdxuser/Genesis/main/data/picked_up_4/upsampled/Olive_Kids_Trains_Planes_Trucks_Bogo_Backpack_Elastic_hard_upsampled.csv,1350,"End-effector holding position of the object, maintaining a stable hold, using strong force, causing hard-deformation."
/home/mdxuser/Genesis/main/data/picked_up_4/upsampled/Olive_Kids_Trains_Planes_Trucks_Bogo_Backpack_Elastic_hard_upsampled.csv,1620,"End-effector continue holding position of the object, maintaining a stable hold, using strong force, causing hard-deformation."
/home/mdxuser/Genesis/main/data/picked_up_4/upsampled/Olive_Kids_Trains_Planes_Trucks_Bogo_Backpack_Elastic_hard_upsampled.csv,1890,"End-effector rotating the object, by an angle of 45.0 degrees, using strong force, causing hard-deformation, with constant force."
/home/mdxuser/Genesis/main/data/picked_up_4/upsampled/Olive_Kids_Trains_Planes_Trucks_Bogo_Backpack_Elastic_hard_upsampled.csv,2160,"End-effector holding position of the object, maintaining a stable hold, using strong force, causing hard-deformation."
/home/mdxuser/Genesis/main/data/picked_up_4/upsampled/Olive_Kids_Trains_Planes_Trucks_Bogo_Backpack_Elastic_hard_upsampled.csv,2430,"End-effector continue holding position of the object, maintaining a stable hold, using strong force, causing hard-deformation."
/home/mdxuser/Genesis/main/data/picked_up_4/upsampled/Olive_Kids_Trains_Planes_Trucks_Bogo_Backpack_Elastic_hard_upsampled.csv,2700,"End-effector stopping the object, using zero-force, causing undeformed shape."
/home/mdxuser/Genesis/main/data/picked_up_4/upsampled/BlueBlack_Nintendo_3DSXL_Elastic_soft_upsampled.csv,0,"End-effector start towards the object, to begin the task."
/home/mdxuser/Genesis/main/data/picked_up_4/upsampled/BlueBlack_Nintendo_3DSXL_Elastic_soft_upsampled.csv,270,"End-effector grasping the object, using gentle force, causing soft-deformation, with increasing force."
/home/mdxuser/Genesis/main/data/picked_up_4/upsampled/BlueBlack_Nintendo_3DSXL_Elastic_soft_upsampled.csv,540,"End-effector continue grasping the object, using gentle force, causing soft-deformation, with increasing force."
/home/mdxuser/Genesis/main/data/picked_up_4/upsampled/BlueBlack_Nintendo_3DSXL_Elastic_soft_upsampled.csv,810,"End-effector lifting the object, using gentle force, causing soft-deformation, with increasing force."
/home/mdxuser/Genesis/main/data/picked_up_4/upsampled/BlueBlack_Nintendo_3DSXL_Elastic_soft_upsampled.csv,1080,"End-effector rotating the object, by an angle of 45.0 degrees, using gentle force, causing soft-deformation, with constant force."
/home/mdxuser/Genesis/main/data/picked_up_4/upsampled/BlueBlack_Nintendo_3DSXL_Elastic_soft_upsampled.csv,1350,"End-effector holding position of the object, maintaining a stable hold, using gentle force, causing soft-deformation."
/home/mdxuser/Genesis/main/data/picked_up_4/upsampled/BlueBlack_Nintendo_3DSXL_Elastic_soft_upsampled.csv,1620,"End-effector continue holding position of the object, maintaining a stable hold, using gentle force, causing soft-deformation."
/home/mdxuser/Genesis/main/data/picked_up_4/upsampled/BlueBlack_Nintendo_3DSXL_Elastic_soft_upsampled.csv,1890,"End-effector rotating the object, by an angle of 45.0 degrees, using gentle force, causing soft-deformation, with constant force."
/home/mdxuser/Genesis/main/data/picked_up_4/upsampled/BlueBlack_Nintendo_3DSXL_Elastic_soft_upsampled.csv,2160,"End-effector holding position of the object, maintaining a stable hold, using gentle force, causing soft-deformation."
/home/mdxuser/Genesis/main/data/picked_up_4/upsampled/BlueBlack_Nintendo_3DSXL_Elastic_soft_upsampled.csv,2430,"End-effector continue holding position of the object, maintaining a stable hold, using gentle force, causing soft-deformation."
/home/mdxuser/Genesis/main/data/picked_up_4/upsampled/BlueBlack_Nintendo_3DSXL_Elastic_soft_upsampled.csv,2700,The object has been dropped.
/home/mdxuser/Genesis/main/data/picked_up_4/upsampled/CoQ10_wSSVoxVppVD_Elastic_soft_upsampled.csv,0,"End-effector start towards the object, to begin the task."
/home/mdxuser/Genesis/main/data/picked_up_4/upsampled/CoQ10_wSSVoxVppVD_Elastic_soft_upsampled.csv,270,"End-effector grasping the object, using gentle force, causing soft-deformation, with increasing force."
/home/mdxuser/Genesis/main/data/picked_up_4/upsampled/CoQ10_wSSVoxVppVD_Elastic_soft_upsampled.csv,540,"End-effector continue grasping the object, using gentle force, causing soft-deformation, with increasing force."
/home/mdxuser/Genesis/main/data/picked_up_4/upsampled/CoQ10_wSSVoxVppVD_Elastic_soft_upsampled.csv,810,"End-effector lifting the object, using gentle force, causing soft-deformation, with increasing force."
/home/mdxuser/Genesis/main/data/picked_up_4/upsampled/CoQ10_wSSVoxVppVD_Elastic_soft_upsampled.csv,1080,"End-effector rotating the object, by an angle of 30.0 degrees, using gentle force, causing soft-deformation, with constant force."
/home/mdxuser/Genesis/main/data/picked_up_4/upsampled/CoQ10_wSSVoxVppVD_Elastic_soft_upsampled.csv,1350,"End-effector continue rotating the object, by an angle of 30.0 degrees, using gentle force, causing soft-deformation, with constant force."
/home/mdxuser/Genesis/main/data/picked_up_4/upsampled/CoQ10_wSSVoxVppVD_Elastic_soft_upsampled.csv,1620,"End-effector holding position of the object, maintaining a stable hold, using gentle force, causing soft-deformation."
/home/mdxuser/Genesis/main/data/picked_up_4/upsampled/CoQ10_wSSVoxVppVD_Elastic_soft_upsampled.csv,1890,"End-effector rotating the object, by an angle of 45.0 degrees, using gentle force, causing soft-deformation, with constant force."
/home/mdxuser/Genesis/main/data/picked_up_4/upsampled/CoQ10_wSSVoxVppVD_Elastic_soft_upsampled.csv,2160,The object has been dropped.
/home/mdxuser/Genesis/main/data/picked_up_4/upsampled/CoQ10_wSSVoxVppVD_Elastic_soft_upsampled.csv,2430,The object has been dropped.
/home/mdxuser/Genesis/main/data/picked_up_4/upsampled/CoQ10_wSSVoxVppVD_Elastic_soft_upsampled.csv,2700,The object has been dropped.
/home/mdxuser/Genesis/main/data/picked_up_4/upsampled/Don_Franciscos_Gourmet_Coffee_Medium_Decaf_100_Colombian_12_oz_340_g_Elastic_soft_upsampled.csv,0,"End-effector start towards the object, to begin the task."
/home/mdxuser/Genesis/main/data/picked_up_4/upsampled/Don_Franciscos_Gourmet_Coffee_Medium_Decaf_100_Colombian_12_oz_340_g_Elastic_soft_upsampled.csv,270,"End-effector grasping the object, using gentle force, causing soft-deformation, with increasing force."
/home/mdxuser/Genesis/main/data/picked_up_4/upsampled/Don_Franciscos_Gourmet_Coffee_Medium_Decaf_100_Colombian_12_oz_340_g_Elastic_soft_upsampled.csv,540,"End-effector continue grasping the object, using gentle force, causing soft-deformation, with increasing force."
/home/mdxuser/Genesis/main/data/picked_up_4/upsampled/Don_Franciscos_Gourmet_Coffee_Medium_Decaf_100_Colombian_12_oz_340_g_Elastic_soft_upsampled.csv,810,"End-effector lifting the object, using gentle force, causing soft-deformation, with increasing force."
/home/mdxuser/Genesis/main/data/picked_up_4/upsampled/Don_Franciscos_Gourmet_Coffee_Medium_Decaf_100_Colombian_12_oz_340_g_Elastic_soft_upsampled.csv,1080,"End-effector rotating the object, by an angle of 45.0 degrees, using gentle force, causing soft-deformation, with constant force."
/home/mdxuser/Genesis/main/data/picked_up_4/upsampled/Don_Franciscos_Gourmet_Coffee_Medium_Decaf_100_Colombian_12_oz_340_g_Elastic_soft_upsampled.csv,1350,"End-effector holding position of the object, maintaining a stable hold, using gentle force, causing soft-deformation."
/home/mdxuser/Genesis/main/data/picked_up_4/upsampled/Don_Franciscos_Gourmet_Coffee_Medium_Decaf_100_Colombian_12_oz_340_g_Elastic_soft_upsampled.csv,1620,"End-effector continue holding position of the object, maintaining a stable hold, using gentle force, causing soft-deformation."
/home/mdxuser/Genesis/main/data/picked_up_4/upsampled/Don_Franciscos_Gourmet_Coffee_Medium_Decaf_100_Colombian_12_oz_340_g_Elastic_soft_upsampled.csv,1890,"End-effector rotating the object, by an angle of 45.0 degrees, using gentle force, causing soft-deformation, with constant force."
/home/mdxuser/Genesis/main/data/picked_up_4/upsampled/Don_Franciscos_Gourmet_Coffee_Medium_Decaf_100_Colombian_12_oz_340_g_Elastic_soft_upsampled.csv,2160,"End-effector continue rotating the object, by an angle of 45.0 degrees, using gentle force, causing soft-deformation, with constant force."
/home/mdxuser/Genesis/main/data/picked_up_4/upsampled/Don_Franciscos_Gourmet_Coffee_Medium_Decaf_100_Colombian_12_oz_340_g_Elastic_soft_upsampled.csv,2430,"End-effector holding position of the object, maintaining a stable hold, using gentle force, causing soft-deformation."
/home/mdxuser/Genesis/main/data/picked_up_4/upsampled/Don_Franciscos_Gourmet_Coffee_Medium_Decaf_100_Colombian_12_oz_340_g_Elastic_soft_upsampled.csv,2700,The object has been dropped.
/home/mdxuser/Genesis/main/data/picked_up_4/upsampled/CREATIVE_BLOCKS_35_MM_Elastic_hard_upsampled.csv,0,"End-effector start towards the object, to begin the task."
/home/mdxuser/Genesis/main/data/picked_up_4/upsampled/CREATIVE_BLOCKS_35_MM_Elastic_hard_upsampled.csv,270,"End-effector grasping the object, using strong force, causing hard-deformation, with increasing force."
/home/mdxuser/Genesis/main/data/picked_up_4/upsampled/CREATIVE_BLOCKS_35_MM_Elastic_hard_upsampled.csv,540,"End-effector continue grasping the object, using strong force, causing hard-deformation, with increasing force."
/home/mdxuser/Genesis/main/data/picked_up_4/upsampled/CREATIVE_BLOCKS_35_MM_Elastic_hard_upsampled.csv,810,"End-effector lifting the object, using strong force, causing hard-deformation, with increasing force."
/home/mdxuser/Genesis/main/data/picked_up_4/upsampled/CREATIVE_BLOCKS_35_MM_Elastic_hard_upsampled.csv,1080,"End-effector rotating the object, by an angle of 45.0 degrees, using strong force, causing hard-deformation, with constant force."
/home/mdxuser/Genesis/main/data/picked_up_4/upsampled/CREATIVE_BLOCKS_35_MM_Elastic_hard_upsampled.csv,1350,"End-effector continue rotating the object, by an angle of 45.0 degrees, using strong force, causing hard-deformation, with constant force."
/home/mdxuser/Genesis/main/data/picked_up_4/upsampled/CREATIVE_BLOCKS_35_MM_Elastic_hard_upsampled.csv,1620,"End-effector holding position of the object, maintaining a stable hold, using strong force, causing hard-deformation."
/home/mdxuser/Genesis/main/data/picked_up_4/upsampled/CREATIVE_BLOCKS_35_MM_Elastic_hard_upsampled.csv,1890,"End-effector rotating the object, by an angle of 45.0 degrees, using strong force, causing hard-deformation, with constant force."
/home/mdxuser/Genesis/main/data/picked_up_4/upsampled/CREATIVE_BLOCKS_35_MM_Elastic_hard_upsampled.csv,2160,"End-effector holding position of the object, maintaining a stable hold, using strong force, causing hard-deformation."
/home/mdxuser/Genesis/main/data/picked_up_4/upsampled/CREATIVE_BLOCKS_35_MM_Elastic_hard_upsampled.csv,2430,"End-effector continue holding position of the object, maintaining a stable hold, using strong force, causing hard-deformation."
/home/mdxuser/Genesis/main/data/picked_up_4/upsampled/CREATIVE_BLOCKS_35_MM_Elastic_hard_upsampled.csv,2700,"End-effector stopping the object, using zero-force, causing undeformed shape."
/home/mdxuser/Genesis/main/data/picked_up_4/upsampled/ASICS_GELBlur33_20_GS_BlackWhiteSafety_Orange_Elastic_hard_upsampled.csv,0,"End-effector start towards the object, to begin the task."
/home/mdxuser/Genesis/main/data/picked_up_4/upsampled/ASICS_GELBlur33_20_GS_BlackWhiteSafety_Orange_Elastic_hard_upsampled.csv,270,"End-effector grasping the object, using strong force, causing hard-deformation, with increasing force."
/home/mdxuser/Genesis/main/data/picked_up_4/upsampled/ASICS_GELBlur33_20_GS_BlackWhiteSafety_Orange_Elastic_hard_upsampled.csv,540,"End-effector continue grasping the object, using strong force, causing hard-deformation, with increasing force."
/home/mdxuser/Genesis/main/data/picked_up_4/upsampled/ASICS_GELBlur33_20_GS_BlackWhiteSafety_Orange_Elastic_hard_upsampled.csv,810,"End-effector lifting the object, using strong force, causing hard-deformation, with increasing force."
/home/mdxuser/Genesis/main/data/picked_up_4/upsampled/ASICS_GELBlur33_20_GS_BlackWhiteSafety_Orange_Elastic_hard_upsampled.csv,1080,"End-effector rotating the object, by an angle of 45.0 degrees, using strong force, causing hard-deformation, with constant force."
/home/mdxuser/Genesis/main/data/picked_up_4/upsampled/ASICS_GELBlur33_20_GS_BlackWhiteSafety_Orange_Elastic_hard_upsampled.csv,1350,"End-effector continue rotating the object, by an angle of 45.0 degrees, using strong force, causing hard-deformation, with constant force."
/home/mdxuser/Genesis/main/data/picked_up_4/upsampled/ASICS_GELBlur33_20_GS_BlackWhiteSafety_Orange_Elastic_hard_upsampled.csv,1620,"End-effector holding position of the object, maintaining a stable hold, using strong force, causing hard-deformation."
/home/mdxuser/Genesis/main/data/picked_up_4/upsampled/ASICS_GELBlur33_20_GS_BlackWhiteSafety_Orange_Elastic_hard_upsampled.csv,1890,"End-effector rotating the object, by an angle of 45.0 degrees, using strong force, causing hard-deformation, with constant force."
/home/mdxuser/Genesis/main/data/picked_up_4/upsampled/ASICS_GELBlur33_20_GS_BlackWhiteSafety_Orange_Elastic_hard_upsampled.csv,2160,"End-effector continue rotating the object, by an angle of 45.0 degrees, using strong force, causing hard-deformation, with constant force."
/home/mdxuser/Genesis/main/data/picked_up_4/upsampled/ASICS_GELBlur33_20_GS_BlackWhiteSafety_Orange_Elastic_hard_upsampled.csv,2430,"End-effector holding position of the object, maintaining a stable hold, using strong force, causing hard-deformation."
/home/mdxuser/Genesis/main/data/picked_up_4/upsampled/ASICS_GELBlur33_20_GS_BlackWhiteSafety_Orange_Elastic_hard_upsampled.csv,2700,"End-effector stopping the object, using zero-force, causing undeformed shape."
/home/mdxuser/Genesis/main/data/picked_up_4/upsampled/Office_Depot_HP_75_Remanufactured_Ink_Cartridge_TriColor_Elastic_medium_upsampled.csv,0,"End-effector start towards the object, to begin the task."
/home/mdxuser/Genesis/main/data/picked_up_4/upsampled/Office_Depot_HP_75_Remanufactured_Ink_Cartridge_TriColor_Elastic_medium_upsampled.csv,270,"End-effector grasping the object, using moderate force, causing medium-deformation, with increasing force."
/home/mdxuser/Genesis/main/data/picked_up_4/upsampled/Office_Depot_HP_75_Remanufactured_Ink_Cartridge_TriColor_Elastic_medium_upsampled.csv,540,"End-effector continue grasping the object, using moderate force, causing medium-deformation, with increasing force."
/home/mdxuser/Genesis/main/data/picked_up_4/upsampled/Office_Depot_HP_75_Remanufactured_Ink_Cartridge_TriColor_Elastic_medium_upsampled.csv,810,"End-effector lifting the object, using moderate force, causing medium-deformation, with increasing force."
/home/mdxuser/Genesis/main/data/picked_up_4/upsampled/Office_Depot_HP_75_Remanufactured_Ink_Cartridge_TriColor_Elastic_medium_upsampled.csv,1080,"End-effector rotating the object, by an angle of 45.0 degrees, using moderate force, causing medium-deformation, with constant force."
/home/mdxuser/Genesis/main/data/picked_up_4/upsampled/Office_Depot_HP_75_Remanufactured_Ink_Cartridge_TriColor_Elastic_medium_upsampled.csv,1350,"End-effector continue rotating the object, by an angle of 45.0 degrees, using moderate force, causing medium-deformation, with constant force."
/home/mdxuser/Genesis/main/data/picked_up_4/upsampled/Office_Depot_HP_75_Remanufactured_Ink_Cartridge_TriColor_Elastic_medium_upsampled.csv,1620,"End-effector holding position of the object, maintaining a stable hold, using moderate force, causing medium-deformation."
/home/mdxuser/Genesis/main/data/picked_up_4/upsampled/Office_Depot_HP_75_Remanufactured_Ink_Cartridge_TriColor_Elastic_medium_upsampled.csv,1890,"End-effector rotating the object, by an angle of 45.0 degrees, using moderate force, causing medium-deformation, with constant force."
/home/mdxuser/Genesis/main/data/picked_up_4/upsampled/Office_Depot_HP_75_Remanufactured_Ink_Cartridge_TriColor_Elastic_medium_upsampled.csv,2160,"End-effector continue rotating the object, by an angle of 45.0 degrees, using moderate force, causing medium-deformation, with constant force."
/home/mdxuser/Genesis/main/data/picked_up_4/upsampled/Office_Depot_HP_75_Remanufactured_Ink_Cartridge_TriColor_Elastic_medium_upsampled.csv,2430,The object has been dropped.
/home/mdxuser/Genesis/main/data/picked_up_4/upsampled/Office_Depot_HP_75_Remanufactured_Ink_Cartridge_TriColor_Elastic_medium_upsampled.csv,2700,The object has been dropped.
/home/mdxuser/Genesis/main/data/picked_up_4/upsampled/Orbit_Bubblemint_Mini_Bottle_6_ct_Elastic_hard_upsampled.csv,0,"End-effector start towards the object, to begin the task."
/home/mdxuser/Genesis/main/data/picked_up_4/upsampled/Orbit_Bubblemint_Mini_Bottle_6_ct_Elastic_hard_upsampled.csv,270,"End-effector grasping the object, using strong force, causing hard-deformation, with increasing force."
/home/mdxuser/Genesis/main/data/picked_up_4/upsampled/Orbit_Bubblemint_Mini_Bottle_6_ct_Elastic_hard_upsampled.csv,540,"End-effector continue grasping the object, using strong force, causing hard-deformation, with increasing force."
/home/mdxuser/Genesis/main/data/picked_up_4/upsampled/Orbit_Bubblemint_Mini_Bottle_6_ct_Elastic_hard_upsampled.csv,810,"End-effector lifting the object, using strong force, causing hard-deformation, with increasing force."
/home/mdxuser/Genesis/main/data/picked_up_4/upsampled/Orbit_Bubblemint_Mini_Bottle_6_ct_Elastic_hard_upsampled.csv,1080,"End-effector rotating the object, by an angle of 45.0 degrees, using strong force, causing hard-deformation, with constant force."
/home/mdxuser/Genesis/main/data/picked_up_4/upsampled/Orbit_Bubblemint_Mini_Bottle_6_ct_Elastic_hard_upsampled.csv,1350,The object has been dropped.
/home/mdxuser/Genesis/main/data/picked_up_4/upsampled/Orbit_Bubblemint_Mini_Bottle_6_ct_Elastic_hard_upsampled.csv,1620,The object has been dropped.
/home/mdxuser/Genesis/main/data/picked_up_4/upsampled/Orbit_Bubblemint_Mini_Bottle_6_ct_Elastic_hard_upsampled.csv,1890,The object has been dropped.
/home/mdxuser/Genesis/main/data/picked_up_4/upsampled/Orbit_Bubblemint_Mini_Bottle_6_ct_Elastic_hard_upsampled.csv,2160,The object has been dropped.
/home/mdxuser/Genesis/main/data/picked_up_4/upsampled/Orbit_Bubblemint_Mini_Bottle_6_ct_Elastic_hard_upsampled.csv,2430,The object has been dropped.
/home/mdxuser/Genesis/main/data/picked_up_4/upsampled/Orbit_Bubblemint_Mini_Bottle_6_ct_Elastic_hard_upsampled.csv,2700,The object has been dropped.
/home/mdxuser/Genesis/main/data/picked_up_4/upsampled/Cootie_Game_tDhURNbfU5J_Elastic_hard_upsampled.csv,0,"End-effector start towards the object, to begin the task."
/home/mdxuser/Genesis/main/data/picked_up_4/upsampled/Cootie_Game_tDhURNbfU5J_Elastic_hard_upsampled.csv,270,"End-effector grasping the object, using strong force, causing hard-deformation, with increasing force."
/home/mdxuser/Genesis/main/data/picked_up_4/upsampled/Cootie_Game_tDhURNbfU5J_Elastic_hard_upsampled.csv,540,"End-effector continue grasping the object, using strong force, causing hard-deformation, with increasing force."
/home/mdxuser/Genesis/main/data/picked_up_4/upsampled/Cootie_Game_tDhURNbfU5J_Elastic_hard_upsampled.csv,810,"End-effector lifting the object, using strong force, causing hard-deformation, with increasing force."
/home/mdxuser/Genesis/main/data/picked_up_4/upsampled/Cootie_Game_tDhURNbfU5J_Elastic_hard_upsampled.csv,1080,"End-effector rotating the object, by an angle of 45.0 degrees, using strong force, causing hard-deformation, with constant force."
/home/mdxuser/Genesis/main/data/picked_up_4/upsampled/Cootie_Game_tDhURNbfU5J_Elastic_hard_upsampled.csv,1350,"End-effector continue rotating the object, by an angle of 45.0 degrees, using strong force, causing hard-deformation, with constant force."
/home/mdxuser/Genesis/main/data/picked_up_4/upsampled/Cootie_Game_tDhURNbfU5J_Elastic_hard_upsampled.csv,1620,"End-effector holding position of the object, maintaining a stable hold, using strong force, causing hard-deformation."
/home/mdxuser/Genesis/main/data/picked_up_4/upsampled/Cootie_Game_tDhURNbfU5J_Elastic_hard_upsampled.csv,1890,The object has been dropped.
/home/mdxuser/Genesis/main/data/picked_up_4/upsampled/Cootie_Game_tDhURNbfU5J_Elastic_hard_upsampled.csv,2160,The object has been dropped.
/home/mdxuser/Genesis/main/data/picked_up_4/upsampled/Cootie_Game_tDhURNbfU5J_Elastic_hard_upsampled.csv,2430,The object has been dropped.
/home/mdxuser/Genesis/main/data/picked_up_4/upsampled/Cootie_Game_tDhURNbfU5J_Elastic_hard_upsampled.csv,2700,The object has been dropped.
/home/mdxuser/Genesis/main/data/picked_up_4/upsampled/Brother_Printing_Cartridge_PC501_Elastic_hard_upsampled.csv,0,"End-effector start towards the object, to begin the task."
/home/mdxuser/Genesis/main/data/picked_up_4/upsampled/Brother_Printing_Cartridge_PC501_Elastic_hard_upsampled.csv,270,"End-effector grasping the object, using strong force, causing hard-deformation, with increasing force."
/home/mdxuser/Genesis/main/data/picked_up_4/upsampled/Brother_Printing_Cartridge_PC501_Elastic_hard_upsampled.csv,540,"End-effector continue grasping the object, using strong force, causing hard-deformation, with increasing force."
/home/mdxuser/Genesis/main/data/picked_up_4/upsampled/Brother_Printing_Cartridge_PC501_Elastic_hard_upsampled.csv,810,"End-effector lifting the object, using strong force, causing hard-deformation, with increasing force."
/home/mdxuser/Genesis/main/data/picked_up_4/upsampled/Brother_Printing_Cartridge_PC501_Elastic_hard_upsampled.csv,1080,"End-effector rotating the object, by an angle of 30.0 degrees, using strong force, causing hard-deformation, with constant force."
/home/mdxuser/Genesis/main/data/picked_up_4/upsampled/Brother_Printing_Cartridge_PC501_Elastic_hard_upsampled.csv,1350,"End-effector continue rotating the object, by an angle of 30.0 degrees, using strong force, causing hard-deformation, with constant force."
/home/mdxuser/Genesis/main/data/picked_up_4/upsampled/Brother_Printing_Cartridge_PC501_Elastic_hard_upsampled.csv,1620,"End-effector holding position of the object, maintaining a stable hold, using strong force, causing hard-deformation."
/home/mdxuser/Genesis/main/data/picked_up_4/upsampled/Brother_Printing_Cartridge_PC501_Elastic_hard_upsampled.csv,1890,"End-effector rotating the object, by an angle of 45.0 degrees, using strong force, causing hard-deformation, with constant force."
/home/mdxuser/Genesis/main/data/picked_up_4/upsampled/Brother_Printing_Cartridge_PC501_Elastic_hard_upsampled.csv,2160,"End-effector continue rotating the object, by an angle of 45.0 degrees, using strong force, causing hard-deformation, with constant force."
/home/mdxuser/Genesis/main/data/picked_up_4/upsampled/Brother_Printing_Cartridge_PC501_Elastic_hard_upsampled.csv,2430,The object has been dropped.
/home/mdxuser/Genesis/main/data/picked_up_4/upsampled/Brother_Printing_Cartridge_PC501_Elastic_hard_upsampled.csv,2700,The object has been dropped.
/home/mdxuser/Genesis/main/data/picked_up_4/upsampled/Cole_Hardware_School_Bell_Solid_Brass_38_Elastic_hard_upsampled.csv,0,"End-effector start towards the object, to begin the task."
/home/mdxuser/Genesis/main/data/picked_up_4/upsampled/Cole_Hardware_School_Bell_Solid_Brass_38_Elastic_hard_upsampled.csv,270,"End-effector grasping the object, using strong force, causing hard-deformation, with increasing force."
/home/mdxuser/Genesis/main/data/picked_up_4/upsampled/Cole_Hardware_School_Bell_Solid_Brass_38_Elastic_hard_upsampled.csv,540,"End-effector continue grasping the object, using strong force, causing hard-deformation, with increasing force."
/home/mdxuser/Genesis/main/data/picked_up_4/upsampled/Cole_Hardware_School_Bell_Solid_Brass_38_Elastic_hard_upsampled.csv,810,"End-effector lifting the object, using strong force, causing hard-deformation, with increasing force."
/home/mdxuser/Genesis/main/data/picked_up_4/upsampled/Cole_Hardware_School_Bell_Solid_Brass_38_Elastic_hard_upsampled.csv,1080,"End-effector rotating the object, by an angle of 45.0 degrees, using strong force, causing hard-deformation, with constant force."
/home/mdxuser/Genesis/main/data/picked_up_4/upsampled/Cole_Hardware_School_Bell_Solid_Brass_38_Elastic_hard_upsampled.csv,1350,"End-effector continue rotating the object, by an angle of 45.0 degrees, using strong force, causing hard-deformation, with constant force."
/home/mdxuser/Genesis/main/data/picked_up_4/upsampled/Cole_Hardware_School_Bell_Solid_Brass_38_Elastic_hard_upsampled.csv,1620,The object has been dropped.
/home/mdxuser/Genesis/main/data/picked_up_4/upsampled/Cole_Hardware_School_Bell_Solid_Brass_38_Elastic_hard_upsampled.csv,1890,The object has been dropped.
/home/mdxuser/Genesis/main/data/picked_up_4/upsampled/Cole_Hardware_School_Bell_Solid_Brass_38_Elastic_hard_upsampled.csv,2160,The object has been dropped.
/home/mdxuser/Genesis/main/data/picked_up_4/upsampled/Cole_Hardware_School_Bell_Solid_Brass_38_Elastic_hard_upsampled.csv,2430,The object has been dropped.
/home/mdxuser/Genesis/main/data/picked_up_4/upsampled/Cole_Hardware_School_Bell_Solid_Brass_38_Elastic_hard_upsampled.csv,2700,The object has been dropped.
/home/mdxuser/Genesis/main/data/picked_up_4/upsampled/Dell_Series_9_Color_Ink_Cartridge_MK993_High_Yield_Elastic_hard_upsampled.csv,0,"End-effector start towards the object, to begin the task."
/home/mdxuser/Genesis/main/data/picked_up_4/upsampled/Dell_Series_9_Color_Ink_Cartridge_MK993_High_Yield_Elastic_hard_upsampled.csv,270,"End-effector grasping the object, using strong force, causing hard-deformation, with increasing force."
/home/mdxuser/Genesis/main/data/picked_up_4/upsampled/Dell_Series_9_Color_Ink_Cartridge_MK993_High_Yield_Elastic_hard_upsampled.csv,540,"End-effector continue grasping the object, using strong force, causing hard-deformation, with increasing force."
/home/mdxuser/Genesis/main/data/picked_up_4/upsampled/Dell_Series_9_Color_Ink_Cartridge_MK993_High_Yield_Elastic_hard_upsampled.csv,810,"End-effector lifting the object, using strong force, causing hard-deformation, with increasing force."
/home/mdxuser/Genesis/main/data/picked_up_4/upsampled/Dell_Series_9_Color_Ink_Cartridge_MK993_High_Yield_Elastic_hard_upsampled.csv,1080,"End-effector rotating the object, by an angle of 45.0 degrees, using strong force, causing hard-deformation, with constant force."
/home/mdxuser/Genesis/main/data/picked_up_4/upsampled/Dell_Series_9_Color_Ink_Cartridge_MK993_High_Yield_Elastic_hard_upsampled.csv,1350,The object has been dropped.
/home/mdxuser/Genesis/main/data/picked_up_4/upsampled/Dell_Series_9_Color_Ink_Cartridge_MK993_High_Yield_Elastic_hard_upsampled.csv,1620,The object has been dropped.
/home/mdxuser/Genesis/main/data/picked_up_4/upsampled/Dell_Series_9_Color_Ink_Cartridge_MK993_High_Yield_Elastic_hard_upsampled.csv,1890,The object has been dropped.
/home/mdxuser/Genesis/main/data/picked_up_4/upsampled/Dell_Series_9_Color_Ink_Cartridge_MK993_High_Yield_Elastic_hard_upsampled.csv,2160,The object has been dropped.
/home/mdxuser/Genesis/main/data/picked_up_4/upsampled/Dell_Series_9_Color_Ink_Cartridge_MK993_High_Yield_Elastic_hard_upsampled.csv,2430,The object has been dropped.
/home/mdxuser/Genesis/main/data/picked_up_4/upsampled/Dell_Series_9_Color_Ink_Cartridge_MK993_High_Yield_Elastic_hard_upsampled.csv,2700,The object has been dropped.
/home/mdxuser/Genesis/main/data/picked_up_4/upsampled/Perricone_MD_No_Foundation_Serum_Elastic_hard_upsampled.csv,0,"End-effector start towards the object, to begin the task."
/home/mdxuser/Genesis/main/data/picked_up_4/upsampled/Perricone_MD_No_Foundation_Serum_Elastic_hard_upsampled.csv,270,"End-effector grasping the object, using strong force, causing hard-deformation, with increasing force."
/home/mdxuser/Genesis/main/data/picked_up_4/upsampled/Perricone_MD_No_Foundation_Serum_Elastic_hard_upsampled.csv,540,"End-effector continue grasping the object, using strong force, causing hard-deformation, with increasing force."
/home/mdxuser/Genesis/main/data/picked_up_4/upsampled/Perricone_MD_No_Foundation_Serum_Elastic_hard_upsampled.csv,810,"End-effector lifting the object, using strong force, causing hard-deformation, with increasing force."
/home/mdxuser/Genesis/main/data/picked_up_4/upsampled/Perricone_MD_No_Foundation_Serum_Elastic_hard_upsampled.csv,1080,"End-effector rotating the object, by an angle of 30.0 degrees, using strong force, causing hard-deformation, with constant force."
/home/mdxuser/Genesis/main/data/picked_up_4/upsampled/Perricone_MD_No_Foundation_Serum_Elastic_hard_upsampled.csv,1350,"End-effector continue rotating the object, by an angle of 30.0 degrees, using strong force, causing hard-deformation, with constant force."
/home/mdxuser/Genesis/main/data/picked_up_4/upsampled/Perricone_MD_No_Foundation_Serum_Elastic_hard_upsampled.csv,1620,"End-effector holding position of the object, maintaining a stable hold, using strong force, causing hard-deformation."
/home/mdxuser/Genesis/main/data/picked_up_4/upsampled/Perricone_MD_No_Foundation_Serum_Elastic_hard_upsampled.csv,1890,"End-effector rotating the object, by an angle of 45.0 degrees, using strong force, causing hard-deformation, with constant force."
/home/mdxuser/Genesis/main/data/picked_up_4/upsampled/Perricone_MD_No_Foundation_Serum_Elastic_hard_upsampled.csv,2160,"End-effector holding position of the object, maintaining a stable hold, using strong force, causing hard-deformation."
/home/mdxuser/Genesis/main/data/picked_up_4/upsampled/Perricone_MD_No_Foundation_Serum_Elastic_hard_upsampled.csv,2430,"End-effector continue holding position of the object, maintaining a stable hold, using strong force, causing hard-deformation."
/home/mdxuser/Genesis/main/data/picked_up_4/upsampled/Perricone_MD_No_Foundation_Serum_Elastic_hard_upsampled.csv,2700,"End-effector stopping the object, using zero-force, causing undeformed shape."
/home/mdxuser/Genesis/main/data/picked_up_4/upsampled/Black_and_Decker_TR3500SD_2Slice_Toaster_Elastic_medium_upsampled.csv,0,"End-effector start towards the object, to begin the task."
/home/mdxuser/Genesis/main/data/picked_up_4/upsampled/Black_and_Decker_TR3500SD_2Slice_Toaster_Elastic_medium_upsampled.csv,270,"End-effector grasping the object, using moderate force, causing medium-deformation, with increasing force."
/home/mdxuser/Genesis/main/data/picked_up_4/upsampled/Black_and_Decker_TR3500SD_2Slice_Toaster_Elastic_medium_upsampled.csv,540,"End-effector continue grasping the object, using moderate force, causing medium-deformation, with increasing force."
/home/mdxuser/Genesis/main/data/picked_up_4/upsampled/Black_and_Decker_TR3500SD_2Slice_Toaster_Elastic_medium_upsampled.csv,810,"End-effector lifting the object, using moderate force, causing medium-deformation, with increasing force."
/home/mdxuser/Genesis/main/data/picked_up_4/upsampled/Black_and_Decker_TR3500SD_2Slice_Toaster_Elastic_medium_upsampled.csv,1080,"End-effector rotating the object, by an angle of 30.0 degrees, using moderate force, causing medium-deformation, with constant force."
/home/mdxuser/Genesis/main/data/picked_up_4/upsampled/Black_and_Decker_TR3500SD_2Slice_Toaster_Elastic_medium_upsampled.csv,1350,"End-effector continue rotating the object, by an angle of 30.0 degrees, using moderate force, causing medium-deformation, with constant force."
/home/mdxuser/Genesis/main/data/picked_up_4/upsampled/Black_and_Decker_TR3500SD_2Slice_Toaster_Elastic_medium_upsampled.csv,1620,The object has been dropped.
/home/mdxuser/Genesis/main/data/picked_up_4/upsampled/Black_and_Decker_TR3500SD_2Slice_Toaster_Elastic_medium_upsampled.csv,1890,The object has been dropped.
/home/mdxuser/Genesis/main/data/picked_up_4/upsampled/Black_and_Decker_TR3500SD_2Slice_Toaster_Elastic_medium_upsampled.csv,2160,The object has been dropped.
/home/mdxuser/Genesis/main/data/picked_up_4/upsampled/Black_and_Decker_TR3500SD_2Slice_Toaster_Elastic_medium_upsampled.csv,2430,The object has been dropped.
/home/mdxuser/Genesis/main/data/picked_up_4/upsampled/Black_and_Decker_TR3500SD_2Slice_Toaster_Elastic_medium_upsampled.csv,2700,The object has been dropped.
/home/mdxuser/Genesis/main/data/picked_up_4/upsampled/Beetle_Adventure_Racing_Nintendo_64_Elastic_medium_upsampled.csv,0,"End-effector start towards the object, to begin the task."
/home/mdxuser/Genesis/main/data/picked_up_4/upsampled/Beetle_Adventure_Racing_Nintendo_64_Elastic_medium_upsampled.csv,270,"End-effector grasping the object, using moderate force, causing medium-deformation, with increasing force."
/home/mdxuser/Genesis/main/data/picked_up_4/upsampled/Beetle_Adventure_Racing_Nintendo_64_Elastic_medium_upsampled.csv,540,"End-effector continue grasping the object, using moderate force, causing medium-deformation, with increasing force."
/home/mdxuser/Genesis/main/data/picked_up_4/upsampled/Beetle_Adventure_Racing_Nintendo_64_Elastic_medium_upsampled.csv,810,"End-effector lifting the object, using moderate force, causing medium-deformation, with increasing force."
/home/mdxuser/Genesis/main/data/picked_up_4/upsampled/Beetle_Adventure_Racing_Nintendo_64_Elastic_medium_upsampled.csv,1080,"End-effector rotating the object, by an angle of 45.0 degrees, using moderate force, causing medium-deformation, with constant force."
/home/mdxuser/Genesis/main/data/picked_up_4/upsampled/Beetle_Adventure_Racing_Nintendo_64_Elastic_medium_upsampled.csv,1350,"End-effector holding position of the object, maintaining a stable hold, using moderate force, causing medium-deformation."
/home/mdxuser/Genesis/main/data/picked_up_4/upsampled/Beetle_Adventure_Racing_Nintendo_64_Elastic_medium_upsampled.csv,1620,"End-effector continue holding position of the object, maintaining a stable hold, using moderate force, causing medium-deformation."
/home/mdxuser/Genesis/main/data/picked_up_4/upsampled/Beetle_Adventure_Racing_Nintendo_64_Elastic_medium_upsampled.csv,1890,"End-effector rotating the object, by an angle of 30.0 degrees, using moderate force, causing medium-deformation, with constant force."
/home/mdxuser/Genesis/main/data/picked_up_4/upsampled/Beetle_Adventure_Racing_Nintendo_64_Elastic_medium_upsampled.csv,2160,"End-effector continue rotating the object, by an angle of 30.0 degrees, using moderate force, causing medium-deformation, with constant force."
/home/mdxuser/Genesis/main/data/picked_up_4/upsampled/Beetle_Adventure_Racing_Nintendo_64_Elastic_medium_upsampled.csv,2430,The object has been dropped.
/home/mdxuser/Genesis/main/data/picked_up_4/upsampled/Beetle_Adventure_Racing_Nintendo_64_Elastic_medium_upsampled.csv,2700,The object has been dropped.
/home/mdxuser/Genesis/main/data/picked_up_4/upsampled/Arm_Hammer_Diaper_Pail_Refills_12_Pack_MFWkmoweejt_Elastic_medium_upsampled.csv,0,"End-effector start towards the object, to begin the task."
/home/mdxuser/Genesis/main/data/picked_up_4/upsampled/Arm_Hammer_Diaper_Pail_Refills_12_Pack_MFWkmoweejt_Elastic_medium_upsampled.csv,270,"End-effector grasping the object, using moderate force, causing medium-deformation, with increasing force."
/home/mdxuser/Genesis/main/data/picked_up_4/upsampled/Arm_Hammer_Diaper_Pail_Refills_12_Pack_MFWkmoweejt_Elastic_medium_upsampled.csv,540,"End-effector continue grasping the object, using moderate force, causing medium-deformation, with increasing force."
/home/mdxuser/Genesis/main/data/picked_up_4/upsampled/Arm_Hammer_Diaper_Pail_Refills_12_Pack_MFWkmoweejt_Elastic_medium_upsampled.csv,810,"End-effector lifting the object, using moderate force, causing medium-deformation, with increasing force."
/home/mdxuser/Genesis/main/data/picked_up_4/upsampled/Arm_Hammer_Diaper_Pail_Refills_12_Pack_MFWkmoweejt_Elastic_medium_upsampled.csv,1080,"End-effector rotating the object, by an angle of 30.0 degrees, using moderate force, causing medium-deformation, with constant force."
/home/mdxuser/Genesis/main/data/picked_up_4/upsampled/Arm_Hammer_Diaper_Pail_Refills_12_Pack_MFWkmoweejt_Elastic_medium_upsampled.csv,1350,"End-effector continue rotating the object, by an angle of 30.0 degrees, using moderate force, causing medium-deformation, with constant force."
/home/mdxuser/Genesis/main/data/picked_up_4/upsampled/Arm_Hammer_Diaper_Pail_Refills_12_Pack_MFWkmoweejt_Elastic_medium_upsampled.csv,1620,"End-effector holding position of the object, maintaining a stable hold, using moderate force, causing medium-deformation."
/home/mdxuser/Genesis/main/data/picked_up_4/upsampled/Arm_Hammer_Diaper_Pail_Refills_12_Pack_MFWkmoweejt_Elastic_medium_upsampled.csv,1890,"End-effector rotating the object, by an angle of 30.0 degrees, using moderate force, causing medium-deformation, with constant force."
/home/mdxuser/Genesis/main/data/picked_up_4/upsampled/Arm_Hammer_Diaper_Pail_Refills_12_Pack_MFWkmoweejt_Elastic_medium_upsampled.csv,2160,"End-effector continue rotating the object, by an angle of 30.0 degrees, using moderate force, causing medium-deformation, with constant force."
/home/mdxuser/Genesis/main/data/picked_up_4/upsampled/Arm_Hammer_Diaper_Pail_Refills_12_Pack_MFWkmoweejt_Elastic_medium_upsampled.csv,2430,"End-effector holding position of the object, maintaining a stable hold, using moderate force, causing medium-deformation."
/home/mdxuser/Genesis/main/data/picked_up_4/upsampled/Arm_Hammer_Diaper_Pail_Refills_12_Pack_MFWkmoweejt_Elastic_medium_upsampled.csv,2700,"End-effector stopping the object, using zero-force, causing undeformed shape."
/home/mdxuser/Genesis/main/data/picked_up_4/upsampled/Black_Elderberry_Syrup_54_oz_Gaia_Herbs_Elastic_medium_upsampled.csv,0,"End-effector start towards the object, to begin the task."
/home/mdxuser/Genesis/main/data/picked_up_4/upsampled/Black_Elderberry_Syrup_54_oz_Gaia_Herbs_Elastic_medium_upsampled.csv,270,"End-effector grasping the object, using moderate force, causing medium-deformation, with increasing force."
/home/mdxuser/Genesis/main/data/picked_up_4/upsampled/Black_Elderberry_Syrup_54_oz_Gaia_Herbs_Elastic_medium_upsampled.csv,540,"End-effector continue grasping the object, using moderate force, causing medium-deformation, with increasing force."
/home/mdxuser/Genesis/main/data/picked_up_4/upsampled/Black_Elderberry_Syrup_54_oz_Gaia_Herbs_Elastic_medium_upsampled.csv,810,"End-effector lifting the object, using moderate force, causing medium-deformation, with increasing force."
/home/mdxuser/Genesis/main/data/picked_up_4/upsampled/Black_Elderberry_Syrup_54_oz_Gaia_Herbs_Elastic_medium_upsampled.csv,1080,"End-effector rotating the object, by an angle of 45.0 degrees, using moderate force, causing medium-deformation, with constant force."
/home/mdxuser/Genesis/main/data/picked_up_4/upsampled/Black_Elderberry_Syrup_54_oz_Gaia_Herbs_Elastic_medium_upsampled.csv,1350,"End-effector holding position of the object, maintaining a stable hold, using moderate force, causing medium-deformation."
/home/mdxuser/Genesis/main/data/picked_up_4/upsampled/Black_Elderberry_Syrup_54_oz_Gaia_Herbs_Elastic_medium_upsampled.csv,1620,"End-effector continue holding position of the object, maintaining a stable hold, using moderate force, causing medium-deformation."
/home/mdxuser/Genesis/main/data/picked_up_4/upsampled/Black_Elderberry_Syrup_54_oz_Gaia_Herbs_Elastic_medium_upsampled.csv,1890,"End-effector rotating the object, by an angle of 30.0 degrees, using moderate force, causing medium-deformation, with constant force."
/home/mdxuser/Genesis/main/data/picked_up_4/upsampled/Black_Elderberry_Syrup_54_oz_Gaia_Herbs_Elastic_medium_upsampled.csv,2160,"End-effector continue rotating the object, by an angle of 30.0 degrees, using moderate force, causing medium-deformation, with constant force."
/home/mdxuser/Genesis/main/data/picked_up_4/upsampled/Black_Elderberry_Syrup_54_oz_Gaia_Herbs_Elastic_medium_upsampled.csv,2430,"End-effector holding position of the object, maintaining a stable hold, using moderate force, causing medium-deformation."
/home/mdxuser/Genesis/main/data/picked_up_4/upsampled/Black_Elderberry_Syrup_54_oz_Gaia_Herbs_Elastic_medium_upsampled.csv,2700,"End-effector stopping the object, using zero-force, causing undeformed shape."
/home/mdxuser/Genesis/main/data/picked_up_4/upsampled/Perricone_MD_No_Lipstick_Lipstick_Elastic_medium_upsampled.csv,0,"End-effector start towards the object, to begin the task."
/home/mdxuser/Genesis/main/data/picked_up_4/upsampled/Perricone_MD_No_Lipstick_Lipstick_Elastic_medium_upsampled.csv,270,"End-effector grasping the object, using moderate force, causing medium-deformation, with increasing force."
/home/mdxuser/Genesis/main/data/picked_up_4/upsampled/Perricone_MD_No_Lipstick_Lipstick_Elastic_medium_upsampled.csv,540,"End-effector continue grasping the object, using moderate force, causing medium-deformation, with increasing force."
/home/mdxuser/Genesis/main/data/picked_up_4/upsampled/Perricone_MD_No_Lipstick_Lipstick_Elastic_medium_upsampled.csv,810,"End-effector lifting the object, using moderate force, causing medium-deformation, with increasing force."
/home/mdxuser/Genesis/main/data/picked_up_4/upsampled/Perricone_MD_No_Lipstick_Lipstick_Elastic_medium_upsampled.csv,1080,"End-effector rotating the object, by an angle of 45.0 degrees, using moderate force, causing medium-deformation, with constant force."
/home/mdxuser/Genesis/main/data/picked_up_4/upsampled/Perricone_MD_No_Lipstick_Lipstick_Elastic_medium_upsampled.csv,1350,"End-effector holding position of the object, maintaining a stable hold, using moderate force, causing medium-deformation."
/home/mdxuser/Genesis/main/data/picked_up_4/upsampled/Perricone_MD_No_Lipstick_Lipstick_Elastic_medium_upsampled.csv,1620,"End-effector continue holding position of the object, maintaining a stable hold, using moderate force, causing medium-deformation."
/home/mdxuser/Genesis/main/data/picked_up_4/upsampled/Perricone_MD_No_Lipstick_Lipstick_Elastic_medium_upsampled.csv,1890,"End-effector rotating the object, by an angle of 30.0 degrees, using moderate force, causing medium-deformation, with constant force."
/home/mdxuser/Genesis/main/data/picked_up_4/upsampled/Perricone_MD_No_Lipstick_Lipstick_Elastic_medium_upsampled.csv,2160,"End-effector continue rotating the object, by an angle of 30.0 degrees, using moderate force, causing medium-deformation, with constant force."
/home/mdxuser/Genesis/main/data/picked_up_4/upsampled/Perricone_MD_No_Lipstick_Lipstick_Elastic_medium_upsampled.csv,2430,"End-effector holding position of the object, maintaining a stable hold, using moderate force, causing medium-deformation."
/home/mdxuser/Genesis/main/data/picked_up_4/upsampled/Perricone_MD_No_Lipstick_Lipstick_Elastic_medium_upsampled.csv,2700,The object has been dropped.
/home/mdxuser/Genesis/main/data/picked_up_4/upsampled/DRAGON_W_Elastic_soft_upsampled.csv,0,"End-effector start towards the object, to begin the task."
/home/mdxuser/Genesis/main/data/picked_up_4/upsampled/DRAGON_W_Elastic_soft_upsampled.csv,270,"End-effector grasping the object, using gentle force, causing soft-deformation, with increasing force."
/home/mdxuser/Genesis/main/data/picked_up_4/upsampled/DRAGON_W_Elastic_soft_upsampled.csv,540,"End-effector continue grasping the object, using gentle force, causing soft-deformation, with increasing force."
/home/mdxuser/Genesis/main/data/picked_up_4/upsampled/DRAGON_W_Elastic_soft_upsampled.csv,810,"End-effector lifting the object, using gentle force, causing soft-deformation, with increasing force."
/home/mdxuser/Genesis/main/data/picked_up_4/upsampled/DRAGON_W_Elastic_soft_upsampled.csv,1080,"End-effector rotating the object, by an angle of 30.0 degrees, using gentle force, causing soft-deformation, with constant force."
/home/mdxuser/Genesis/main/data/picked_up_4/upsampled/DRAGON_W_Elastic_soft_upsampled.csv,1350,"End-effector continue rotating the object, by an angle of 30.0 degrees, using gentle force, causing soft-deformation, with constant force."
/home/mdxuser/Genesis/main/data/picked_up_4/upsampled/DRAGON_W_Elastic_soft_upsampled.csv,1620,The object has been dropped.
/home/mdxuser/Genesis/main/data/picked_up_4/upsampled/DRAGON_W_Elastic_soft_upsampled.csv,1890,The object has been dropped.
/home/mdxuser/Genesis/main/data/picked_up_4/upsampled/DRAGON_W_Elastic_soft_upsampled.csv,2160,The object has been dropped.
/home/mdxuser/Genesis/main/data/picked_up_4/upsampled/DRAGON_W_Elastic_soft_upsampled.csv,2430,The object has been dropped.
/home/mdxuser/Genesis/main/data/picked_up_4/upsampled/DRAGON_W_Elastic_soft_upsampled.csv,2700,The object has been dropped.
/home/mdxuser/Genesis/main/data/picked_up_4/upsampled/BIRD_RATTLE_Elastic_soft_upsampled.csv,0,"End-effector start towards the object, to begin the task."
/home/mdxuser/Genesis/main/data/picked_up_4/upsampled/BIRD_RATTLE_Elastic_soft_upsampled.csv,270,"End-effector grasping the object, using gentle force, causing soft-deformation, with increasing force."
/home/mdxuser/Genesis/main/data/picked_up_4/upsampled/BIRD_RATTLE_Elastic_soft_upsampled.csv,540,"End-effector continue grasping the object, using gentle force, causing soft-deformation, with increasing force."
/home/mdxuser/Genesis/main/data/picked_up_4/upsampled/BIRD_RATTLE_Elastic_soft_upsampled.csv,810,"End-effector lifting the object, using gentle force, causing soft-deformation, with increasing force."
/home/mdxuser/Genesis/main/data/picked_up_4/upsampled/BIRD_RATTLE_Elastic_soft_upsampled.csv,1080,"End-effector rotating the object, by an angle of 30.0 degrees, using gentle force, causing soft-deformation, with constant force."
/home/mdxuser/Genesis/main/data/picked_up_4/upsampled/BIRD_RATTLE_Elastic_soft_upsampled.csv,1350,"End-effector continue rotating the object, by an angle of 30.0 degrees, using gentle force, causing soft-deformation, with constant force."
/home/mdxuser/Genesis/main/data/picked_up_4/upsampled/BIRD_RATTLE_Elastic_soft_upsampled.csv,1620,"End-effector holding position of the object, maintaining a stable hold, using gentle force, causing soft-deformation."
/home/mdxuser/Genesis/main/data/picked_up_4/upsampled/BIRD_RATTLE_Elastic_soft_upsampled.csv,1890,"End-effector rotating the object, by an angle of 45.0 degrees, using gentle force, causing soft-deformation, with constant force."
/home/mdxuser/Genesis/main/data/picked_up_4/upsampled/BIRD_RATTLE_Elastic_soft_upsampled.csv,2160,"End-effector continue rotating the object, by an angle of 45.0 degrees, using gentle force, causing soft-deformation, with constant force."
/home/mdxuser/Genesis/main/data/picked_up_4/upsampled/BIRD_RATTLE_Elastic_soft_upsampled.csv,2430,"End-effector holding position of the object, maintaining a stable hold, using gentle force, causing soft-deformation."
/home/mdxuser/Genesis/main/data/picked_up_4/upsampled/BIRD_RATTLE_Elastic_soft_upsampled.csv,2700,"End-effector stopping the object, using zero-force, causing undeformed shape."
/home/mdxuser/Genesis/main/data/picked_up_4/upsampled/Cole_Hardware_Antislip_Surfacing_Material_White_Elastic_medium_upsampled.csv,0,"End-effector start towards the object, to begin the task."
/home/mdxuser/Genesis/main/data/picked_up_4/upsampled/Cole_Hardware_Antislip_Surfacing_Material_White_Elastic_medium_upsampled.csv,270,"End-effector grasping the object, using moderate force, causing medium-deformation, with increasing force."
/home/mdxuser/Genesis/main/data/picked_up_4/upsampled/Cole_Hardware_Antislip_Surfacing_Material_White_Elastic_medium_upsampled.csv,540,"End-effector continue grasping the object, using moderate force, causing medium-deformation, with increasing force."
/home/mdxuser/Genesis/main/data/picked_up_4/upsampled/Cole_Hardware_Antislip_Surfacing_Material_White_Elastic_medium_upsampled.csv,810,"End-effector lifting the object, using moderate force, causing medium-deformation, with increasing force."
/home/mdxuser/Genesis/main/data/picked_up_4/upsampled/Cole_Hardware_Antislip_Surfacing_Material_White_Elastic_medium_upsampled.csv,1080,"End-effector rotating the object, by an angle of 30.0 degrees, using moderate force, causing medium-deformation, with constant force."
/home/mdxuser/Genesis/main/data/picked_up_4/upsampled/Cole_Hardware_Antislip_Surfacing_Material_White_Elastic_medium_upsampled.csv,1350,"End-effector continue rotating the object, by an angle of 30.0 degrees, using moderate force, causing medium-deformation, with constant force."
/home/mdxuser/Genesis/main/data/picked_up_4/upsampled/Cole_Hardware_Antislip_Surfacing_Material_White_Elastic_medium_upsampled.csv,1620,"End-effector holding position of the object, maintaining a stable hold, using moderate force, causing medium-deformation."
/home/mdxuser/Genesis/main/data/picked_up_4/upsampled/Cole_Hardware_Antislip_Surfacing_Material_White_Elastic_medium_upsampled.csv,1890,"End-effector rotating the object, by an angle of 45.0 degrees, using moderate force, causing medium-deformation, with constant force."
/home/mdxuser/Genesis/main/data/picked_up_4/upsampled/Cole_Hardware_Antislip_Surfacing_Material_White_Elastic_medium_upsampled.csv,2160,"End-effector continue rotating the object, by an angle of 45.0 degrees, using moderate force, causing medium-deformation, with constant force."
/home/mdxuser/Genesis/main/data/picked_up_4/upsampled/Cole_Hardware_Antislip_Surfacing_Material_White_Elastic_medium_upsampled.csv,2430,The object has been dropped.
/home/mdxuser/Genesis/main/data/picked_up_4/upsampled/Cole_Hardware_Antislip_Surfacing_Material_White_Elastic_medium_upsampled.csv,2700,The object has been dropped.
/home/mdxuser/Genesis/main/data/picked_up_4/upsampled/Perricone_MD_Neuropeptide_Firming_Moisturizer_Elastic_soft_upsampled.csv,0,"End-effector start towards the object, to begin the task."
/home/mdxuser/Genesis/main/data/picked_up_4/upsampled/Perricone_MD_Neuropeptide_Firming_Moisturizer_Elastic_soft_upsampled.csv,270,"End-effector grasping the object, using gentle force, causing soft-deformation, with increasing force."
/home/mdxuser/Genesis/main/data/picked_up_4/upsampled/Perricone_MD_Neuropeptide_Firming_Moisturizer_Elastic_soft_upsampled.csv,540,"End-effector continue grasping the object, using gentle force, causing soft-deformation, with increasing force."
/home/mdxuser/Genesis/main/data/picked_up_4/upsampled/Perricone_MD_Neuropeptide_Firming_Moisturizer_Elastic_soft_upsampled.csv,810,"End-effector lifting the object, using gentle force, causing soft-deformation, with increasing force."
/home/mdxuser/Genesis/main/data/picked_up_4/upsampled/Perricone_MD_Neuropeptide_Firming_Moisturizer_Elastic_soft_upsampled.csv,1080,"End-effector rotating the object, by an angle of 45.0 degrees, using gentle force, causing soft-deformation, with constant force."
/home/mdxuser/Genesis/main/data/picked_up_4/upsampled/Perricone_MD_Neuropeptide_Firming_Moisturizer_Elastic_soft_upsampled.csv,1350,"End-effector continue rotating the object, by an angle of 45.0 degrees, using gentle force, causing soft-deformation, with constant force."
/home/mdxuser/Genesis/main/data/picked_up_4/upsampled/Perricone_MD_Neuropeptide_Firming_Moisturizer_Elastic_soft_upsampled.csv,1620,The object has been dropped.
/home/mdxuser/Genesis/main/data/picked_up_4/upsampled/Perricone_MD_Neuropeptide_Firming_Moisturizer_Elastic_soft_upsampled.csv,1890,The object has been dropped.
/home/mdxuser/Genesis/main/data/picked_up_4/upsampled/Perricone_MD_Neuropeptide_Firming_Moisturizer_Elastic_soft_upsampled.csv,2160,The object has been dropped.
/home/mdxuser/Genesis/main/data/picked_up_4/upsampled/Perricone_MD_Neuropeptide_Firming_Moisturizer_Elastic_soft_upsampled.csv,2430,The object has been dropped.
/home/mdxuser/Genesis/main/data/picked_up_4/upsampled/Perricone_MD_Neuropeptide_Firming_Moisturizer_Elastic_soft_upsampled.csv,2700,The object has been dropped.
/home/mdxuser/Genesis/main/data/picked_up_4/upsampled/CoQ10_BjTLbuRVt1t_Elastic_hard_upsampled.csv,0,"End-effector start towards the object, to begin the task."
/home/mdxuser/Genesis/main/data/picked_up_4/upsampled/CoQ10_BjTLbuRVt1t_Elastic_hard_upsampled.csv,270,"End-effector grasping the object, using strong force, causing hard-deformation, with increasing force."
/home/mdxuser/Genesis/main/data/picked_up_4/upsampled/CoQ10_BjTLbuRVt1t_Elastic_hard_upsampled.csv,540,"End-effector continue grasping the object, using strong force, causing hard-deformation, with increasing force."
/home/mdxuser/Genesis/main/data/picked_up_4/upsampled/CoQ10_BjTLbuRVt1t_Elastic_hard_upsampled.csv,810,"End-effector lifting the object, using strong force, causing hard-deformation, with increasing force."
/home/mdxuser/Genesis/main/data/picked_up_4/upsampled/CoQ10_BjTLbuRVt1t_Elastic_hard_upsampled.csv,1080,"End-effector rotating the object, by an angle of 45.0 degrees, using strong force, causing hard-deformation, with constant force."
/home/mdxuser/Genesis/main/data/picked_up_4/upsampled/CoQ10_BjTLbuRVt1t_Elastic_hard_upsampled.csv,1350,"End-effector holding position of the object, maintaining a stable hold, using strong force, causing hard-deformation."
/home/mdxuser/Genesis/main/data/picked_up_4/upsampled/CoQ10_BjTLbuRVt1t_Elastic_hard_upsampled.csv,1620,"End-effector continue holding position of the object, maintaining a stable hold, using strong force, causing hard-deformation."
/home/mdxuser/Genesis/main/data/picked_up_4/upsampled/CoQ10_BjTLbuRVt1t_Elastic_hard_upsampled.csv,1890,"End-effector rotating the object, by an angle of 45.0 degrees, using strong force, causing hard-deformation, with constant force."
/home/mdxuser/Genesis/main/data/picked_up_4/upsampled/CoQ10_BjTLbuRVt1t_Elastic_hard_upsampled.csv,2160,"End-effector continue rotating the object, by an angle of 45.0 degrees, using strong force, causing hard-deformation, with constant force."
/home/mdxuser/Genesis/main/data/picked_up_4/upsampled/CoQ10_BjTLbuRVt1t_Elastic_hard_upsampled.csv,2430,The object has been dropped.
/home/mdxuser/Genesis/main/data/picked_up_4/upsampled/CoQ10_BjTLbuRVt1t_Elastic_hard_upsampled.csv,2700,The object has been dropped.
/home/mdxuser/Genesis/main/data/picked_up_4/upsampled/Don_Franciscos_Gourmet_Coffee_Medium_Decaf_100_Colombian_12_oz_340_g_Elastic_hard_upsampled.csv,0,"End-effector start towards the object, to begin the task."
/home/mdxuser/Genesis/main/data/picked_up_4/upsampled/Don_Franciscos_Gourmet_Coffee_Medium_Decaf_100_Colombian_12_oz_340_g_Elastic_hard_upsampled.csv,270,"End-effector grasping the object, using strong force, causing hard-deformation, with increasing force."
/home/mdxuser/Genesis/main/data/picked_up_4/upsampled/Don_Franciscos_Gourmet_Coffee_Medium_Decaf_100_Colombian_12_oz_340_g_Elastic_hard_upsampled.csv,540,"End-effector continue grasping the object, using strong force, causing hard-deformation, with increasing force."
/home/mdxuser/Genesis/main/data/picked_up_4/upsampled/Don_Franciscos_Gourmet_Coffee_Medium_Decaf_100_Colombian_12_oz_340_g_Elastic_hard_upsampled.csv,810,"End-effector lifting the object, using strong force, causing hard-deformation, with increasing force."
/home/mdxuser/Genesis/main/data/picked_up_4/upsampled/Don_Franciscos_Gourmet_Coffee_Medium_Decaf_100_Colombian_12_oz_340_g_Elastic_hard_upsampled.csv,1080,"End-effector rotating the object, by an angle of 45.0 degrees, using strong force, causing hard-deformation, with constant force."
/home/mdxuser/Genesis/main/data/picked_up_4/upsampled/Don_Franciscos_Gourmet_Coffee_Medium_Decaf_100_Colombian_12_oz_340_g_Elastic_hard_upsampled.csv,1350,"End-effector holding position of the object, maintaining a stable hold, using strong force, causing hard-deformation."
/home/mdxuser/Genesis/main/data/picked_up_4/upsampled/Don_Franciscos_Gourmet_Coffee_Medium_Decaf_100_Colombian_12_oz_340_g_Elastic_hard_upsampled.csv,1620,"End-effector continue holding position of the object, maintaining a stable hold, using strong force, causing hard-deformation."
/home/mdxuser/Genesis/main/data/picked_up_4/upsampled/Don_Franciscos_Gourmet_Coffee_Medium_Decaf_100_Colombian_12_oz_340_g_Elastic_hard_upsampled.csv,1890,"End-effector rotating the object, by an angle of 45.0 degrees, using strong force, causing hard-deformation, with constant force."
/home/mdxuser/Genesis/main/data/picked_up_4/upsampled/Don_Franciscos_Gourmet_Coffee_Medium_Decaf_100_Colombian_12_oz_340_g_Elastic_hard_upsampled.csv,2160,"End-effector continue rotating the object, by an angle of 45.0 degrees, using strong force, causing hard-deformation, with constant force."
/home/mdxuser/Genesis/main/data/picked_up_4/upsampled/Don_Franciscos_Gourmet_Coffee_Medium_Decaf_100_Colombian_12_oz_340_g_Elastic_hard_upsampled.csv,2430,"End-effector holding position of the object, maintaining a stable hold, using strong force, causing hard-deformation."
/home/mdxuser/Genesis/main/data/picked_up_4/upsampled/Don_Franciscos_Gourmet_Coffee_Medium_Decaf_100_Colombian_12_oz_340_g_Elastic_hard_upsampled.csv,2700,"End-effector stopping the object, using zero-force, causing undeformed shape."
/home/mdxuser/Genesis/main/data/picked_up_4/upsampled/CAR_CARRIER_TRAIN_Elastic_hard_upsampled.csv,0,"End-effector start towards the object, to begin the task."
/home/mdxuser/Genesis/main/data/picked_up_4/upsampled/CAR_CARRIER_TRAIN_Elastic_hard_upsampled.csv,270,"End-effector grasping the object, using strong force, causing hard-deformation, with increasing force."
/home/mdxuser/Genesis/main/data/picked_up_4/upsampled/CAR_CARRIER_TRAIN_Elastic_hard_upsampled.csv,540,"End-effector continue grasping the object, using strong force, causing hard-deformation, with increasing force."
/home/mdxuser/Genesis/main/data/picked_up_4/upsampled/CAR_CARRIER_TRAIN_Elastic_hard_upsampled.csv,810,"End-effector lifting the object, using strong force, causing hard-deformation, with increasing force."
/home/mdxuser/Genesis/main/data/picked_up_4/upsampled/CAR_CARRIER_TRAIN_Elastic_hard_upsampled.csv,1080,"End-effector rotating the object, by an angle of 30.0 degrees, using strong force, causing hard-deformation, with constant force."
/home/mdxuser/Genesis/main/data/picked_up_4/upsampled/CAR_CARRIER_TRAIN_Elastic_hard_upsampled.csv,1350,"End-effector continue rotating the object, by an angle of 30.0 degrees, using strong force, causing hard-deformation, with constant force."
/home/mdxuser/Genesis/main/data/picked_up_4/upsampled/CAR_CARRIER_TRAIN_Elastic_hard_upsampled.csv,1620,The object has been dropped.
/home/mdxuser/Genesis/main/data/picked_up_4/upsampled/CAR_CARRIER_TRAIN_Elastic_hard_upsampled.csv,1890,The object has been dropped.
/home/mdxuser/Genesis/main/data/picked_up_4/upsampled/CAR_CARRIER_TRAIN_Elastic_hard_upsampled.csv,2160,The object has been dropped.
/home/mdxuser/Genesis/main/data/picked_up_4/upsampled/CAR_CARRIER_TRAIN_Elastic_hard_upsampled.csv,2430,The object has been dropped.
/home/mdxuser/Genesis/main/data/picked_up_4/upsampled/CAR_CARRIER_TRAIN_Elastic_hard_upsampled.csv,2700,The object has been dropped.
/home/mdxuser/Genesis/main/data/picked_up_4/upsampled/Central_Garden_Flower_Pot_Goo_425_Elastic_hard_upsampled.csv,0,"End-effector start towards the object, to begin the task."
/home/mdxuser/Genesis/main/data/picked_up_4/upsampled/Central_Garden_Flower_Pot_Goo_425_Elastic_hard_upsampled.csv,270,"End-effector grasping the object, using strong force, causing hard-deformation, with increasing force."
/home/mdxuser/Genesis/main/data/picked_up_4/upsampled/Central_Garden_Flower_Pot_Goo_425_Elastic_hard_upsampled.csv,540,"End-effector continue grasping the object, using strong force, causing hard-deformation, with increasing force."
/home/mdxuser/Genesis/main/data/picked_up_4/upsampled/Central_Garden_Flower_Pot_Goo_425_Elastic_hard_upsampled.csv,810,"End-effector lifting the object, using strong force, causing hard-deformation, with increasing force."
/home/mdxuser/Genesis/main/data/picked_up_4/upsampled/Central_Garden_Flower_Pot_Goo_425_Elastic_hard_upsampled.csv,1080,"End-effector rotating the object, by an angle of 45.0 degrees, using strong force, causing hard-deformation, with constant force."
/home/mdxuser/Genesis/main/data/picked_up_4/upsampled/Central_Garden_Flower_Pot_Goo_425_Elastic_hard_upsampled.csv,1350,The object has been dropped.
/home/mdxuser/Genesis/main/data/picked_up_4/upsampled/Central_Garden_Flower_Pot_Goo_425_Elastic_hard_upsampled.csv,1620,The object has been dropped.
/home/mdxuser/Genesis/main/data/picked_up_4/upsampled/Central_Garden_Flower_Pot_Goo_425_Elastic_hard_upsampled.csv,1890,The object has been dropped.
/home/mdxuser/Genesis/main/data/picked_up_4/upsampled/Central_Garden_Flower_Pot_Goo_425_Elastic_hard_upsampled.csv,2160,The object has been dropped.
/home/mdxuser/Genesis/main/data/picked_up_4/upsampled/Central_Garden_Flower_Pot_Goo_425_Elastic_hard_upsampled.csv,2430,The object has been dropped.
/home/mdxuser/Genesis/main/data/picked_up_4/upsampled/Central_Garden_Flower_Pot_Goo_425_Elastic_hard_upsampled.csv,2700,The object has been dropped.
/home/mdxuser/Genesis/main/data/picked_up_4/upsampled/ASICS_GEL1140V_WhiteBlackSilver_Elastic_soft_upsampled.csv,0,"End-effector start towards the object, to begin the task."
/home/mdxuser/Genesis/main/data/picked_up_4/upsampled/ASICS_GEL1140V_WhiteBlackSilver_Elastic_soft_upsampled.csv,270,"End-effector grasping the object, using gentle force, causing soft-deformation, with increasing force."
/home/mdxuser/Genesis/main/data/picked_up_4/upsampled/ASICS_GEL1140V_WhiteBlackSilver_Elastic_soft_upsampled.csv,540,"End-effector continue grasping the object, using gentle force, causing soft-deformation, with increasing force."
/home/mdxuser/Genesis/main/data/picked_up_4/upsampled/ASICS_GEL1140V_WhiteBlackSilver_Elastic_soft_upsampled.csv,810,"End-effector lifting the object, using gentle force, causing soft-deformation, with increasing force."
/home/mdxuser/Genesis/main/data/picked_up_4/upsampled/ASICS_GEL1140V_WhiteBlackSilver_Elastic_soft_upsampled.csv,1080,"End-effector rotating the object, by an angle of 30.0 degrees, using gentle force, causing soft-deformation, with constant force."
/home/mdxuser/Genesis/main/data/picked_up_4/upsampled/ASICS_GEL1140V_WhiteBlackSilver_Elastic_soft_upsampled.csv,1350,"End-effector continue rotating the object, by an angle of 30.0 degrees, using gentle force, causing soft-deformation, with constant force."
/home/mdxuser/Genesis/main/data/picked_up_4/upsampled/ASICS_GEL1140V_WhiteBlackSilver_Elastic_soft_upsampled.csv,1620,The object has been dropped.
/home/mdxuser/Genesis/main/data/picked_up_4/upsampled/ASICS_GEL1140V_WhiteBlackSilver_Elastic_soft_upsampled.csv,1890,The object has been dropped.
/home/mdxuser/Genesis/main/data/picked_up_4/upsampled/ASICS_GEL1140V_WhiteBlackSilver_Elastic_soft_upsampled.csv,2160,The object has been dropped.
/home/mdxuser/Genesis/main/data/picked_up_4/upsampled/ASICS_GEL1140V_WhiteBlackSilver_Elastic_soft_upsampled.csv,2430,The object has been dropped.
/home/mdxuser/Genesis/main/data/picked_up_4/upsampled/ASICS_GEL1140V_WhiteBlackSilver_Elastic_soft_upsampled.csv,2700,The object has been dropped.
/home/mdxuser/Genesis/main/data/picked_up_4/upsampled/CoQ10_Elastic_medium_upsampled.csv,0,"End-effector start towards the object, to begin the task."
/home/mdxuser/Genesis/main/data/picked_up_4/upsampled/CoQ10_Elastic_medium_upsampled.csv,270,"End-effector grasping the object, using moderate force, causing medium-deformation, with increasing force."
/home/mdxuser/Genesis/main/data/picked_up_4/upsampled/CoQ10_Elastic_medium_upsampled.csv,540,"End-effector continue grasping the object, using moderate force, causing medium-deformation, with increasing force."
/home/mdxuser/Genesis/main/data/picked_up_4/upsampled/CoQ10_Elastic_medium_upsampled.csv,810,"End-effector lifting the object, using moderate force, causing medium-deformation, with increasing force."
/home/mdxuser/Genesis/main/data/picked_up_4/upsampled/CoQ10_Elastic_medium_upsampled.csv,1080,"End-effector rotating the object, by an angle of 45.0 degrees, using moderate force, causing medium-deformation, with constant force."
/home/mdxuser/Genesis/main/data/picked_up_4/upsampled/CoQ10_Elastic_medium_upsampled.csv,1350,"End-effector holding position of the object, maintaining a stable hold, using moderate force, causing medium-deformation."
/home/mdxuser/Genesis/main/data/picked_up_4/upsampled/CoQ10_Elastic_medium_upsampled.csv,1620,"End-effector continue holding position of the object, maintaining a stable hold, using moderate force, causing medium-deformation."
/home/mdxuser/Genesis/main/data/picked_up_4/upsampled/CoQ10_Elastic_medium_upsampled.csv,1890,"End-effector rotating the object, by an angle of 30.0 degrees, using moderate force, causing medium-deformation, with constant force."
/home/mdxuser/Genesis/main/data/picked_up_4/upsampled/CoQ10_Elastic_medium_upsampled.csv,2160,"End-effector continue rotating the object, by an angle of 30.0 degrees, using moderate force, causing medium-deformation, with constant force."
/home/mdxuser/Genesis/main/data/picked_up_4/upsampled/CoQ10_Elastic_medium_upsampled.csv,2430,"End-effector holding position of the object, maintaining a stable hold, using moderate force, causing medium-deformation."
/home/mdxuser/Genesis/main/data/picked_up_4/upsampled/CoQ10_Elastic_medium_upsampled.csv,2700,The object has been dropped.
/home/mdxuser/Genesis/main/data/picked_up_4/upsampled/Down_To_Earth_Orchid_Pot_Ceramic_Lime_Elastic_medium_upsampled.csv,0,"End-effector start towards the object, to begin the task."
/home/mdxuser/Genesis/main/data/picked_up_4/upsampled/Down_To_Earth_Orchid_Pot_Ceramic_Lime_Elastic_medium_upsampled.csv,270,"End-effector grasping the object, using moderate force, causing medium-deformation, with increasing force."
/home/mdxuser/Genesis/main/data/picked_up_4/upsampled/Down_To_Earth_Orchid_Pot_Ceramic_Lime_Elastic_medium_upsampled.csv,540,"End-effector continue grasping the object, using moderate force, causing medium-deformation, with increasing force."
/home/mdxuser/Genesis/main/data/picked_up_4/upsampled/Down_To_Earth_Orchid_Pot_Ceramic_Lime_Elastic_medium_upsampled.csv,810,"End-effector lifting the object, using moderate force, causing medium-deformation, with increasing force."
/home/mdxuser/Genesis/main/data/picked_up_4/upsampled/Down_To_Earth_Orchid_Pot_Ceramic_Lime_Elastic_medium_upsampled.csv,1080,"End-effector rotating the object, by an angle of 45.0 degrees, using moderate force, causing medium-deformation, with constant force."
/home/mdxuser/Genesis/main/data/picked_up_4/upsampled/Down_To_Earth_Orchid_Pot_Ceramic_Lime_Elastic_medium_upsampled.csv,1350,"End-effector continue rotating the object, by an angle of 45.0 degrees, using moderate force, causing medium-deformation, with constant force."
/home/mdxuser/Genesis/main/data/picked_up_4/upsampled/Down_To_Earth_Orchid_Pot_Ceramic_Lime_Elastic_medium_upsampled.csv,1620,The object has been dropped.
/home/mdxuser/Genesis/main/data/picked_up_4/upsampled/Down_To_Earth_Orchid_Pot_Ceramic_Lime_Elastic_medium_upsampled.csv,1890,The object has been dropped.
/home/mdxuser/Genesis/main/data/picked_up_4/upsampled/Down_To_Earth_Orchid_Pot_Ceramic_Lime_Elastic_medium_upsampled.csv,2160,The object has been dropped.
/home/mdxuser/Genesis/main/data/picked_up_4/upsampled/Down_To_Earth_Orchid_Pot_Ceramic_Lime_Elastic_medium_upsampled.csv,2430,The object has been dropped.
/home/mdxuser/Genesis/main/data/picked_up_4/upsampled/Down_To_Earth_Orchid_Pot_Ceramic_Lime_Elastic_medium_upsampled.csv,2700,The object has been dropped.
/home/mdxuser/Genesis/main/data/picked_up_4/upsampled/Office_Depot_Dell_Series_11_Remanufactured_Ink_Cartridge_TriColor_Elastic_hard_upsampled.csv,0,"End-effector start towards the object, to begin the task."
/home/mdxuser/Genesis/main/data/picked_up_4/upsampled/Office_Depot_Dell_Series_11_Remanufactured_Ink_Cartridge_TriColor_Elastic_hard_upsampled.csv,270,"End-effector grasping the object, using strong force, causing hard-deformation, with increasing force."
/home/mdxuser/Genesis/main/data/picked_up_4/upsampled/Office_Depot_Dell_Series_11_Remanufactured_Ink_Cartridge_TriColor_Elastic_hard_upsampled.csv,540,"End-effector continue grasping the object, using strong force, causing hard-deformation, with increasing force."
/home/mdxuser/Genesis/main/data/picked_up_4/upsampled/Office_Depot_Dell_Series_11_Remanufactured_Ink_Cartridge_TriColor_Elastic_hard_upsampled.csv,810,"End-effector lifting the object, using strong force, causing hard-deformation, with increasing force."
/home/mdxuser/Genesis/main/data/picked_up_4/upsampled/Office_Depot_Dell_Series_11_Remanufactured_Ink_Cartridge_TriColor_Elastic_hard_upsampled.csv,1080,"End-effector rotating the object, by an angle of 30.0 degrees, using strong force, causing hard-deformation, with constant force."
/home/mdxuser/Genesis/main/data/picked_up_4/upsampled/Office_Depot_Dell_Series_11_Remanufactured_Ink_Cartridge_TriColor_Elastic_hard_upsampled.csv,1350,"End-effector continue rotating the object, by an angle of 30.0 degrees, using strong force, causing hard-deformation, with constant force."
/home/mdxuser/Genesis/main/data/picked_up_4/upsampled/Office_Depot_Dell_Series_11_Remanufactured_Ink_Cartridge_TriColor_Elastic_hard_upsampled.csv,1620,"End-effector holding position of the object, maintaining a stable hold, using strong force, causing hard-deformation."
/home/mdxuser/Genesis/main/data/picked_up_4/upsampled/Office_Depot_Dell_Series_11_Remanufactured_Ink_Cartridge_TriColor_Elastic_hard_upsampled.csv,1890,"End-effector rotating the object, by an angle of 30.0 degrees, using strong force, causing hard-deformation, with constant force."
/home/mdxuser/Genesis/main/data/picked_up_4/upsampled/Office_Depot_Dell_Series_11_Remanufactured_Ink_Cartridge_TriColor_Elastic_hard_upsampled.csv,2160,"End-effector continue rotating the object, by an angle of 30.0 degrees, using strong force, causing hard-deformation, with constant force."
/home/mdxuser/Genesis/main/data/picked_up_4/upsampled/Office_Depot_Dell_Series_11_Remanufactured_Ink_Cartridge_TriColor_Elastic_hard_upsampled.csv,2430,The object has been dropped.
/home/mdxuser/Genesis/main/data/picked_up_4/upsampled/Office_Depot_Dell_Series_11_Remanufactured_Ink_Cartridge_TriColor_Elastic_hard_upsampled.csv,2700,The object has been dropped.
/home/mdxuser/Genesis/main/data/picked_up_4/upsampled/adistar_boost_m_Elastic_soft_upsampled.csv,0,"End-effector start towards the object, to begin the task."
/home/mdxuser/Genesis/main/data/picked_up_4/upsampled/adistar_boost_m_Elastic_soft_upsampled.csv,270,"End-effector grasping the object, using gentle force, causing soft-deformation, with increasing force."
/home/mdxuser/Genesis/main/data/picked_up_4/upsampled/adistar_boost_m_Elastic_soft_upsampled.csv,540,"End-effector continue grasping the object, using gentle force, causing soft-deformation, with increasing force."
/home/mdxuser/Genesis/main/data/picked_up_4/upsampled/adistar_boost_m_Elastic_soft_upsampled.csv,810,"End-effector lifting the object, using gentle force, causing soft-deformation, with increasing force."
/home/mdxuser/Genesis/main/data/picked_up_4/upsampled/adistar_boost_m_Elastic_soft_upsampled.csv,1080,"End-effector rotating the object, by an angle of 30.0 degrees, using gentle force, causing soft-deformation, with constant force."
/home/mdxuser/Genesis/main/data/picked_up_4/upsampled/adistar_boost_m_Elastic_soft_upsampled.csv,1350,"End-effector continue rotating the object, by an angle of 30.0 degrees, using gentle force, causing soft-deformation, with constant force."
/home/mdxuser/Genesis/main/data/picked_up_4/upsampled/adistar_boost_m_Elastic_soft_upsampled.csv,1620,"End-effector holding position of the object, maintaining a stable hold, using gentle force, causing soft-deformation."
/home/mdxuser/Genesis/main/data/picked_up_4/upsampled/adistar_boost_m_Elastic_soft_upsampled.csv,1890,"End-effector rotating the object, by an angle of 45.0 degrees, using gentle force, causing soft-deformation, with constant force."
/home/mdxuser/Genesis/main/data/picked_up_4/upsampled/adistar_boost_m_Elastic_soft_upsampled.csv,2160,"End-effector continue rotating the object, by an angle of 45.0 degrees, using gentle force, causing soft-deformation, with constant force."
/home/mdxuser/Genesis/main/data/picked_up_4/upsampled/adistar_boost_m_Elastic_soft_upsampled.csv,2430,The object has been dropped.
/home/mdxuser/Genesis/main/data/picked_up_4/upsampled/adistar_boost_m_Elastic_soft_upsampled.csv,2700,The object has been dropped.
/home/mdxuser/Genesis/main/data/picked_up_4/upsampled/Ecoforms_Cup_B4_SAN_Elastic_soft_upsampled.csv,0,"End-effector start towards the object, to begin the task."
/home/mdxuser/Genesis/main/data/picked_up_4/upsampled/Ecoforms_Cup_B4_SAN_Elastic_soft_upsampled.csv,270,"End-effector grasping the object, using gentle force, causing soft-deformation, with increasing force."
/home/mdxuser/Genesis/main/data/picked_up_4/upsampled/Ecoforms_Cup_B4_SAN_Elastic_soft_upsampled.csv,540,"End-effector continue grasping the object, using gentle force, causing soft-deformation, with increasing force."
/home/mdxuser/Genesis/main/data/picked_up_4/upsampled/Ecoforms_Cup_B4_SAN_Elastic_soft_upsampled.csv,810,"End-effector lifting the object, using gentle force, causing soft-deformation, with increasing force."
/home/mdxuser/Genesis/main/data/picked_up_4/upsampled/Ecoforms_Cup_B4_SAN_Elastic_soft_upsampled.csv,1080,"End-effector rotating the object, by an angle of 45.0 degrees, using gentle force, causing soft-deformation, with constant force."
/home/mdxuser/Genesis/main/data/picked_up_4/upsampled/Ecoforms_Cup_B4_SAN_Elastic_soft_upsampled.csv,1350,"End-effector holding position of the object, maintaining a stable hold, using gentle force, causing soft-deformation."
/home/mdxuser/Genesis/main/data/picked_up_4/upsampled/Ecoforms_Cup_B4_SAN_Elastic_soft_upsampled.csv,1620,"End-effector continue holding position of the object, maintaining a stable hold, using gentle force, causing soft-deformation."
/home/mdxuser/Genesis/main/data/picked_up_4/upsampled/Ecoforms_Cup_B4_SAN_Elastic_soft_upsampled.csv,1890,"End-effector rotating the object, by an angle of 45.0 degrees, using gentle force, causing soft-deformation, with constant force."
/home/mdxuser/Genesis/main/data/picked_up_4/upsampled/Ecoforms_Cup_B4_SAN_Elastic_soft_upsampled.csv,2160,The object has been dropped.
/home/mdxuser/Genesis/main/data/picked_up_4/upsampled/Ecoforms_Cup_B4_SAN_Elastic_soft_upsampled.csv,2430,The object has been dropped.
/home/mdxuser/Genesis/main/data/picked_up_4/upsampled/Ecoforms_Cup_B4_SAN_Elastic_soft_upsampled.csv,2700,The object has been dropped.
/home/mdxuser/Genesis/main/data/picked_up_4/upsampled/CHICKEN_NESTING_Elastic_hard_upsampled.csv,0,"End-effector start towards the object, to begin the task."
/home/mdxuser/Genesis/main/data/picked_up_4/upsampled/CHICKEN_NESTING_Elastic_hard_upsampled.csv,270,"End-effector grasping the object, using strong force, causing hard-deformation, with increasing force."
/home/mdxuser/Genesis/main/data/picked_up_4/upsampled/CHICKEN_NESTING_Elastic_hard_upsampled.csv,540,"End-effector continue grasping the object, using strong force, causing hard-deformation, with increasing force."
/home/mdxuser/Genesis/main/data/picked_up_4/upsampled/CHICKEN_NESTING_Elastic_hard_upsampled.csv,810,"End-effector lifting the object, using strong force, causing hard-deformation, with increasing force."
/home/mdxuser/Genesis/main/data/picked_up_4/upsampled/CHICKEN_NESTING_Elastic_hard_upsampled.csv,1080,"End-effector rotating the object, by an angle of 30.0 degrees, using strong force, causing hard-deformation, with constant force."
/home/mdxuser/Genesis/main/data/picked_up_4/upsampled/CHICKEN_NESTING_Elastic_hard_upsampled.csv,1350,"End-effector continue rotating the object, by an angle of 30.0 degrees, using strong force, causing hard-deformation, with constant force."
/home/mdxuser/Genesis/main/data/picked_up_4/upsampled/CHICKEN_NESTING_Elastic_hard_upsampled.csv,1620,"End-effector holding position of the object, maintaining a stable hold, using strong force, causing hard-deformation."
/home/mdxuser/Genesis/main/data/picked_up_4/upsampled/CHICKEN_NESTING_Elastic_hard_upsampled.csv,1890,"End-effector rotating the object, by an angle of 30.0 degrees, using strong force, causing hard-deformation, with constant force."
/home/mdxuser/Genesis/main/data/picked_up_4/upsampled/CHICKEN_NESTING_Elastic_hard_upsampled.csv,2160,"End-effector continue rotating the object, by an angle of 30.0 degrees, using strong force, causing hard-deformation, with constant force."
/home/mdxuser/Genesis/main/data/picked_up_4/upsampled/CHICKEN_NESTING_Elastic_hard_upsampled.csv,2430,"End-effector holding position of the object, maintaining a stable hold, using strong force, causing hard-deformation."
/home/mdxuser/Genesis/main/data/picked_up_4/upsampled/CHICKEN_NESTING_Elastic_hard_upsampled.csv,2700,"End-effector stopping the object, using zero-force, causing undeformed shape."
/home/mdxuser/Genesis/main/data/picked_up_4/upsampled/Office_Depot_Canon_CL_41_Remanufactured_Ink_Cartridge_TriColor_Elastic_medium_upsampled.csv,0,"End-effector start towards the object, to begin the task."
/home/mdxuser/Genesis/main/data/picked_up_4/upsampled/Office_Depot_Canon_CL_41_Remanufactured_Ink_Cartridge_TriColor_Elastic_medium_upsampled.csv,270,"End-effector grasping the object, using moderate force, causing medium-deformation, with increasing force."
/home/mdxuser/Genesis/main/data/picked_up_4/upsampled/Office_Depot_Canon_CL_41_Remanufactured_Ink_Cartridge_TriColor_Elastic_medium_upsampled.csv,540,"End-effector continue grasping the object, using moderate force, causing medium-deformation, with increasing force."
/home/mdxuser/Genesis/main/data/picked_up_4/upsampled/Office_Depot_Canon_CL_41_Remanufactured_Ink_Cartridge_TriColor_Elastic_medium_upsampled.csv,810,"End-effector lifting the object, using moderate force, causing medium-deformation, with increasing force."
/home/mdxuser/Genesis/main/data/picked_up_4/upsampled/Office_Depot_Canon_CL_41_Remanufactured_Ink_Cartridge_TriColor_Elastic_medium_upsampled.csv,1080,"End-effector rotating the object, by an angle of 30.0 degrees, using moderate force, causing medium-deformation, with constant force."
/home/mdxuser/Genesis/main/data/picked_up_4/upsampled/Office_Depot_Canon_CL_41_Remanufactured_Ink_Cartridge_TriColor_Elastic_medium_upsampled.csv,1350,"End-effector continue rotating the object, by an angle of 30.0 degrees, using moderate force, causing medium-deformation, with constant force."
/home/mdxuser/Genesis/main/data/picked_up_4/upsampled/Office_Depot_Canon_CL_41_Remanufactured_Ink_Cartridge_TriColor_Elastic_medium_upsampled.csv,1620,"End-effector holding position of the object, maintaining a stable hold, using moderate force, causing medium-deformation."
/home/mdxuser/Genesis/main/data/picked_up_4/upsampled/Office_Depot_Canon_CL_41_Remanufactured_Ink_Cartridge_TriColor_Elastic_medium_upsampled.csv,1890,"End-effector rotating the object, by an angle of 45.0 degrees, using moderate force, causing medium-deformation, with constant force."
/home/mdxuser/Genesis/main/data/picked_up_4/upsampled/Office_Depot_Canon_CL_41_Remanufactured_Ink_Cartridge_TriColor_Elastic_medium_upsampled.csv,2160,"End-effector holding position of the object, maintaining a stable hold, using moderate force, causing medium-deformation."
/home/mdxuser/Genesis/main/data/picked_up_4/upsampled/Office_Depot_Canon_CL_41_Remanufactured_Ink_Cartridge_TriColor_Elastic_medium_upsampled.csv,2430,"End-effector continue holding position of the object, maintaining a stable hold, using moderate force, causing medium-deformation."
/home/mdxuser/Genesis/main/data/picked_up_4/upsampled/Office_Depot_Canon_CL_41_Remanufactured_Ink_Cartridge_TriColor_Elastic_medium_upsampled.csv,2700,"End-effector stopping the object, using zero-force, causing undeformed shape."
/home/mdxuser/Genesis/main/data/picked_up_4/upsampled/Crunch_Girl_Scouts_Candy_Bars_Peanut_Butter_Creme_78_oz_box_Elastic_medium_upsampled.csv,0,"End-effector start towards the object, to begin the task."
/home/mdxuser/Genesis/main/data/picked_up_4/upsampled/Crunch_Girl_Scouts_Candy_Bars_Peanut_Butter_Creme_78_oz_box_Elastic_medium_upsampled.csv,270,"End-effector grasping the object, using moderate force, causing medium-deformation, with increasing force."
/home/mdxuser/Genesis/main/data/picked_up_4/upsampled/Crunch_Girl_Scouts_Candy_Bars_Peanut_Butter_Creme_78_oz_box_Elastic_medium_upsampled.csv,540,"End-effector continue grasping the object, using moderate force, causing medium-deformation, with increasing force."
/home/mdxuser/Genesis/main/data/picked_up_4/upsampled/Crunch_Girl_Scouts_Candy_Bars_Peanut_Butter_Creme_78_oz_box_Elastic_medium_upsampled.csv,810,"End-effector lifting the object, using moderate force, causing medium-deformation, with increasing force."
/home/mdxuser/Genesis/main/data/picked_up_4/upsampled/Crunch_Girl_Scouts_Candy_Bars_Peanut_Butter_Creme_78_oz_box_Elastic_medium_upsampled.csv,1080,"End-effector rotating the object, by an angle of 45.0 degrees, using moderate force, causing medium-deformation, with constant force."
/home/mdxuser/Genesis/main/data/picked_up_4/upsampled/Crunch_Girl_Scouts_Candy_Bars_Peanut_Butter_Creme_78_oz_box_Elastic_medium_upsampled.csv,1350,"End-effector continue rotating the object, by an angle of 45.0 degrees, using moderate force, causing medium-deformation, with constant force."
/home/mdxuser/Genesis/main/data/picked_up_4/upsampled/Crunch_Girl_Scouts_Candy_Bars_Peanut_Butter_Creme_78_oz_box_Elastic_medium_upsampled.csv,1620,"End-effector holding position of the object, maintaining a stable hold, using moderate force, causing medium-deformation."
/home/mdxuser/Genesis/main/data/picked_up_4/upsampled/Crunch_Girl_Scouts_Candy_Bars_Peanut_Butter_Creme_78_oz_box_Elastic_medium_upsampled.csv,1890,The object has been dropped.
/home/mdxuser/Genesis/main/data/picked_up_4/upsampled/Crunch_Girl_Scouts_Candy_Bars_Peanut_Butter_Creme_78_oz_box_Elastic_medium_upsampled.csv,2160,The object has been dropped.
/home/mdxuser/Genesis/main/data/picked_up_4/upsampled/Crunch_Girl_Scouts_Candy_Bars_Peanut_Butter_Creme_78_oz_box_Elastic_medium_upsampled.csv,2430,The object has been dropped.
/home/mdxuser/Genesis/main/data/picked_up_4/upsampled/Crunch_Girl_Scouts_Candy_Bars_Peanut_Butter_Creme_78_oz_box_Elastic_medium_upsampled.csv,2700,The object has been dropped.
/home/mdxuser/Genesis/main/data/picked_up_4/upsampled/ClimaCool_Aerate_2_W_Wide_Elastic_medium_upsampled.csv,0,"End-effector start towards the object, to begin the task."
/home/mdxuser/Genesis/main/data/picked_up_4/upsampled/ClimaCool_Aerate_2_W_Wide_Elastic_medium_upsampled.csv,270,"End-effector grasping the object, using moderate force, causing medium-deformation, with increasing force."
/home/mdxuser/Genesis/main/data/picked_up_4/upsampled/ClimaCool_Aerate_2_W_Wide_Elastic_medium_upsampled.csv,540,"End-effector continue grasping the object, using moderate force, causing medium-deformation, with increasing force."
/home/mdxuser/Genesis/main/data/picked_up_4/upsampled/ClimaCool_Aerate_2_W_Wide_Elastic_medium_upsampled.csv,810,"End-effector lifting the object, using moderate force, causing medium-deformation, with increasing force."
/home/mdxuser/Genesis/main/data/picked_up_4/upsampled/ClimaCool_Aerate_2_W_Wide_Elastic_medium_upsampled.csv,1080,"End-effector rotating the object, by an angle of 45.0 degrees, using moderate force, causing medium-deformation, with constant force."
/home/mdxuser/Genesis/main/data/picked_up_4/upsampled/ClimaCool_Aerate_2_W_Wide_Elastic_medium_upsampled.csv,1350,"End-effector holding position of the object, maintaining a stable hold, using moderate force, causing medium-deformation."
/home/mdxuser/Genesis/main/data/picked_up_4/upsampled/ClimaCool_Aerate_2_W_Wide_Elastic_medium_upsampled.csv,1620,"End-effector continue holding position of the object, maintaining a stable hold, using moderate force, causing medium-deformation."
/home/mdxuser/Genesis/main/data/picked_up_4/upsampled/ClimaCool_Aerate_2_W_Wide_Elastic_medium_upsampled.csv,1890,The object has been dropped.
/home/mdxuser/Genesis/main/data/picked_up_4/upsampled/ClimaCool_Aerate_2_W_Wide_Elastic_medium_upsampled.csv,2160,The object has been dropped.
/home/mdxuser/Genesis/main/data/picked_up_4/upsampled/ClimaCool_Aerate_2_W_Wide_Elastic_medium_upsampled.csv,2430,The object has been dropped.
/home/mdxuser/Genesis/main/data/picked_up_4/upsampled/ClimaCool_Aerate_2_W_Wide_Elastic_medium_upsampled.csv,2700,The object has been dropped.
/home/mdxuser/Genesis/main/data/picked_up_4/upsampled/adizero_F50_TRX_FG_LEA_Elastic_hard_upsampled.csv,0,"End-effector start towards the object, to begin the task."
/home/mdxuser/Genesis/main/data/picked_up_4/upsampled/adizero_F50_TRX_FG_LEA_Elastic_hard_upsampled.csv,270,"End-effector grasping the object, using strong force, causing hard-deformation, with increasing force."
/home/mdxuser/Genesis/main/data/picked_up_4/upsampled/adizero_F50_TRX_FG_LEA_Elastic_hard_upsampled.csv,540,"End-effector continue grasping the object, using strong force, causing hard-deformation, with increasing force."
/home/mdxuser/Genesis/main/data/picked_up_4/upsampled/adizero_F50_TRX_FG_LEA_Elastic_hard_upsampled.csv,810,"End-effector lifting the object, using strong force, causing hard-deformation, with increasing force."
/home/mdxuser/Genesis/main/data/picked_up_4/upsampled/adizero_F50_TRX_FG_LEA_Elastic_hard_upsampled.csv,1080,"End-effector rotating the object, by an angle of 45.0 degrees, using strong force, causing hard-deformation, with constant force."
/home/mdxuser/Genesis/main/data/picked_up_4/upsampled/adizero_F50_TRX_FG_LEA_Elastic_hard_upsampled.csv,1350,"End-effector continue rotating the object, by an angle of 45.0 degrees, using strong force, causing hard-deformation, with constant force."
/home/mdxuser/Genesis/main/data/picked_up_4/upsampled/adizero_F50_TRX_FG_LEA_Elastic_hard_upsampled.csv,1620,The object has been dropped.
/home/mdxuser/Genesis/main/data/picked_up_4/upsampled/adizero_F50_TRX_FG_LEA_Elastic_hard_upsampled.csv,1890,The object has been dropped.
/home/mdxuser/Genesis/main/data/picked_up_4/upsampled/adizero_F50_TRX_FG_LEA_Elastic_hard_upsampled.csv,2160,The object has been dropped.
/home/mdxuser/Genesis/main/data/picked_up_4/upsampled/adizero_F50_TRX_FG_LEA_Elastic_hard_upsampled.csv,2430,The object has been dropped.
/home/mdxuser/Genesis/main/data/picked_up_4/upsampled/adizero_F50_TRX_FG_LEA_Elastic_hard_upsampled.csv,2700,The object has been dropped.
/home/mdxuser/Genesis/main/data/picked_up_4/upsampled/ASICS_GELChallenger_9_Royal_BlueWhiteBlack_Elastic_hard_upsampled.csv,0,"End-effector start towards the object, to begin the task."
/home/mdxuser/Genesis/main/data/picked_up_4/upsampled/ASICS_GELChallenger_9_Royal_BlueWhiteBlack_Elastic_hard_upsampled.csv,270,"End-effector grasping the object, using strong force, causing hard-deformation, with increasing force."
/home/mdxuser/Genesis/main/data/picked_up_4/upsampled/ASICS_GELChallenger_9_Royal_BlueWhiteBlack_Elastic_hard_upsampled.csv,540,"End-effector continue grasping the object, using strong force, causing hard-deformation, with increasing force."
/home/mdxuser/Genesis/main/data/picked_up_4/upsampled/ASICS_GELChallenger_9_Royal_BlueWhiteBlack_Elastic_hard_upsampled.csv,810,"End-effector lifting the object, using strong force, causing hard-deformation, with increasing force."
/home/mdxuser/Genesis/main/data/picked_up_4/upsampled/ASICS_GELChallenger_9_Royal_BlueWhiteBlack_Elastic_hard_upsampled.csv,1080,"End-effector rotating the object, by an angle of 30.0 degrees, using strong force, causing hard-deformation, with constant force."
/home/mdxuser/Genesis/main/data/picked_up_4/upsampled/ASICS_GELChallenger_9_Royal_BlueWhiteBlack_Elastic_hard_upsampled.csv,1350,"End-effector continue rotating the object, by an angle of 30.0 degrees, using strong force, causing hard-deformation, with constant force."
/home/mdxuser/Genesis/main/data/picked_up_4/upsampled/ASICS_GELChallenger_9_Royal_BlueWhiteBlack_Elastic_hard_upsampled.csv,1620,"End-effector holding position of the object, maintaining a stable hold, using strong force, causing hard-deformation."
/home/mdxuser/Genesis/main/data/picked_up_4/upsampled/ASICS_GELChallenger_9_Royal_BlueWhiteBlack_Elastic_hard_upsampled.csv,1890,"End-effector rotating the object, by an angle of 30.0 degrees, using strong force, causing hard-deformation, with constant force."
/home/mdxuser/Genesis/main/data/picked_up_4/upsampled/ASICS_GELChallenger_9_Royal_BlueWhiteBlack_Elastic_hard_upsampled.csv,2160,"End-effector continue rotating the object, by an angle of 30.0 degrees, using strong force, causing hard-deformation, with constant force."
/home/mdxuser/Genesis/main/data/picked_up_4/upsampled/ASICS_GELChallenger_9_Royal_BlueWhiteBlack_Elastic_hard_upsampled.csv,2430,"End-effector holding position of the object, maintaining a stable hold, using strong force, causing hard-deformation."
/home/mdxuser/Genesis/main/data/picked_up_4/upsampled/ASICS_GELChallenger_9_Royal_BlueWhiteBlack_Elastic_hard_upsampled.csv,2700,"End-effector stopping the object, using zero-force, causing undeformed shape."
/home/mdxuser/Genesis/main/data/picked_up_4/upsampled/ASICS_HyperRocketgirl_SP_5_WhiteMalibu_BlueBlack_Elastic_hard_upsampled.csv,0,"End-effector start towards the object, to begin the task."
/home/mdxuser/Genesis/main/data/picked_up_4/upsampled/ASICS_HyperRocketgirl_SP_5_WhiteMalibu_BlueBlack_Elastic_hard_upsampled.csv,270,"End-effector grasping the object, using strong force, causing hard-deformation, with increasing force."
/home/mdxuser/Genesis/main/data/picked_up_4/upsampled/ASICS_HyperRocketgirl_SP_5_WhiteMalibu_BlueBlack_Elastic_hard_upsampled.csv,540,"End-effector continue grasping the object, using strong force, causing hard-deformation, with increasing force."
/home/mdxuser/Genesis/main/data/picked_up_4/upsampled/ASICS_HyperRocketgirl_SP_5_WhiteMalibu_BlueBlack_Elastic_hard_upsampled.csv,810,"End-effector lifting the object, using strong force, causing hard-deformation, with increasing force."
/home/mdxuser/Genesis/main/data/picked_up_4/upsampled/ASICS_HyperRocketgirl_SP_5_WhiteMalibu_BlueBlack_Elastic_hard_upsampled.csv,1080,"End-effector rotating the object, by an angle of 30.0 degrees, using strong force, causing hard-deformation, with constant force."
/home/mdxuser/Genesis/main/data/picked_up_4/upsampled/ASICS_HyperRocketgirl_SP_5_WhiteMalibu_BlueBlack_Elastic_hard_upsampled.csv,1350,"End-effector continue rotating the object, by an angle of 30.0 degrees, using strong force, causing hard-deformation, with constant force."
/home/mdxuser/Genesis/main/data/picked_up_4/upsampled/ASICS_HyperRocketgirl_SP_5_WhiteMalibu_BlueBlack_Elastic_hard_upsampled.csv,1620,"End-effector holding position of the object, maintaining a stable hold, using strong force, causing hard-deformation."
/home/mdxuser/Genesis/main/data/picked_up_4/upsampled/ASICS_HyperRocketgirl_SP_5_WhiteMalibu_BlueBlack_Elastic_hard_upsampled.csv,1890,"End-effector rotating the object, by an angle of 30.0 degrees, using strong force, causing hard-deformation, with constant force."
/home/mdxuser/Genesis/main/data/picked_up_4/upsampled/ASICS_HyperRocketgirl_SP_5_WhiteMalibu_BlueBlack_Elastic_hard_upsampled.csv,2160,"End-effector continue rotating the object, by an angle of 30.0 degrees, using strong force, causing hard-deformation, with constant force."
/home/mdxuser/Genesis/main/data/picked_up_4/upsampled/ASICS_HyperRocketgirl_SP_5_WhiteMalibu_BlueBlack_Elastic_hard_upsampled.csv,2430,"End-effector holding position of the object, maintaining a stable hold, using strong force, causing hard-deformation."
/home/mdxuser/Genesis/main/data/picked_up_4/upsampled/ASICS_HyperRocketgirl_SP_5_WhiteMalibu_BlueBlack_Elastic_hard_upsampled.csv,2700,The object has been dropped.
/home/mdxuser/Genesis/main/data/picked_up_4/upsampled/Crayola_Model_Magic_Modeling_Material_Single_Packs_6_pack_05_oz_packs_Elastic_soft_upsampled.csv,0,"End-effector start towards the object, to begin the task."
/home/mdxuser/Genesis/main/data/picked_up_4/upsampled/Crayola_Model_Magic_Modeling_Material_Single_Packs_6_pack_05_oz_packs_Elastic_soft_upsampled.csv,270,"End-effector grasping the object, using gentle force, causing soft-deformation, with increasing force."
/home/mdxuser/Genesis/main/data/picked_up_4/upsampled/Crayola_Model_Magic_Modeling_Material_Single_Packs_6_pack_05_oz_packs_Elastic_soft_upsampled.csv,540,"End-effector continue grasping the object, using gentle force, causing soft-deformation, with increasing force."
/home/mdxuser/Genesis/main/data/picked_up_4/upsampled/Crayola_Model_Magic_Modeling_Material_Single_Packs_6_pack_05_oz_packs_Elastic_soft_upsampled.csv,810,"End-effector lifting the object, using gentle force, causing soft-deformation, with increasing force."
/home/mdxuser/Genesis/main/data/picked_up_4/upsampled/Crayola_Model_Magic_Modeling_Material_Single_Packs_6_pack_05_oz_packs_Elastic_soft_upsampled.csv,1080,"End-effector rotating the object, by an angle of 45.0 degrees, using gentle force, causing soft-deformation, with constant force."
/home/mdxuser/Genesis/main/data/picked_up_4/upsampled/Crayola_Model_Magic_Modeling_Material_Single_Packs_6_pack_05_oz_packs_Elastic_soft_upsampled.csv,1350,"End-effector continue rotating the object, by an angle of 45.0 degrees, using gentle force, causing soft-deformation, with constant force."
/home/mdxuser/Genesis/main/data/picked_up_4/upsampled/Crayola_Model_Magic_Modeling_Material_Single_Packs_6_pack_05_oz_packs_Elastic_soft_upsampled.csv,1620,The object has been dropped.
/home/mdxuser/Genesis/main/data/picked_up_4/upsampled/Crayola_Model_Magic_Modeling_Material_Single_Packs_6_pack_05_oz_packs_Elastic_soft_upsampled.csv,1890,The object has been dropped.
/home/mdxuser/Genesis/main/data/picked_up_4/upsampled/Crayola_Model_Magic_Modeling_Material_Single_Packs_6_pack_05_oz_packs_Elastic_soft_upsampled.csv,2160,The object has been dropped.
/home/mdxuser/Genesis/main/data/picked_up_4/upsampled/Crayola_Model_Magic_Modeling_Material_Single_Packs_6_pack_05_oz_packs_Elastic_soft_upsampled.csv,2430,The object has been dropped.
/home/mdxuser/Genesis/main/data/picked_up_4/upsampled/Crayola_Model_Magic_Modeling_Material_Single_Packs_6_pack_05_oz_packs_Elastic_soft_upsampled.csv,2700,The object has been dropped.
/home/mdxuser/Genesis/main/data/picked_up_4/upsampled/Beetle_Adventure_Racing_Nintendo_64_Elastic_soft_upsampled.csv,0,"End-effector start towards the object, to begin the task."
/home/mdxuser/Genesis/main/data/picked_up_4/upsampled/Beetle_Adventure_Racing_Nintendo_64_Elastic_soft_upsampled.csv,270,"End-effector grasping the object, using gentle force, causing soft-deformation, with increasing force."
/home/mdxuser/Genesis/main/data/picked_up_4/upsampled/Beetle_Adventure_Racing_Nintendo_64_Elastic_soft_upsampled.csv,540,"End-effector continue grasping the object, using gentle force, causing soft-deformation, with increasing force."
/home/mdxuser/Genesis/main/data/picked_up_4/upsampled/Beetle_Adventure_Racing_Nintendo_64_Elastic_soft_upsampled.csv,810,"End-effector lifting the object, using gentle force, causing soft-deformation, with increasing force."
/home/mdxuser/Genesis/main/data/picked_up_4/upsampled/Beetle_Adventure_Racing_Nintendo_64_Elastic_soft_upsampled.csv,1080,"End-effector rotating the object, by an angle of 45.0 degrees, using gentle force, causing soft-deformation, with constant force."
/home/mdxuser/Genesis/main/data/picked_up_4/upsampled/Beetle_Adventure_Racing_Nintendo_64_Elastic_soft_upsampled.csv,1350,"End-effector continue rotating the object, by an angle of 45.0 degrees, using gentle force, causing soft-deformation, with constant force."
/home/mdxuser/Genesis/main/data/picked_up_4/upsampled/Beetle_Adventure_Racing_Nintendo_64_Elastic_soft_upsampled.csv,1620,"End-effector holding position of the object, maintaining a stable hold, using gentle force, causing soft-deformation."
/home/mdxuser/Genesis/main/data/picked_up_4/upsampled/Beetle_Adventure_Racing_Nintendo_64_Elastic_soft_upsampled.csv,1890,"End-effector rotating the object, by an angle of 45.0 degrees, using gentle force, causing soft-deformation, with constant force."
/home/mdxuser/Genesis/main/data/picked_up_4/upsampled/Beetle_Adventure_Racing_Nintendo_64_Elastic_soft_upsampled.csv,2160,"End-effector continue rotating the object, by an angle of 45.0 degrees, using gentle force, causing soft-deformation, with constant force."
/home/mdxuser/Genesis/main/data/picked_up_4/upsampled/Beetle_Adventure_Racing_Nintendo_64_Elastic_soft_upsampled.csv,2430,"End-effector holding position of the object, maintaining a stable hold, using gentle force, causing soft-deformation."
/home/mdxuser/Genesis/main/data/picked_up_4/upsampled/Beetle_Adventure_Racing_Nintendo_64_Elastic_soft_upsampled.csv,2700,"End-effector stopping the object, using zero-force, causing undeformed shape."
/home/mdxuser/Genesis/main/data/picked_up_4/upsampled/Borage_GLA240Gamma_Tocopherol_Elastic_hard_upsampled.csv,0,"End-effector start towards the object, to begin the task."
/home/mdxuser/Genesis/main/data/picked_up_4/upsampled/Borage_GLA240Gamma_Tocopherol_Elastic_hard_upsampled.csv,270,"End-effector grasping the object, using strong force, causing hard-deformation, with increasing force."
/home/mdxuser/Genesis/main/data/picked_up_4/upsampled/Borage_GLA240Gamma_Tocopherol_Elastic_hard_upsampled.csv,540,"End-effector continue grasping the object, using strong force, causing hard-deformation, with increasing force."
/home/mdxuser/Genesis/main/data/picked_up_4/upsampled/Borage_GLA240Gamma_Tocopherol_Elastic_hard_upsampled.csv,810,"End-effector lifting the object, using strong force, causing hard-deformation, with increasing force."
/home/mdxuser/Genesis/main/data/picked_up_4/upsampled/Borage_GLA240Gamma_Tocopherol_Elastic_hard_upsampled.csv,1080,"End-effector rotating the object, by an angle of 45.0 degrees, using strong force, causing hard-deformation, with constant force."
/home/mdxuser/Genesis/main/data/picked_up_4/upsampled/Borage_GLA240Gamma_Tocopherol_Elastic_hard_upsampled.csv,1350,"End-effector continue rotating the object, by an angle of 45.0 degrees, using strong force, causing hard-deformation, with constant force."
/home/mdxuser/Genesis/main/data/picked_up_4/upsampled/Borage_GLA240Gamma_Tocopherol_Elastic_hard_upsampled.csv,1620,"End-effector holding position of the object, maintaining a stable hold, using strong force, causing hard-deformation."
/home/mdxuser/Genesis/main/data/picked_up_4/upsampled/Borage_GLA240Gamma_Tocopherol_Elastic_hard_upsampled.csv,1890,"End-effector rotating the object, by an angle of 45.0 degrees, using strong force, causing hard-deformation, with constant force."
/home/mdxuser/Genesis/main/data/picked_up_4/upsampled/Borage_GLA240Gamma_Tocopherol_Elastic_hard_upsampled.csv,2160,"End-effector holding position of the object, maintaining a stable hold, using strong force, causing hard-deformation."
/home/mdxuser/Genesis/main/data/picked_up_4/upsampled/Borage_GLA240Gamma_Tocopherol_Elastic_hard_upsampled.csv,2430,"End-effector continue holding position of the object, maintaining a stable hold, using strong force, causing hard-deformation."
/home/mdxuser/Genesis/main/data/picked_up_4/upsampled/Borage_GLA240Gamma_Tocopherol_Elastic_hard_upsampled.csv,2700,"End-effector stopping the object, using zero-force, causing undeformed shape."
/home/mdxuser/Genesis/main/data/picked_up_4/upsampled/Orbit_Bubblemint_Mini_Bottle_6_ct_Elastic_medium_upsampled.csv,0,"End-effector start towards the object, to begin the task."
/home/mdxuser/Genesis/main/data/picked_up_4/upsampled/Orbit_Bubblemint_Mini_Bottle_6_ct_Elastic_medium_upsampled.csv,270,"End-effector grasping the object, using moderate force, causing medium-deformation, with increasing force."
/home/mdxuser/Genesis/main/data/picked_up_4/upsampled/Orbit_Bubblemint_Mini_Bottle_6_ct_Elastic_medium_upsampled.csv,540,"End-effector continue grasping the object, using moderate force, causing medium-deformation, with increasing force."
/home/mdxuser/Genesis/main/data/picked_up_4/upsampled/Orbit_Bubblemint_Mini_Bottle_6_ct_Elastic_medium_upsampled.csv,810,"End-effector lifting the object, using moderate force, causing medium-deformation, with increasing force."
/home/mdxuser/Genesis/main/data/picked_up_4/upsampled/Orbit_Bubblemint_Mini_Bottle_6_ct_Elastic_medium_upsampled.csv,1080,"End-effector rotating the object, by an angle of 30.0 degrees, using moderate force, causing medium-deformation, with constant force."
/home/mdxuser/Genesis/main/data/picked_up_4/upsampled/Orbit_Bubblemint_Mini_Bottle_6_ct_Elastic_medium_upsampled.csv,1350,"End-effector continue rotating the object, by an angle of 30.0 degrees, using moderate force, causing medium-deformation, with constant force."
/home/mdxuser/Genesis/main/data/picked_up_4/upsampled/Orbit_Bubblemint_Mini_Bottle_6_ct_Elastic_medium_upsampled.csv,1620,The object has been dropped.
/home/mdxuser/Genesis/main/data/picked_up_4/upsampled/Orbit_Bubblemint_Mini_Bottle_6_ct_Elastic_medium_upsampled.csv,1890,The object has been dropped.
/home/mdxuser/Genesis/main/data/picked_up_4/upsampled/Orbit_Bubblemint_Mini_Bottle_6_ct_Elastic_medium_upsampled.csv,2160,The object has been dropped.
/home/mdxuser/Genesis/main/data/picked_up_4/upsampled/Orbit_Bubblemint_Mini_Bottle_6_ct_Elastic_medium_upsampled.csv,2430,The object has been dropped.
/home/mdxuser/Genesis/main/data/picked_up_4/upsampled/Orbit_Bubblemint_Mini_Bottle_6_ct_Elastic_medium_upsampled.csv,2700,The object has been dropped.
/home/mdxuser/Genesis/main/data/picked_up_4/upsampled/Mens_ASV_Shock_Light_Bungee_in_Light_Grey_xGCOvtLDnQJ_Elastic_soft_upsampled.csv,0,"End-effector start towards the object, to begin the task."
/home/mdxuser/Genesis/main/data/picked_up_4/upsampled/Mens_ASV_Shock_Light_Bungee_in_Light_Grey_xGCOvtLDnQJ_Elastic_soft_upsampled.csv,270,"End-effector grasping the object, using gentle force, causing soft-deformation, with increasing force."
/home/mdxuser/Genesis/main/data/picked_up_4/upsampled/Mens_ASV_Shock_Light_Bungee_in_Light_Grey_xGCOvtLDnQJ_Elastic_soft_upsampled.csv,540,"End-effector continue grasping the object, using gentle force, causing soft-deformation, with increasing force."
/home/mdxuser/Genesis/main/data/picked_up_4/upsampled/Mens_ASV_Shock_Light_Bungee_in_Light_Grey_xGCOvtLDnQJ_Elastic_soft_upsampled.csv,810,"End-effector lifting the object, using gentle force, causing soft-deformation, with increasing force."
/home/mdxuser/Genesis/main/data/picked_up_4/upsampled/Mens_ASV_Shock_Light_Bungee_in_Light_Grey_xGCOvtLDnQJ_Elastic_soft_upsampled.csv,1080,"End-effector rotating the object, by an angle of 45.0 degrees, using gentle force, causing soft-deformation, with constant force."
/home/mdxuser/Genesis/main/data/picked_up_4/upsampled/Mens_ASV_Shock_Light_Bungee_in_Light_Grey_xGCOvtLDnQJ_Elastic_soft_upsampled.csv,1350,"End-effector holding position of the object, maintaining a stable hold, using gentle force, causing soft-deformation."
/home/mdxuser/Genesis/main/data/picked_up_4/upsampled/Mens_ASV_Shock_Light_Bungee_in_Light_Grey_xGCOvtLDnQJ_Elastic_soft_upsampled.csv,1620,"End-effector continue holding position of the object, maintaining a stable hold, using gentle force, causing soft-deformation."
/home/mdxuser/Genesis/main/data/picked_up_4/upsampled/Mens_ASV_Shock_Light_Bungee_in_Light_Grey_xGCOvtLDnQJ_Elastic_soft_upsampled.csv,1890,The object has been dropped.
/home/mdxuser/Genesis/main/data/picked_up_4/upsampled/Mens_ASV_Shock_Light_Bungee_in_Light_Grey_xGCOvtLDnQJ_Elastic_soft_upsampled.csv,2160,The object has been dropped.
/home/mdxuser/Genesis/main/data/picked_up_4/upsampled/Mens_ASV_Shock_Light_Bungee_in_Light_Grey_xGCOvtLDnQJ_Elastic_soft_upsampled.csv,2430,The object has been dropped.
/home/mdxuser/Genesis/main/data/picked_up_4/upsampled/Mens_ASV_Shock_Light_Bungee_in_Light_Grey_xGCOvtLDnQJ_Elastic_soft_upsampled.csv,2700,The object has been dropped.
/home/mdxuser/Genesis/main/data/picked_up_4/upsampled/BUNNY_RACER_Elastic_medium_upsampled.csv,0,"End-effector start towards the object, to begin the task."
/home/mdxuser/Genesis/main/data/picked_up_4/upsampled/BUNNY_RACER_Elastic_medium_upsampled.csv,270,"End-effector grasping the object, using moderate force, causing medium-deformation, with increasing force."
/home/mdxuser/Genesis/main/data/picked_up_4/upsampled/BUNNY_RACER_Elastic_medium_upsampled.csv,540,"End-effector continue grasping the object, using moderate force, causing medium-deformation, with increasing force."
/home/mdxuser/Genesis/main/data/picked_up_4/upsampled/BUNNY_RACER_Elastic_medium_upsampled.csv,810,"End-effector lifting the object, using moderate force, causing medium-deformation, with increasing force."
/home/mdxuser/Genesis/main/data/picked_up_4/upsampled/BUNNY_RACER_Elastic_medium_upsampled.csv,1080,"End-effector rotating the object, by an angle of 30.0 degrees, using moderate force, causing medium-deformation, with constant force."
/home/mdxuser/Genesis/main/data/picked_up_4/upsampled/BUNNY_RACER_Elastic_medium_upsampled.csv,1350,"End-effector continue rotating the object, by an angle of 30.0 degrees, using moderate force, causing medium-deformation, with constant force."
/home/mdxuser/Genesis/main/data/picked_up_4/upsampled/BUNNY_RACER_Elastic_medium_upsampled.csv,1620,"End-effector holding position of the object, maintaining a stable hold, using moderate force, causing medium-deformation."
/home/mdxuser/Genesis/main/data/picked_up_4/upsampled/BUNNY_RACER_Elastic_medium_upsampled.csv,1890,"End-effector rotating the object, by an angle of 30.0 degrees, using moderate force, causing medium-deformation, with constant force."
/home/mdxuser/Genesis/main/data/picked_up_4/upsampled/BUNNY_RACER_Elastic_medium_upsampled.csv,2160,"End-effector continue rotating the object, by an angle of 30.0 degrees, using moderate force, causing medium-deformation, with constant force."
/home/mdxuser/Genesis/main/data/picked_up_4/upsampled/BUNNY_RACER_Elastic_medium_upsampled.csv,2430,"End-effector holding position of the object, maintaining a stable hold, using moderate force, causing medium-deformation."
/home/mdxuser/Genesis/main/data/picked_up_4/upsampled/BUNNY_RACER_Elastic_medium_upsampled.csv,2700,"End-effector stopping the object, using zero-force, causing undeformed shape."
/home/mdxuser/Genesis/main/data/picked_up_4/upsampled/ASICS_GELTour_Lyte_WhiteOrchidSilver_Elastic_medium_upsampled.csv,0,"End-effector start towards the object, to begin the task."
/home/mdxuser/Genesis/main/data/picked_up_4/upsampled/ASICS_GELTour_Lyte_WhiteOrchidSilver_Elastic_medium_upsampled.csv,270,"End-effector grasping the object, using moderate force, causing medium-deformation, with increasing force."
/home/mdxuser/Genesis/main/data/picked_up_4/upsampled/ASICS_GELTour_Lyte_WhiteOrchidSilver_Elastic_medium_upsampled.csv,540,"End-effector continue grasping the object, using moderate force, causing medium-deformation, with increasing force."
/home/mdxuser/Genesis/main/data/picked_up_4/upsampled/ASICS_GELTour_Lyte_WhiteOrchidSilver_Elastic_medium_upsampled.csv,810,"End-effector lifting the object, using moderate force, causing medium-deformation, with increasing force."
/home/mdxuser/Genesis/main/data/picked_up_4/upsampled/ASICS_GELTour_Lyte_WhiteOrchidSilver_Elastic_medium_upsampled.csv,1080,"End-effector rotating the object, by an angle of 45.0 degrees, using moderate force, causing medium-deformation, with constant force."
/home/mdxuser/Genesis/main/data/picked_up_4/upsampled/ASICS_GELTour_Lyte_WhiteOrchidSilver_Elastic_medium_upsampled.csv,1350,"End-effector continue rotating the object, by an angle of 45.0 degrees, using moderate force, causing medium-deformation, with constant force."
/home/mdxuser/Genesis/main/data/picked_up_4/upsampled/ASICS_GELTour_Lyte_WhiteOrchidSilver_Elastic_medium_upsampled.csv,1620,"End-effector holding position of the object, maintaining a stable hold, using moderate force, causing medium-deformation."
/home/mdxuser/Genesis/main/data/picked_up_4/upsampled/ASICS_GELTour_Lyte_WhiteOrchidSilver_Elastic_medium_upsampled.csv,1890,"End-effector rotating the object, by an angle of 45.0 degrees, using moderate force, causing medium-deformation, with constant force."
/home/mdxuser/Genesis/main/data/picked_up_4/upsampled/ASICS_GELTour_Lyte_WhiteOrchidSilver_Elastic_medium_upsampled.csv,2160,"End-effector holding position of the object, maintaining a stable hold, using moderate force, causing medium-deformation."
/home/mdxuser/Genesis/main/data/picked_up_4/upsampled/ASICS_GELTour_Lyte_WhiteOrchidSilver_Elastic_medium_upsampled.csv,2430,"End-effector continue holding position of the object, maintaining a stable hold, using moderate force, causing medium-deformation."
/home/mdxuser/Genesis/main/data/picked_up_4/upsampled/ASICS_GELTour_Lyte_WhiteOrchidSilver_Elastic_medium_upsampled.csv,2700,The object has been dropped.
/home/mdxuser/Genesis/main/data/picked_up_4/upsampled/Cole_Hardware_School_Bell_Solid_Brass_38_Elastic_soft_upsampled.csv,0,"End-effector start towards the object, to begin the task."
/home/mdxuser/Genesis/main/data/picked_up_4/upsampled/Cole_Hardware_School_Bell_Solid_Brass_38_Elastic_soft_upsampled.csv,270,"End-effector grasping the object, using gentle force, causing soft-deformation, with increasing force."
/home/mdxuser/Genesis/main/data/picked_up_4/upsampled/Cole_Hardware_School_Bell_Solid_Brass_38_Elastic_soft_upsampled.csv,540,"End-effector continue grasping the object, using gentle force, causing soft-deformation, with increasing force."
/home/mdxuser/Genesis/main/data/picked_up_4/upsampled/Cole_Hardware_School_Bell_Solid_Brass_38_Elastic_soft_upsampled.csv,810,"End-effector lifting the object, using gentle force, causing soft-deformation, with increasing force."
/home/mdxuser/Genesis/main/data/picked_up_4/upsampled/Cole_Hardware_School_Bell_Solid_Brass_38_Elastic_soft_upsampled.csv,1080,"End-effector rotating the object, by an angle of 30.0 degrees, using gentle force, causing soft-deformation, with constant force."
/home/mdxuser/Genesis/main/data/picked_up_4/upsampled/Cole_Hardware_School_Bell_Solid_Brass_38_Elastic_soft_upsampled.csv,1350,"End-effector continue rotating the object, by an angle of 30.0 degrees, using gentle force, causing soft-deformation, with constant force."
/home/mdxuser/Genesis/main/data/picked_up_4/upsampled/Cole_Hardware_School_Bell_Solid_Brass_38_Elastic_soft_upsampled.csv,1620,"End-effector holding position of the object, maintaining a stable hold, using gentle force, causing soft-deformation."
/home/mdxuser/Genesis/main/data/picked_up_4/upsampled/Cole_Hardware_School_Bell_Solid_Brass_38_Elastic_soft_upsampled.csv,1890,"End-effector rotating the object, by an angle of 30.0 degrees, using gentle force, causing soft-deformation, with constant force."
/home/mdxuser/Genesis/main/data/picked_up_4/upsampled/Cole_Hardware_School_Bell_Solid_Brass_38_Elastic_soft_upsampled.csv,2160,"End-effector continue rotating the object, by an angle of 30.0 degrees, using gentle force, causing soft-deformation, with constant force."
/home/mdxuser/Genesis/main/data/picked_up_4/upsampled/Cole_Hardware_School_Bell_Solid_Brass_38_Elastic_soft_upsampled.csv,2430,The object has been dropped.
/home/mdxuser/Genesis/main/data/picked_up_4/upsampled/Cole_Hardware_School_Bell_Solid_Brass_38_Elastic_soft_upsampled.csv,2700,The object has been dropped.
/home/mdxuser/Genesis/main/data/picked_up_4/upsampled/ASICS_GELBlur33_20_GS_BlackWhiteSafety_Orange_Elastic_soft_upsampled.csv,0,"End-effector start towards the object, to begin the task."
/home/mdxuser/Genesis/main/data/picked_up_4/upsampled/ASICS_GELBlur33_20_GS_BlackWhiteSafety_Orange_Elastic_soft_upsampled.csv,270,"End-effector grasping the object, using gentle force, causing soft-deformation, with increasing force."
/home/mdxuser/Genesis/main/data/picked_up_4/upsampled/ASICS_GELBlur33_20_GS_BlackWhiteSafety_Orange_Elastic_soft_upsampled.csv,540,"End-effector continue grasping the object, using gentle force, causing soft-deformation, with increasing force."
/home/mdxuser/Genesis/main/data/picked_up_4/upsampled/ASICS_GELBlur33_20_GS_BlackWhiteSafety_Orange_Elastic_soft_upsampled.csv,810,"End-effector lifting the object, using gentle force, causing soft-deformation, with increasing force."
/home/mdxuser/Genesis/main/data/picked_up_4/upsampled/ASICS_GELBlur33_20_GS_BlackWhiteSafety_Orange_Elastic_soft_upsampled.csv,1080,"End-effector rotating the object, by an angle of 45.0 degrees, using gentle force, causing soft-deformation, with constant force."
/home/mdxuser/Genesis/main/data/picked_up_4/upsampled/ASICS_GELBlur33_20_GS_BlackWhiteSafety_Orange_Elastic_soft_upsampled.csv,1350,"End-effector continue rotating the object, by an angle of 45.0 degrees, using gentle force, causing soft-deformation, with constant force."
/home/mdxuser/Genesis/main/data/picked_up_4/upsampled/ASICS_GELBlur33_20_GS_BlackWhiteSafety_Orange_Elastic_soft_upsampled.csv,1620,"End-effector holding position of the object, maintaining a stable hold, using gentle force, causing soft-deformation."
/home/mdxuser/Genesis/main/data/picked_up_4/upsampled/ASICS_GELBlur33_20_GS_BlackWhiteSafety_Orange_Elastic_soft_upsampled.csv,1890,"End-effector rotating the object, by an angle of 30.0 degrees, using gentle force, causing soft-deformation, with constant force."
/home/mdxuser/Genesis/main/data/picked_up_4/upsampled/ASICS_GELBlur33_20_GS_BlackWhiteSafety_Orange_Elastic_soft_upsampled.csv,2160,"End-effector continue rotating the object, by an angle of 30.0 degrees, using gentle force, causing soft-deformation, with constant force."
/home/mdxuser/Genesis/main/data/picked_up_4/upsampled/ASICS_GELBlur33_20_GS_BlackWhiteSafety_Orange_Elastic_soft_upsampled.csv,2430,"End-effector holding position of the object, maintaining a stable hold, using gentle force, causing soft-deformation."
/home/mdxuser/Genesis/main/data/picked_up_4/upsampled/ASICS_GELBlur33_20_GS_BlackWhiteSafety_Orange_Elastic_soft_upsampled.csv,2700,"End-effector stopping the object, using zero-force, causing undeformed shape."
/home/mdxuser/Genesis/main/data/picked_up_4/upsampled/BlackBlack_Nintendo_3DSXL_Elastic_soft_upsampled.csv,0,"End-effector start towards the object, to begin the task."
/home/mdxuser/Genesis/main/data/picked_up_4/upsampled/BlackBlack_Nintendo_3DSXL_Elastic_soft_upsampled.csv,270,"End-effector grasping the object, using gentle force, causing soft-deformation, with increasing force."
/home/mdxuser/Genesis/main/data/picked_up_4/upsampled/BlackBlack_Nintendo_3DSXL_Elastic_soft_upsampled.csv,540,"End-effector continue grasping the object, using gentle force, causing soft-deformation, with increasing force."
/home/mdxuser/Genesis/main/data/picked_up_4/upsampled/BlackBlack_Nintendo_3DSXL_Elastic_soft_upsampled.csv,810,"End-effector lifting the object, using gentle force, causing soft-deformation, with increasing force."
/home/mdxuser/Genesis/main/data/picked_up_4/upsampled/BlackBlack_Nintendo_3DSXL_Elastic_soft_upsampled.csv,1080,"End-effector rotating the object, by an angle of 30.0 degrees, using gentle force, causing soft-deformation, with constant force."
/home/mdxuser/Genesis/main/data/picked_up_4/upsampled/BlackBlack_Nintendo_3DSXL_Elastic_soft_upsampled.csv,1350,"End-effector continue rotating the object, by an angle of 30.0 degrees, using gentle force, causing soft-deformation, with constant force."
/home/mdxuser/Genesis/main/data/picked_up_4/upsampled/BlackBlack_Nintendo_3DSXL_Elastic_soft_upsampled.csv,1620,"End-effector holding position of the object, maintaining a stable hold, using gentle force, causing soft-deformation."
/home/mdxuser/Genesis/main/data/picked_up_4/upsampled/BlackBlack_Nintendo_3DSXL_Elastic_soft_upsampled.csv,1890,The object has been dropped.
/home/mdxuser/Genesis/main/data/picked_up_4/upsampled/BlackBlack_Nintendo_3DSXL_Elastic_soft_upsampled.csv,2160,The object has been dropped.
/home/mdxuser/Genesis/main/data/picked_up_4/upsampled/BlackBlack_Nintendo_3DSXL_Elastic_soft_upsampled.csv,2430,The object has been dropped.
/home/mdxuser/Genesis/main/data/picked_up_4/upsampled/BlackBlack_Nintendo_3DSXL_Elastic_soft_upsampled.csv,2700,The object has been dropped.
/home/mdxuser/Genesis/main/data/picked_up_4/upsampled/Crayola_Crayons_Washable_24_crayons_Elastic_hard_upsampled.csv,0,"End-effector start towards the object, to begin the task."
/home/mdxuser/Genesis/main/data/picked_up_4/upsampled/Crayola_Crayons_Washable_24_crayons_Elastic_hard_upsampled.csv,270,"End-effector grasping the object, using strong force, causing hard-deformation, with increasing force."
/home/mdxuser/Genesis/main/data/picked_up_4/upsampled/Crayola_Crayons_Washable_24_crayons_Elastic_hard_upsampled.csv,540,"End-effector continue grasping the object, using strong force, causing hard-deformation, with increasing force."
/home/mdxuser/Genesis/main/data/picked_up_4/upsampled/Crayola_Crayons_Washable_24_crayons_Elastic_hard_upsampled.csv,810,"End-effector lifting the object, using strong force, causing hard-deformation, with increasing force."
/home/mdxuser/Genesis/main/data/picked_up_4/upsampled/Crayola_Crayons_Washable_24_crayons_Elastic_hard_upsampled.csv,1080,"End-effector rotating the object, by an angle of 45.0 degrees, using strong force, causing hard-deformation, with constant force."
/home/mdxuser/Genesis/main/data/picked_up_4/upsampled/Crayola_Crayons_Washable_24_crayons_Elastic_hard_upsampled.csv,1350,"End-effector continue rotating the object, by an angle of 45.0 degrees, using strong force, causing hard-deformation, with constant force."
/home/mdxuser/Genesis/main/data/picked_up_4/upsampled/Crayola_Crayons_Washable_24_crayons_Elastic_hard_upsampled.csv,1620,"End-effector holding position of the object, maintaining a stable hold, using strong force, causing hard-deformation."
/home/mdxuser/Genesis/main/data/picked_up_4/upsampled/Crayola_Crayons_Washable_24_crayons_Elastic_hard_upsampled.csv,1890,"End-effector rotating the object, by an angle of 45.0 degrees, using strong force, causing hard-deformation, with constant force."
/home/mdxuser/Genesis/main/data/picked_up_4/upsampled/Crayola_Crayons_Washable_24_crayons_Elastic_hard_upsampled.csv,2160,"End-effector holding position of the object, maintaining a stable hold, using strong force, causing hard-deformation."
/home/mdxuser/Genesis/main/data/picked_up_4/upsampled/Crayola_Crayons_Washable_24_crayons_Elastic_hard_upsampled.csv,2430,"End-effector continue holding position of the object, maintaining a stable hold, using strong force, causing hard-deformation."
/home/mdxuser/Genesis/main/data/picked_up_4/upsampled/Crayola_Crayons_Washable_24_crayons_Elastic_hard_upsampled.csv,2700,The object has been dropped.
/home/mdxuser/Genesis/main/data/picked_up_4/upsampled/Olive_Kids_Mermaids_Pack_n_Snack_Backpack_Elastic_hard_upsampled.csv,0,"End-effector start towards the object, to begin the task."
/home/mdxuser/Genesis/main/data/picked_up_4/upsampled/Olive_Kids_Mermaids_Pack_n_Snack_Backpack_Elastic_hard_upsampled.csv,270,"End-effector grasping the object, using strong force, causing hard-deformation, with increasing force."
/home/mdxuser/Genesis/main/data/picked_up_4/upsampled/Olive_Kids_Mermaids_Pack_n_Snack_Backpack_Elastic_hard_upsampled.csv,540,"End-effector continue grasping the object, using strong force, causing hard-deformation, with increasing force."
/home/mdxuser/Genesis/main/data/picked_up_4/upsampled/Olive_Kids_Mermaids_Pack_n_Snack_Backpack_Elastic_hard_upsampled.csv,810,"End-effector lifting the object, using strong force, causing hard-deformation, with increasing force."
/home/mdxuser/Genesis/main/data/picked_up_4/upsampled/Olive_Kids_Mermaids_Pack_n_Snack_Backpack_Elastic_hard_upsampled.csv,1080,"End-effector rotating the object, by an angle of 45.0 degrees, using strong force, causing hard-deformation, with constant force."
/home/mdxuser/Genesis/main/data/picked_up_4/upsampled/Olive_Kids_Mermaids_Pack_n_Snack_Backpack_Elastic_hard_upsampled.csv,1350,"End-effector holding position of the object, maintaining a stable hold, using strong force, causing hard-deformation."
/home/mdxuser/Genesis/main/data/picked_up_4/upsampled/Olive_Kids_Mermaids_Pack_n_Snack_Backpack_Elastic_hard_upsampled.csv,1620,"End-effector continue holding position of the object, maintaining a stable hold, using strong force, causing hard-deformation."
/home/mdxuser/Genesis/main/data/picked_up_4/upsampled/Olive_Kids_Mermaids_Pack_n_Snack_Backpack_Elastic_hard_upsampled.csv,1890,"End-effector rotating the object, by an angle of 30.0 degrees, using strong force, causing hard-deformation, with constant force."
/home/mdxuser/Genesis/main/data/picked_up_4/upsampled/Olive_Kids_Mermaids_Pack_n_Snack_Backpack_Elastic_hard_upsampled.csv,2160,"End-effector continue rotating the object, by an angle of 30.0 degrees, using strong force, causing hard-deformation, with constant force."
/home/mdxuser/Genesis/main/data/picked_up_4/upsampled/Olive_Kids_Mermaids_Pack_n_Snack_Backpack_Elastic_hard_upsampled.csv,2430,"End-effector holding position of the object, maintaining a stable hold, using strong force, causing hard-deformation."
/home/mdxuser/Genesis/main/data/picked_up_4/upsampled/Olive_Kids_Mermaids_Pack_n_Snack_Backpack_Elastic_hard_upsampled.csv,2700,"End-effector stopping the object, using zero-force, causing undeformed shape."
/home/mdxuser/Genesis/main/data/picked_up_4/upsampled/Office_Depot_HP_98_Remanufactured_Ink_Cartridge_Black_Elastic_soft_upsampled.csv,0,"End-effector start towards the object, to begin the task."
/home/mdxuser/Genesis/main/data/picked_up_4/upsampled/Office_Depot_HP_98_Remanufactured_Ink_Cartridge_Black_Elastic_soft_upsampled.csv,270,"End-effector grasping the object, using gentle force, causing soft-deformation, with increasing force."
/home/mdxuser/Genesis/main/data/picked_up_4/upsampled/Office_Depot_HP_98_Remanufactured_Ink_Cartridge_Black_Elastic_soft_upsampled.csv,540,"End-effector continue grasping the object, using gentle force, causing soft-deformation, with increasing force."
/home/mdxuser/Genesis/main/data/picked_up_4/upsampled/Office_Depot_HP_98_Remanufactured_Ink_Cartridge_Black_Elastic_soft_upsampled.csv,810,"End-effector lifting the object, using gentle force, causing soft-deformation, with increasing force."
/home/mdxuser/Genesis/main/data/picked_up_4/upsampled/Office_Depot_HP_98_Remanufactured_Ink_Cartridge_Black_Elastic_soft_upsampled.csv,1080,"End-effector rotating the object, by an angle of 45.0 degrees, using gentle force, causing soft-deformation, with constant force."
/home/mdxuser/Genesis/main/data/picked_up_4/upsampled/Office_Depot_HP_98_Remanufactured_Ink_Cartridge_Black_Elastic_soft_upsampled.csv,1350,"End-effector continue rotating the object, by an angle of 45.0 degrees, using gentle force, causing soft-deformation, with constant force."
/home/mdxuser/Genesis/main/data/picked_up_4/upsampled/Office_Depot_HP_98_Remanufactured_Ink_Cartridge_Black_Elastic_soft_upsampled.csv,1620,The object has been dropped.
/home/mdxuser/Genesis/main/data/picked_up_4/upsampled/Office_Depot_HP_98_Remanufactured_Ink_Cartridge_Black_Elastic_soft_upsampled.csv,1890,The object has been dropped.
/home/mdxuser/Genesis/main/data/picked_up_4/upsampled/Office_Depot_HP_98_Remanufactured_Ink_Cartridge_Black_Elastic_soft_upsampled.csv,2160,The object has been dropped.
/home/mdxuser/Genesis/main/data/picked_up_4/upsampled/Office_Depot_HP_98_Remanufactured_Ink_Cartridge_Black_Elastic_soft_upsampled.csv,2430,The object has been dropped.
/home/mdxuser/Genesis/main/data/picked_up_4/upsampled/Office_Depot_HP_98_Remanufactured_Ink_Cartridge_Black_Elastic_soft_upsampled.csv,2700,The object has been dropped.
/home/mdxuser/Genesis/main/data/picked_up_4/upsampled/3D_Dollhouse_Swing_Elastic_soft_upsampled.csv,0,"End-effector start towards the object, to begin the task."
/home/mdxuser/Genesis/main/data/picked_up_4/upsampled/3D_Dollhouse_Swing_Elastic_soft_upsampled.csv,270,"End-effector grasping the object, using gentle force, causing soft-deformation, with increasing force."
/home/mdxuser/Genesis/main/data/picked_up_4/upsampled/3D_Dollhouse_Swing_Elastic_soft_upsampled.csv,540,"End-effector continue grasping the object, using gentle force, causing soft-deformation, with increasing force."
/home/mdxuser/Genesis/main/data/picked_up_4/upsampled/3D_Dollhouse_Swing_Elastic_soft_upsampled.csv,810,"End-effector lifting the object, using gentle force, causing soft-deformation, with increasing force."
/home/mdxuser/Genesis/main/data/picked_up_4/upsampled/3D_Dollhouse_Swing_Elastic_soft_upsampled.csv,1080,"End-effector rotating the object, by an angle of 45.0 degrees, using gentle force, causing soft-deformation, with constant force."
/home/mdxuser/Genesis/main/data/picked_up_4/upsampled/3D_Dollhouse_Swing_Elastic_soft_upsampled.csv,1350,"End-effector continue rotating the object, by an angle of 45.0 degrees, using gentle force, causing soft-deformation, with constant force."
/home/mdxuser/Genesis/main/data/picked_up_4/upsampled/3D_Dollhouse_Swing_Elastic_soft_upsampled.csv,1620,"End-effector holding position of the object, maintaining a stable hold, using gentle force, causing soft-deformation."
/home/mdxuser/Genesis/main/data/picked_up_4/upsampled/3D_Dollhouse_Swing_Elastic_soft_upsampled.csv,1890,"End-effector rotating the object, by an angle of 45.0 degrees, using gentle force, causing soft-deformation, with constant force."
/home/mdxuser/Genesis/main/data/picked_up_4/upsampled/3D_Dollhouse_Swing_Elastic_soft_upsampled.csv,2160,"End-effector holding position of the object, maintaining a stable hold, using gentle force, causing soft-deformation."
/home/mdxuser/Genesis/main/data/picked_up_4/upsampled/3D_Dollhouse_Swing_Elastic_soft_upsampled.csv,2430,"End-effector continue holding position of the object, maintaining a stable hold, using gentle force, causing soft-deformation."
/home/mdxuser/Genesis/main/data/picked_up_4/upsampled/3D_Dollhouse_Swing_Elastic_soft_upsampled.csv,2700,The object has been dropped.
/home/mdxuser/Genesis/main/data/picked_up_4/upsampled/ASICS_GEL1140V_WhiteBlackSilver_Elastic_medium_upsampled.csv,0,"End-effector start towards the object, to begin the task."
/home/mdxuser/Genesis/main/data/picked_up_4/upsampled/ASICS_GEL1140V_WhiteBlackSilver_Elastic_medium_upsampled.csv,270,"End-effector grasping the object, using moderate force, causing medium-deformation, with increasing force."
/home/mdxuser/Genesis/main/data/picked_up_4/upsampled/ASICS_GEL1140V_WhiteBlackSilver_Elastic_medium_upsampled.csv,540,"End-effector continue grasping the object, using moderate force, causing medium-deformation, with increasing force."
/home/mdxuser/Genesis/main/data/picked_up_4/upsampled/ASICS_GEL1140V_WhiteBlackSilver_Elastic_medium_upsampled.csv,810,"End-effector lifting the object, using moderate force, causing medium-deformation, with increasing force."
/home/mdxuser/Genesis/main/data/picked_up_4/upsampled/ASICS_GEL1140V_WhiteBlackSilver_Elastic_medium_upsampled.csv,1080,"End-effector rotating the object, by an angle of 45.0 degrees, using moderate force, causing medium-deformation, with constant force."
/home/mdxuser/Genesis/main/data/picked_up_4/upsampled/ASICS_GEL1140V_WhiteBlackSilver_Elastic_medium_upsampled.csv,1350,"End-effector holding position of the object, maintaining a stable hold, using moderate force, causing medium-deformation."
/home/mdxuser/Genesis/main/data/picked_up_4/upsampled/ASICS_GEL1140V_WhiteBlackSilver_Elastic_medium_upsampled.csv,1620,"End-effector continue holding position of the object, maintaining a stable hold, using moderate force, causing medium-deformation."
/home/mdxuser/Genesis/main/data/picked_up_4/upsampled/ASICS_GEL1140V_WhiteBlackSilver_Elastic_medium_upsampled.csv,1890,The object has been dropped.
/home/mdxuser/Genesis/main/data/picked_up_4/upsampled/ASICS_GEL1140V_WhiteBlackSilver_Elastic_medium_upsampled.csv,2160,The object has been dropped.
/home/mdxuser/Genesis/main/data/picked_up_4/upsampled/ASICS_GEL1140V_WhiteBlackSilver_Elastic_medium_upsampled.csv,2430,The object has been dropped.
/home/mdxuser/Genesis/main/data/picked_up_4/upsampled/ASICS_GEL1140V_WhiteBlackSilver_Elastic_medium_upsampled.csv,2700,The object has been dropped.
/home/mdxuser/Genesis/main/data/picked_up_4/upsampled/3D_Dollhouse_Happy_Brother_Elastic_soft_upsampled.csv,0,"End-effector start towards the object, to begin the task."
/home/mdxuser/Genesis/main/data/picked_up_4/upsampled/3D_Dollhouse_Happy_Brother_Elastic_soft_upsampled.csv,270,"End-effector grasping the object, using gentle force, causing soft-deformation, with increasing force."
/home/mdxuser/Genesis/main/data/picked_up_4/upsampled/3D_Dollhouse_Happy_Brother_Elastic_soft_upsampled.csv,540,"End-effector continue grasping the object, using gentle force, causing soft-deformation, with increasing force."
/home/mdxuser/Genesis/main/data/picked_up_4/upsampled/3D_Dollhouse_Happy_Brother_Elastic_soft_upsampled.csv,810,"End-effector lifting the object, using gentle force, causing soft-deformation, with increasing force."
/home/mdxuser/Genesis/main/data/picked_up_4/upsampled/3D_Dollhouse_Happy_Brother_Elastic_soft_upsampled.csv,1080,"End-effector rotating the object, by an angle of 30.0 degrees, using gentle force, causing soft-deformation, with constant force."
/home/mdxuser/Genesis/main/data/picked_up_4/upsampled/3D_Dollhouse_Happy_Brother_Elastic_soft_upsampled.csv,1350,"End-effector continue rotating the object, by an angle of 30.0 degrees, using gentle force, causing soft-deformation, with constant force."
/home/mdxuser/Genesis/main/data/picked_up_4/upsampled/3D_Dollhouse_Happy_Brother_Elastic_soft_upsampled.csv,1620,"End-effector holding position of the object, maintaining a stable hold, using gentle force, causing soft-deformation."
/home/mdxuser/Genesis/main/data/picked_up_4/upsampled/3D_Dollhouse_Happy_Brother_Elastic_soft_upsampled.csv,1890,"End-effector rotating the object, by an angle of 45.0 degrees, using gentle force, causing soft-deformation, with constant force."
/home/mdxuser/Genesis/main/data/picked_up_4/upsampled/3D_Dollhouse_Happy_Brother_Elastic_soft_upsampled.csv,2160,"End-effector continue rotating the object, by an angle of 45.0 degrees, using gentle force, causing soft-deformation, with constant force."
/home/mdxuser/Genesis/main/data/picked_up_4/upsampled/3D_Dollhouse_Happy_Brother_Elastic_soft_upsampled.csv,2430,"End-effector holding position of the object, maintaining a stable hold, using gentle force, causing soft-deformation."
/home/mdxuser/Genesis/main/data/picked_up_4/upsampled/3D_Dollhouse_Happy_Brother_Elastic_soft_upsampled.csv,2700,"End-effector stopping the object, using zero-force, causing undeformed shape."
/home/mdxuser/Genesis/main/data/picked_up_4/upsampled/Cole_Hardware_Electric_Pot_Assortment_55_Elastic_hard_upsampled.csv,0,"End-effector start towards the object, to begin the task."
/home/mdxuser/Genesis/main/data/picked_up_4/upsampled/Cole_Hardware_Electric_Pot_Assortment_55_Elastic_hard_upsampled.csv,270,"End-effector grasping the object, using strong force, causing hard-deformation, with increasing force."
/home/mdxuser/Genesis/main/data/picked_up_4/upsampled/Cole_Hardware_Electric_Pot_Assortment_55_Elastic_hard_upsampled.csv,540,"End-effector continue grasping the object, using strong force, causing hard-deformation, with increasing force."
/home/mdxuser/Genesis/main/data/picked_up_4/upsampled/Cole_Hardware_Electric_Pot_Assortment_55_Elastic_hard_upsampled.csv,810,"End-effector lifting the object, using strong force, causing hard-deformation, with increasing force."
/home/mdxuser/Genesis/main/data/picked_up_4/upsampled/Cole_Hardware_Electric_Pot_Assortment_55_Elastic_hard_upsampled.csv,1080,"End-effector rotating the object, by an angle of 45.0 degrees, using strong force, causing hard-deformation, with constant force."
/home/mdxuser/Genesis/main/data/picked_up_4/upsampled/Cole_Hardware_Electric_Pot_Assortment_55_Elastic_hard_upsampled.csv,1350,"End-effector holding position of the object, maintaining a stable hold, using strong force, causing hard-deformation."
/home/mdxuser/Genesis/main/data/picked_up_4/upsampled/Cole_Hardware_Electric_Pot_Assortment_55_Elastic_hard_upsampled.csv,1620,"End-effector continue holding position of the object, maintaining a stable hold, using strong force, causing hard-deformation."
/home/mdxuser/Genesis/main/data/picked_up_4/upsampled/Cole_Hardware_Electric_Pot_Assortment_55_Elastic_hard_upsampled.csv,1890,"End-effector rotating the object, by an angle of 30.0 degrees, using strong force, causing hard-deformation, with constant force."
/home/mdxuser/Genesis/main/data/picked_up_4/upsampled/Cole_Hardware_Electric_Pot_Assortment_55_Elastic_hard_upsampled.csv,2160,"End-effector continue rotating the object, by an angle of 30.0 degrees, using strong force, causing hard-deformation, with constant force."
/home/mdxuser/Genesis/main/data/picked_up_4/upsampled/Cole_Hardware_Electric_Pot_Assortment_55_Elastic_hard_upsampled.csv,2430,"End-effector holding position of the object, maintaining a stable hold, using strong force, causing hard-deformation."
/home/mdxuser/Genesis/main/data/picked_up_4/upsampled/Cole_Hardware_Electric_Pot_Assortment_55_Elastic_hard_upsampled.csv,2700,"End-effector stopping the object, using zero-force, causing undeformed shape."
/home/mdxuser/Genesis/main/data/picked_up_4/upsampled/Cole_Hardware_Butter_Dish_Square_Red_Elastic_hard_upsampled.csv,0,"End-effector start towards the object, to begin the task."
/home/mdxuser/Genesis/main/data/picked_up_4/upsampled/Cole_Hardware_Butter_Dish_Square_Red_Elastic_hard_upsampled.csv,270,"End-effector grasping the object, using strong force, causing hard-deformation, with increasing force."
/home/mdxuser/Genesis/main/data/picked_up_4/upsampled/Cole_Hardware_Butter_Dish_Square_Red_Elastic_hard_upsampled.csv,540,"End-effector continue grasping the object, using strong force, causing hard-deformation, with increasing force."
/home/mdxuser/Genesis/main/data/picked_up_4/upsampled/Cole_Hardware_Butter_Dish_Square_Red_Elastic_hard_upsampled.csv,810,"End-effector lifting the object, using strong force, causing hard-deformation, with increasing force."
/home/mdxuser/Genesis/main/data/picked_up_4/upsampled/Cole_Hardware_Butter_Dish_Square_Red_Elastic_hard_upsampled.csv,1080,"End-effector rotating the object, by an angle of 45.0 degrees, using strong force, causing hard-deformation, with constant force."
/home/mdxuser/Genesis/main/data/picked_up_4/upsampled/Cole_Hardware_Butter_Dish_Square_Red_Elastic_hard_upsampled.csv,1350,"End-effector holding position of the object, maintaining a stable hold, using strong force, causing hard-deformation."
/home/mdxuser/Genesis/main/data/picked_up_4/upsampled/Cole_Hardware_Butter_Dish_Square_Red_Elastic_hard_upsampled.csv,1620,"End-effector continue holding position of the object, maintaining a stable hold, using strong force, causing hard-deformation."
/home/mdxuser/Genesis/main/data/picked_up_4/upsampled/Cole_Hardware_Butter_Dish_Square_Red_Elastic_hard_upsampled.csv,1890,"End-effector rotating the object, by an angle of 45.0 degrees, using strong force, causing hard-deformation, with constant force."
/home/mdxuser/Genesis/main/data/picked_up_4/upsampled/Cole_Hardware_Butter_Dish_Square_Red_Elastic_hard_upsampled.csv,2160,"End-effector holding position of the object, maintaining a stable hold, using strong force, causing hard-deformation."
/home/mdxuser/Genesis/main/data/picked_up_4/upsampled/Cole_Hardware_Butter_Dish_Square_Red_Elastic_hard_upsampled.csv,2430,"End-effector continue holding position of the object, maintaining a stable hold, using strong force, causing hard-deformation."
/home/mdxuser/Genesis/main/data/picked_up_4/upsampled/Cole_Hardware_Butter_Dish_Square_Red_Elastic_hard_upsampled.csv,2700,"End-effector stopping the object, using zero-force, causing undeformed shape."
/home/mdxuser/Genesis/main/data/picked_up_4/upsampled/ASICS_GELAce_Pro_Pearl_WhitePink_Elastic_medium_upsampled.csv,0,"End-effector start towards the object, to begin the task."
/home/mdxuser/Genesis/main/data/picked_up_4/upsampled/ASICS_GELAce_Pro_Pearl_WhitePink_Elastic_medium_upsampled.csv,270,"End-effector grasping the object, using moderate force, causing medium-deformation, with increasing force."
/home/mdxuser/Genesis/main/data/picked_up_4/upsampled/ASICS_GELAce_Pro_Pearl_WhitePink_Elastic_medium_upsampled.csv,540,"End-effector continue grasping the object, using moderate force, causing medium-deformation, with increasing force."
/home/mdxuser/Genesis/main/data/picked_up_4/upsampled/ASICS_GELAce_Pro_Pearl_WhitePink_Elastic_medium_upsampled.csv,810,"End-effector lifting the object, using moderate force, causing medium-deformation, with increasing force."
/home/mdxuser/Genesis/main/data/picked_up_4/upsampled/ASICS_GELAce_Pro_Pearl_WhitePink_Elastic_medium_upsampled.csv,1080,"End-effector rotating the object, by an angle of 30.0 degrees, using moderate force, causing medium-deformation, with constant force."
/home/mdxuser/Genesis/main/data/picked_up_4/upsampled/ASICS_GELAce_Pro_Pearl_WhitePink_Elastic_medium_upsampled.csv,1350,"End-effector continue rotating the object, by an angle of 30.0 degrees, using moderate force, causing medium-deformation, with constant force."
/home/mdxuser/Genesis/main/data/picked_up_4/upsampled/ASICS_GELAce_Pro_Pearl_WhitePink_Elastic_medium_upsampled.csv,1620,"End-effector holding position of the object, maintaining a stable hold, using moderate force, causing medium-deformation."
/home/mdxuser/Genesis/main/data/picked_up_4/upsampled/ASICS_GELAce_Pro_Pearl_WhitePink_Elastic_medium_upsampled.csv,1890,"End-effector rotating the object, by an angle of 45.0 degrees, using moderate force, causing medium-deformation, with constant force."
/home/mdxuser/Genesis/main/data/picked_up_4/upsampled/ASICS_GELAce_Pro_Pearl_WhitePink_Elastic_medium_upsampled.csv,2160,"End-effector continue rotating the object, by an angle of 45.0 degrees, using moderate force, causing medium-deformation, with constant force."
/home/mdxuser/Genesis/main/data/picked_up_4/upsampled/ASICS_GELAce_Pro_Pearl_WhitePink_Elastic_medium_upsampled.csv,2430,The object has been dropped.
/home/mdxuser/Genesis/main/data/picked_up_4/upsampled/ASICS_GELAce_Pro_Pearl_WhitePink_Elastic_medium_upsampled.csv,2700,The object has been dropped.
/home/mdxuser/Genesis/main/data/picked_up_4/upsampled/Cole_Hardware_Butter_Dish_Square_Red_Elastic_soft_upsampled.csv,0,"End-effector start towards the object, to begin the task."
/home/mdxuser/Genesis/main/data/picked_up_4/upsampled/Cole_Hardware_Butter_Dish_Square_Red_Elastic_soft_upsampled.csv,270,"End-effector grasping the object, using gentle force, causing soft-deformation, with increasing force."
/home/mdxuser/Genesis/main/data/picked_up_4/upsampled/Cole_Hardware_Butter_Dish_Square_Red_Elastic_soft_upsampled.csv,540,"End-effector continue grasping the object, using gentle force, causing soft-deformation, with increasing force."
/home/mdxuser/Genesis/main/data/picked_up_4/upsampled/Cole_Hardware_Butter_Dish_Square_Red_Elastic_soft_upsampled.csv,810,"End-effector lifting the object, using gentle force, causing soft-deformation, with increasing force."
/home/mdxuser/Genesis/main/data/picked_up_4/upsampled/Cole_Hardware_Butter_Dish_Square_Red_Elastic_soft_upsampled.csv,1080,"End-effector rotating the object, by an angle of 45.0 degrees, using gentle force, causing soft-deformation, with constant force."
/home/mdxuser/Genesis/main/data/picked_up_4/upsampled/Cole_Hardware_Butter_Dish_Square_Red_Elastic_soft_upsampled.csv,1350,"End-effector holding position of the object, maintaining a stable hold, using gentle force, causing soft-deformation."
/home/mdxuser/Genesis/main/data/picked_up_4/upsampled/Cole_Hardware_Butter_Dish_Square_Red_Elastic_soft_upsampled.csv,1620,"End-effector continue holding position of the object, maintaining a stable hold, using gentle force, causing soft-deformation."
/home/mdxuser/Genesis/main/data/picked_up_4/upsampled/Cole_Hardware_Butter_Dish_Square_Red_Elastic_soft_upsampled.csv,1890,"End-effector rotating the object, by an angle of 45.0 degrees, using gentle force, causing soft-deformation, with constant force."
/home/mdxuser/Genesis/main/data/picked_up_4/upsampled/Cole_Hardware_Butter_Dish_Square_Red_Elastic_soft_upsampled.csv,2160,The object has been dropped.
/home/mdxuser/Genesis/main/data/picked_up_4/upsampled/Cole_Hardware_Butter_Dish_Square_Red_Elastic_soft_upsampled.csv,2430,The object has been dropped.
/home/mdxuser/Genesis/main/data/picked_up_4/upsampled/Cole_Hardware_Butter_Dish_Square_Red_Elastic_soft_upsampled.csv,2700,The object has been dropped.
/home/mdxuser/Genesis/main/data/picked_up_4/upsampled/ASICS_GELTour_Lyte_WhiteOrchidSilver_Elastic_hard_upsampled.csv,0,"End-effector start towards the object, to begin the task."
/home/mdxuser/Genesis/main/data/picked_up_4/upsampled/ASICS_GELTour_Lyte_WhiteOrchidSilver_Elastic_hard_upsampled.csv,270,"End-effector grasping the object, using strong force, causing hard-deformation, with increasing force."
/home/mdxuser/Genesis/main/data/picked_up_4/upsampled/ASICS_GELTour_Lyte_WhiteOrchidSilver_Elastic_hard_upsampled.csv,540,"End-effector continue grasping the object, using strong force, causing hard-deformation, with increasing force."
/home/mdxuser/Genesis/main/data/picked_up_4/upsampled/ASICS_GELTour_Lyte_WhiteOrchidSilver_Elastic_hard_upsampled.csv,810,"End-effector lifting the object, using strong force, causing hard-deformation, with increasing force."
/home/mdxuser/Genesis/main/data/picked_up_4/upsampled/ASICS_GELTour_Lyte_WhiteOrchidSilver_Elastic_hard_upsampled.csv,1080,"End-effector rotating the object, by an angle of 45.0 degrees, using strong force, causing hard-deformation, with constant force."
/home/mdxuser/Genesis/main/data/picked_up_4/upsampled/ASICS_GELTour_Lyte_WhiteOrchidSilver_Elastic_hard_upsampled.csv,1350,"End-effector holding position of the object, maintaining a stable hold, using strong force, causing hard-deformation."
/home/mdxuser/Genesis/main/data/picked_up_4/upsampled/ASICS_GELTour_Lyte_WhiteOrchidSilver_Elastic_hard_upsampled.csv,1620,"End-effector continue holding position of the object, maintaining a stable hold, using strong force, causing hard-deformation."
/home/mdxuser/Genesis/main/data/picked_up_4/upsampled/ASICS_GELTour_Lyte_WhiteOrchidSilver_Elastic_hard_upsampled.csv,1890,The object has been dropped.
/home/mdxuser/Genesis/main/data/picked_up_4/upsampled/ASICS_GELTour_Lyte_WhiteOrchidSilver_Elastic_hard_upsampled.csv,2160,The object has been dropped.
/home/mdxuser/Genesis/main/data/picked_up_4/upsampled/ASICS_GELTour_Lyte_WhiteOrchidSilver_Elastic_hard_upsampled.csv,2430,The object has been dropped.
/home/mdxuser/Genesis/main/data/picked_up_4/upsampled/ASICS_GELTour_Lyte_WhiteOrchidSilver_Elastic_hard_upsampled.csv,2700,The object has been dropped.
/home/mdxuser/Genesis/main/data/picked_up_4/upsampled/Perricone_MD_Hypoallergenic_Gentle_Cleanser_Elastic_soft_upsampled.csv,0,"End-effector start towards the object, to begin the task."
/home/mdxuser/Genesis/main/data/picked_up_4/upsampled/Perricone_MD_Hypoallergenic_Gentle_Cleanser_Elastic_soft_upsampled.csv,270,"End-effector grasping the object, using gentle force, causing soft-deformation, with increasing force."
/home/mdxuser/Genesis/main/data/picked_up_4/upsampled/Perricone_MD_Hypoallergenic_Gentle_Cleanser_Elastic_soft_upsampled.csv,540,"End-effector continue grasping the object, using gentle force, causing soft-deformation, with increasing force."
/home/mdxuser/Genesis/main/data/picked_up_4/upsampled/Perricone_MD_Hypoallergenic_Gentle_Cleanser_Elastic_soft_upsampled.csv,810,"End-effector lifting the object, using gentle force, causing soft-deformation, with increasing force."
/home/mdxuser/Genesis/main/data/picked_up_4/upsampled/Perricone_MD_Hypoallergenic_Gentle_Cleanser_Elastic_soft_upsampled.csv,1080,"End-effector rotating the object, by an angle of 45.0 degrees, using gentle force, causing soft-deformation, with constant force."
/home/mdxuser/Genesis/main/data/picked_up_4/upsampled/Perricone_MD_Hypoallergenic_Gentle_Cleanser_Elastic_soft_upsampled.csv,1350,"End-effector continue rotating the object, by an angle of 45.0 degrees, using gentle force, causing soft-deformation, with constant force."
/home/mdxuser/Genesis/main/data/picked_up_4/upsampled/Perricone_MD_Hypoallergenic_Gentle_Cleanser_Elastic_soft_upsampled.csv,1620,The object has been dropped.
/home/mdxuser/Genesis/main/data/picked_up_4/upsampled/Perricone_MD_Hypoallergenic_Gentle_Cleanser_Elastic_soft_upsampled.csv,1890,The object has been dropped.
/home/mdxuser/Genesis/main/data/picked_up_4/upsampled/Perricone_MD_Hypoallergenic_Gentle_Cleanser_Elastic_soft_upsampled.csv,2160,The object has been dropped.
/home/mdxuser/Genesis/main/data/picked_up_4/upsampled/Perricone_MD_Hypoallergenic_Gentle_Cleanser_Elastic_soft_upsampled.csv,2430,The object has been dropped.
/home/mdxuser/Genesis/main/data/picked_up_4/upsampled/Perricone_MD_Hypoallergenic_Gentle_Cleanser_Elastic_soft_upsampled.csv,2700,The object has been dropped.
/home/mdxuser/Genesis/main/data/picked_up_4/upsampled/Black_Forest_Fruit_Snacks_28_Pack_Grape_Elastic_hard_upsampled.csv,0,"End-effector start towards the object, to begin the task."
/home/mdxuser/Genesis/main/data/picked_up_4/upsampled/Black_Forest_Fruit_Snacks_28_Pack_Grape_Elastic_hard_upsampled.csv,270,"End-effector grasping the object, using strong force, causing hard-deformation, with increasing force."
/home/mdxuser/Genesis/main/data/picked_up_4/upsampled/Black_Forest_Fruit_Snacks_28_Pack_Grape_Elastic_hard_upsampled.csv,540,"End-effector continue grasping the object, using strong force, causing hard-deformation, with increasing force."
/home/mdxuser/Genesis/main/data/picked_up_4/upsampled/Black_Forest_Fruit_Snacks_28_Pack_Grape_Elastic_hard_upsampled.csv,810,"End-effector lifting the object, using strong force, causing hard-deformation, with increasing force."
/home/mdxuser/Genesis/main/data/picked_up_4/upsampled/Black_Forest_Fruit_Snacks_28_Pack_Grape_Elastic_hard_upsampled.csv,1080,"End-effector rotating the object, by an angle of 30.0 degrees, using strong force, causing hard-deformation, with constant force."
/home/mdxuser/Genesis/main/data/picked_up_4/upsampled/Black_Forest_Fruit_Snacks_28_Pack_Grape_Elastic_hard_upsampled.csv,1350,"End-effector continue rotating the object, by an angle of 30.0 degrees, using strong force, causing hard-deformation, with constant force."
/home/mdxuser/Genesis/main/data/picked_up_4/upsampled/Black_Forest_Fruit_Snacks_28_Pack_Grape_Elastic_hard_upsampled.csv,1620,"End-effector holding position of the object, maintaining a stable hold, using strong force, causing hard-deformation."
/home/mdxuser/Genesis/main/data/picked_up_4/upsampled/Black_Forest_Fruit_Snacks_28_Pack_Grape_Elastic_hard_upsampled.csv,1890,"End-effector rotating the object, by an angle of 45.0 degrees, using strong force, causing hard-deformation, with constant force."
/home/mdxuser/Genesis/main/data/picked_up_4/upsampled/Black_Forest_Fruit_Snacks_28_Pack_Grape_Elastic_hard_upsampled.csv,2160,"End-effector continue rotating the object, by an angle of 45.0 degrees, using strong force, causing hard-deformation, with constant force."
/home/mdxuser/Genesis/main/data/picked_up_4/upsampled/Black_Forest_Fruit_Snacks_28_Pack_Grape_Elastic_hard_upsampled.csv,2430,The object has been dropped.
/home/mdxuser/Genesis/main/data/picked_up_4/upsampled/Black_Forest_Fruit_Snacks_28_Pack_Grape_Elastic_hard_upsampled.csv,2700,The object has been dropped.
/home/mdxuser/Genesis/main/data/picked_up_4/upsampled/Nickelodeon_Teenage_Mutant_Ninja_Turtles_Raphael_Elastic_medium_upsampled.csv,0,"End-effector start towards the object, to begin the task."
/home/mdxuser/Genesis/main/data/picked_up_4/upsampled/Nickelodeon_Teenage_Mutant_Ninja_Turtles_Raphael_Elastic_medium_upsampled.csv,270,"End-effector grasping the object, using moderate force, causing medium-deformation, with increasing force."
/home/mdxuser/Genesis/main/data/picked_up_4/upsampled/Nickelodeon_Teenage_Mutant_Ninja_Turtles_Raphael_Elastic_medium_upsampled.csv,540,"End-effector continue grasping the object, using moderate force, causing medium-deformation, with increasing force."
/home/mdxuser/Genesis/main/data/picked_up_4/upsampled/Nickelodeon_Teenage_Mutant_Ninja_Turtles_Raphael_Elastic_medium_upsampled.csv,810,"End-effector lifting the object, using moderate force, causing medium-deformation, with increasing force."
/home/mdxuser/Genesis/main/data/picked_up_4/upsampled/Nickelodeon_Teenage_Mutant_Ninja_Turtles_Raphael_Elastic_medium_upsampled.csv,1080,"End-effector rotating the object, by an angle of 45.0 degrees, using moderate force, causing medium-deformation, with constant force."
/home/mdxuser/Genesis/main/data/picked_up_4/upsampled/Nickelodeon_Teenage_Mutant_Ninja_Turtles_Raphael_Elastic_medium_upsampled.csv,1350,"End-effector continue rotating the object, by an angle of 45.0 degrees, using moderate force, causing medium-deformation, with constant force."
/home/mdxuser/Genesis/main/data/picked_up_4/upsampled/Nickelodeon_Teenage_Mutant_Ninja_Turtles_Raphael_Elastic_medium_upsampled.csv,1620,The object has been dropped.
/home/mdxuser/Genesis/main/data/picked_up_4/upsampled/Nickelodeon_Teenage_Mutant_Ninja_Turtles_Raphael_Elastic_medium_upsampled.csv,1890,The object has been dropped.
/home/mdxuser/Genesis/main/data/picked_up_4/upsampled/Nickelodeon_Teenage_Mutant_Ninja_Turtles_Raphael_Elastic_medium_upsampled.csv,2160,The object has been dropped.
/home/mdxuser/Genesis/main/data/picked_up_4/upsampled/Nickelodeon_Teenage_Mutant_Ninja_Turtles_Raphael_Elastic_medium_upsampled.csv,2430,The object has been dropped.
/home/mdxuser/Genesis/main/data/picked_up_4/upsampled/Nickelodeon_Teenage_Mutant_Ninja_Turtles_Raphael_Elastic_medium_upsampled.csv,2700,The object has been dropped.
/home/mdxuser/Genesis/main/data/picked_up_4/upsampled/Olive_Kids_Trains_Planes_Trucks_Bogo_Backpack_Elastic_soft_upsampled.csv,0,"End-effector start towards the object, to begin the task."
/home/mdxuser/Genesis/main/data/picked_up_4/upsampled/Olive_Kids_Trains_Planes_Trucks_Bogo_Backpack_Elastic_soft_upsampled.csv,270,"End-effector grasping the object, using gentle force, causing soft-deformation, with increasing force."
/home/mdxuser/Genesis/main/data/picked_up_4/upsampled/Olive_Kids_Trains_Planes_Trucks_Bogo_Backpack_Elastic_soft_upsampled.csv,540,"End-effector continue grasping the object, using gentle force, causing soft-deformation, with increasing force."
/home/mdxuser/Genesis/main/data/picked_up_4/upsampled/Olive_Kids_Trains_Planes_Trucks_Bogo_Backpack_Elastic_soft_upsampled.csv,810,"End-effector lifting the object, using gentle force, causing soft-deformation, with increasing force."
/home/mdxuser/Genesis/main/data/picked_up_4/upsampled/Olive_Kids_Trains_Planes_Trucks_Bogo_Backpack_Elastic_soft_upsampled.csv,1080,"End-effector rotating the object, by an angle of 30.0 degrees, using gentle force, causing soft-deformation, with constant force."
/home/mdxuser/Genesis/main/data/picked_up_4/upsampled/Olive_Kids_Trains_Planes_Trucks_Bogo_Backpack_Elastic_soft_upsampled.csv,1350,"End-effector continue rotating the object, by an angle of 30.0 degrees, using gentle force, causing soft-deformation, with constant force."
/home/mdxuser/Genesis/main/data/picked_up_4/upsampled/Olive_Kids_Trains_Planes_Trucks_Bogo_Backpack_Elastic_soft_upsampled.csv,1620,"End-effector holding position of the object, maintaining a stable hold, using gentle force, causing soft-deformation."
/home/mdxuser/Genesis/main/data/picked_up_4/upsampled/Olive_Kids_Trains_Planes_Trucks_Bogo_Backpack_Elastic_soft_upsampled.csv,1890,The object has been dropped.
/home/mdxuser/Genesis/main/data/picked_up_4/upsampled/Olive_Kids_Trains_Planes_Trucks_Bogo_Backpack_Elastic_soft_upsampled.csv,2160,The object has been dropped.
/home/mdxuser/Genesis/main/data/picked_up_4/upsampled/Olive_Kids_Trains_Planes_Trucks_Bogo_Backpack_Elastic_soft_upsampled.csv,2430,The object has been dropped.
/home/mdxuser/Genesis/main/data/picked_up_4/upsampled/Olive_Kids_Trains_Planes_Trucks_Bogo_Backpack_Elastic_soft_upsampled.csv,2700,The object has been dropped.
/home/mdxuser/Genesis/main/data/picked_up_4/upsampled/Adrenaline_GTS_13_Color_WhtObsdianBlckOlmpcSlvr_Size_70_Elastic_medium_upsampled.csv,0,"End-effector start towards the object, to begin the task."
/home/mdxuser/Genesis/main/data/picked_up_4/upsampled/Adrenaline_GTS_13_Color_WhtObsdianBlckOlmpcSlvr_Size_70_Elastic_medium_upsampled.csv,270,"End-effector grasping the object, using moderate force, causing medium-deformation, with increasing force."
/home/mdxuser/Genesis/main/data/picked_up_4/upsampled/Adrenaline_GTS_13_Color_WhtObsdianBlckOlmpcSlvr_Size_70_Elastic_medium_upsampled.csv,540,"End-effector continue grasping the object, using moderate force, causing medium-deformation, with increasing force."
/home/mdxuser/Genesis/main/data/picked_up_4/upsampled/Adrenaline_GTS_13_Color_WhtObsdianBlckOlmpcSlvr_Size_70_Elastic_medium_upsampled.csv,810,"End-effector lifting the object, using moderate force, causing medium-deformation, with increasing force."
/home/mdxuser/Genesis/main/data/picked_up_4/upsampled/Adrenaline_GTS_13_Color_WhtObsdianBlckOlmpcSlvr_Size_70_Elastic_medium_upsampled.csv,1080,"End-effector rotating the object, by an angle of 30.0 degrees, using moderate force, causing medium-deformation, with constant force."
/home/mdxuser/Genesis/main/data/picked_up_4/upsampled/Adrenaline_GTS_13_Color_WhtObsdianBlckOlmpcSlvr_Size_70_Elastic_medium_upsampled.csv,1350,"End-effector continue rotating the object, by an angle of 30.0 degrees, using moderate force, causing medium-deformation, with constant force."
/home/mdxuser/Genesis/main/data/picked_up_4/upsampled/Adrenaline_GTS_13_Color_WhtObsdianBlckOlmpcSlvr_Size_70_Elastic_medium_upsampled.csv,1620,The object has been dropped.
/home/mdxuser/Genesis/main/data/picked_up_4/upsampled/Adrenaline_GTS_13_Color_WhtObsdianBlckOlmpcSlvr_Size_70_Elastic_medium_upsampled.csv,1890,The object has been dropped.
/home/mdxuser/Genesis/main/data/picked_up_4/upsampled/Adrenaline_GTS_13_Color_WhtObsdianBlckOlmpcSlvr_Size_70_Elastic_medium_upsampled.csv,2160,The object has been dropped.
/home/mdxuser/Genesis/main/data/picked_up_4/upsampled/Adrenaline_GTS_13_Color_WhtObsdianBlckOlmpcSlvr_Size_70_Elastic_medium_upsampled.csv,2430,The object has been dropped.
/home/mdxuser/Genesis/main/data/picked_up_4/upsampled/Adrenaline_GTS_13_Color_WhtObsdianBlckOlmpcSlvr_Size_70_Elastic_medium_upsampled.csv,2700,The object has been dropped.
/home/mdxuser/Genesis/main/data/picked_up_4/upsampled/Android_Figure_Orange_Elastic_medium_upsampled.csv,0,"End-effector start towards the object, to begin the task."
/home/mdxuser/Genesis/main/data/picked_up_4/upsampled/Android_Figure_Orange_Elastic_medium_upsampled.csv,270,"End-effector grasping the object, using moderate force, causing medium-deformation, with increasing force."
/home/mdxuser/Genesis/main/data/picked_up_4/upsampled/Android_Figure_Orange_Elastic_medium_upsampled.csv,540,"End-effector continue grasping the object, using moderate force, causing medium-deformation, with increasing force."
/home/mdxuser/Genesis/main/data/picked_up_4/upsampled/Android_Figure_Orange_Elastic_medium_upsampled.csv,810,"End-effector lifting the object, using moderate force, causing medium-deformation, with increasing force."
/home/mdxuser/Genesis/main/data/picked_up_4/upsampled/Android_Figure_Orange_Elastic_medium_upsampled.csv,1080,"End-effector rotating the object, by an angle of 45.0 degrees, using moderate force, causing medium-deformation, with constant force."
/home/mdxuser/Genesis/main/data/picked_up_4/upsampled/Android_Figure_Orange_Elastic_medium_upsampled.csv,1350,"End-effector holding position of the object, maintaining a stable hold, using moderate force, causing medium-deformation."
/home/mdxuser/Genesis/main/data/picked_up_4/upsampled/Android_Figure_Orange_Elastic_medium_upsampled.csv,1620,"End-effector continue holding position of the object, maintaining a stable hold, using moderate force, causing medium-deformation."
/home/mdxuser/Genesis/main/data/picked_up_4/upsampled/Android_Figure_Orange_Elastic_medium_upsampled.csv,1890,"End-effector rotating the object, by an angle of 45.0 degrees, using moderate force, causing medium-deformation, with constant force."
/home/mdxuser/Genesis/main/data/picked_up_4/upsampled/Android_Figure_Orange_Elastic_medium_upsampled.csv,2160,"End-effector holding position of the object, maintaining a stable hold, using moderate force, causing medium-deformation."
/home/mdxuser/Genesis/main/data/picked_up_4/upsampled/Android_Figure_Orange_Elastic_medium_upsampled.csv,2430,"End-effector continue holding position of the object, maintaining a stable hold, using moderate force, causing medium-deformation."
/home/mdxuser/Genesis/main/data/picked_up_4/upsampled/Android_Figure_Orange_Elastic_medium_upsampled.csv,2700,"End-effector stopping the object, using zero-force, causing undeformed shape."
/home/mdxuser/Genesis/main/data/picked_up_4/upsampled/Office_Depot_Canon_CLI_8Y_Ink_Cartridge_Yellow_0623B002_Elastic_medium_upsampled.csv,0,"End-effector start towards the object, to begin the task."
/home/mdxuser/Genesis/main/data/picked_up_4/upsampled/Office_Depot_Canon_CLI_8Y_Ink_Cartridge_Yellow_0623B002_Elastic_medium_upsampled.csv,270,"End-effector grasping the object, using moderate force, causing medium-deformation, with increasing force."
/home/mdxuser/Genesis/main/data/picked_up_4/upsampled/Office_Depot_Canon_CLI_8Y_Ink_Cartridge_Yellow_0623B002_Elastic_medium_upsampled.csv,540,"End-effector continue grasping the object, using moderate force, causing medium-deformation, with increasing force."
/home/mdxuser/Genesis/main/data/picked_up_4/upsampled/Office_Depot_Canon_CLI_8Y_Ink_Cartridge_Yellow_0623B002_Elastic_medium_upsampled.csv,810,"End-effector lifting the object, using moderate force, causing medium-deformation, with increasing force."
/home/mdxuser/Genesis/main/data/picked_up_4/upsampled/Office_Depot_Canon_CLI_8Y_Ink_Cartridge_Yellow_0623B002_Elastic_medium_upsampled.csv,1080,"End-effector rotating the object, by an angle of 45.0 degrees, using moderate force, causing medium-deformation, with constant force."
/home/mdxuser/Genesis/main/data/picked_up_4/upsampled/Office_Depot_Canon_CLI_8Y_Ink_Cartridge_Yellow_0623B002_Elastic_medium_upsampled.csv,1350,"End-effector continue rotating the object, by an angle of 45.0 degrees, using moderate force, causing medium-deformation, with constant force."
/home/mdxuser/Genesis/main/data/picked_up_4/upsampled/Office_Depot_Canon_CLI_8Y_Ink_Cartridge_Yellow_0623B002_Elastic_medium_upsampled.csv,1620,The object has been dropped.
/home/mdxuser/Genesis/main/data/picked_up_4/upsampled/Office_Depot_Canon_CLI_8Y_Ink_Cartridge_Yellow_0623B002_Elastic_medium_upsampled.csv,1890,The object has been dropped.
/home/mdxuser/Genesis/main/data/picked_up_4/upsampled/Office_Depot_Canon_CLI_8Y_Ink_Cartridge_Yellow_0623B002_Elastic_medium_upsampled.csv,2160,The object has been dropped.
/home/mdxuser/Genesis/main/data/picked_up_4/upsampled/Office_Depot_Canon_CLI_8Y_Ink_Cartridge_Yellow_0623B002_Elastic_medium_upsampled.csv,2430,The object has been dropped.
/home/mdxuser/Genesis/main/data/picked_up_4/upsampled/Office_Depot_Canon_CLI_8Y_Ink_Cartridge_Yellow_0623B002_Elastic_medium_upsampled.csv,2700,The object has been dropped.
/home/mdxuser/Genesis/main/data/picked_up_4/upsampled/Cole_Hardware_Mug_Classic_Blue_Elastic_medium_upsampled.csv,0,"End-effector start towards the object, to begin the task."
/home/mdxuser/Genesis/main/data/picked_up_4/upsampled/Cole_Hardware_Mug_Classic_Blue_Elastic_medium_upsampled.csv,270,"End-effector grasping the object, using moderate force, causing medium-deformation, with increasing force."
/home/mdxuser/Genesis/main/data/picked_up_4/upsampled/Cole_Hardware_Mug_Classic_Blue_Elastic_medium_upsampled.csv,540,"End-effector continue grasping the object, using moderate force, causing medium-deformation, with increasing force."
/home/mdxuser/Genesis/main/data/picked_up_4/upsampled/Cole_Hardware_Mug_Classic_Blue_Elastic_medium_upsampled.csv,810,"End-effector lifting the object, using moderate force, causing medium-deformation, with increasing force."
/home/mdxuser/Genesis/main/data/picked_up_4/upsampled/Cole_Hardware_Mug_Classic_Blue_Elastic_medium_upsampled.csv,1080,"End-effector rotating the object, by an angle of 45.0 degrees, using moderate force, causing medium-deformation, with constant force."
/home/mdxuser/Genesis/main/data/picked_up_4/upsampled/Cole_Hardware_Mug_Classic_Blue_Elastic_medium_upsampled.csv,1350,"End-effector continue rotating the object, by an angle of 45.0 degrees, using moderate force, causing medium-deformation, with constant force."
/home/mdxuser/Genesis/main/data/picked_up_4/upsampled/Cole_Hardware_Mug_Classic_Blue_Elastic_medium_upsampled.csv,1620,"End-effector holding position of the object, maintaining a stable hold, using moderate force, causing medium-deformation."
/home/mdxuser/Genesis/main/data/picked_up_4/upsampled/Cole_Hardware_Mug_Classic_Blue_Elastic_medium_upsampled.csv,1890,"End-effector rotating the object, by an angle of 30.0 degrees, using moderate force, causing medium-deformation, with constant force."
/home/mdxuser/Genesis/main/data/picked_up_4/upsampled/Cole_Hardware_Mug_Classic_Blue_Elastic_medium_upsampled.csv,2160,"End-effector continue rotating the object, by an angle of 30.0 degrees, using moderate force, causing medium-deformation, with constant force."
/home/mdxuser/Genesis/main/data/picked_up_4/upsampled/Cole_Hardware_Mug_Classic_Blue_Elastic_medium_upsampled.csv,2430,"End-effector holding position of the object, maintaining a stable hold, using moderate force, causing medium-deformation."
/home/mdxuser/Genesis/main/data/picked_up_4/upsampled/Cole_Hardware_Mug_Classic_Blue_Elastic_medium_upsampled.csv,2700,"End-effector stopping the object, using zero-force, causing undeformed shape."
/home/mdxuser/Genesis/main/data/picked_up_4/upsampled/CAR_CARRIER_TRAIN_Elastic_medium_upsampled.csv,0,"End-effector start towards the object, to begin the task."
/home/mdxuser/Genesis/main/data/picked_up_4/upsampled/CAR_CARRIER_TRAIN_Elastic_medium_upsampled.csv,270,"End-effector grasping the object, using moderate force, causing medium-deformation, with increasing force."
/home/mdxuser/Genesis/main/data/picked_up_4/upsampled/CAR_CARRIER_TRAIN_Elastic_medium_upsampled.csv,540,"End-effector continue grasping the object, using moderate force, causing medium-deformation, with increasing force."
/home/mdxuser/Genesis/main/data/picked_up_4/upsampled/CAR_CARRIER_TRAIN_Elastic_medium_upsampled.csv,810,"End-effector lifting the object, using moderate force, causing medium-deformation, with increasing force."
/home/mdxuser/Genesis/main/data/picked_up_4/upsampled/CAR_CARRIER_TRAIN_Elastic_medium_upsampled.csv,1080,"End-effector rotating the object, by an angle of 45.0 degrees, using moderate force, causing medium-deformation, with constant force."
/home/mdxuser/Genesis/main/data/picked_up_4/upsampled/CAR_CARRIER_TRAIN_Elastic_medium_upsampled.csv,1350,"End-effector continue rotating the object, by an angle of 45.0 degrees, using moderate force, causing medium-deformation, with constant force."
/home/mdxuser/Genesis/main/data/picked_up_4/upsampled/CAR_CARRIER_TRAIN_Elastic_medium_upsampled.csv,1620,The object has been dropped.
/home/mdxuser/Genesis/main/data/picked_up_4/upsampled/CAR_CARRIER_TRAIN_Elastic_medium_upsampled.csv,1890,The object has been dropped.
/home/mdxuser/Genesis/main/data/picked_up_4/upsampled/CAR_CARRIER_TRAIN_Elastic_medium_upsampled.csv,2160,The object has been dropped.
/home/mdxuser/Genesis/main/data/picked_up_4/upsampled/CAR_CARRIER_TRAIN_Elastic_medium_upsampled.csv,2430,The object has been dropped.
/home/mdxuser/Genesis/main/data/picked_up_4/upsampled/CAR_CARRIER_TRAIN_Elastic_medium_upsampled.csv,2700,The object has been dropped.
/home/mdxuser/Genesis/main/data/picked_up_4/upsampled/BIRD_RATTLE_Elastic_medium_upsampled.csv,0,"End-effector start towards the object, to begin the task."
/home/mdxuser/Genesis/main/data/picked_up_4/upsampled/BIRD_RATTLE_Elastic_medium_upsampled.csv,270,"End-effector grasping the object, using moderate force, causing medium-deformation, with increasing force."
/home/mdxuser/Genesis/main/data/picked_up_4/upsampled/BIRD_RATTLE_Elastic_medium_upsampled.csv,540,"End-effector continue grasping the object, using moderate force, causing medium-deformation, with increasing force."
/home/mdxuser/Genesis/main/data/picked_up_4/upsampled/BIRD_RATTLE_Elastic_medium_upsampled.csv,810,"End-effector lifting the object, using moderate force, causing medium-deformation, with increasing force."
/home/mdxuser/Genesis/main/data/picked_up_4/upsampled/BIRD_RATTLE_Elastic_medium_upsampled.csv,1080,"End-effector rotating the object, by an angle of 30.0 degrees, using moderate force, causing medium-deformation, with constant force."
/home/mdxuser/Genesis/main/data/picked_up_4/upsampled/BIRD_RATTLE_Elastic_medium_upsampled.csv,1350,"End-effector continue rotating the object, by an angle of 30.0 degrees, using moderate force, causing medium-deformation, with constant force."
/home/mdxuser/Genesis/main/data/picked_up_4/upsampled/BIRD_RATTLE_Elastic_medium_upsampled.csv,1620,"End-effector holding position of the object, maintaining a stable hold, using moderate force, causing medium-deformation."
/home/mdxuser/Genesis/main/data/picked_up_4/upsampled/BIRD_RATTLE_Elastic_medium_upsampled.csv,1890,"End-effector rotating the object, by an angle of 45.0 degrees, using moderate force, causing medium-deformation, with constant force."
/home/mdxuser/Genesis/main/data/picked_up_4/upsampled/BIRD_RATTLE_Elastic_medium_upsampled.csv,2160,"End-effector continue rotating the object, by an angle of 45.0 degrees, using moderate force, causing medium-deformation, with constant force."
/home/mdxuser/Genesis/main/data/picked_up_4/upsampled/BIRD_RATTLE_Elastic_medium_upsampled.csv,2430,"End-effector holding position of the object, maintaining a stable hold, using moderate force, causing medium-deformation."
/home/mdxuser/Genesis/main/data/picked_up_4/upsampled/BIRD_RATTLE_Elastic_medium_upsampled.csv,2700,"End-effector stopping the object, using zero-force, causing undeformed shape."
/home/mdxuser/Genesis/main/data/picked_up_4/upsampled/Asus_Z97IPLUS_Motherboard_Mini_ITX_LGA1150_Socket_Elastic_medium_upsampled.csv,0,"End-effector start towards the object, to begin the task."
/home/mdxuser/Genesis/main/data/picked_up_4/upsampled/Asus_Z97IPLUS_Motherboard_Mini_ITX_LGA1150_Socket_Elastic_medium_upsampled.csv,270,"End-effector grasping the object, using moderate force, causing medium-deformation, with increasing force."
/home/mdxuser/Genesis/main/data/picked_up_4/upsampled/Asus_Z97IPLUS_Motherboard_Mini_ITX_LGA1150_Socket_Elastic_medium_upsampled.csv,540,"End-effector continue grasping the object, using moderate force, causing medium-deformation, with increasing force."
/home/mdxuser/Genesis/main/data/picked_up_4/upsampled/Asus_Z97IPLUS_Motherboard_Mini_ITX_LGA1150_Socket_Elastic_medium_upsampled.csv,810,"End-effector lifting the object, using moderate force, causing medium-deformation, with increasing force."
/home/mdxuser/Genesis/main/data/picked_up_4/upsampled/Asus_Z97IPLUS_Motherboard_Mini_ITX_LGA1150_Socket_Elastic_medium_upsampled.csv,1080,"End-effector rotating the object, by an angle of 45.0 degrees, using moderate force, causing medium-deformation, with constant force."
/home/mdxuser/Genesis/main/data/picked_up_4/upsampled/Asus_Z97IPLUS_Motherboard_Mini_ITX_LGA1150_Socket_Elastic_medium_upsampled.csv,1350,The object has been dropped.
/home/mdxuser/Genesis/main/data/picked_up_4/upsampled/Asus_Z97IPLUS_Motherboard_Mini_ITX_LGA1150_Socket_Elastic_medium_upsampled.csv,1620,The object has been dropped.
/home/mdxuser/Genesis/main/data/picked_up_4/upsampled/Asus_Z97IPLUS_Motherboard_Mini_ITX_LGA1150_Socket_Elastic_medium_upsampled.csv,1890,The object has been dropped.
/home/mdxuser/Genesis/main/data/picked_up_4/upsampled/Asus_Z97IPLUS_Motherboard_Mini_ITX_LGA1150_Socket_Elastic_medium_upsampled.csv,2160,The object has been dropped.
/home/mdxuser/Genesis/main/data/picked_up_4/upsampled/Asus_Z97IPLUS_Motherboard_Mini_ITX_LGA1150_Socket_Elastic_medium_upsampled.csv,2430,The object has been dropped.
/home/mdxuser/Genesis/main/data/picked_up_4/upsampled/Asus_Z97IPLUS_Motherboard_Mini_ITX_LGA1150_Socket_Elastic_medium_upsampled.csv,2700,The object has been dropped.
/home/mdxuser/Genesis/main/data/picked_up_4/upsampled/Office_Depot_HP_920XL_920_High_Yield_Black_and_Standard_CMY_Color_Ink_Cartridges_Elastic_medium_upsampled.csv,0,"End-effector start towards the object, to begin the task."
/home/mdxuser/Genesis/main/data/picked_up_4/upsampled/Office_Depot_HP_920XL_920_High_Yield_Black_and_Standard_CMY_Color_Ink_Cartridges_Elastic_medium_upsampled.csv,270,"End-effector grasping the object, using moderate force, causing medium-deformation, with increasing force."
/home/mdxuser/Genesis/main/data/picked_up_4/upsampled/Office_Depot_HP_920XL_920_High_Yield_Black_and_Standard_CMY_Color_Ink_Cartridges_Elastic_medium_upsampled.csv,540,"End-effector continue grasping the object, using moderate force, causing medium-deformation, with increasing force."
/home/mdxuser/Genesis/main/data/picked_up_4/upsampled/Office_Depot_HP_920XL_920_High_Yield_Black_and_Standard_CMY_Color_Ink_Cartridges_Elastic_medium_upsampled.csv,810,"End-effector lifting the object, using moderate force, causing medium-deformation, with increasing force."
/home/mdxuser/Genesis/main/data/picked_up_4/upsampled/Office_Depot_HP_920XL_920_High_Yield_Black_and_Standard_CMY_Color_Ink_Cartridges_Elastic_medium_upsampled.csv,1080,"End-effector rotating the object, by an angle of 45.0 degrees, using moderate force, causing medium-deformation, with constant force."
/home/mdxuser/Genesis/main/data/picked_up_4/upsampled/Office_Depot_HP_920XL_920_High_Yield_Black_and_Standard_CMY_Color_Ink_Cartridges_Elastic_medium_upsampled.csv,1350,"End-effector holding position of the object, maintaining a stable hold, using moderate force, causing medium-deformation."
/home/mdxuser/Genesis/main/data/picked_up_4/upsampled/Office_Depot_HP_920XL_920_High_Yield_Black_and_Standard_CMY_Color_Ink_Cartridges_Elastic_medium_upsampled.csv,1620,"End-effector continue holding position of the object, maintaining a stable hold, using moderate force, causing medium-deformation."
/home/mdxuser/Genesis/main/data/picked_up_4/upsampled/Office_Depot_HP_920XL_920_High_Yield_Black_and_Standard_CMY_Color_Ink_Cartridges_Elastic_medium_upsampled.csv,1890,"End-effector rotating the object, by an angle of 45.0 degrees, using moderate force, causing medium-deformation, with constant force."
/home/mdxuser/Genesis/main/data/picked_up_4/upsampled/Office_Depot_HP_920XL_920_High_Yield_Black_and_Standard_CMY_Color_Ink_Cartridges_Elastic_medium_upsampled.csv,2160,"End-effector continue rotating the object, by an angle of 45.0 degrees, using moderate force, causing medium-deformation, with constant force."
/home/mdxuser/Genesis/main/data/picked_up_4/upsampled/Office_Depot_HP_920XL_920_High_Yield_Black_and_Standard_CMY_Color_Ink_Cartridges_Elastic_medium_upsampled.csv,2430,The object has been dropped.
/home/mdxuser/Genesis/main/data/picked_up_4/upsampled/Office_Depot_HP_920XL_920_High_Yield_Black_and_Standard_CMY_Color_Ink_Cartridges_Elastic_medium_upsampled.csv,2700,The object has been dropped.
/home/mdxuser/Genesis/main/data/picked_up_4/upsampled/CHILDREN_BEDROOM_CLASSIC_Elastic_hard_upsampled.csv,0,"End-effector start towards the object, to begin the task."
/home/mdxuser/Genesis/main/data/picked_up_4/upsampled/CHILDREN_BEDROOM_CLASSIC_Elastic_hard_upsampled.csv,270,"End-effector grasping the object, using strong force, causing hard-deformation, with increasing force."
/home/mdxuser/Genesis/main/data/picked_up_4/upsampled/CHILDREN_BEDROOM_CLASSIC_Elastic_hard_upsampled.csv,540,"End-effector continue grasping the object, using strong force, causing hard-deformation, with increasing force."
/home/mdxuser/Genesis/main/data/picked_up_4/upsampled/CHILDREN_BEDROOM_CLASSIC_Elastic_hard_upsampled.csv,810,"End-effector lifting the object, using strong force, causing hard-deformation, with increasing force."
/home/mdxuser/Genesis/main/data/picked_up_4/upsampled/CHILDREN_BEDROOM_CLASSIC_Elastic_hard_upsampled.csv,1080,"End-effector rotating the object, by an angle of 45.0 degrees, using strong force, causing hard-deformation, with constant force."
/home/mdxuser/Genesis/main/data/picked_up_4/upsampled/CHILDREN_BEDROOM_CLASSIC_Elastic_hard_upsampled.csv,1350,"End-effector continue rotating the object, by an angle of 45.0 degrees, using strong force, causing hard-deformation, with constant force."
/home/mdxuser/Genesis/main/data/picked_up_4/upsampled/CHILDREN_BEDROOM_CLASSIC_Elastic_hard_upsampled.csv,1620,The object has been dropped.
/home/mdxuser/Genesis/main/data/picked_up_4/upsampled/CHILDREN_BEDROOM_CLASSIC_Elastic_hard_upsampled.csv,1890,The object has been dropped.
/home/mdxuser/Genesis/main/data/picked_up_4/upsampled/CHILDREN_BEDROOM_CLASSIC_Elastic_hard_upsampled.csv,2160,The object has been dropped.
/home/mdxuser/Genesis/main/data/picked_up_4/upsampled/CHILDREN_BEDROOM_CLASSIC_Elastic_hard_upsampled.csv,2430,The object has been dropped.
/home/mdxuser/Genesis/main/data/picked_up_4/upsampled/CHILDREN_BEDROOM_CLASSIC_Elastic_hard_upsampled.csv,2700,The object has been dropped.
/home/mdxuser/Genesis/main/data/picked_up_4/upsampled/Pinwheel_Pencil_Case_Elastic_medium_upsampled.csv,0,"End-effector start towards the object, to begin the task."
/home/mdxuser/Genesis/main/data/picked_up_4/upsampled/Pinwheel_Pencil_Case_Elastic_medium_upsampled.csv,270,"End-effector grasping the object, using moderate force, causing medium-deformation, with increasing force."
/home/mdxuser/Genesis/main/data/picked_up_4/upsampled/Pinwheel_Pencil_Case_Elastic_medium_upsampled.csv,540,"End-effector continue grasping the object, using moderate force, causing medium-deformation, with increasing force."
/home/mdxuser/Genesis/main/data/picked_up_4/upsampled/Pinwheel_Pencil_Case_Elastic_medium_upsampled.csv,810,"End-effector lifting the object, using moderate force, causing medium-deformation, with increasing force."
/home/mdxuser/Genesis/main/data/picked_up_4/upsampled/Pinwheel_Pencil_Case_Elastic_medium_upsampled.csv,1080,"End-effector rotating the object, by an angle of 30.0 degrees, using moderate force, causing medium-deformation, with constant force."
/home/mdxuser/Genesis/main/data/picked_up_4/upsampled/Pinwheel_Pencil_Case_Elastic_medium_upsampled.csv,1350,"End-effector continue rotating the object, by an angle of 30.0 degrees, using moderate force, causing medium-deformation, with constant force."
/home/mdxuser/Genesis/main/data/picked_up_4/upsampled/Pinwheel_Pencil_Case_Elastic_medium_upsampled.csv,1620,The object has been dropped.
/home/mdxuser/Genesis/main/data/picked_up_4/upsampled/Pinwheel_Pencil_Case_Elastic_medium_upsampled.csv,1890,The object has been dropped.
/home/mdxuser/Genesis/main/data/picked_up_4/upsampled/Pinwheel_Pencil_Case_Elastic_medium_upsampled.csv,2160,The object has been dropped.
/home/mdxuser/Genesis/main/data/picked_up_4/upsampled/Pinwheel_Pencil_Case_Elastic_medium_upsampled.csv,2430,The object has been dropped.
/home/mdxuser/Genesis/main/data/picked_up_4/upsampled/Pinwheel_Pencil_Case_Elastic_medium_upsampled.csv,2700,The object has been dropped.
/home/mdxuser/Genesis/main/data/picked_up_4/upsampled/CoQ10_BjTLbuRVt1t_Elastic_medium_upsampled.csv,0,"End-effector start towards the object, to begin the task."
/home/mdxuser/Genesis/main/data/picked_up_4/upsampled/CoQ10_BjTLbuRVt1t_Elastic_medium_upsampled.csv,270,"End-effector grasping the object, using moderate force, causing medium-deformation, with increasing force."
/home/mdxuser/Genesis/main/data/picked_up_4/upsampled/CoQ10_BjTLbuRVt1t_Elastic_medium_upsampled.csv,540,"End-effector continue grasping the object, using moderate force, causing medium-deformation, with increasing force."
/home/mdxuser/Genesis/main/data/picked_up_4/upsampled/CoQ10_BjTLbuRVt1t_Elastic_medium_upsampled.csv,810,"End-effector lifting the object, using moderate force, causing medium-deformation, with increasing force."
/home/mdxuser/Genesis/main/data/picked_up_4/upsampled/CoQ10_BjTLbuRVt1t_Elastic_medium_upsampled.csv,1080,"End-effector rotating the object, by an angle of 30.0 degrees, using moderate force, causing medium-deformation, with constant force."
/home/mdxuser/Genesis/main/data/picked_up_4/upsampled/CoQ10_BjTLbuRVt1t_Elastic_medium_upsampled.csv,1350,"End-effector continue rotating the object, by an angle of 30.0 degrees, using moderate force, causing medium-deformation, with constant force."
/home/mdxuser/Genesis/main/data/picked_up_4/upsampled/CoQ10_BjTLbuRVt1t_Elastic_medium_upsampled.csv,1620,"End-effector holding position of the object, maintaining a stable hold, using moderate force, causing medium-deformation."
/home/mdxuser/Genesis/main/data/picked_up_4/upsampled/CoQ10_BjTLbuRVt1t_Elastic_medium_upsampled.csv,1890,"End-effector rotating the object, by an angle of 45.0 degrees, using moderate force, causing medium-deformation, with constant force."
/home/mdxuser/Genesis/main/data/picked_up_4/upsampled/CoQ10_BjTLbuRVt1t_Elastic_medium_upsampled.csv,2160,"End-effector continue rotating the object, by an angle of 45.0 degrees, using moderate force, causing medium-deformation, with constant force."
/home/mdxuser/Genesis/main/data/picked_up_4/upsampled/CoQ10_BjTLbuRVt1t_Elastic_medium_upsampled.csv,2430,"End-effector holding position of the object, maintaining a stable hold, using moderate force, causing medium-deformation."
/home/mdxuser/Genesis/main/data/picked_up_4/upsampled/CoQ10_BjTLbuRVt1t_Elastic_medium_upsampled.csv,2700,"End-effector stopping the object, using zero-force, causing undeformed shape."
/home/mdxuser/Genesis/main/data/picked_up_4/upsampled/Cole_Hardware_Mug_Classic_Blue_Elastic_hard_upsampled.csv,0,"End-effector start towards the object, to begin the task."
/home/mdxuser/Genesis/main/data/picked_up_4/upsampled/Cole_Hardware_Mug_Classic_Blue_Elastic_hard_upsampled.csv,270,"End-effector grasping the object, using strong force, causing hard-deformation, with increasing force."
/home/mdxuser/Genesis/main/data/picked_up_4/upsampled/Cole_Hardware_Mug_Classic_Blue_Elastic_hard_upsampled.csv,540,"End-effector continue grasping the object, using strong force, causing hard-deformation, with increasing force."
/home/mdxuser/Genesis/main/data/picked_up_4/upsampled/Cole_Hardware_Mug_Classic_Blue_Elastic_hard_upsampled.csv,810,"End-effector lifting the object, using strong force, causing hard-deformation, with increasing force."
/home/mdxuser/Genesis/main/data/picked_up_4/upsampled/Cole_Hardware_Mug_Classic_Blue_Elastic_hard_upsampled.csv,1080,"End-effector rotating the object, by an angle of 30.0 degrees, using strong force, causing hard-deformation, with constant force."
/home/mdxuser/Genesis/main/data/picked_up_4/upsampled/Cole_Hardware_Mug_Classic_Blue_Elastic_hard_upsampled.csv,1350,"End-effector continue rotating the object, by an angle of 30.0 degrees, using strong force, causing hard-deformation, with constant force."
/home/mdxuser/Genesis/main/data/picked_up_4/upsampled/Cole_Hardware_Mug_Classic_Blue_Elastic_hard_upsampled.csv,1620,"End-effector holding position of the object, maintaining a stable hold, using strong force, causing hard-deformation."
/home/mdxuser/Genesis/main/data/picked_up_4/upsampled/Cole_Hardware_Mug_Classic_Blue_Elastic_hard_upsampled.csv,1890,"End-effector rotating the object, by an angle of 30.0 degrees, using strong force, causing hard-deformation, with constant force."
/home/mdxuser/Genesis/main/data/picked_up_4/upsampled/Cole_Hardware_Mug_Classic_Blue_Elastic_hard_upsampled.csv,2160,"End-effector continue rotating the object, by an angle of 30.0 degrees, using strong force, causing hard-deformation, with constant force."
/home/mdxuser/Genesis/main/data/picked_up_4/upsampled/Cole_Hardware_Mug_Classic_Blue_Elastic_hard_upsampled.csv,2430,"End-effector holding position of the object, maintaining a stable hold, using strong force, causing hard-deformation."
/home/mdxuser/Genesis/main/data/picked_up_4/upsampled/Cole_Hardware_Mug_Classic_Blue_Elastic_hard_upsampled.csv,2700,"End-effector stopping the object, using zero-force, causing undeformed shape."
/home/mdxuser/Genesis/main/data/picked_up_4/upsampled/Court_Attitude_Elastic_soft_upsampled.csv,0,"End-effector start towards the object, to begin the task."
/home/mdxuser/Genesis/main/data/picked_up_4/upsampled/Court_Attitude_Elastic_soft_upsampled.csv,270,"End-effector grasping the object, using gentle force, causing soft-deformation, with increasing force."
/home/mdxuser/Genesis/main/data/picked_up_4/upsampled/Court_Attitude_Elastic_soft_upsampled.csv,540,"End-effector continue grasping the object, using gentle force, causing soft-deformation, with increasing force."
/home/mdxuser/Genesis/main/data/picked_up_4/upsampled/Court_Attitude_Elastic_soft_upsampled.csv,810,"End-effector lifting the object, using gentle force, causing soft-deformation, with increasing force."
/home/mdxuser/Genesis/main/data/picked_up_4/upsampled/Court_Attitude_Elastic_soft_upsampled.csv,1080,"End-effector rotating the object, by an angle of 45.0 degrees, using gentle force, causing soft-deformation, with constant force."
/home/mdxuser/Genesis/main/data/picked_up_4/upsampled/Court_Attitude_Elastic_soft_upsampled.csv,1350,The object has been dropped.
/home/mdxuser/Genesis/main/data/picked_up_4/upsampled/Court_Attitude_Elastic_soft_upsampled.csv,1620,The object has been dropped.
/home/mdxuser/Genesis/main/data/picked_up_4/upsampled/Court_Attitude_Elastic_soft_upsampled.csv,1890,The object has been dropped.
/home/mdxuser/Genesis/main/data/picked_up_4/upsampled/Court_Attitude_Elastic_soft_upsampled.csv,2160,The object has been dropped.
/home/mdxuser/Genesis/main/data/picked_up_4/upsampled/Court_Attitude_Elastic_soft_upsampled.csv,2430,The object has been dropped.
/home/mdxuser/Genesis/main/data/picked_up_4/upsampled/Court_Attitude_Elastic_soft_upsampled.csv,2700,The object has been dropped.
/home/mdxuser/Genesis/main/data/picked_up_4/upsampled/Down_To_Earth_Orchid_Pot_Ceramic_Lime_Elastic_soft_upsampled.csv,0,"End-effector start towards the object, to begin the task."
/home/mdxuser/Genesis/main/data/picked_up_4/upsampled/Down_To_Earth_Orchid_Pot_Ceramic_Lime_Elastic_soft_upsampled.csv,270,"End-effector grasping the object, using gentle force, causing soft-deformation, with increasing force."
/home/mdxuser/Genesis/main/data/picked_up_4/upsampled/Down_To_Earth_Orchid_Pot_Ceramic_Lime_Elastic_soft_upsampled.csv,540,"End-effector continue grasping the object, using gentle force, causing soft-deformation, with increasing force."
/home/mdxuser/Genesis/main/data/picked_up_4/upsampled/Down_To_Earth_Orchid_Pot_Ceramic_Lime_Elastic_soft_upsampled.csv,810,"End-effector lifting the object, using gentle force, causing soft-deformation, with increasing force."
/home/mdxuser/Genesis/main/data/picked_up_4/upsampled/Down_To_Earth_Orchid_Pot_Ceramic_Lime_Elastic_soft_upsampled.csv,1080,"End-effector rotating the object, by an angle of 45.0 degrees, using gentle force, causing soft-deformation, with constant force."
/home/mdxuser/Genesis/main/data/picked_up_4/upsampled/Down_To_Earth_Orchid_Pot_Ceramic_Lime_Elastic_soft_upsampled.csv,1350,"End-effector continue rotating the object, by an angle of 45.0 degrees, using gentle force, causing soft-deformation, with constant force."
/home/mdxuser/Genesis/main/data/picked_up_4/upsampled/Down_To_Earth_Orchid_Pot_Ceramic_Lime_Elastic_soft_upsampled.csv,1620,The object has been dropped.
/home/mdxuser/Genesis/main/data/picked_up_4/upsampled/Down_To_Earth_Orchid_Pot_Ceramic_Lime_Elastic_soft_upsampled.csv,1890,The object has been dropped.
/home/mdxuser/Genesis/main/data/picked_up_4/upsampled/Down_To_Earth_Orchid_Pot_Ceramic_Lime_Elastic_soft_upsampled.csv,2160,The object has been dropped.
/home/mdxuser/Genesis/main/data/picked_up_4/upsampled/Down_To_Earth_Orchid_Pot_Ceramic_Lime_Elastic_soft_upsampled.csv,2430,The object has been dropped.
/home/mdxuser/Genesis/main/data/picked_up_4/upsampled/Down_To_Earth_Orchid_Pot_Ceramic_Lime_Elastic_soft_upsampled.csv,2700,The object has been dropped.
/home/mdxuser/Genesis/main/data/picked_up_4/upsampled/3D_Dollhouse_Sofa_Elastic_soft_upsampled.csv,0,"End-effector start towards the object, to begin the task."
/home/mdxuser/Genesis/main/data/picked_up_4/upsampled/3D_Dollhouse_Sofa_Elastic_soft_upsampled.csv,270,"End-effector grasping the object, using gentle force, causing soft-deformation, with increasing force."
/home/mdxuser/Genesis/main/data/picked_up_4/upsampled/3D_Dollhouse_Sofa_Elastic_soft_upsampled.csv,540,"End-effector continue grasping the object, using gentle force, causing soft-deformation, with increasing force."
/home/mdxuser/Genesis/main/data/picked_up_4/upsampled/3D_Dollhouse_Sofa_Elastic_soft_upsampled.csv,810,"End-effector lifting the object, using gentle force, causing soft-deformation, with increasing force."
/home/mdxuser/Genesis/main/data/picked_up_4/upsampled/3D_Dollhouse_Sofa_Elastic_soft_upsampled.csv,1080,"End-effector rotating the object, by an angle of 30.0 degrees, using gentle force, causing soft-deformation, with constant force."
/home/mdxuser/Genesis/main/data/picked_up_4/upsampled/3D_Dollhouse_Sofa_Elastic_soft_upsampled.csv,1350,"End-effector continue rotating the object, by an angle of 30.0 degrees, using gentle force, causing soft-deformation, with constant force."
/home/mdxuser/Genesis/main/data/picked_up_4/upsampled/3D_Dollhouse_Sofa_Elastic_soft_upsampled.csv,1620,The object has been dropped.
/home/mdxuser/Genesis/main/data/picked_up_4/upsampled/3D_Dollhouse_Sofa_Elastic_soft_upsampled.csv,1890,The object has been dropped.
/home/mdxuser/Genesis/main/data/picked_up_4/upsampled/3D_Dollhouse_Sofa_Elastic_soft_upsampled.csv,2160,The object has been dropped.
/home/mdxuser/Genesis/main/data/picked_up_4/upsampled/3D_Dollhouse_Sofa_Elastic_soft_upsampled.csv,2430,The object has been dropped.
/home/mdxuser/Genesis/main/data/picked_up_4/upsampled/3D_Dollhouse_Sofa_Elastic_soft_upsampled.csv,2700,The object has been dropped.
/home/mdxuser/Genesis/main/data/picked_up_4/upsampled/CoQ10_Elastic_hard_upsampled.csv,0,"End-effector start towards the object, to begin the task."
/home/mdxuser/Genesis/main/data/picked_up_4/upsampled/CoQ10_Elastic_hard_upsampled.csv,270,"End-effector grasping the object, using strong force, causing hard-deformation, with increasing force."
/home/mdxuser/Genesis/main/data/picked_up_4/upsampled/CoQ10_Elastic_hard_upsampled.csv,540,"End-effector continue grasping the object, using strong force, causing hard-deformation, with increasing force."
/home/mdxuser/Genesis/main/data/picked_up_4/upsampled/CoQ10_Elastic_hard_upsampled.csv,810,"End-effector lifting the object, using strong force, causing hard-deformation, with increasing force."
/home/mdxuser/Genesis/main/data/picked_up_4/upsampled/CoQ10_Elastic_hard_upsampled.csv,1080,"End-effector rotating the object, by an angle of 30.0 degrees, using strong force, causing hard-deformation, with constant force."
/home/mdxuser/Genesis/main/data/picked_up_4/upsampled/CoQ10_Elastic_hard_upsampled.csv,1350,"End-effector continue rotating the object, by an angle of 30.0 degrees, using strong force, causing hard-deformation, with constant force."
/home/mdxuser/Genesis/main/data/picked_up_4/upsampled/CoQ10_Elastic_hard_upsampled.csv,1620,"End-effector holding position of the object, maintaining a stable hold, using strong force, causing hard-deformation."
/home/mdxuser/Genesis/main/data/picked_up_4/upsampled/CoQ10_Elastic_hard_upsampled.csv,1890,"End-effector rotating the object, by an angle of 45.0 degrees, using strong force, causing hard-deformation, with constant force."
/home/mdxuser/Genesis/main/data/picked_up_4/upsampled/CoQ10_Elastic_hard_upsampled.csv,2160,"End-effector holding position of the object, maintaining a stable hold, using strong force, causing hard-deformation."
/home/mdxuser/Genesis/main/data/picked_up_4/upsampled/CoQ10_Elastic_hard_upsampled.csv,2430,"End-effector continue holding position of the object, maintaining a stable hold, using strong force, causing hard-deformation."
/home/mdxuser/Genesis/main/data/picked_up_4/upsampled/CoQ10_Elastic_hard_upsampled.csv,2700,"End-effector stopping the object, using zero-force, causing undeformed shape."
/home/mdxuser/Genesis/main/data/picked_up_4/upsampled/Office_Depot_HP_98_Remanufactured_Ink_Cartridge_Black_Elastic_medium_upsampled.csv,0,"End-effector start towards the object, to begin the task."
/home/mdxuser/Genesis/main/data/picked_up_4/upsampled/Office_Depot_HP_98_Remanufactured_Ink_Cartridge_Black_Elastic_medium_upsampled.csv,270,"End-effector grasping the object, using moderate force, causing medium-deformation, with increasing force."
/home/mdxuser/Genesis/main/data/picked_up_4/upsampled/Office_Depot_HP_98_Remanufactured_Ink_Cartridge_Black_Elastic_medium_upsampled.csv,540,"End-effector continue grasping the object, using moderate force, causing medium-deformation, with increasing force."
/home/mdxuser/Genesis/main/data/picked_up_4/upsampled/Office_Depot_HP_98_Remanufactured_Ink_Cartridge_Black_Elastic_medium_upsampled.csv,810,"End-effector lifting the object, using moderate force, causing medium-deformation, with increasing force."
/home/mdxuser/Genesis/main/data/picked_up_4/upsampled/Office_Depot_HP_98_Remanufactured_Ink_Cartridge_Black_Elastic_medium_upsampled.csv,1080,"End-effector rotating the object, by an angle of 30.0 degrees, using moderate force, causing medium-deformation, with constant force."
/home/mdxuser/Genesis/main/data/picked_up_4/upsampled/Office_Depot_HP_98_Remanufactured_Ink_Cartridge_Black_Elastic_medium_upsampled.csv,1350,"End-effector continue rotating the object, by an angle of 30.0 degrees, using moderate force, causing medium-deformation, with constant force."
/home/mdxuser/Genesis/main/data/picked_up_4/upsampled/Office_Depot_HP_98_Remanufactured_Ink_Cartridge_Black_Elastic_medium_upsampled.csv,1620,The object has been dropped.
/home/mdxuser/Genesis/main/data/picked_up_4/upsampled/Office_Depot_HP_98_Remanufactured_Ink_Cartridge_Black_Elastic_medium_upsampled.csv,1890,The object has been dropped.
/home/mdxuser/Genesis/main/data/picked_up_4/upsampled/Office_Depot_HP_98_Remanufactured_Ink_Cartridge_Black_Elastic_medium_upsampled.csv,2160,The object has been dropped.
/home/mdxuser/Genesis/main/data/picked_up_4/upsampled/Office_Depot_HP_98_Remanufactured_Ink_Cartridge_Black_Elastic_medium_upsampled.csv,2430,The object has been dropped.
/home/mdxuser/Genesis/main/data/picked_up_4/upsampled/Office_Depot_HP_98_Remanufactured_Ink_Cartridge_Black_Elastic_medium_upsampled.csv,2700,The object has been dropped.
/home/mdxuser/Genesis/main/data/picked_up_4/upsampled/ASICS_HyperRocketgirl_SP_5_WhiteMalibu_BlueBlack_Elastic_soft_upsampled.csv,0,"End-effector start towards the object, to begin the task."
/home/mdxuser/Genesis/main/data/picked_up_4/upsampled/ASICS_HyperRocketgirl_SP_5_WhiteMalibu_BlueBlack_Elastic_soft_upsampled.csv,270,"End-effector grasping the object, using gentle force, causing soft-deformation, with increasing force."
/home/mdxuser/Genesis/main/data/picked_up_4/upsampled/ASICS_HyperRocketgirl_SP_5_WhiteMalibu_BlueBlack_Elastic_soft_upsampled.csv,540,"End-effector continue grasping the object, using gentle force, causing soft-deformation, with increasing force."
/home/mdxuser/Genesis/main/data/picked_up_4/upsampled/ASICS_HyperRocketgirl_SP_5_WhiteMalibu_BlueBlack_Elastic_soft_upsampled.csv,810,"End-effector lifting the object, using gentle force, causing soft-deformation, with increasing force."
/home/mdxuser/Genesis/main/data/picked_up_4/upsampled/ASICS_HyperRocketgirl_SP_5_WhiteMalibu_BlueBlack_Elastic_soft_upsampled.csv,1080,"End-effector rotating the object, by an angle of 45.0 degrees, using gentle force, causing soft-deformation, with constant force."
/home/mdxuser/Genesis/main/data/picked_up_4/upsampled/ASICS_HyperRocketgirl_SP_5_WhiteMalibu_BlueBlack_Elastic_soft_upsampled.csv,1350,The object has been dropped.
/home/mdxuser/Genesis/main/data/picked_up_4/upsampled/ASICS_HyperRocketgirl_SP_5_WhiteMalibu_BlueBlack_Elastic_soft_upsampled.csv,1620,The object has been dropped.
/home/mdxuser/Genesis/main/data/picked_up_4/upsampled/ASICS_HyperRocketgirl_SP_5_WhiteMalibu_BlueBlack_Elastic_soft_upsampled.csv,1890,The object has been dropped.
/home/mdxuser/Genesis/main/data/picked_up_4/upsampled/ASICS_HyperRocketgirl_SP_5_WhiteMalibu_BlueBlack_Elastic_soft_upsampled.csv,2160,The object has been dropped.
/home/mdxuser/Genesis/main/data/picked_up_4/upsampled/ASICS_HyperRocketgirl_SP_5_WhiteMalibu_BlueBlack_Elastic_soft_upsampled.csv,2430,The object has been dropped.
/home/mdxuser/Genesis/main/data/picked_up_4/upsampled/ASICS_HyperRocketgirl_SP_5_WhiteMalibu_BlueBlack_Elastic_soft_upsampled.csv,2700,The object has been dropped.
/home/mdxuser/Genesis/main/data/picked_up_4/upsampled/Office_Depot_HP_71_Remanufactured_Ink_Cartridge_Black_Elastic_medium_upsampled.csv,0,"End-effector start towards the object, to begin the task."
/home/mdxuser/Genesis/main/data/picked_up_4/upsampled/Office_Depot_HP_71_Remanufactured_Ink_Cartridge_Black_Elastic_medium_upsampled.csv,270,"End-effector grasping the object, using moderate force, causing medium-deformation, with increasing force."
/home/mdxuser/Genesis/main/data/picked_up_4/upsampled/Office_Depot_HP_71_Remanufactured_Ink_Cartridge_Black_Elastic_medium_upsampled.csv,540,"End-effector continue grasping the object, using moderate force, causing medium-deformation, with increasing force."
/home/mdxuser/Genesis/main/data/picked_up_4/upsampled/Office_Depot_HP_71_Remanufactured_Ink_Cartridge_Black_Elastic_medium_upsampled.csv,810,"End-effector lifting the object, using moderate force, causing medium-deformation, with increasing force."
/home/mdxuser/Genesis/main/data/picked_up_4/upsampled/Office_Depot_HP_71_Remanufactured_Ink_Cartridge_Black_Elastic_medium_upsampled.csv,1080,"End-effector rotating the object, by an angle of 45.0 degrees, using moderate force, causing medium-deformation, with constant force."
/home/mdxuser/Genesis/main/data/picked_up_4/upsampled/Office_Depot_HP_71_Remanufactured_Ink_Cartridge_Black_Elastic_medium_upsampled.csv,1350,"End-effector holding position of the object, maintaining a stable hold, using moderate force, causing medium-deformation."
/home/mdxuser/Genesis/main/data/picked_up_4/upsampled/Office_Depot_HP_71_Remanufactured_Ink_Cartridge_Black_Elastic_medium_upsampled.csv,1620,"End-effector continue holding position of the object, maintaining a stable hold, using moderate force, causing medium-deformation."
/home/mdxuser/Genesis/main/data/picked_up_4/upsampled/Office_Depot_HP_71_Remanufactured_Ink_Cartridge_Black_Elastic_medium_upsampled.csv,1890,"End-effector rotating the object, by an angle of 45.0 degrees, using moderate force, causing medium-deformation, with constant force."
/home/mdxuser/Genesis/main/data/picked_up_4/upsampled/Office_Depot_HP_71_Remanufactured_Ink_Cartridge_Black_Elastic_medium_upsampled.csv,2160,"End-effector continue rotating the object, by an angle of 45.0 degrees, using moderate force, causing medium-deformation, with constant force."
/home/mdxuser/Genesis/main/data/picked_up_4/upsampled/Office_Depot_HP_71_Remanufactured_Ink_Cartridge_Black_Elastic_medium_upsampled.csv,2430,The object has been dropped.
/home/mdxuser/Genesis/main/data/picked_up_4/upsampled/Office_Depot_HP_71_Remanufactured_Ink_Cartridge_Black_Elastic_medium_upsampled.csv,2700,The object has been dropped.
/home/mdxuser/Genesis/main/data/picked_up_4/upsampled/Animal_Crossing_New_Leaf_Nintendo_3DS_Game_Elastic_soft_upsampled.csv,0,"End-effector start towards the object, to begin the task."
/home/mdxuser/Genesis/main/data/picked_up_4/upsampled/Animal_Crossing_New_Leaf_Nintendo_3DS_Game_Elastic_soft_upsampled.csv,270,"End-effector grasping the object, using gentle force, causing soft-deformation, with increasing force."
/home/mdxuser/Genesis/main/data/picked_up_4/upsampled/Animal_Crossing_New_Leaf_Nintendo_3DS_Game_Elastic_soft_upsampled.csv,540,"End-effector continue grasping the object, using gentle force, causing soft-deformation, with increasing force."
/home/mdxuser/Genesis/main/data/picked_up_4/upsampled/Animal_Crossing_New_Leaf_Nintendo_3DS_Game_Elastic_soft_upsampled.csv,810,"End-effector lifting the object, using gentle force, causing soft-deformation, with increasing force."
/home/mdxuser/Genesis/main/data/picked_up_4/upsampled/Animal_Crossing_New_Leaf_Nintendo_3DS_Game_Elastic_soft_upsampled.csv,1080,"End-effector rotating the object, by an angle of 45.0 degrees, using gentle force, causing soft-deformation, with constant force."
/home/mdxuser/Genesis/main/data/picked_up_4/upsampled/Animal_Crossing_New_Leaf_Nintendo_3DS_Game_Elastic_soft_upsampled.csv,1350,The object has been dropped.
/home/mdxuser/Genesis/main/data/picked_up_4/upsampled/Animal_Crossing_New_Leaf_Nintendo_3DS_Game_Elastic_soft_upsampled.csv,1620,The object has been dropped.
/home/mdxuser/Genesis/main/data/picked_up_4/upsampled/Animal_Crossing_New_Leaf_Nintendo_3DS_Game_Elastic_soft_upsampled.csv,1890,The object has been dropped.
/home/mdxuser/Genesis/main/data/picked_up_4/upsampled/Animal_Crossing_New_Leaf_Nintendo_3DS_Game_Elastic_soft_upsampled.csv,2160,The object has been dropped.
/home/mdxuser/Genesis/main/data/picked_up_4/upsampled/Animal_Crossing_New_Leaf_Nintendo_3DS_Game_Elastic_soft_upsampled.csv,2430,The object has been dropped.
/home/mdxuser/Genesis/main/data/picked_up_4/upsampled/Animal_Crossing_New_Leaf_Nintendo_3DS_Game_Elastic_soft_upsampled.csv,2700,The object has been dropped.
/home/mdxuser/Genesis/main/data/picked_up_4/upsampled/Crayola_Crayons_24_count_Elastic_soft_upsampled.csv,0,"End-effector start towards the object, to begin the task."
/home/mdxuser/Genesis/main/data/picked_up_4/upsampled/Crayola_Crayons_24_count_Elastic_soft_upsampled.csv,270,"End-effector grasping the object, using gentle force, causing soft-deformation, with increasing force."
/home/mdxuser/Genesis/main/data/picked_up_4/upsampled/Crayola_Crayons_24_count_Elastic_soft_upsampled.csv,540,"End-effector continue grasping the object, using gentle force, causing soft-deformation, with increasing force."
/home/mdxuser/Genesis/main/data/picked_up_4/upsampled/Crayola_Crayons_24_count_Elastic_soft_upsampled.csv,810,"End-effector lifting the object, using gentle force, causing soft-deformation, with increasing force."
/home/mdxuser/Genesis/main/data/picked_up_4/upsampled/Crayola_Crayons_24_count_Elastic_soft_upsampled.csv,1080,"End-effector rotating the object, by an angle of 30.0 degrees, using gentle force, causing soft-deformation, with constant force."
/home/mdxuser/Genesis/main/data/picked_up_4/upsampled/Crayola_Crayons_24_count_Elastic_soft_upsampled.csv,1350,"End-effector continue rotating the object, by an angle of 30.0 degrees, using gentle force, causing soft-deformation, with constant force."
/home/mdxuser/Genesis/main/data/picked_up_4/upsampled/Crayola_Crayons_24_count_Elastic_soft_upsampled.csv,1620,"End-effector holding position of the object, maintaining a stable hold, using gentle force, causing soft-deformation."
/home/mdxuser/Genesis/main/data/picked_up_4/upsampled/Crayola_Crayons_24_count_Elastic_soft_upsampled.csv,1890,"End-effector rotating the object, by an angle of 45.0 degrees, using gentle force, causing soft-deformation, with constant force."
/home/mdxuser/Genesis/main/data/picked_up_4/upsampled/Crayola_Crayons_24_count_Elastic_soft_upsampled.csv,2160,"End-effector continue rotating the object, by an angle of 45.0 degrees, using gentle force, causing soft-deformation, with constant force."
/home/mdxuser/Genesis/main/data/picked_up_4/upsampled/Crayola_Crayons_24_count_Elastic_soft_upsampled.csv,2430,"End-effector holding position of the object, maintaining a stable hold, using gentle force, causing soft-deformation."
/home/mdxuser/Genesis/main/data/picked_up_4/upsampled/Crayola_Crayons_24_count_Elastic_soft_upsampled.csv,2700,"End-effector stopping the object, using zero-force, causing undeformed shape."
/home/mdxuser/Genesis/main/data/picked_up_4/upsampled/Perricone_MD_Hypoallergenic_Gentle_Cleanser_Elastic_medium_upsampled.csv,0,"End-effector start towards the object, to begin the task."
/home/mdxuser/Genesis/main/data/picked_up_4/upsampled/Perricone_MD_Hypoallergenic_Gentle_Cleanser_Elastic_medium_upsampled.csv,270,"End-effector grasping the object, using moderate force, causing medium-deformation, with increasing force."
/home/mdxuser/Genesis/main/data/picked_up_4/upsampled/Perricone_MD_Hypoallergenic_Gentle_Cleanser_Elastic_medium_upsampled.csv,540,"End-effector continue grasping the object, using moderate force, causing medium-deformation, with increasing force."
/home/mdxuser/Genesis/main/data/picked_up_4/upsampled/Perricone_MD_Hypoallergenic_Gentle_Cleanser_Elastic_medium_upsampled.csv,810,"End-effector lifting the object, using moderate force, causing medium-deformation, with increasing force."
/home/mdxuser/Genesis/main/data/picked_up_4/upsampled/Perricone_MD_Hypoallergenic_Gentle_Cleanser_Elastic_medium_upsampled.csv,1080,"End-effector rotating the object, by an angle of 30.0 degrees, using moderate force, causing medium-deformation, with constant force."
/home/mdxuser/Genesis/main/data/picked_up_4/upsampled/Perricone_MD_Hypoallergenic_Gentle_Cleanser_Elastic_medium_upsampled.csv,1350,"End-effector continue rotating the object, by an angle of 30.0 degrees, using moderate force, causing medium-deformation, with constant force."
/home/mdxuser/Genesis/main/data/picked_up_4/upsampled/Perricone_MD_Hypoallergenic_Gentle_Cleanser_Elastic_medium_upsampled.csv,1620,"End-effector holding position of the object, maintaining a stable hold, using moderate force, causing medium-deformation."
/home/mdxuser/Genesis/main/data/picked_up_4/upsampled/Perricone_MD_Hypoallergenic_Gentle_Cleanser_Elastic_medium_upsampled.csv,1890,"End-effector rotating the object, by an angle of 45.0 degrees, using moderate force, causing medium-deformation, with constant force."
/home/mdxuser/Genesis/main/data/picked_up_4/upsampled/Perricone_MD_Hypoallergenic_Gentle_Cleanser_Elastic_medium_upsampled.csv,2160,"End-effector continue rotating the object, by an angle of 45.0 degrees, using moderate force, causing medium-deformation, with constant force."
/home/mdxuser/Genesis/main/data/picked_up_4/upsampled/Perricone_MD_Hypoallergenic_Gentle_Cleanser_Elastic_medium_upsampled.csv,2430,The object has been dropped.
/home/mdxuser/Genesis/main/data/picked_up_4/upsampled/Perricone_MD_Hypoallergenic_Gentle_Cleanser_Elastic_medium_upsampled.csv,2700,The object has been dropped.
/home/mdxuser/Genesis/main/data/picked_up_4/upsampled/Crayola_Crayons_Washable_24_crayons_Elastic_soft_upsampled.csv,0,"End-effector start towards the object, to begin the task."
/home/mdxuser/Genesis/main/data/picked_up_4/upsampled/Crayola_Crayons_Washable_24_crayons_Elastic_soft_upsampled.csv,270,"End-effector grasping the object, using gentle force, causing soft-deformation, with increasing force."
/home/mdxuser/Genesis/main/data/picked_up_4/upsampled/Crayola_Crayons_Washable_24_crayons_Elastic_soft_upsampled.csv,540,"End-effector continue grasping the object, using gentle force, causing soft-deformation, with increasing force."
/home/mdxuser/Genesis/main/data/picked_up_4/upsampled/Crayola_Crayons_Washable_24_crayons_Elastic_soft_upsampled.csv,810,"End-effector lifting the object, using gentle force, causing soft-deformation, with increasing force."
/home/mdxuser/Genesis/main/data/picked_up_4/upsampled/Crayola_Crayons_Washable_24_crayons_Elastic_soft_upsampled.csv,1080,"End-effector rotating the object, by an angle of 45.0 degrees, using gentle force, causing soft-deformation, with constant force."
/home/mdxuser/Genesis/main/data/picked_up_4/upsampled/Crayola_Crayons_Washable_24_crayons_Elastic_soft_upsampled.csv,1350,"End-effector continue rotating the object, by an angle of 45.0 degrees, using gentle force, causing soft-deformation, with constant force."
/home/mdxuser/Genesis/main/data/picked_up_4/upsampled/Crayola_Crayons_Washable_24_crayons_Elastic_soft_upsampled.csv,1620,"End-effector holding position of the object, maintaining a stable hold, using gentle force, causing soft-deformation."
/home/mdxuser/Genesis/main/data/picked_up_4/upsampled/Crayola_Crayons_Washable_24_crayons_Elastic_soft_upsampled.csv,1890,"End-effector rotating the object, by an angle of 45.0 degrees, using gentle force, causing soft-deformation, with constant force."
/home/mdxuser/Genesis/main/data/picked_up_4/upsampled/Crayola_Crayons_Washable_24_crayons_Elastic_soft_upsampled.csv,2160,"End-effector holding position of the object, maintaining a stable hold, using gentle force, causing soft-deformation."
/home/mdxuser/Genesis/main/data/picked_up_4/upsampled/Crayola_Crayons_Washable_24_crayons_Elastic_soft_upsampled.csv,2430,"End-effector continue holding position of the object, maintaining a stable hold, using gentle force, causing soft-deformation."
/home/mdxuser/Genesis/main/data/picked_up_4/upsampled/Crayola_Crayons_Washable_24_crayons_Elastic_soft_upsampled.csv,2700,"End-effector stopping the object, using zero-force, causing undeformed shape."
/home/mdxuser/Genesis/main/data/picked_up_4/upsampled/D_ROSE_ENGLEWOOD_II_Elastic_hard_upsampled.csv,0,"End-effector start towards the object, to begin the task."
/home/mdxuser/Genesis/main/data/picked_up_4/upsampled/D_ROSE_ENGLEWOOD_II_Elastic_hard_upsampled.csv,270,"End-effector grasping the object, using strong force, causing hard-deformation, with increasing force."
/home/mdxuser/Genesis/main/data/picked_up_4/upsampled/D_ROSE_ENGLEWOOD_II_Elastic_hard_upsampled.csv,540,"End-effector continue grasping the object, using strong force, causing hard-deformation, with increasing force."
/home/mdxuser/Genesis/main/data/picked_up_4/upsampled/D_ROSE_ENGLEWOOD_II_Elastic_hard_upsampled.csv,810,"End-effector lifting the object, using strong force, causing hard-deformation, with increasing force."
/home/mdxuser/Genesis/main/data/picked_up_4/upsampled/D_ROSE_ENGLEWOOD_II_Elastic_hard_upsampled.csv,1080,"End-effector rotating the object, by an angle of 45.0 degrees, using strong force, causing hard-deformation, with constant force."
/home/mdxuser/Genesis/main/data/picked_up_4/upsampled/D_ROSE_ENGLEWOOD_II_Elastic_hard_upsampled.csv,1350,"End-effector holding position of the object, maintaining a stable hold, using strong force, causing hard-deformation."
/home/mdxuser/Genesis/main/data/picked_up_4/upsampled/D_ROSE_ENGLEWOOD_II_Elastic_hard_upsampled.csv,1620,"End-effector continue holding position of the object, maintaining a stable hold, using strong force, causing hard-deformation."
/home/mdxuser/Genesis/main/data/picked_up_4/upsampled/D_ROSE_ENGLEWOOD_II_Elastic_hard_upsampled.csv,1890,The object has been dropped.
/home/mdxuser/Genesis/main/data/picked_up_4/upsampled/D_ROSE_ENGLEWOOD_II_Elastic_hard_upsampled.csv,2160,The object has been dropped.
/home/mdxuser/Genesis/main/data/picked_up_4/upsampled/D_ROSE_ENGLEWOOD_II_Elastic_hard_upsampled.csv,2430,The object has been dropped.
/home/mdxuser/Genesis/main/data/picked_up_4/upsampled/D_ROSE_ENGLEWOOD_II_Elastic_hard_upsampled.csv,2700,The object has been dropped.
/home/mdxuser/Genesis/main/data/picked_up_4/upsampled/Black_Forest_Fruit_Snacks_Juicy_Filled_Centers_10_pouches_9_oz_total_Elastic_medium_upsampled.csv,0,"End-effector start towards the object, to begin the task."
/home/mdxuser/Genesis/main/data/picked_up_4/upsampled/Black_Forest_Fruit_Snacks_Juicy_Filled_Centers_10_pouches_9_oz_total_Elastic_medium_upsampled.csv,270,"End-effector grasping the object, using moderate force, causing medium-deformation, with increasing force."
/home/mdxuser/Genesis/main/data/picked_up_4/upsampled/Black_Forest_Fruit_Snacks_Juicy_Filled_Centers_10_pouches_9_oz_total_Elastic_medium_upsampled.csv,540,"End-effector continue grasping the object, using moderate force, causing medium-deformation, with increasing force."
/home/mdxuser/Genesis/main/data/picked_up_4/upsampled/Black_Forest_Fruit_Snacks_Juicy_Filled_Centers_10_pouches_9_oz_total_Elastic_medium_upsampled.csv,810,"End-effector lifting the object, using moderate force, causing medium-deformation, with increasing force."
/home/mdxuser/Genesis/main/data/picked_up_4/upsampled/Black_Forest_Fruit_Snacks_Juicy_Filled_Centers_10_pouches_9_oz_total_Elastic_medium_upsampled.csv,1080,"End-effector rotating the object, by an angle of 45.0 degrees, using moderate force, causing medium-deformation, with constant force."
/home/mdxuser/Genesis/main/data/picked_up_4/upsampled/Black_Forest_Fruit_Snacks_Juicy_Filled_Centers_10_pouches_9_oz_total_Elastic_medium_upsampled.csv,1350,"End-effector continue rotating the object, by an angle of 45.0 degrees, using moderate force, causing medium-deformation, with constant force."
/home/mdxuser/Genesis/main/data/picked_up_4/upsampled/Black_Forest_Fruit_Snacks_Juicy_Filled_Centers_10_pouches_9_oz_total_Elastic_medium_upsampled.csv,1620,The object has been dropped.
/home/mdxuser/Genesis/main/data/picked_up_4/upsampled/Black_Forest_Fruit_Snacks_Juicy_Filled_Centers_10_pouches_9_oz_total_Elastic_medium_upsampled.csv,1890,The object has been dropped.
/home/mdxuser/Genesis/main/data/picked_up_4/upsampled/Black_Forest_Fruit_Snacks_Juicy_Filled_Centers_10_pouches_9_oz_total_Elastic_medium_upsampled.csv,2160,The object has been dropped.
/home/mdxuser/Genesis/main/data/picked_up_4/upsampled/Black_Forest_Fruit_Snacks_Juicy_Filled_Centers_10_pouches_9_oz_total_Elastic_medium_upsampled.csv,2430,The object has been dropped.
/home/mdxuser/Genesis/main/data/picked_up_4/upsampled/Black_Forest_Fruit_Snacks_Juicy_Filled_Centers_10_pouches_9_oz_total_Elastic_medium_upsampled.csv,2700,The object has been dropped.
/home/mdxuser/Genesis/main/data/picked_up_4/upsampled/ASICS_HyperRocketgirl_SP_5_WhiteMalibu_BlueBlack_Elastic_medium_upsampled.csv,0,"End-effector start towards the object, to begin the task."
/home/mdxuser/Genesis/main/data/picked_up_4/upsampled/ASICS_HyperRocketgirl_SP_5_WhiteMalibu_BlueBlack_Elastic_medium_upsampled.csv,270,"End-effector grasping the object, using moderate force, causing medium-deformation, with increasing force."
/home/mdxuser/Genesis/main/data/picked_up_4/upsampled/ASICS_HyperRocketgirl_SP_5_WhiteMalibu_BlueBlack_Elastic_medium_upsampled.csv,540,"End-effector continue grasping the object, using moderate force, causing medium-deformation, with increasing force."
/home/mdxuser/Genesis/main/data/picked_up_4/upsampled/ASICS_HyperRocketgirl_SP_5_WhiteMalibu_BlueBlack_Elastic_medium_upsampled.csv,810,"End-effector lifting the object, using moderate force, causing medium-deformation, with increasing force."
/home/mdxuser/Genesis/main/data/picked_up_4/upsampled/ASICS_HyperRocketgirl_SP_5_WhiteMalibu_BlueBlack_Elastic_medium_upsampled.csv,1080,"End-effector rotating the object, by an angle of 30.0 degrees, using moderate force, causing medium-deformation, with constant force."
/home/mdxuser/Genesis/main/data/picked_up_4/upsampled/ASICS_HyperRocketgirl_SP_5_WhiteMalibu_BlueBlack_Elastic_medium_upsampled.csv,1350,"End-effector continue rotating the object, by an angle of 30.0 degrees, using moderate force, causing medium-deformation, with constant force."
/home/mdxuser/Genesis/main/data/picked_up_4/upsampled/ASICS_HyperRocketgirl_SP_5_WhiteMalibu_BlueBlack_Elastic_medium_upsampled.csv,1620,"End-effector holding position of the object, maintaining a stable hold, using moderate force, causing medium-deformation."
/home/mdxuser/Genesis/main/data/picked_up_4/upsampled/ASICS_HyperRocketgirl_SP_5_WhiteMalibu_BlueBlack_Elastic_medium_upsampled.csv,1890,"End-effector rotating the object, by an angle of 45.0 degrees, using moderate force, causing medium-deformation, with constant force."
/home/mdxuser/Genesis/main/data/picked_up_4/upsampled/ASICS_HyperRocketgirl_SP_5_WhiteMalibu_BlueBlack_Elastic_medium_upsampled.csv,2160,"End-effector holding position of the object, maintaining a stable hold, using moderate force, causing medium-deformation."
/home/mdxuser/Genesis/main/data/picked_up_4/upsampled/ASICS_HyperRocketgirl_SP_5_WhiteMalibu_BlueBlack_Elastic_medium_upsampled.csv,2430,"End-effector continue holding position of the object, maintaining a stable hold, using moderate force, causing medium-deformation."
/home/mdxuser/Genesis/main/data/picked_up_4/upsampled/ASICS_HyperRocketgirl_SP_5_WhiteMalibu_BlueBlack_Elastic_medium_upsampled.csv,2700,"End-effector stopping the object, using zero-force, causing undeformed shape."
/home/mdxuser/Genesis/main/data/picked_up_4/upsampled/Jarrow_Glucosamine_Chondroitin_Combination_120_Caps_Elastic_medium_upsampled.csv,0,"End-effector start towards the object, to begin the task."
/home/mdxuser/Genesis/main/data/picked_up_4/upsampled/Jarrow_Glucosamine_Chondroitin_Combination_120_Caps_Elastic_medium_upsampled.csv,270,"End-effector grasping the object, using moderate force, causing medium-deformation, with increasing force."
/home/mdxuser/Genesis/main/data/picked_up_4/upsampled/Jarrow_Glucosamine_Chondroitin_Combination_120_Caps_Elastic_medium_upsampled.csv,540,"End-effector continue grasping the object, using moderate force, causing medium-deformation, with increasing force."
/home/mdxuser/Genesis/main/data/picked_up_4/upsampled/Jarrow_Glucosamine_Chondroitin_Combination_120_Caps_Elastic_medium_upsampled.csv,810,"End-effector lifting the object, using moderate force, causing medium-deformation, with increasing force."
/home/mdxuser/Genesis/main/data/picked_up_4/upsampled/Jarrow_Glucosamine_Chondroitin_Combination_120_Caps_Elastic_medium_upsampled.csv,1080,"End-effector rotating the object, by an angle of 45.0 degrees, using moderate force, causing medium-deformation, with constant force."
/home/mdxuser/Genesis/main/data/picked_up_4/upsampled/Jarrow_Glucosamine_Chondroitin_Combination_120_Caps_Elastic_medium_upsampled.csv,1350,"End-effector continue rotating the object, by an angle of 45.0 degrees, using moderate force, causing medium-deformation, with constant force."
/home/mdxuser/Genesis/main/data/picked_up_4/upsampled/Jarrow_Glucosamine_Chondroitin_Combination_120_Caps_Elastic_medium_upsampled.csv,1620,"End-effector holding position of the object, maintaining a stable hold, using moderate force, causing medium-deformation."
/home/mdxuser/Genesis/main/data/picked_up_4/upsampled/Jarrow_Glucosamine_Chondroitin_Combination_120_Caps_Elastic_medium_upsampled.csv,1890,"End-effector rotating the object, by an angle of 30.0 degrees, using moderate force, causing medium-deformation, with constant force."
/home/mdxuser/Genesis/main/data/picked_up_4/upsampled/Jarrow_Glucosamine_Chondroitin_Combination_120_Caps_Elastic_medium_upsampled.csv,2160,"End-effector continue rotating the object, by an angle of 30.0 degrees, using moderate force, causing medium-deformation, with constant force."
/home/mdxuser/Genesis/main/data/picked_up_4/upsampled/Jarrow_Glucosamine_Chondroitin_Combination_120_Caps_Elastic_medium_upsampled.csv,2430,"End-effector holding position of the object, maintaining a stable hold, using moderate force, causing medium-deformation."
/home/mdxuser/Genesis/main/data/picked_up_4/upsampled/Jarrow_Glucosamine_Chondroitin_Combination_120_Caps_Elastic_medium_upsampled.csv,2700,"End-effector stopping the object, using zero-force, causing undeformed shape."
/home/mdxuser/Genesis/main/data/picked_up_4/upsampled/BUNNY_RACER_Elastic_soft_upsampled.csv,0,"End-effector start towards the object, to begin the task."
/home/mdxuser/Genesis/main/data/picked_up_4/upsampled/BUNNY_RACER_Elastic_soft_upsampled.csv,270,"End-effector grasping the object, using gentle force, causing soft-deformation, with increasing force."
/home/mdxuser/Genesis/main/data/picked_up_4/upsampled/BUNNY_RACER_Elastic_soft_upsampled.csv,540,"End-effector continue grasping the object, using gentle force, causing soft-deformation, with increasing force."
/home/mdxuser/Genesis/main/data/picked_up_4/upsampled/BUNNY_RACER_Elastic_soft_upsampled.csv,810,"End-effector lifting the object, using gentle force, causing soft-deformation, with increasing force."
/home/mdxuser/Genesis/main/data/picked_up_4/upsampled/BUNNY_RACER_Elastic_soft_upsampled.csv,1080,"End-effector rotating the object, by an angle of 45.0 degrees, using gentle force, causing soft-deformation, with constant force."
/home/mdxuser/Genesis/main/data/picked_up_4/upsampled/BUNNY_RACER_Elastic_soft_upsampled.csv,1350,"End-effector continue rotating the object, by an angle of 45.0 degrees, using gentle force, causing soft-deformation, with constant force."
/home/mdxuser/Genesis/main/data/picked_up_4/upsampled/BUNNY_RACER_Elastic_soft_upsampled.csv,1620,"End-effector holding position of the object, maintaining a stable hold, using gentle force, causing soft-deformation."
/home/mdxuser/Genesis/main/data/picked_up_4/upsampled/BUNNY_RACER_Elastic_soft_upsampled.csv,1890,"End-effector rotating the object, by an angle of 45.0 degrees, using gentle force, causing soft-deformation, with constant force."
/home/mdxuser/Genesis/main/data/picked_up_4/upsampled/BUNNY_RACER_Elastic_soft_upsampled.csv,2160,"End-effector holding position of the object, maintaining a stable hold, using gentle force, causing soft-deformation."
/home/mdxuser/Genesis/main/data/picked_up_4/upsampled/BUNNY_RACER_Elastic_soft_upsampled.csv,2430,"End-effector continue holding position of the object, maintaining a stable hold, using gentle force, causing soft-deformation."
/home/mdxuser/Genesis/main/data/picked_up_4/upsampled/BUNNY_RACER_Elastic_soft_upsampled.csv,2700,"End-effector stopping the object, using zero-force, causing undeformed shape."
/home/mdxuser/Genesis/main/data/picked_up_4/upsampled/adistar_boost_m_Elastic_medium_upsampled.csv,0,"End-effector start towards the object, to begin the task."
/home/mdxuser/Genesis/main/data/picked_up_4/upsampled/adistar_boost_m_Elastic_medium_upsampled.csv,270,"End-effector grasping the object, using moderate force, causing medium-deformation, with increasing force."
/home/mdxuser/Genesis/main/data/picked_up_4/upsampled/adistar_boost_m_Elastic_medium_upsampled.csv,540,"End-effector continue grasping the object, using moderate force, causing medium-deformation, with increasing force."
/home/mdxuser/Genesis/main/data/picked_up_4/upsampled/adistar_boost_m_Elastic_medium_upsampled.csv,810,"End-effector lifting the object, using moderate force, causing medium-deformation, with increasing force."
/home/mdxuser/Genesis/main/data/picked_up_4/upsampled/adistar_boost_m_Elastic_medium_upsampled.csv,1080,"End-effector rotating the object, by an angle of 30.0 degrees, using moderate force, causing medium-deformation, with constant force."
/home/mdxuser/Genesis/main/data/picked_up_4/upsampled/adistar_boost_m_Elastic_medium_upsampled.csv,1350,"End-effector continue rotating the object, by an angle of 30.0 degrees, using moderate force, causing medium-deformation, with constant force."
/home/mdxuser/Genesis/main/data/picked_up_4/upsampled/adistar_boost_m_Elastic_medium_upsampled.csv,1620,"End-effector holding position of the object, maintaining a stable hold, using moderate force, causing medium-deformation."
/home/mdxuser/Genesis/main/data/picked_up_4/upsampled/adistar_boost_m_Elastic_medium_upsampled.csv,1890,"End-effector rotating the object, by an angle of 45.0 degrees, using moderate force, causing medium-deformation, with constant force."
/home/mdxuser/Genesis/main/data/picked_up_4/upsampled/adistar_boost_m_Elastic_medium_upsampled.csv,2160,"End-effector continue rotating the object, by an angle of 45.0 degrees, using moderate force, causing medium-deformation, with constant force."
/home/mdxuser/Genesis/main/data/picked_up_4/upsampled/adistar_boost_m_Elastic_medium_upsampled.csv,2430,The object has been dropped.
/home/mdxuser/Genesis/main/data/picked_up_4/upsampled/adistar_boost_m_Elastic_medium_upsampled.csv,2700,The object has been dropped.
/home/mdxuser/Genesis/main/data/picked_up_4/upsampled/ASICS_GELTour_Lyte_WhiteOrchidSilver_Elastic_soft_upsampled.csv,0,"End-effector start towards the object, to begin the task."
/home/mdxuser/Genesis/main/data/picked_up_4/upsampled/ASICS_GELTour_Lyte_WhiteOrchidSilver_Elastic_soft_upsampled.csv,270,"End-effector grasping the object, using gentle force, causing soft-deformation, with increasing force."
/home/mdxuser/Genesis/main/data/picked_up_4/upsampled/ASICS_GELTour_Lyte_WhiteOrchidSilver_Elastic_soft_upsampled.csv,540,"End-effector continue grasping the object, using gentle force, causing soft-deformation, with increasing force."
/home/mdxuser/Genesis/main/data/picked_up_4/upsampled/ASICS_GELTour_Lyte_WhiteOrchidSilver_Elastic_soft_upsampled.csv,810,"End-effector lifting the object, using gentle force, causing soft-deformation, with increasing force."
/home/mdxuser/Genesis/main/data/picked_up_4/upsampled/ASICS_GELTour_Lyte_WhiteOrchidSilver_Elastic_soft_upsampled.csv,1080,"End-effector rotating the object, by an angle of 45.0 degrees, using gentle force, causing soft-deformation, with constant force."
/home/mdxuser/Genesis/main/data/picked_up_4/upsampled/ASICS_GELTour_Lyte_WhiteOrchidSilver_Elastic_soft_upsampled.csv,1350,"End-effector holding position of the object, maintaining a stable hold, using gentle force, causing soft-deformation."
/home/mdxuser/Genesis/main/data/picked_up_4/upsampled/ASICS_GELTour_Lyte_WhiteOrchidSilver_Elastic_soft_upsampled.csv,1620,"End-effector continue holding position of the object, maintaining a stable hold, using gentle force, causing soft-deformation."
/home/mdxuser/Genesis/main/data/picked_up_4/upsampled/ASICS_GELTour_Lyte_WhiteOrchidSilver_Elastic_soft_upsampled.csv,1890,"End-effector rotating the object, by an angle of 45.0 degrees, using gentle force, causing soft-deformation, with constant force."
/home/mdxuser/Genesis/main/data/picked_up_4/upsampled/ASICS_GELTour_Lyte_WhiteOrchidSilver_Elastic_soft_upsampled.csv,2160,The object has been dropped.
/home/mdxuser/Genesis/main/data/picked_up_4/upsampled/ASICS_GELTour_Lyte_WhiteOrchidSilver_Elastic_soft_upsampled.csv,2430,The object has been dropped.
/home/mdxuser/Genesis/main/data/picked_up_4/upsampled/ASICS_GELTour_Lyte_WhiteOrchidSilver_Elastic_soft_upsampled.csv,2700,The object has been dropped.
/home/mdxuser/Genesis/main/data/picked_up_4/upsampled/3D_Dollhouse_Refrigerator_Elastic_medium_upsampled.csv,0,"End-effector start towards the object, to begin the task."
/home/mdxuser/Genesis/main/data/picked_up_4/upsampled/3D_Dollhouse_Refrigerator_Elastic_medium_upsampled.csv,270,"End-effector grasping the object, using moderate force, causing medium-deformation, with increasing force."
/home/mdxuser/Genesis/main/data/picked_up_4/upsampled/3D_Dollhouse_Refrigerator_Elastic_medium_upsampled.csv,540,"End-effector continue grasping the object, using moderate force, causing medium-deformation, with increasing force."
/home/mdxuser/Genesis/main/data/picked_up_4/upsampled/3D_Dollhouse_Refrigerator_Elastic_medium_upsampled.csv,810,"End-effector lifting the object, using moderate force, causing medium-deformation, with increasing force."
/home/mdxuser/Genesis/main/data/picked_up_4/upsampled/3D_Dollhouse_Refrigerator_Elastic_medium_upsampled.csv,1080,"End-effector rotating the object, by an angle of 30.0 degrees, using moderate force, causing medium-deformation, with constant force."
/home/mdxuser/Genesis/main/data/picked_up_4/upsampled/3D_Dollhouse_Refrigerator_Elastic_medium_upsampled.csv,1350,"End-effector continue rotating the object, by an angle of 30.0 degrees, using moderate force, causing medium-deformation, with constant force."
/home/mdxuser/Genesis/main/data/picked_up_4/upsampled/3D_Dollhouse_Refrigerator_Elastic_medium_upsampled.csv,1620,"End-effector holding position of the object, maintaining a stable hold, using moderate force, causing medium-deformation."
/home/mdxuser/Genesis/main/data/picked_up_4/upsampled/3D_Dollhouse_Refrigerator_Elastic_medium_upsampled.csv,1890,"End-effector rotating the object, by an angle of 45.0 degrees, using moderate force, causing medium-deformation, with constant force."
/home/mdxuser/Genesis/main/data/picked_up_4/upsampled/3D_Dollhouse_Refrigerator_Elastic_medium_upsampled.csv,2160,"End-effector holding position of the object, maintaining a stable hold, using moderate force, causing medium-deformation."
/home/mdxuser/Genesis/main/data/picked_up_4/upsampled/3D_Dollhouse_Refrigerator_Elastic_medium_upsampled.csv,2430,"End-effector continue holding position of the object, maintaining a stable hold, using moderate force, causing medium-deformation."
/home/mdxuser/Genesis/main/data/picked_up_4/upsampled/3D_Dollhouse_Refrigerator_Elastic_medium_upsampled.csv,2700,The object has been dropped.
/home/mdxuser/Genesis/main/data/picked_up_4/upsampled/Down_To_Earth_Orchid_Pot_Ceramic_Red_Elastic_hard_upsampled.csv,0,"End-effector start towards the object, to begin the task."
/home/mdxuser/Genesis/main/data/picked_up_4/upsampled/Down_To_Earth_Orchid_Pot_Ceramic_Red_Elastic_hard_upsampled.csv,270,"End-effector grasping the object, using strong force, causing hard-deformation, with increasing force."
/home/mdxuser/Genesis/main/data/picked_up_4/upsampled/Down_To_Earth_Orchid_Pot_Ceramic_Red_Elastic_hard_upsampled.csv,540,"End-effector continue grasping the object, using strong force, causing hard-deformation, with increasing force."
/home/mdxuser/Genesis/main/data/picked_up_4/upsampled/Down_To_Earth_Orchid_Pot_Ceramic_Red_Elastic_hard_upsampled.csv,810,"End-effector lifting the object, using strong force, causing hard-deformation, with increasing force."
/home/mdxuser/Genesis/main/data/picked_up_4/upsampled/Down_To_Earth_Orchid_Pot_Ceramic_Red_Elastic_hard_upsampled.csv,1080,"End-effector rotating the object, by an angle of 30.0 degrees, using strong force, causing hard-deformation, with constant force."
/home/mdxuser/Genesis/main/data/picked_up_4/upsampled/Down_To_Earth_Orchid_Pot_Ceramic_Red_Elastic_hard_upsampled.csv,1350,"End-effector continue rotating the object, by an angle of 30.0 degrees, using strong force, causing hard-deformation, with constant force."
/home/mdxuser/Genesis/main/data/picked_up_4/upsampled/Down_To_Earth_Orchid_Pot_Ceramic_Red_Elastic_hard_upsampled.csv,1620,"End-effector holding position of the object, maintaining a stable hold, using strong force, causing hard-deformation."
/home/mdxuser/Genesis/main/data/picked_up_4/upsampled/Down_To_Earth_Orchid_Pot_Ceramic_Red_Elastic_hard_upsampled.csv,1890,"End-effector rotating the object, by an angle of 45.0 degrees, using strong force, causing hard-deformation, with constant force."
/home/mdxuser/Genesis/main/data/picked_up_4/upsampled/Down_To_Earth_Orchid_Pot_Ceramic_Red_Elastic_hard_upsampled.csv,2160,"End-effector continue rotating the object, by an angle of 45.0 degrees, using strong force, causing hard-deformation, with constant force."
/home/mdxuser/Genesis/main/data/picked_up_4/upsampled/Down_To_Earth_Orchid_Pot_Ceramic_Red_Elastic_hard_upsampled.csv,2430,The object has been dropped.
/home/mdxuser/Genesis/main/data/picked_up_4/upsampled/Down_To_Earth_Orchid_Pot_Ceramic_Red_Elastic_hard_upsampled.csv,2700,The object has been dropped.
/home/mdxuser/Genesis/main/data/picked_up_4/upsampled/Big_Dot_Pink_Pencil_Case_Elastic_medium_upsampled.csv,0,"End-effector start towards the object, to begin the task."
/home/mdxuser/Genesis/main/data/picked_up_4/upsampled/Big_Dot_Pink_Pencil_Case_Elastic_medium_upsampled.csv,270,"End-effector grasping the object, using moderate force, causing medium-deformation, with increasing force."
/home/mdxuser/Genesis/main/data/picked_up_4/upsampled/Big_Dot_Pink_Pencil_Case_Elastic_medium_upsampled.csv,540,"End-effector continue grasping the object, using moderate force, causing medium-deformation, with increasing force."
/home/mdxuser/Genesis/main/data/picked_up_4/upsampled/Big_Dot_Pink_Pencil_Case_Elastic_medium_upsampled.csv,810,"End-effector lifting the object, using moderate force, causing medium-deformation, with increasing force."
/home/mdxuser/Genesis/main/data/picked_up_4/upsampled/Big_Dot_Pink_Pencil_Case_Elastic_medium_upsampled.csv,1080,"End-effector rotating the object, by an angle of 30.0 degrees, using moderate force, causing medium-deformation, with constant force."
/home/mdxuser/Genesis/main/data/picked_up_4/upsampled/Big_Dot_Pink_Pencil_Case_Elastic_medium_upsampled.csv,1350,"End-effector continue rotating the object, by an angle of 30.0 degrees, using moderate force, causing medium-deformation, with constant force."
/home/mdxuser/Genesis/main/data/picked_up_4/upsampled/Big_Dot_Pink_Pencil_Case_Elastic_medium_upsampled.csv,1620,The object has been dropped.
/home/mdxuser/Genesis/main/data/picked_up_4/upsampled/Big_Dot_Pink_Pencil_Case_Elastic_medium_upsampled.csv,1890,The object has been dropped.
/home/mdxuser/Genesis/main/data/picked_up_4/upsampled/Big_Dot_Pink_Pencil_Case_Elastic_medium_upsampled.csv,2160,The object has been dropped.
/home/mdxuser/Genesis/main/data/picked_up_4/upsampled/Big_Dot_Pink_Pencil_Case_Elastic_medium_upsampled.csv,2430,The object has been dropped.
/home/mdxuser/Genesis/main/data/picked_up_4/upsampled/Big_Dot_Pink_Pencil_Case_Elastic_medium_upsampled.csv,2700,The object has been dropped.
/home/mdxuser/Genesis/main/data/picked_up_4/upsampled/Android_Figure_Chrome_Elastic_hard_upsampled.csv,0,"End-effector start towards the object, to begin the task."
/home/mdxuser/Genesis/main/data/picked_up_4/upsampled/Android_Figure_Chrome_Elastic_hard_upsampled.csv,270,"End-effector grasping the object, using strong force, causing hard-deformation, with increasing force."
/home/mdxuser/Genesis/main/data/picked_up_4/upsampled/Android_Figure_Chrome_Elastic_hard_upsampled.csv,540,"End-effector continue grasping the object, using strong force, causing hard-deformation, with increasing force."
/home/mdxuser/Genesis/main/data/picked_up_4/upsampled/Android_Figure_Chrome_Elastic_hard_upsampled.csv,810,"End-effector lifting the object, using strong force, causing hard-deformation, with increasing force."
/home/mdxuser/Genesis/main/data/picked_up_4/upsampled/Android_Figure_Chrome_Elastic_hard_upsampled.csv,1080,"End-effector rotating the object, by an angle of 30.0 degrees, using strong force, causing hard-deformation, with constant force."
/home/mdxuser/Genesis/main/data/picked_up_4/upsampled/Android_Figure_Chrome_Elastic_hard_upsampled.csv,1350,"End-effector continue rotating the object, by an angle of 30.0 degrees, using strong force, causing hard-deformation, with constant force."
/home/mdxuser/Genesis/main/data/picked_up_4/upsampled/Android_Figure_Chrome_Elastic_hard_upsampled.csv,1620,"End-effector holding position of the object, maintaining a stable hold, using strong force, causing hard-deformation."
/home/mdxuser/Genesis/main/data/picked_up_4/upsampled/Android_Figure_Chrome_Elastic_hard_upsampled.csv,1890,"End-effector rotating the object, by an angle of 30.0 degrees, using strong force, causing hard-deformation, with constant force."
/home/mdxuser/Genesis/main/data/picked_up_4/upsampled/Android_Figure_Chrome_Elastic_hard_upsampled.csv,2160,"End-effector continue rotating the object, by an angle of 30.0 degrees, using strong force, causing hard-deformation, with constant force."
/home/mdxuser/Genesis/main/data/picked_up_4/upsampled/Android_Figure_Chrome_Elastic_hard_upsampled.csv,2430,"End-effector holding position of the object, maintaining a stable hold, using strong force, causing hard-deformation."
/home/mdxuser/Genesis/main/data/picked_up_4/upsampled/Android_Figure_Chrome_Elastic_hard_upsampled.csv,2700,"End-effector stopping the object, using zero-force, causing undeformed shape."
/home/mdxuser/Genesis/main/data/picked_up_4/upsampled/Dell_Series_9_Color_Ink_Cartridge_MK993_High_Yield_Elastic_soft_upsampled.csv,0,"End-effector start towards the object, to begin the task."
/home/mdxuser/Genesis/main/data/picked_up_4/upsampled/Dell_Series_9_Color_Ink_Cartridge_MK993_High_Yield_Elastic_soft_upsampled.csv,270,"End-effector grasping the object, using gentle force, causing soft-deformation, with increasing force."
/home/mdxuser/Genesis/main/data/picked_up_4/upsampled/Dell_Series_9_Color_Ink_Cartridge_MK993_High_Yield_Elastic_soft_upsampled.csv,540,"End-effector continue grasping the object, using gentle force, causing soft-deformation, with increasing force."
/home/mdxuser/Genesis/main/data/picked_up_4/upsampled/Dell_Series_9_Color_Ink_Cartridge_MK993_High_Yield_Elastic_soft_upsampled.csv,810,"End-effector lifting the object, using gentle force, causing soft-deformation, with increasing force."
/home/mdxuser/Genesis/main/data/picked_up_4/upsampled/Dell_Series_9_Color_Ink_Cartridge_MK993_High_Yield_Elastic_soft_upsampled.csv,1080,"End-effector rotating the object, by an angle of 45.0 degrees, using gentle force, causing soft-deformation, with constant force."
/home/mdxuser/Genesis/main/data/picked_up_4/upsampled/Dell_Series_9_Color_Ink_Cartridge_MK993_High_Yield_Elastic_soft_upsampled.csv,1350,"End-effector holding position of the object, maintaining a stable hold, using gentle force, causing soft-deformation."
/home/mdxuser/Genesis/main/data/picked_up_4/upsampled/Dell_Series_9_Color_Ink_Cartridge_MK993_High_Yield_Elastic_soft_upsampled.csv,1620,"End-effector continue holding position of the object, maintaining a stable hold, using gentle force, causing soft-deformation."
/home/mdxuser/Genesis/main/data/picked_up_4/upsampled/Dell_Series_9_Color_Ink_Cartridge_MK993_High_Yield_Elastic_soft_upsampled.csv,1890,"End-effector rotating the object, by an angle of 30.0 degrees, using gentle force, causing soft-deformation, with constant force."
/home/mdxuser/Genesis/main/data/picked_up_4/upsampled/Dell_Series_9_Color_Ink_Cartridge_MK993_High_Yield_Elastic_soft_upsampled.csv,2160,"End-effector continue rotating the object, by an angle of 30.0 degrees, using gentle force, causing soft-deformation, with constant force."
/home/mdxuser/Genesis/main/data/picked_up_4/upsampled/Dell_Series_9_Color_Ink_Cartridge_MK993_High_Yield_Elastic_soft_upsampled.csv,2430,"End-effector holding position of the object, maintaining a stable hold, using gentle force, causing soft-deformation."
/home/mdxuser/Genesis/main/data/picked_up_4/upsampled/Dell_Series_9_Color_Ink_Cartridge_MK993_High_Yield_Elastic_soft_upsampled.csv,2700,The object has been dropped.
/home/mdxuser/Genesis/main/data/picked_up_4/upsampled/Mens_Mako_Canoe_Moc_2Eye_Boat_Shoe_in_OysterTaupe_otyRrfvPMiA_Elastic_soft_upsampled.csv,0,"End-effector start towards the object, to begin the task."
/home/mdxuser/Genesis/main/data/picked_up_4/upsampled/Mens_Mako_Canoe_Moc_2Eye_Boat_Shoe_in_OysterTaupe_otyRrfvPMiA_Elastic_soft_upsampled.csv,270,"End-effector grasping the object, using gentle force, causing soft-deformation, with increasing force."
/home/mdxuser/Genesis/main/data/picked_up_4/upsampled/Mens_Mako_Canoe_Moc_2Eye_Boat_Shoe_in_OysterTaupe_otyRrfvPMiA_Elastic_soft_upsampled.csv,540,"End-effector continue grasping the object, using gentle force, causing soft-deformation, with increasing force."
/home/mdxuser/Genesis/main/data/picked_up_4/upsampled/Mens_Mako_Canoe_Moc_2Eye_Boat_Shoe_in_OysterTaupe_otyRrfvPMiA_Elastic_soft_upsampled.csv,810,"End-effector lifting the object, using gentle force, causing soft-deformation, with increasing force."
/home/mdxuser/Genesis/main/data/picked_up_4/upsampled/Mens_Mako_Canoe_Moc_2Eye_Boat_Shoe_in_OysterTaupe_otyRrfvPMiA_Elastic_soft_upsampled.csv,1080,"End-effector rotating the object, by an angle of 45.0 degrees, using gentle force, causing soft-deformation, with constant force."
/home/mdxuser/Genesis/main/data/picked_up_4/upsampled/Mens_Mako_Canoe_Moc_2Eye_Boat_Shoe_in_OysterTaupe_otyRrfvPMiA_Elastic_soft_upsampled.csv,1350,"End-effector continue rotating the object, by an angle of 45.0 degrees, using gentle force, causing soft-deformation, with constant force."
/home/mdxuser/Genesis/main/data/picked_up_4/upsampled/Mens_Mako_Canoe_Moc_2Eye_Boat_Shoe_in_OysterTaupe_otyRrfvPMiA_Elastic_soft_upsampled.csv,1620,The object has been dropped.
/home/mdxuser/Genesis/main/data/picked_up_4/upsampled/Mens_Mako_Canoe_Moc_2Eye_Boat_Shoe_in_OysterTaupe_otyRrfvPMiA_Elastic_soft_upsampled.csv,1890,The object has been dropped.
/home/mdxuser/Genesis/main/data/picked_up_4/upsampled/Mens_Mako_Canoe_Moc_2Eye_Boat_Shoe_in_OysterTaupe_otyRrfvPMiA_Elastic_soft_upsampled.csv,2160,The object has been dropped.
/home/mdxuser/Genesis/main/data/picked_up_4/upsampled/Mens_Mako_Canoe_Moc_2Eye_Boat_Shoe_in_OysterTaupe_otyRrfvPMiA_Elastic_soft_upsampled.csv,2430,The object has been dropped.
/home/mdxuser/Genesis/main/data/picked_up_4/upsampled/Mens_Mako_Canoe_Moc_2Eye_Boat_Shoe_in_OysterTaupe_otyRrfvPMiA_Elastic_soft_upsampled.csv,2700,The object has been dropped.
/home/mdxuser/Genesis/main/data/picked_up_4/upsampled/Bifidus_Balance_FOS_Elastic_hard_upsampled.csv,0,"End-effector start towards the object, to begin the task."
/home/mdxuser/Genesis/main/data/picked_up_4/upsampled/Bifidus_Balance_FOS_Elastic_hard_upsampled.csv,270,"End-effector grasping the object, using strong force, causing hard-deformation, with increasing force."
/home/mdxuser/Genesis/main/data/picked_up_4/upsampled/Bifidus_Balance_FOS_Elastic_hard_upsampled.csv,540,"End-effector continue grasping the object, using strong force, causing hard-deformation, with increasing force."
/home/mdxuser/Genesis/main/data/picked_up_4/upsampled/Bifidus_Balance_FOS_Elastic_hard_upsampled.csv,810,"End-effector lifting the object, using strong force, causing hard-deformation, with increasing force."
/home/mdxuser/Genesis/main/data/picked_up_4/upsampled/Bifidus_Balance_FOS_Elastic_hard_upsampled.csv,1080,"End-effector rotating the object, by an angle of 45.0 degrees, using strong force, causing hard-deformation, with constant force."
/home/mdxuser/Genesis/main/data/picked_up_4/upsampled/Bifidus_Balance_FOS_Elastic_hard_upsampled.csv,1350,"End-effector continue rotating the object, by an angle of 45.0 degrees, using strong force, causing hard-deformation, with constant force."
/home/mdxuser/Genesis/main/data/picked_up_4/upsampled/Bifidus_Balance_FOS_Elastic_hard_upsampled.csv,1620,The object has been dropped.
/home/mdxuser/Genesis/main/data/picked_up_4/upsampled/Bifidus_Balance_FOS_Elastic_hard_upsampled.csv,1890,The object has been dropped.
/home/mdxuser/Genesis/main/data/picked_up_4/upsampled/Bifidus_Balance_FOS_Elastic_hard_upsampled.csv,2160,The object has been dropped.
/home/mdxuser/Genesis/main/data/picked_up_4/upsampled/Bifidus_Balance_FOS_Elastic_hard_upsampled.csv,2430,The object has been dropped.
/home/mdxuser/Genesis/main/data/picked_up_4/upsampled/Bifidus_Balance_FOS_Elastic_hard_upsampled.csv,2700,The object has been dropped.
/home/mdxuser/Genesis/main/data/picked_up_4/upsampled/ASICS_GELBlur33_20_GS_BlackWhiteSafety_Orange_Elastic_medium_upsampled.csv,0,"End-effector start towards the object, to begin the task."
/home/mdxuser/Genesis/main/data/picked_up_4/upsampled/ASICS_GELBlur33_20_GS_BlackWhiteSafety_Orange_Elastic_medium_upsampled.csv,270,"End-effector grasping the object, using moderate force, causing medium-deformation, with increasing force."
/home/mdxuser/Genesis/main/data/picked_up_4/upsampled/ASICS_GELBlur33_20_GS_BlackWhiteSafety_Orange_Elastic_medium_upsampled.csv,540,"End-effector continue grasping the object, using moderate force, causing medium-deformation, with increasing force."
/home/mdxuser/Genesis/main/data/picked_up_4/upsampled/ASICS_GELBlur33_20_GS_BlackWhiteSafety_Orange_Elastic_medium_upsampled.csv,810,"End-effector lifting the object, using moderate force, causing medium-deformation, with increasing force."
/home/mdxuser/Genesis/main/data/picked_up_4/upsampled/ASICS_GELBlur33_20_GS_BlackWhiteSafety_Orange_Elastic_medium_upsampled.csv,1080,"End-effector rotating the object, by an angle of 45.0 degrees, using moderate force, causing medium-deformation, with constant force."
/home/mdxuser/Genesis/main/data/picked_up_4/upsampled/ASICS_GELBlur33_20_GS_BlackWhiteSafety_Orange_Elastic_medium_upsampled.csv,1350,"End-effector holding position of the object, maintaining a stable hold, using moderate force, causing medium-deformation."
/home/mdxuser/Genesis/main/data/picked_up_4/upsampled/ASICS_GELBlur33_20_GS_BlackWhiteSafety_Orange_Elastic_medium_upsampled.csv,1620,"End-effector continue holding position of the object, maintaining a stable hold, using moderate force, causing medium-deformation."
/home/mdxuser/Genesis/main/data/picked_up_4/upsampled/ASICS_GELBlur33_20_GS_BlackWhiteSafety_Orange_Elastic_medium_upsampled.csv,1890,"End-effector rotating the object, by an angle of 45.0 degrees, using moderate force, causing medium-deformation, with constant force."
/home/mdxuser/Genesis/main/data/picked_up_4/upsampled/ASICS_GELBlur33_20_GS_BlackWhiteSafety_Orange_Elastic_medium_upsampled.csv,2160,"End-effector holding position of the object, maintaining a stable hold, using moderate force, causing medium-deformation."
/home/mdxuser/Genesis/main/data/picked_up_4/upsampled/ASICS_GELBlur33_20_GS_BlackWhiteSafety_Orange_Elastic_medium_upsampled.csv,2430,"End-effector continue holding position of the object, maintaining a stable hold, using moderate force, causing medium-deformation."
/home/mdxuser/Genesis/main/data/picked_up_4/upsampled/ASICS_GELBlur33_20_GS_BlackWhiteSafety_Orange_Elastic_medium_upsampled.csv,2700,"End-effector stopping the object, using zero-force, causing undeformed shape."
/home/mdxuser/Genesis/main/data/picked_up_4/upsampled/Arm_Hammer_Diaper_Pail_Refills_12_Pack_MFWkmoweejt_Elastic_hard_upsampled.csv,0,"End-effector start towards the object, to begin the task."
/home/mdxuser/Genesis/main/data/picked_up_4/upsampled/Arm_Hammer_Diaper_Pail_Refills_12_Pack_MFWkmoweejt_Elastic_hard_upsampled.csv,270,"End-effector grasping the object, using strong force, causing hard-deformation, with increasing force."
/home/mdxuser/Genesis/main/data/picked_up_4/upsampled/Arm_Hammer_Diaper_Pail_Refills_12_Pack_MFWkmoweejt_Elastic_hard_upsampled.csv,540,"End-effector continue grasping the object, using strong force, causing hard-deformation, with increasing force."
/home/mdxuser/Genesis/main/data/picked_up_4/upsampled/Arm_Hammer_Diaper_Pail_Refills_12_Pack_MFWkmoweejt_Elastic_hard_upsampled.csv,810,"End-effector lifting the object, using strong force, causing hard-deformation, with increasing force."
/home/mdxuser/Genesis/main/data/picked_up_4/upsampled/Arm_Hammer_Diaper_Pail_Refills_12_Pack_MFWkmoweejt_Elastic_hard_upsampled.csv,1080,"End-effector rotating the object, by an angle of 30.0 degrees, using strong force, causing hard-deformation, with constant force."
/home/mdxuser/Genesis/main/data/picked_up_4/upsampled/Arm_Hammer_Diaper_Pail_Refills_12_Pack_MFWkmoweejt_Elastic_hard_upsampled.csv,1350,"End-effector continue rotating the object, by an angle of 30.0 degrees, using strong force, causing hard-deformation, with constant force."
/home/mdxuser/Genesis/main/data/picked_up_4/upsampled/Arm_Hammer_Diaper_Pail_Refills_12_Pack_MFWkmoweejt_Elastic_hard_upsampled.csv,1620,"End-effector holding position of the object, maintaining a stable hold, using strong force, causing hard-deformation."
/home/mdxuser/Genesis/main/data/picked_up_4/upsampled/Arm_Hammer_Diaper_Pail_Refills_12_Pack_MFWkmoweejt_Elastic_hard_upsampled.csv,1890,"End-effector rotating the object, by an angle of 30.0 degrees, using strong force, causing hard-deformation, with constant force."
/home/mdxuser/Genesis/main/data/picked_up_4/upsampled/Arm_Hammer_Diaper_Pail_Refills_12_Pack_MFWkmoweejt_Elastic_hard_upsampled.csv,2160,"End-effector continue rotating the object, by an angle of 30.0 degrees, using strong force, causing hard-deformation, with constant force."
/home/mdxuser/Genesis/main/data/picked_up_4/upsampled/Arm_Hammer_Diaper_Pail_Refills_12_Pack_MFWkmoweejt_Elastic_hard_upsampled.csv,2430,"End-effector holding position of the object, maintaining a stable hold, using strong force, causing hard-deformation."
/home/mdxuser/Genesis/main/data/picked_up_4/upsampled/Arm_Hammer_Diaper_Pail_Refills_12_Pack_MFWkmoweejt_Elastic_hard_upsampled.csv,2700,The object has been dropped.
/home/mdxuser/Genesis/main/data/picked_up_4/upsampled/Crayola_Model_Magic_Modeling_Material_Single_Packs_6_pack_05_oz_packs_Elastic_medium_upsampled.csv,0,"End-effector start towards the object, to begin the task."
/home/mdxuser/Genesis/main/data/picked_up_4/upsampled/Crayola_Model_Magic_Modeling_Material_Single_Packs_6_pack_05_oz_packs_Elastic_medium_upsampled.csv,270,"End-effector grasping the object, using moderate force, causing medium-deformation, with increasing force."
/home/mdxuser/Genesis/main/data/picked_up_4/upsampled/Crayola_Model_Magic_Modeling_Material_Single_Packs_6_pack_05_oz_packs_Elastic_medium_upsampled.csv,540,"End-effector continue grasping the object, using moderate force, causing medium-deformation, with increasing force."
/home/mdxuser/Genesis/main/data/picked_up_4/upsampled/Crayola_Model_Magic_Modeling_Material_Single_Packs_6_pack_05_oz_packs_Elastic_medium_upsampled.csv,810,"End-effector lifting the object, using moderate force, causing medium-deformation, with increasing force."
/home/mdxuser/Genesis/main/data/picked_up_4/upsampled/Crayola_Model_Magic_Modeling_Material_Single_Packs_6_pack_05_oz_packs_Elastic_medium_upsampled.csv,1080,"End-effector rotating the object, by an angle of 30.0 degrees, using moderate force, causing medium-deformation, with constant force."
/home/mdxuser/Genesis/main/data/picked_up_4/upsampled/Crayola_Model_Magic_Modeling_Material_Single_Packs_6_pack_05_oz_packs_Elastic_medium_upsampled.csv,1350,"End-effector continue rotating the object, by an angle of 30.0 degrees, using moderate force, causing medium-deformation, with constant force."
/home/mdxuser/Genesis/main/data/picked_up_4/upsampled/Crayola_Model_Magic_Modeling_Material_Single_Packs_6_pack_05_oz_packs_Elastic_medium_upsampled.csv,1620,"End-effector holding position of the object, maintaining a stable hold, using moderate force, causing medium-deformation."
/home/mdxuser/Genesis/main/data/picked_up_4/upsampled/Crayola_Model_Magic_Modeling_Material_Single_Packs_6_pack_05_oz_packs_Elastic_medium_upsampled.csv,1890,"End-effector rotating the object, by an angle of 45.0 degrees, using moderate force, causing medium-deformation, with constant force."
/home/mdxuser/Genesis/main/data/picked_up_4/upsampled/Crayola_Model_Magic_Modeling_Material_Single_Packs_6_pack_05_oz_packs_Elastic_medium_upsampled.csv,2160,The object has been dropped.
/home/mdxuser/Genesis/main/data/picked_up_4/upsampled/Crayola_Model_Magic_Modeling_Material_Single_Packs_6_pack_05_oz_packs_Elastic_medium_upsampled.csv,2430,The object has been dropped.
/home/mdxuser/Genesis/main/data/picked_up_4/upsampled/Crayola_Model_Magic_Modeling_Material_Single_Packs_6_pack_05_oz_packs_Elastic_medium_upsampled.csv,2700,The object has been dropped.
/home/mdxuser/Genesis/main/data/picked_up_4/upsampled/BIA_Cordon_Bleu_White_Porcelain_Utensil_Holder_900028_Elastic_soft_upsampled.csv,0,"End-effector start towards the object, to begin the task."
/home/mdxuser/Genesis/main/data/picked_up_4/upsampled/BIA_Cordon_Bleu_White_Porcelain_Utensil_Holder_900028_Elastic_soft_upsampled.csv,270,"End-effector grasping the object, using gentle force, causing soft-deformation, with increasing force."
/home/mdxuser/Genesis/main/data/picked_up_4/upsampled/BIA_Cordon_Bleu_White_Porcelain_Utensil_Holder_900028_Elastic_soft_upsampled.csv,540,"End-effector continue grasping the object, using gentle force, causing soft-deformation, with increasing force."
/home/mdxuser/Genesis/main/data/picked_up_4/upsampled/BIA_Cordon_Bleu_White_Porcelain_Utensil_Holder_900028_Elastic_soft_upsampled.csv,810,"End-effector lifting the object, using gentle force, causing soft-deformation, with increasing force."
/home/mdxuser/Genesis/main/data/picked_up_4/upsampled/BIA_Cordon_Bleu_White_Porcelain_Utensil_Holder_900028_Elastic_soft_upsampled.csv,1080,"End-effector rotating the object, by an angle of 45.0 degrees, using gentle force, causing soft-deformation, with constant force."
/home/mdxuser/Genesis/main/data/picked_up_4/upsampled/BIA_Cordon_Bleu_White_Porcelain_Utensil_Holder_900028_Elastic_soft_upsampled.csv,1350,"End-effector continue rotating the object, by an angle of 45.0 degrees, using gentle force, causing soft-deformation, with constant force."
/home/mdxuser/Genesis/main/data/picked_up_4/upsampled/BIA_Cordon_Bleu_White_Porcelain_Utensil_Holder_900028_Elastic_soft_upsampled.csv,1620,The object has been dropped.
/home/mdxuser/Genesis/main/data/picked_up_4/upsampled/BIA_Cordon_Bleu_White_Porcelain_Utensil_Holder_900028_Elastic_soft_upsampled.csv,1890,The object has been dropped.
/home/mdxuser/Genesis/main/data/picked_up_4/upsampled/BIA_Cordon_Bleu_White_Porcelain_Utensil_Holder_900028_Elastic_soft_upsampled.csv,2160,The object has been dropped.
/home/mdxuser/Genesis/main/data/picked_up_4/upsampled/BIA_Cordon_Bleu_White_Porcelain_Utensil_Holder_900028_Elastic_soft_upsampled.csv,2430,The object has been dropped.
/home/mdxuser/Genesis/main/data/picked_up_4/upsampled/BIA_Cordon_Bleu_White_Porcelain_Utensil_Holder_900028_Elastic_soft_upsampled.csv,2700,The object has been dropped.
/home/mdxuser/Genesis/main/data/picked_up_4/upsampled/Cole_Hardware_Antislip_Surfacing_Material_White_Elastic_soft_upsampled.csv,0,"End-effector start towards the object, to begin the task."
/home/mdxuser/Genesis/main/data/picked_up_4/upsampled/Cole_Hardware_Antislip_Surfacing_Material_White_Elastic_soft_upsampled.csv,270,"End-effector grasping the object, using gentle force, causing soft-deformation, with increasing force."
/home/mdxuser/Genesis/main/data/picked_up_4/upsampled/Cole_Hardware_Antislip_Surfacing_Material_White_Elastic_soft_upsampled.csv,540,"End-effector continue grasping the object, using gentle force, causing soft-deformation, with increasing force."
/home/mdxuser/Genesis/main/data/picked_up_4/upsampled/Cole_Hardware_Antislip_Surfacing_Material_White_Elastic_soft_upsampled.csv,810,"End-effector lifting the object, using gentle force, causing soft-deformation, with increasing force."
/home/mdxuser/Genesis/main/data/picked_up_4/upsampled/Cole_Hardware_Antislip_Surfacing_Material_White_Elastic_soft_upsampled.csv,1080,"End-effector rotating the object, by an angle of 45.0 degrees, using gentle force, causing soft-deformation, with constant force."
/home/mdxuser/Genesis/main/data/picked_up_4/upsampled/Cole_Hardware_Antislip_Surfacing_Material_White_Elastic_soft_upsampled.csv,1350,"End-effector holding position of the object, maintaining a stable hold, using gentle force, causing soft-deformation."
/home/mdxuser/Genesis/main/data/picked_up_4/upsampled/Cole_Hardware_Antislip_Surfacing_Material_White_Elastic_soft_upsampled.csv,1620,"End-effector continue holding position of the object, maintaining a stable hold, using gentle force, causing soft-deformation."
/home/mdxuser/Genesis/main/data/picked_up_4/upsampled/Cole_Hardware_Antislip_Surfacing_Material_White_Elastic_soft_upsampled.csv,1890,"End-effector rotating the object, by an angle of 45.0 degrees, using gentle force, causing soft-deformation, with constant force."
/home/mdxuser/Genesis/main/data/picked_up_4/upsampled/Cole_Hardware_Antislip_Surfacing_Material_White_Elastic_soft_upsampled.csv,2160,The object has been dropped.
/home/mdxuser/Genesis/main/data/picked_up_4/upsampled/Cole_Hardware_Antislip_Surfacing_Material_White_Elastic_soft_upsampled.csv,2430,The object has been dropped.
/home/mdxuser/Genesis/main/data/picked_up_4/upsampled/Cole_Hardware_Antislip_Surfacing_Material_White_Elastic_soft_upsampled.csv,2700,The object has been dropped.
/home/mdxuser/Genesis/main/data/picked_up_4/upsampled/Android_Figure_Chrome_Elastic_medium_upsampled.csv,0,"End-effector start towards the object, to begin the task."
/home/mdxuser/Genesis/main/data/picked_up_4/upsampled/Android_Figure_Chrome_Elastic_medium_upsampled.csv,270,"End-effector grasping the object, using moderate force, causing medium-deformation, with increasing force."
/home/mdxuser/Genesis/main/data/picked_up_4/upsampled/Android_Figure_Chrome_Elastic_medium_upsampled.csv,540,"End-effector continue grasping the object, using moderate force, causing medium-deformation, with increasing force."
/home/mdxuser/Genesis/main/data/picked_up_4/upsampled/Android_Figure_Chrome_Elastic_medium_upsampled.csv,810,"End-effector lifting the object, using moderate force, causing medium-deformation, with increasing force."
/home/mdxuser/Genesis/main/data/picked_up_4/upsampled/Android_Figure_Chrome_Elastic_medium_upsampled.csv,1080,"End-effector rotating the object, by an angle of 45.0 degrees, using moderate force, causing medium-deformation, with constant force."
/home/mdxuser/Genesis/main/data/picked_up_4/upsampled/Android_Figure_Chrome_Elastic_medium_upsampled.csv,1350,"End-effector continue rotating the object, by an angle of 45.0 degrees, using moderate force, causing medium-deformation, with constant force."
/home/mdxuser/Genesis/main/data/picked_up_4/upsampled/Android_Figure_Chrome_Elastic_medium_upsampled.csv,1620,"End-effector holding position of the object, maintaining a stable hold, using moderate force, causing medium-deformation."
/home/mdxuser/Genesis/main/data/picked_up_4/upsampled/Android_Figure_Chrome_Elastic_medium_upsampled.csv,1890,"End-effector rotating the object, by an angle of 45.0 degrees, using moderate force, causing medium-deformation, with constant force."
/home/mdxuser/Genesis/main/data/picked_up_4/upsampled/Android_Figure_Chrome_Elastic_medium_upsampled.csv,2160,"End-effector holding position of the object, maintaining a stable hold, using moderate force, causing medium-deformation."
/home/mdxuser/Genesis/main/data/picked_up_4/upsampled/Android_Figure_Chrome_Elastic_medium_upsampled.csv,2430,"End-effector continue holding position of the object, maintaining a stable hold, using moderate force, causing medium-deformation."
/home/mdxuser/Genesis/main/data/picked_up_4/upsampled/Android_Figure_Chrome_Elastic_medium_upsampled.csv,2700,The object has been dropped.
/home/mdxuser/Genesis/main/data/picked_up_4/upsampled/5_HTP_Elastic_medium_upsampled.csv,0,"End-effector start towards the object, to begin the task."
/home/mdxuser/Genesis/main/data/picked_up_4/upsampled/5_HTP_Elastic_medium_upsampled.csv,270,"End-effector grasping the object, using moderate force, causing medium-deformation, with increasing force."
/home/mdxuser/Genesis/main/data/picked_up_4/upsampled/5_HTP_Elastic_medium_upsampled.csv,540,"End-effector continue grasping the object, using moderate force, causing medium-deformation, with increasing force."
/home/mdxuser/Genesis/main/data/picked_up_4/upsampled/5_HTP_Elastic_medium_upsampled.csv,810,"End-effector lifting the object, using moderate force, causing medium-deformation, with increasing force."
/home/mdxuser/Genesis/main/data/picked_up_4/upsampled/5_HTP_Elastic_medium_upsampled.csv,1080,"End-effector rotating the object, by an angle of 30.0 degrees, using moderate force, causing medium-deformation, with constant force."
/home/mdxuser/Genesis/main/data/picked_up_4/upsampled/5_HTP_Elastic_medium_upsampled.csv,1350,"End-effector continue rotating the object, by an angle of 30.0 degrees, using moderate force, causing medium-deformation, with constant force."
/home/mdxuser/Genesis/main/data/picked_up_4/upsampled/5_HTP_Elastic_medium_upsampled.csv,1620,"End-effector holding position of the object, maintaining a stable hold, using moderate force, causing medium-deformation."
/home/mdxuser/Genesis/main/data/picked_up_4/upsampled/5_HTP_Elastic_medium_upsampled.csv,1890,"End-effector rotating the object, by an angle of 45.0 degrees, using moderate force, causing medium-deformation, with constant force."
/home/mdxuser/Genesis/main/data/picked_up_4/upsampled/5_HTP_Elastic_medium_upsampled.csv,2160,"End-effector continue rotating the object, by an angle of 45.0 degrees, using moderate force, causing medium-deformation, with constant force."
/home/mdxuser/Genesis/main/data/picked_up_4/upsampled/5_HTP_Elastic_medium_upsampled.csv,2430,"End-effector holding position of the object, maintaining a stable hold, using moderate force, causing medium-deformation."
/home/mdxuser/Genesis/main/data/picked_up_4/upsampled/5_HTP_Elastic_medium_upsampled.csv,2700,"End-effector stopping the object, using zero-force, causing undeformed shape."
/home/mdxuser/Genesis/main/data/picked_up_4/upsampled/Crayola_Washable_Sidewalk_Chalk_16_pack_Elastic_medium_upsampled.csv,0,"End-effector start towards the object, to begin the task."
/home/mdxuser/Genesis/main/data/picked_up_4/upsampled/Crayola_Washable_Sidewalk_Chalk_16_pack_Elastic_medium_upsampled.csv,270,"End-effector grasping the object, using moderate force, causing medium-deformation, with increasing force."
/home/mdxuser/Genesis/main/data/picked_up_4/upsampled/Crayola_Washable_Sidewalk_Chalk_16_pack_Elastic_medium_upsampled.csv,540,"End-effector continue grasping the object, using moderate force, causing medium-deformation, with increasing force."
/home/mdxuser/Genesis/main/data/picked_up_4/upsampled/Crayola_Washable_Sidewalk_Chalk_16_pack_Elastic_medium_upsampled.csv,810,"End-effector lifting the object, using moderate force, causing medium-deformation, with increasing force."
/home/mdxuser/Genesis/main/data/picked_up_4/upsampled/Crayola_Washable_Sidewalk_Chalk_16_pack_Elastic_medium_upsampled.csv,1080,"End-effector rotating the object, by an angle of 45.0 degrees, using moderate force, causing medium-deformation, with constant force."
/home/mdxuser/Genesis/main/data/picked_up_4/upsampled/Crayola_Washable_Sidewalk_Chalk_16_pack_Elastic_medium_upsampled.csv,1350,"End-effector holding position of the object, maintaining a stable hold, using moderate force, causing medium-deformation."
/home/mdxuser/Genesis/main/data/picked_up_4/upsampled/Crayola_Washable_Sidewalk_Chalk_16_pack_Elastic_medium_upsampled.csv,1620,"End-effector continue holding position of the object, maintaining a stable hold, using moderate force, causing medium-deformation."
/home/mdxuser/Genesis/main/data/picked_up_4/upsampled/Crayola_Washable_Sidewalk_Chalk_16_pack_Elastic_medium_upsampled.csv,1890,The object has been dropped.
/home/mdxuser/Genesis/main/data/picked_up_4/upsampled/Crayola_Washable_Sidewalk_Chalk_16_pack_Elastic_medium_upsampled.csv,2160,The object has been dropped.
/home/mdxuser/Genesis/main/data/picked_up_4/upsampled/Crayola_Washable_Sidewalk_Chalk_16_pack_Elastic_medium_upsampled.csv,2430,The object has been dropped.
/home/mdxuser/Genesis/main/data/picked_up_4/upsampled/Crayola_Washable_Sidewalk_Chalk_16_pack_Elastic_medium_upsampled.csv,2700,The object has been dropped.
/home/mdxuser/Genesis/main/data/picked_up_4/upsampled/50_BLOCKS_Elastic_soft_upsampled.csv,0,"End-effector start towards the object, to begin the task."
/home/mdxuser/Genesis/main/data/picked_up_4/upsampled/50_BLOCKS_Elastic_soft_upsampled.csv,270,"End-effector grasping the object, using gentle force, causing soft-deformation, with increasing force."
/home/mdxuser/Genesis/main/data/picked_up_4/upsampled/50_BLOCKS_Elastic_soft_upsampled.csv,540,"End-effector continue grasping the object, using gentle force, causing soft-deformation, with increasing force."
/home/mdxuser/Genesis/main/data/picked_up_4/upsampled/50_BLOCKS_Elastic_soft_upsampled.csv,810,"End-effector lifting the object, using gentle force, causing soft-deformation, with increasing force."
/home/mdxuser/Genesis/main/data/picked_up_4/upsampled/50_BLOCKS_Elastic_soft_upsampled.csv,1080,"End-effector rotating the object, by an angle of 45.0 degrees, using gentle force, causing soft-deformation, with constant force."
/home/mdxuser/Genesis/main/data/picked_up_4/upsampled/50_BLOCKS_Elastic_soft_upsampled.csv,1350,"End-effector holding position of the object, maintaining a stable hold, using gentle force, causing soft-deformation."
/home/mdxuser/Genesis/main/data/picked_up_4/upsampled/50_BLOCKS_Elastic_soft_upsampled.csv,1620,"End-effector continue holding position of the object, maintaining a stable hold, using gentle force, causing soft-deformation."
/home/mdxuser/Genesis/main/data/picked_up_4/upsampled/50_BLOCKS_Elastic_soft_upsampled.csv,1890,"End-effector rotating the object, by an angle of 45.0 degrees, using gentle force, causing soft-deformation, with constant force."
/home/mdxuser/Genesis/main/data/picked_up_4/upsampled/50_BLOCKS_Elastic_soft_upsampled.csv,2160,"End-effector continue rotating the object, by an angle of 45.0 degrees, using gentle force, causing soft-deformation, with constant force."
/home/mdxuser/Genesis/main/data/picked_up_4/upsampled/50_BLOCKS_Elastic_soft_upsampled.csv,2430,"End-effector holding position of the object, maintaining a stable hold, using gentle force, causing soft-deformation."
/home/mdxuser/Genesis/main/data/picked_up_4/upsampled/50_BLOCKS_Elastic_soft_upsampled.csv,2700,"End-effector stopping the object, using zero-force, causing undeformed shape."
/home/mdxuser/Genesis/main/data/picked_up_4/upsampled/Black_Forest_Fruit_Snacks_28_Pack_Grape_Elastic_medium_upsampled.csv,0,"End-effector start towards the object, to begin the task."
/home/mdxuser/Genesis/main/data/picked_up_4/upsampled/Black_Forest_Fruit_Snacks_28_Pack_Grape_Elastic_medium_upsampled.csv,270,"End-effector grasping the object, using moderate force, causing medium-deformation, with increasing force."
/home/mdxuser/Genesis/main/data/picked_up_4/upsampled/Black_Forest_Fruit_Snacks_28_Pack_Grape_Elastic_medium_upsampled.csv,540,"End-effector continue grasping the object, using moderate force, causing medium-deformation, with increasing force."
/home/mdxuser/Genesis/main/data/picked_up_4/upsampled/Black_Forest_Fruit_Snacks_28_Pack_Grape_Elastic_medium_upsampled.csv,810,"End-effector lifting the object, using moderate force, causing medium-deformation, with increasing force."
/home/mdxuser/Genesis/main/data/picked_up_4/upsampled/Black_Forest_Fruit_Snacks_28_Pack_Grape_Elastic_medium_upsampled.csv,1080,"End-effector rotating the object, by an angle of 45.0 degrees, using moderate force, causing medium-deformation, with constant force."
/home/mdxuser/Genesis/main/data/picked_up_4/upsampled/Black_Forest_Fruit_Snacks_28_Pack_Grape_Elastic_medium_upsampled.csv,1350,"End-effector continue rotating the object, by an angle of 45.0 degrees, using moderate force, causing medium-deformation, with constant force."
/home/mdxuser/Genesis/main/data/picked_up_4/upsampled/Black_Forest_Fruit_Snacks_28_Pack_Grape_Elastic_medium_upsampled.csv,1620,The object has been dropped.
/home/mdxuser/Genesis/main/data/picked_up_4/upsampled/Black_Forest_Fruit_Snacks_28_Pack_Grape_Elastic_medium_upsampled.csv,1890,The object has been dropped.
/home/mdxuser/Genesis/main/data/picked_up_4/upsampled/Black_Forest_Fruit_Snacks_28_Pack_Grape_Elastic_medium_upsampled.csv,2160,The object has been dropped.
/home/mdxuser/Genesis/main/data/picked_up_4/upsampled/Black_Forest_Fruit_Snacks_28_Pack_Grape_Elastic_medium_upsampled.csv,2430,The object has been dropped.
/home/mdxuser/Genesis/main/data/picked_up_4/upsampled/Black_Forest_Fruit_Snacks_28_Pack_Grape_Elastic_medium_upsampled.csv,2700,The object has been dropped.
/home/mdxuser/Genesis/main/data/picked_up_4/upsampled/adizero_F50_TRX_FG_LEA_Elastic_soft_upsampled.csv,0,"End-effector start towards the object, to begin the task."
/home/mdxuser/Genesis/main/data/picked_up_4/upsampled/adizero_F50_TRX_FG_LEA_Elastic_soft_upsampled.csv,270,"End-effector grasping the object, using gentle force, causing soft-deformation, with increasing force."
/home/mdxuser/Genesis/main/data/picked_up_4/upsampled/adizero_F50_TRX_FG_LEA_Elastic_soft_upsampled.csv,540,"End-effector continue grasping the object, using gentle force, causing soft-deformation, with increasing force."
/home/mdxuser/Genesis/main/data/picked_up_4/upsampled/adizero_F50_TRX_FG_LEA_Elastic_soft_upsampled.csv,810,"End-effector lifting the object, using gentle force, causing soft-deformation, with increasing force."
/home/mdxuser/Genesis/main/data/picked_up_4/upsampled/adizero_F50_TRX_FG_LEA_Elastic_soft_upsampled.csv,1080,"End-effector rotating the object, by an angle of 45.0 degrees, using gentle force, causing soft-deformation, with constant force."
/home/mdxuser/Genesis/main/data/picked_up_4/upsampled/adizero_F50_TRX_FG_LEA_Elastic_soft_upsampled.csv,1350,"End-effector holding position of the object, maintaining a stable hold, using gentle force, causing soft-deformation."
/home/mdxuser/Genesis/main/data/picked_up_4/upsampled/adizero_F50_TRX_FG_LEA_Elastic_soft_upsampled.csv,1620,"End-effector continue holding position of the object, maintaining a stable hold, using gentle force, causing soft-deformation."
/home/mdxuser/Genesis/main/data/picked_up_4/upsampled/adizero_F50_TRX_FG_LEA_Elastic_soft_upsampled.csv,1890,"End-effector rotating the object, by an angle of 45.0 degrees, using gentle force, causing soft-deformation, with constant force."
/home/mdxuser/Genesis/main/data/picked_up_4/upsampled/adizero_F50_TRX_FG_LEA_Elastic_soft_upsampled.csv,2160,"End-effector continue rotating the object, by an angle of 45.0 degrees, using gentle force, causing soft-deformation, with constant force."
/home/mdxuser/Genesis/main/data/picked_up_4/upsampled/adizero_F50_TRX_FG_LEA_Elastic_soft_upsampled.csv,2430,The object has been dropped.
/home/mdxuser/Genesis/main/data/picked_up_4/upsampled/adizero_F50_TRX_FG_LEA_Elastic_soft_upsampled.csv,2700,The object has been dropped.
/home/mdxuser/Genesis/main/data/picked_up_4/upsampled/3D_Dollhouse_Sofa_Elastic_medium_upsampled.csv,0,"End-effector start towards the object, to begin the task."
/home/mdxuser/Genesis/main/data/picked_up_4/upsampled/3D_Dollhouse_Sofa_Elastic_medium_upsampled.csv,270,"End-effector grasping the object, using moderate force, causing medium-deformation, with increasing force."
/home/mdxuser/Genesis/main/data/picked_up_4/upsampled/3D_Dollhouse_Sofa_Elastic_medium_upsampled.csv,540,"End-effector continue grasping the object, using moderate force, causing medium-deformation, with increasing force."
/home/mdxuser/Genesis/main/data/picked_up_4/upsampled/3D_Dollhouse_Sofa_Elastic_medium_upsampled.csv,810,"End-effector lifting the object, using moderate force, causing medium-deformation, with increasing force."
/home/mdxuser/Genesis/main/data/picked_up_4/upsampled/3D_Dollhouse_Sofa_Elastic_medium_upsampled.csv,1080,"End-effector rotating the object, by an angle of 45.0 degrees, using moderate force, causing medium-deformation, with constant force."
/home/mdxuser/Genesis/main/data/picked_up_4/upsampled/3D_Dollhouse_Sofa_Elastic_medium_upsampled.csv,1350,"End-effector continue rotating the object, by an angle of 45.0 degrees, using moderate force, causing medium-deformation, with constant force."
/home/mdxuser/Genesis/main/data/picked_up_4/upsampled/3D_Dollhouse_Sofa_Elastic_medium_upsampled.csv,1620,The object has been dropped.
/home/mdxuser/Genesis/main/data/picked_up_4/upsampled/3D_Dollhouse_Sofa_Elastic_medium_upsampled.csv,1890,The object has been dropped.
/home/mdxuser/Genesis/main/data/picked_up_4/upsampled/3D_Dollhouse_Sofa_Elastic_medium_upsampled.csv,2160,The object has been dropped.
/home/mdxuser/Genesis/main/data/picked_up_4/upsampled/3D_Dollhouse_Sofa_Elastic_medium_upsampled.csv,2430,The object has been dropped.
/home/mdxuser/Genesis/main/data/picked_up_4/upsampled/3D_Dollhouse_Sofa_Elastic_medium_upsampled.csv,2700,The object has been dropped.
/home/mdxuser/Genesis/main/data/picked_up_4/upsampled/Black_Elderberry_Syrup_54_oz_Gaia_Herbs_Elastic_soft_upsampled.csv,0,"End-effector start towards the object, to begin the task."
/home/mdxuser/Genesis/main/data/picked_up_4/upsampled/Black_Elderberry_Syrup_54_oz_Gaia_Herbs_Elastic_soft_upsampled.csv,270,"End-effector grasping the object, using gentle force, causing soft-deformation, with increasing force."
/home/mdxuser/Genesis/main/data/picked_up_4/upsampled/Black_Elderberry_Syrup_54_oz_Gaia_Herbs_Elastic_soft_upsampled.csv,540,"End-effector continue grasping the object, using gentle force, causing soft-deformation, with increasing force."
/home/mdxuser/Genesis/main/data/picked_up_4/upsampled/Black_Elderberry_Syrup_54_oz_Gaia_Herbs_Elastic_soft_upsampled.csv,810,"End-effector lifting the object, using gentle force, causing soft-deformation, with increasing force."
/home/mdxuser/Genesis/main/data/picked_up_4/upsampled/Black_Elderberry_Syrup_54_oz_Gaia_Herbs_Elastic_soft_upsampled.csv,1080,"End-effector rotating the object, by an angle of 45.0 degrees, using gentle force, causing soft-deformation, with constant force."
/home/mdxuser/Genesis/main/data/picked_up_4/upsampled/Black_Elderberry_Syrup_54_oz_Gaia_Herbs_Elastic_soft_upsampled.csv,1350,"End-effector continue rotating the object, by an angle of 45.0 degrees, using gentle force, causing soft-deformation, with constant force."
/home/mdxuser/Genesis/main/data/picked_up_4/upsampled/Black_Elderberry_Syrup_54_oz_Gaia_Herbs_Elastic_soft_upsampled.csv,1620,"End-effector holding position of the object, maintaining a stable hold, using gentle force, causing soft-deformation."
/home/mdxuser/Genesis/main/data/picked_up_4/upsampled/Black_Elderberry_Syrup_54_oz_Gaia_Herbs_Elastic_soft_upsampled.csv,1890,"End-effector rotating the object, by an angle of 45.0 degrees, using gentle force, causing soft-deformation, with constant force."
/home/mdxuser/Genesis/main/data/picked_up_4/upsampled/Black_Elderberry_Syrup_54_oz_Gaia_Herbs_Elastic_soft_upsampled.csv,2160,"End-effector holding position of the object, maintaining a stable hold, using gentle force, causing soft-deformation."
/home/mdxuser/Genesis/main/data/picked_up_4/upsampled/Black_Elderberry_Syrup_54_oz_Gaia_Herbs_Elastic_soft_upsampled.csv,2430,"End-effector continue holding position of the object, maintaining a stable hold, using gentle force, causing soft-deformation."
/home/mdxuser/Genesis/main/data/picked_up_4/upsampled/Black_Elderberry_Syrup_54_oz_Gaia_Herbs_Elastic_soft_upsampled.csv,2700,"End-effector stopping the object, using zero-force, causing undeformed shape."
/home/mdxuser/Genesis/main/data/picked_up_4/upsampled/Office_Depot_Dell_Series_1_Remanufactured_Ink_Cartridge_TriColor_Elastic_medium_upsampled.csv,0,"End-effector start towards the object, to begin the task."
/home/mdxuser/Genesis/main/data/picked_up_4/upsampled/Office_Depot_Dell_Series_1_Remanufactured_Ink_Cartridge_TriColor_Elastic_medium_upsampled.csv,270,"End-effector grasping the object, using moderate force, causing medium-deformation, with increasing force."
/home/mdxuser/Genesis/main/data/picked_up_4/upsampled/Office_Depot_Dell_Series_1_Remanufactured_Ink_Cartridge_TriColor_Elastic_medium_upsampled.csv,540,"End-effector continue grasping the object, using moderate force, causing medium-deformation, with increasing force."
/home/mdxuser/Genesis/main/data/picked_up_4/upsampled/Office_Depot_Dell_Series_1_Remanufactured_Ink_Cartridge_TriColor_Elastic_medium_upsampled.csv,810,"End-effector lifting the object, using moderate force, causing medium-deformation, with increasing force."
/home/mdxuser/Genesis/main/data/picked_up_4/upsampled/Office_Depot_Dell_Series_1_Remanufactured_Ink_Cartridge_TriColor_Elastic_medium_upsampled.csv,1080,"End-effector rotating the object, by an angle of 45.0 degrees, using moderate force, causing medium-deformation, with constant force."
/home/mdxuser/Genesis/main/data/picked_up_4/upsampled/Office_Depot_Dell_Series_1_Remanufactured_Ink_Cartridge_TriColor_Elastic_medium_upsampled.csv,1350,"End-effector continue rotating the object, by an angle of 45.0 degrees, using moderate force, causing medium-deformation, with constant force."
/home/mdxuser/Genesis/main/data/picked_up_4/upsampled/Office_Depot_Dell_Series_1_Remanufactured_Ink_Cartridge_TriColor_Elastic_medium_upsampled.csv,1620,"End-effector holding position of the object, maintaining a stable hold, using moderate force, causing medium-deformation."
/home/mdxuser/Genesis/main/data/picked_up_4/upsampled/Office_Depot_Dell_Series_1_Remanufactured_Ink_Cartridge_TriColor_Elastic_medium_upsampled.csv,1890,"End-effector rotating the object, by an angle of 30.0 degrees, using moderate force, causing medium-deformation, with constant force."
/home/mdxuser/Genesis/main/data/picked_up_4/upsampled/Office_Depot_Dell_Series_1_Remanufactured_Ink_Cartridge_TriColor_Elastic_medium_upsampled.csv,2160,"End-effector continue rotating the object, by an angle of 30.0 degrees, using moderate force, causing medium-deformation, with constant force."
/home/mdxuser/Genesis/main/data/picked_up_4/upsampled/Office_Depot_Dell_Series_1_Remanufactured_Ink_Cartridge_TriColor_Elastic_medium_upsampled.csv,2430,"End-effector holding position of the object, maintaining a stable hold, using moderate force, causing medium-deformation."
/home/mdxuser/Genesis/main/data/picked_up_4/upsampled/Office_Depot_Dell_Series_1_Remanufactured_Ink_Cartridge_TriColor_Elastic_medium_upsampled.csv,2700,"End-effector stopping the object, using zero-force, causing undeformed shape."
/home/mdxuser/Genesis/main/data/picked_up_4/upsampled/CASTLE_BLOCKS_Elastic_hard_upsampled.csv,0,"End-effector start towards the object, to begin the task."
/home/mdxuser/Genesis/main/data/picked_up_4/upsampled/CASTLE_BLOCKS_Elastic_hard_upsampled.csv,270,"End-effector grasping the object, using strong force, causing hard-deformation, with increasing force."
/home/mdxuser/Genesis/main/data/picked_up_4/upsampled/CASTLE_BLOCKS_Elastic_hard_upsampled.csv,540,"End-effector continue grasping the object, using strong force, causing hard-deformation, with increasing force."
/home/mdxuser/Genesis/main/data/picked_up_4/upsampled/CASTLE_BLOCKS_Elastic_hard_upsampled.csv,810,"End-effector lifting the object, using strong force, causing hard-deformation, with increasing force."
/home/mdxuser/Genesis/main/data/picked_up_4/upsampled/CASTLE_BLOCKS_Elastic_hard_upsampled.csv,1080,"End-effector rotating the object, by an angle of 45.0 degrees, using strong force, causing hard-deformation, with constant force."
/home/mdxuser/Genesis/main/data/picked_up_4/upsampled/CASTLE_BLOCKS_Elastic_hard_upsampled.csv,1350,"End-effector continue rotating the object, by an angle of 45.0 degrees, using strong force, causing hard-deformation, with constant force."
/home/mdxuser/Genesis/main/data/picked_up_4/upsampled/CASTLE_BLOCKS_Elastic_hard_upsampled.csv,1620,The object has been dropped.
/home/mdxuser/Genesis/main/data/picked_up_4/upsampled/CASTLE_BLOCKS_Elastic_hard_upsampled.csv,1890,The object has been dropped.
/home/mdxuser/Genesis/main/data/picked_up_4/upsampled/CASTLE_BLOCKS_Elastic_hard_upsampled.csv,2160,The object has been dropped.
/home/mdxuser/Genesis/main/data/picked_up_4/upsampled/CASTLE_BLOCKS_Elastic_hard_upsampled.csv,2430,The object has been dropped.
/home/mdxuser/Genesis/main/data/picked_up_4/upsampled/CASTLE_BLOCKS_Elastic_hard_upsampled.csv,2700,The object has been dropped.
/home/mdxuser/Genesis/main/data/picked_up_4/upsampled/Perricone_MD_Skin_Clear_Supplements_Elastic_hard_upsampled.csv,0,"End-effector start towards the object, to begin the task."
/home/mdxuser/Genesis/main/data/picked_up_4/upsampled/Perricone_MD_Skin_Clear_Supplements_Elastic_hard_upsampled.csv,270,"End-effector grasping the object, using strong force, causing hard-deformation, with increasing force."
/home/mdxuser/Genesis/main/data/picked_up_4/upsampled/Perricone_MD_Skin_Clear_Supplements_Elastic_hard_upsampled.csv,540,"End-effector continue grasping the object, using strong force, causing hard-deformation, with increasing force."
/home/mdxuser/Genesis/main/data/picked_up_4/upsampled/Perricone_MD_Skin_Clear_Supplements_Elastic_hard_upsampled.csv,810,"End-effector lifting the object, using strong force, causing hard-deformation, with increasing force."
/home/mdxuser/Genesis/main/data/picked_up_4/upsampled/Perricone_MD_Skin_Clear_Supplements_Elastic_hard_upsampled.csv,1080,"End-effector rotating the object, by an angle of 45.0 degrees, using strong force, causing hard-deformation, with constant force."
/home/mdxuser/Genesis/main/data/picked_up_4/upsampled/Perricone_MD_Skin_Clear_Supplements_Elastic_hard_upsampled.csv,1350,"End-effector holding position of the object, maintaining a stable hold, using strong force, causing hard-deformation."
/home/mdxuser/Genesis/main/data/picked_up_4/upsampled/Perricone_MD_Skin_Clear_Supplements_Elastic_hard_upsampled.csv,1620,"End-effector continue holding position of the object, maintaining a stable hold, using strong force, causing hard-deformation."
/home/mdxuser/Genesis/main/data/picked_up_4/upsampled/Perricone_MD_Skin_Clear_Supplements_Elastic_hard_upsampled.csv,1890,"End-effector rotating the object, by an angle of 45.0 degrees, using strong force, causing hard-deformation, with constant force."
/home/mdxuser/Genesis/main/data/picked_up_4/upsampled/Perricone_MD_Skin_Clear_Supplements_Elastic_hard_upsampled.csv,2160,"End-effector holding position of the object, maintaining a stable hold, using strong force, causing hard-deformation."
/home/mdxuser/Genesis/main/data/picked_up_4/upsampled/Perricone_MD_Skin_Clear_Supplements_Elastic_hard_upsampled.csv,2430,"End-effector continue holding position of the object, maintaining a stable hold, using strong force, causing hard-deformation."
/home/mdxuser/Genesis/main/data/picked_up_4/upsampled/Perricone_MD_Skin_Clear_Supplements_Elastic_hard_upsampled.csv,2700,"End-effector stopping the object, using zero-force, causing undeformed shape."
/home/mdxuser/Genesis/main/data/picked_up_4/upsampled/Granimals_20_Wooden_ABC_Blocks_Wagon_g2TinmUGGHI_Elastic_medium_upsampled.csv,0,"End-effector start towards the object, to begin the task."
/home/mdxuser/Genesis/main/data/picked_up_4/upsampled/Granimals_20_Wooden_ABC_Blocks_Wagon_g2TinmUGGHI_Elastic_medium_upsampled.csv,270,"End-effector grasping the object, using moderate force, causing medium-deformation, with increasing force."
/home/mdxuser/Genesis/main/data/picked_up_4/upsampled/Granimals_20_Wooden_ABC_Blocks_Wagon_g2TinmUGGHI_Elastic_medium_upsampled.csv,540,"End-effector continue grasping the object, using moderate force, causing medium-deformation, with increasing force."
/home/mdxuser/Genesis/main/data/picked_up_4/upsampled/Granimals_20_Wooden_ABC_Blocks_Wagon_g2TinmUGGHI_Elastic_medium_upsampled.csv,810,"End-effector lifting the object, using moderate force, causing medium-deformation, with increasing force."
/home/mdxuser/Genesis/main/data/picked_up_4/upsampled/Granimals_20_Wooden_ABC_Blocks_Wagon_g2TinmUGGHI_Elastic_medium_upsampled.csv,1080,"End-effector rotating the object, by an angle of 30.0 degrees, using moderate force, causing medium-deformation, with constant force."
/home/mdxuser/Genesis/main/data/picked_up_4/upsampled/Granimals_20_Wooden_ABC_Blocks_Wagon_g2TinmUGGHI_Elastic_medium_upsampled.csv,1350,"End-effector continue rotating the object, by an angle of 30.0 degrees, using moderate force, causing medium-deformation, with constant force."
/home/mdxuser/Genesis/main/data/picked_up_4/upsampled/Granimals_20_Wooden_ABC_Blocks_Wagon_g2TinmUGGHI_Elastic_medium_upsampled.csv,1620,"End-effector holding position of the object, maintaining a stable hold, using moderate force, causing medium-deformation."
/home/mdxuser/Genesis/main/data/picked_up_4/upsampled/Granimals_20_Wooden_ABC_Blocks_Wagon_g2TinmUGGHI_Elastic_medium_upsampled.csv,1890,The object has been dropped.
/home/mdxuser/Genesis/main/data/picked_up_4/upsampled/Granimals_20_Wooden_ABC_Blocks_Wagon_g2TinmUGGHI_Elastic_medium_upsampled.csv,2160,The object has been dropped.
/home/mdxuser/Genesis/main/data/picked_up_4/upsampled/Granimals_20_Wooden_ABC_Blocks_Wagon_g2TinmUGGHI_Elastic_medium_upsampled.csv,2430,The object has been dropped.
/home/mdxuser/Genesis/main/data/picked_up_4/upsampled/Granimals_20_Wooden_ABC_Blocks_Wagon_g2TinmUGGHI_Elastic_medium_upsampled.csv,2700,The object has been dropped.
/home/mdxuser/Genesis/main/data/picked_up_4/upsampled/BUNNY_RACER_Elastic_hard_upsampled.csv,0,"End-effector start towards the object, to begin the task."
/home/mdxuser/Genesis/main/data/picked_up_4/upsampled/BUNNY_RACER_Elastic_hard_upsampled.csv,270,"End-effector grasping the object, using strong force, causing hard-deformation, with increasing force."
/home/mdxuser/Genesis/main/data/picked_up_4/upsampled/BUNNY_RACER_Elastic_hard_upsampled.csv,540,"End-effector continue grasping the object, using strong force, causing hard-deformation, with increasing force."
/home/mdxuser/Genesis/main/data/picked_up_4/upsampled/BUNNY_RACER_Elastic_hard_upsampled.csv,810,"End-effector lifting the object, using strong force, causing hard-deformation, with increasing force."
/home/mdxuser/Genesis/main/data/picked_up_4/upsampled/BUNNY_RACER_Elastic_hard_upsampled.csv,1080,"End-effector rotating the object, by an angle of 45.0 degrees, using strong force, causing hard-deformation, with constant force."
/home/mdxuser/Genesis/main/data/picked_up_4/upsampled/BUNNY_RACER_Elastic_hard_upsampled.csv,1350,"End-effector holding position of the object, maintaining a stable hold, using strong force, causing hard-deformation."
/home/mdxuser/Genesis/main/data/picked_up_4/upsampled/BUNNY_RACER_Elastic_hard_upsampled.csv,1620,"End-effector continue holding position of the object, maintaining a stable hold, using strong force, causing hard-deformation."
/home/mdxuser/Genesis/main/data/picked_up_4/upsampled/BUNNY_RACER_Elastic_hard_upsampled.csv,1890,"End-effector rotating the object, by an angle of 30.0 degrees, using strong force, causing hard-deformation, with constant force."
/home/mdxuser/Genesis/main/data/picked_up_4/upsampled/BUNNY_RACER_Elastic_hard_upsampled.csv,2160,"End-effector continue rotating the object, by an angle of 30.0 degrees, using strong force, causing hard-deformation, with constant force."
/home/mdxuser/Genesis/main/data/picked_up_4/upsampled/BUNNY_RACER_Elastic_hard_upsampled.csv,2430,"End-effector holding position of the object, maintaining a stable hold, using strong force, causing hard-deformation."
/home/mdxuser/Genesis/main/data/picked_up_4/upsampled/BUNNY_RACER_Elastic_hard_upsampled.csv,2700,"End-effector stopping the object, using zero-force, causing undeformed shape."
/home/mdxuser/Genesis/main/data/picked_up_4/upsampled/Central_Garden_Flower_Pot_Goo_425_Elastic_soft_upsampled.csv,0,"End-effector start towards the object, to begin the task."
/home/mdxuser/Genesis/main/data/picked_up_4/upsampled/Central_Garden_Flower_Pot_Goo_425_Elastic_soft_upsampled.csv,270,"End-effector grasping the object, using gentle force, causing soft-deformation, with increasing force."
/home/mdxuser/Genesis/main/data/picked_up_4/upsampled/Central_Garden_Flower_Pot_Goo_425_Elastic_soft_upsampled.csv,540,"End-effector continue grasping the object, using gentle force, causing soft-deformation, with increasing force."
/home/mdxuser/Genesis/main/data/picked_up_4/upsampled/Central_Garden_Flower_Pot_Goo_425_Elastic_soft_upsampled.csv,810,"End-effector lifting the object, using gentle force, causing soft-deformation, with increasing force."
/home/mdxuser/Genesis/main/data/picked_up_4/upsampled/Central_Garden_Flower_Pot_Goo_425_Elastic_soft_upsampled.csv,1080,"End-effector rotating the object, by an angle of 30.0 degrees, using gentle force, causing soft-deformation, with constant force."
/home/mdxuser/Genesis/main/data/picked_up_4/upsampled/Central_Garden_Flower_Pot_Goo_425_Elastic_soft_upsampled.csv,1350,"End-effector continue rotating the object, by an angle of 30.0 degrees, using gentle force, causing soft-deformation, with constant force."
/home/mdxuser/Genesis/main/data/picked_up_4/upsampled/Central_Garden_Flower_Pot_Goo_425_Elastic_soft_upsampled.csv,1620,"End-effector holding position of the object, maintaining a stable hold, using gentle force, causing soft-deformation."
/home/mdxuser/Genesis/main/data/picked_up_4/upsampled/Central_Garden_Flower_Pot_Goo_425_Elastic_soft_upsampled.csv,1890,"End-effector rotating the object, by an angle of 45.0 degrees, using gentle force, causing soft-deformation, with constant force."
/home/mdxuser/Genesis/main/data/picked_up_4/upsampled/Central_Garden_Flower_Pot_Goo_425_Elastic_soft_upsampled.csv,2160,"End-effector holding position of the object, maintaining a stable hold, using gentle force, causing soft-deformation."
/home/mdxuser/Genesis/main/data/picked_up_4/upsampled/Central_Garden_Flower_Pot_Goo_425_Elastic_soft_upsampled.csv,2430,"End-effector continue holding position of the object, maintaining a stable hold, using gentle force, causing soft-deformation."
/home/mdxuser/Genesis/main/data/picked_up_4/upsampled/Central_Garden_Flower_Pot_Goo_425_Elastic_soft_upsampled.csv,2700,"End-effector stopping the object, using zero-force, causing undeformed shape."
/home/mdxuser/Genesis/main/data/picked_up_4/upsampled/ASICS_GELAce_Pro_Pearl_WhitePink_Elastic_hard_upsampled.csv,0,"End-effector start towards the object, to begin the task."
/home/mdxuser/Genesis/main/data/picked_up_4/upsampled/ASICS_GELAce_Pro_Pearl_WhitePink_Elastic_hard_upsampled.csv,270,"End-effector grasping the object, using strong force, causing hard-deformation, with increasing force."
/home/mdxuser/Genesis/main/data/picked_up_4/upsampled/ASICS_GELAce_Pro_Pearl_WhitePink_Elastic_hard_upsampled.csv,540,"End-effector continue grasping the object, using strong force, causing hard-deformation, with increasing force."
/home/mdxuser/Genesis/main/data/picked_up_4/upsampled/ASICS_GELAce_Pro_Pearl_WhitePink_Elastic_hard_upsampled.csv,810,"End-effector lifting the object, using strong force, causing hard-deformation, with increasing force."
/home/mdxuser/Genesis/main/data/picked_up_4/upsampled/ASICS_GELAce_Pro_Pearl_WhitePink_Elastic_hard_upsampled.csv,1080,"End-effector rotating the object, by an angle of 45.0 degrees, using strong force, causing hard-deformation, with constant force."
/home/mdxuser/Genesis/main/data/picked_up_4/upsampled/ASICS_GELAce_Pro_Pearl_WhitePink_Elastic_hard_upsampled.csv,1350,"End-effector continue rotating the object, by an angle of 45.0 degrees, using strong force, causing hard-deformation, with constant force."
/home/mdxuser/Genesis/main/data/picked_up_4/upsampled/ASICS_GELAce_Pro_Pearl_WhitePink_Elastic_hard_upsampled.csv,1620,"End-effector holding position of the object, maintaining a stable hold, using strong force, causing hard-deformation."
/home/mdxuser/Genesis/main/data/picked_up_4/upsampled/ASICS_GELAce_Pro_Pearl_WhitePink_Elastic_hard_upsampled.csv,1890,"End-effector rotating the object, by an angle of 30.0 degrees, using strong force, causing hard-deformation, with constant force."
/home/mdxuser/Genesis/main/data/picked_up_4/upsampled/ASICS_GELAce_Pro_Pearl_WhitePink_Elastic_hard_upsampled.csv,2160,"End-effector continue rotating the object, by an angle of 30.0 degrees, using strong force, causing hard-deformation, with constant force."
/home/mdxuser/Genesis/main/data/picked_up_4/upsampled/ASICS_GELAce_Pro_Pearl_WhitePink_Elastic_hard_upsampled.csv,2430,"End-effector holding position of the object, maintaining a stable hold, using strong force, causing hard-deformation."
/home/mdxuser/Genesis/main/data/picked_up_4/upsampled/ASICS_GELAce_Pro_Pearl_WhitePink_Elastic_hard_upsampled.csv,2700,The object has been dropped.
/home/mdxuser/Genesis/main/data/picked_up_4/upsampled/5_HTP_Elastic_hard_upsampled.csv,0,"End-effector start towards the object, to begin the task."
/home/mdxuser/Genesis/main/data/picked_up_4/upsampled/5_HTP_Elastic_hard_upsampled.csv,270,"End-effector grasping the object, using strong force, causing hard-deformation, with increasing force."
/home/mdxuser/Genesis/main/data/picked_up_4/upsampled/5_HTP_Elastic_hard_upsampled.csv,540,"End-effector continue grasping the object, using strong force, causing hard-deformation, with increasing force."
/home/mdxuser/Genesis/main/data/picked_up_4/upsampled/5_HTP_Elastic_hard_upsampled.csv,810,"End-effector lifting the object, using strong force, causing hard-deformation, with increasing force."
/home/mdxuser/Genesis/main/data/picked_up_4/upsampled/5_HTP_Elastic_hard_upsampled.csv,1080,"End-effector rotating the object, by an angle of 30.0 degrees, using strong force, causing hard-deformation, with constant force."
/home/mdxuser/Genesis/main/data/picked_up_4/upsampled/5_HTP_Elastic_hard_upsampled.csv,1350,"End-effector continue rotating the object, by an angle of 30.0 degrees, using strong force, causing hard-deformation, with constant force."
/home/mdxuser/Genesis/main/data/picked_up_4/upsampled/5_HTP_Elastic_hard_upsampled.csv,1620,"End-effector holding position of the object, maintaining a stable hold, using strong force, causing hard-deformation."
/home/mdxuser/Genesis/main/data/picked_up_4/upsampled/5_HTP_Elastic_hard_upsampled.csv,1890,"End-effector rotating the object, by an angle of 45.0 degrees, using strong force, causing hard-deformation, with constant force."
/home/mdxuser/Genesis/main/data/picked_up_4/upsampled/5_HTP_Elastic_hard_upsampled.csv,2160,"End-effector continue rotating the object, by an angle of 45.0 degrees, using strong force, causing hard-deformation, with constant force."
/home/mdxuser/Genesis/main/data/picked_up_4/upsampled/5_HTP_Elastic_hard_upsampled.csv,2430,The object has been dropped.
/home/mdxuser/Genesis/main/data/picked_up_4/upsampled/5_HTP_Elastic_hard_upsampled.csv,2700,The object has been dropped.
/home/mdxuser/Genesis/main/data/picked_up_4/upsampled/CASTLE_BLOCKS_Elastic_soft_upsampled.csv,0,"End-effector start towards the object, to begin the task."
/home/mdxuser/Genesis/main/data/picked_up_4/upsampled/CASTLE_BLOCKS_Elastic_soft_upsampled.csv,270,"End-effector grasping the object, using gentle force, causing soft-deformation, with increasing force."
/home/mdxuser/Genesis/main/data/picked_up_4/upsampled/CASTLE_BLOCKS_Elastic_soft_upsampled.csv,540,"End-effector continue grasping the object, using gentle force, causing soft-deformation, with increasing force."
/home/mdxuser/Genesis/main/data/picked_up_4/upsampled/CASTLE_BLOCKS_Elastic_soft_upsampled.csv,810,"End-effector lifting the object, using gentle force, causing soft-deformation, with increasing force."
/home/mdxuser/Genesis/main/data/picked_up_4/upsampled/CASTLE_BLOCKS_Elastic_soft_upsampled.csv,1080,"End-effector rotating the object, by an angle of 45.0 degrees, using gentle force, causing soft-deformation, with constant force."
/home/mdxuser/Genesis/main/data/picked_up_4/upsampled/CASTLE_BLOCKS_Elastic_soft_upsampled.csv,1350,"End-effector continue rotating the object, by an angle of 45.0 degrees, using gentle force, causing soft-deformation, with constant force."
/home/mdxuser/Genesis/main/data/picked_up_4/upsampled/CASTLE_BLOCKS_Elastic_soft_upsampled.csv,1620,The object has been dropped.
/home/mdxuser/Genesis/main/data/picked_up_4/upsampled/CASTLE_BLOCKS_Elastic_soft_upsampled.csv,1890,The object has been dropped.
/home/mdxuser/Genesis/main/data/picked_up_4/upsampled/CASTLE_BLOCKS_Elastic_soft_upsampled.csv,2160,The object has been dropped.
/home/mdxuser/Genesis/main/data/picked_up_4/upsampled/CASTLE_BLOCKS_Elastic_soft_upsampled.csv,2430,The object has been dropped.
/home/mdxuser/Genesis/main/data/picked_up_4/upsampled/CASTLE_BLOCKS_Elastic_soft_upsampled.csv,2700,The object has been dropped.
/home/mdxuser/Genesis/main/data/picked_up_4/upsampled/Office_Depot_HP_71_Remanufactured_Ink_Cartridge_Black_Elastic_soft_upsampled.csv,0,"End-effector start towards the object, to begin the task."
/home/mdxuser/Genesis/main/data/picked_up_4/upsampled/Office_Depot_HP_71_Remanufactured_Ink_Cartridge_Black_Elastic_soft_upsampled.csv,270,"End-effector grasping the object, using gentle force, causing soft-deformation, with increasing force."
/home/mdxuser/Genesis/main/data/picked_up_4/upsampled/Office_Depot_HP_71_Remanufactured_Ink_Cartridge_Black_Elastic_soft_upsampled.csv,540,"End-effector continue grasping the object, using gentle force, causing soft-deformation, with increasing force."
/home/mdxuser/Genesis/main/data/picked_up_4/upsampled/Office_Depot_HP_71_Remanufactured_Ink_Cartridge_Black_Elastic_soft_upsampled.csv,810,"End-effector lifting the object, using gentle force, causing soft-deformation, with increasing force."
/home/mdxuser/Genesis/main/data/picked_up_4/upsampled/Office_Depot_HP_71_Remanufactured_Ink_Cartridge_Black_Elastic_soft_upsampled.csv,1080,"End-effector rotating the object, by an angle of 30.0 degrees, using gentle force, causing soft-deformation, with constant force."
/home/mdxuser/Genesis/main/data/picked_up_4/upsampled/Office_Depot_HP_71_Remanufactured_Ink_Cartridge_Black_Elastic_soft_upsampled.csv,1350,"End-effector continue rotating the object, by an angle of 30.0 degrees, using gentle force, causing soft-deformation, with constant force."
/home/mdxuser/Genesis/main/data/picked_up_4/upsampled/Office_Depot_HP_71_Remanufactured_Ink_Cartridge_Black_Elastic_soft_upsampled.csv,1620,"End-effector holding position of the object, maintaining a stable hold, using gentle force, causing soft-deformation."
/home/mdxuser/Genesis/main/data/picked_up_4/upsampled/Office_Depot_HP_71_Remanufactured_Ink_Cartridge_Black_Elastic_soft_upsampled.csv,1890,The object has been dropped.
/home/mdxuser/Genesis/main/data/picked_up_4/upsampled/Office_Depot_HP_71_Remanufactured_Ink_Cartridge_Black_Elastic_soft_upsampled.csv,2160,The object has been dropped.
/home/mdxuser/Genesis/main/data/picked_up_4/upsampled/Office_Depot_HP_71_Remanufactured_Ink_Cartridge_Black_Elastic_soft_upsampled.csv,2430,The object has been dropped.
/home/mdxuser/Genesis/main/data/picked_up_4/upsampled/Office_Depot_HP_71_Remanufactured_Ink_Cartridge_Black_Elastic_soft_upsampled.csv,2700,The object has been dropped.
/home/mdxuser/Genesis/main/data/picked_up_4/upsampled/Down_To_Earth_Ceramic_Orchid_Pot_Asst_Blue_Elastic_soft_upsampled.csv,0,"End-effector start towards the object, to begin the task."
/home/mdxuser/Genesis/main/data/picked_up_4/upsampled/Down_To_Earth_Ceramic_Orchid_Pot_Asst_Blue_Elastic_soft_upsampled.csv,270,"End-effector grasping the object, using gentle force, causing soft-deformation, with increasing force."
/home/mdxuser/Genesis/main/data/picked_up_4/upsampled/Down_To_Earth_Ceramic_Orchid_Pot_Asst_Blue_Elastic_soft_upsampled.csv,540,"End-effector continue grasping the object, using gentle force, causing soft-deformation, with increasing force."
/home/mdxuser/Genesis/main/data/picked_up_4/upsampled/Down_To_Earth_Ceramic_Orchid_Pot_Asst_Blue_Elastic_soft_upsampled.csv,810,"End-effector lifting the object, using gentle force, causing soft-deformation, with increasing force."
/home/mdxuser/Genesis/main/data/picked_up_4/upsampled/Down_To_Earth_Ceramic_Orchid_Pot_Asst_Blue_Elastic_soft_upsampled.csv,1080,"End-effector rotating the object, by an angle of 45.0 degrees, using gentle force, causing soft-deformation, with constant force."
/home/mdxuser/Genesis/main/data/picked_up_4/upsampled/Down_To_Earth_Ceramic_Orchid_Pot_Asst_Blue_Elastic_soft_upsampled.csv,1350,"End-effector holding position of the object, maintaining a stable hold, using gentle force, causing soft-deformation."
/home/mdxuser/Genesis/main/data/picked_up_4/upsampled/Down_To_Earth_Ceramic_Orchid_Pot_Asst_Blue_Elastic_soft_upsampled.csv,1620,"End-effector continue holding position of the object, maintaining a stable hold, using gentle force, causing soft-deformation."
/home/mdxuser/Genesis/main/data/picked_up_4/upsampled/Down_To_Earth_Ceramic_Orchid_Pot_Asst_Blue_Elastic_soft_upsampled.csv,1890,"End-effector rotating the object, by an angle of 30.0 degrees, using gentle force, causing soft-deformation, with constant force."
/home/mdxuser/Genesis/main/data/picked_up_4/upsampled/Down_To_Earth_Ceramic_Orchid_Pot_Asst_Blue_Elastic_soft_upsampled.csv,2160,"End-effector continue rotating the object, by an angle of 30.0 degrees, using gentle force, causing soft-deformation, with constant force."
/home/mdxuser/Genesis/main/data/picked_up_4/upsampled/Down_To_Earth_Ceramic_Orchid_Pot_Asst_Blue_Elastic_soft_upsampled.csv,2430,"End-effector holding position of the object, maintaining a stable hold, using gentle force, causing soft-deformation."
/home/mdxuser/Genesis/main/data/picked_up_4/upsampled/Down_To_Earth_Ceramic_Orchid_Pot_Asst_Blue_Elastic_soft_upsampled.csv,2700,The object has been dropped.
/home/mdxuser/Genesis/main/data/picked_up_4/upsampled/Office_Depot_HP_920XL_920_High_Yield_Black_and_Standard_CMY_Color_Ink_Cartridges_Elastic_soft_upsampled.csv,0,"End-effector start towards the object, to begin the task."
/home/mdxuser/Genesis/main/data/picked_up_4/upsampled/Office_Depot_HP_920XL_920_High_Yield_Black_and_Standard_CMY_Color_Ink_Cartridges_Elastic_soft_upsampled.csv,270,"End-effector grasping the object, using gentle force, causing soft-deformation, with increasing force."
/home/mdxuser/Genesis/main/data/picked_up_4/upsampled/Office_Depot_HP_920XL_920_High_Yield_Black_and_Standard_CMY_Color_Ink_Cartridges_Elastic_soft_upsampled.csv,540,"End-effector continue grasping the object, using gentle force, causing soft-deformation, with increasing force."
/home/mdxuser/Genesis/main/data/picked_up_4/upsampled/Office_Depot_HP_920XL_920_High_Yield_Black_and_Standard_CMY_Color_Ink_Cartridges_Elastic_soft_upsampled.csv,810,"End-effector lifting the object, using gentle force, causing soft-deformation, with increasing force."
/home/mdxuser/Genesis/main/data/picked_up_4/upsampled/Office_Depot_HP_920XL_920_High_Yield_Black_and_Standard_CMY_Color_Ink_Cartridges_Elastic_soft_upsampled.csv,1080,"End-effector rotating the object, by an angle of 45.0 degrees, using gentle force, causing soft-deformation, with constant force."
/home/mdxuser/Genesis/main/data/picked_up_4/upsampled/Office_Depot_HP_920XL_920_High_Yield_Black_and_Standard_CMY_Color_Ink_Cartridges_Elastic_soft_upsampled.csv,1350,"End-effector holding position of the object, maintaining a stable hold, using gentle force, causing soft-deformation."
/home/mdxuser/Genesis/main/data/picked_up_4/upsampled/Office_Depot_HP_920XL_920_High_Yield_Black_and_Standard_CMY_Color_Ink_Cartridges_Elastic_soft_upsampled.csv,1620,"End-effector continue holding position of the object, maintaining a stable hold, using gentle force, causing soft-deformation."
/home/mdxuser/Genesis/main/data/picked_up_4/upsampled/Office_Depot_HP_920XL_920_High_Yield_Black_and_Standard_CMY_Color_Ink_Cartridges_Elastic_soft_upsampled.csv,1890,"End-effector rotating the object, by an angle of 30.0 degrees, using gentle force, causing soft-deformation, with constant force."
/home/mdxuser/Genesis/main/data/picked_up_4/upsampled/Office_Depot_HP_920XL_920_High_Yield_Black_and_Standard_CMY_Color_Ink_Cartridges_Elastic_soft_upsampled.csv,2160,"End-effector continue rotating the object, by an angle of 30.0 degrees, using gentle force, causing soft-deformation, with constant force."
/home/mdxuser/Genesis/main/data/picked_up_4/upsampled/Office_Depot_HP_920XL_920_High_Yield_Black_and_Standard_CMY_Color_Ink_Cartridges_Elastic_soft_upsampled.csv,2430,"End-effector holding position of the object, maintaining a stable hold, using gentle force, causing soft-deformation."
/home/mdxuser/Genesis/main/data/picked_up_4/upsampled/Office_Depot_HP_920XL_920_High_Yield_Black_and_Standard_CMY_Color_Ink_Cartridges_Elastic_soft_upsampled.csv,2700,The object has been dropped.
/home/mdxuser/Genesis/main/data/picked_up_4/upsampled/Little_Debbie_Donut_Sticks_6_cake_donuts_10_oz_total_Elastic_medium_upsampled.csv,0,"End-effector start towards the object, to begin the task."
/home/mdxuser/Genesis/main/data/picked_up_4/upsampled/Little_Debbie_Donut_Sticks_6_cake_donuts_10_oz_total_Elastic_medium_upsampled.csv,270,"End-effector grasping the object, using moderate force, causing medium-deformation, with increasing force."
/home/mdxuser/Genesis/main/data/picked_up_4/upsampled/Little_Debbie_Donut_Sticks_6_cake_donuts_10_oz_total_Elastic_medium_upsampled.csv,540,"End-effector continue grasping the object, using moderate force, causing medium-deformation, with increasing force."
/home/mdxuser/Genesis/main/data/picked_up_4/upsampled/Little_Debbie_Donut_Sticks_6_cake_donuts_10_oz_total_Elastic_medium_upsampled.csv,810,"End-effector lifting the object, using moderate force, causing medium-deformation, with increasing force."
/home/mdxuser/Genesis/main/data/picked_up_4/upsampled/Little_Debbie_Donut_Sticks_6_cake_donuts_10_oz_total_Elastic_medium_upsampled.csv,1080,"End-effector rotating the object, by an angle of 45.0 degrees, using moderate force, causing medium-deformation, with constant force."
/home/mdxuser/Genesis/main/data/picked_up_4/upsampled/Little_Debbie_Donut_Sticks_6_cake_donuts_10_oz_total_Elastic_medium_upsampled.csv,1350,"End-effector holding position of the object, maintaining a stable hold, using moderate force, causing medium-deformation."
/home/mdxuser/Genesis/main/data/picked_up_4/upsampled/Little_Debbie_Donut_Sticks_6_cake_donuts_10_oz_total_Elastic_medium_upsampled.csv,1620,"End-effector continue holding position of the object, maintaining a stable hold, using moderate force, causing medium-deformation."
/home/mdxuser/Genesis/main/data/picked_up_4/upsampled/Little_Debbie_Donut_Sticks_6_cake_donuts_10_oz_total_Elastic_medium_upsampled.csv,1890,"End-effector rotating the object, by an angle of 45.0 degrees, using moderate force, causing medium-deformation, with constant force."
/home/mdxuser/Genesis/main/data/picked_up_4/upsampled/Little_Debbie_Donut_Sticks_6_cake_donuts_10_oz_total_Elastic_medium_upsampled.csv,2160,"End-effector holding position of the object, maintaining a stable hold, using moderate force, causing medium-deformation."
/home/mdxuser/Genesis/main/data/picked_up_4/upsampled/Little_Debbie_Donut_Sticks_6_cake_donuts_10_oz_total_Elastic_medium_upsampled.csv,2430,"End-effector continue holding position of the object, maintaining a stable hold, using moderate force, causing medium-deformation."
/home/mdxuser/Genesis/main/data/picked_up_4/upsampled/Little_Debbie_Donut_Sticks_6_cake_donuts_10_oz_total_Elastic_medium_upsampled.csv,2700,The object has been dropped.
/home/mdxuser/Genesis/main/data/picked_up_4/upsampled/Cole_Hardware_Antislip_Surfacing_Material_White_Elastic_hard_upsampled.csv,0,"End-effector start towards the object, to begin the task."
/home/mdxuser/Genesis/main/data/picked_up_4/upsampled/Cole_Hardware_Antislip_Surfacing_Material_White_Elastic_hard_upsampled.csv,270,"End-effector grasping the object, using strong force, causing hard-deformation, with increasing force."
/home/mdxuser/Genesis/main/data/picked_up_4/upsampled/Cole_Hardware_Antislip_Surfacing_Material_White_Elastic_hard_upsampled.csv,540,"End-effector continue grasping the object, using strong force, causing hard-deformation, with increasing force."
/home/mdxuser/Genesis/main/data/picked_up_4/upsampled/Cole_Hardware_Antislip_Surfacing_Material_White_Elastic_hard_upsampled.csv,810,"End-effector lifting the object, using strong force, causing hard-deformation, with increasing force."
/home/mdxuser/Genesis/main/data/picked_up_4/upsampled/Cole_Hardware_Antislip_Surfacing_Material_White_Elastic_hard_upsampled.csv,1080,"End-effector rotating the object, by an angle of 45.0 degrees, using strong force, causing hard-deformation, with constant force."
/home/mdxuser/Genesis/main/data/picked_up_4/upsampled/Cole_Hardware_Antislip_Surfacing_Material_White_Elastic_hard_upsampled.csv,1350,"End-effector continue rotating the object, by an angle of 45.0 degrees, using strong force, causing hard-deformation, with constant force."
/home/mdxuser/Genesis/main/data/picked_up_4/upsampled/Cole_Hardware_Antislip_Surfacing_Material_White_Elastic_hard_upsampled.csv,1620,"End-effector holding position of the object, maintaining a stable hold, using strong force, causing hard-deformation."
/home/mdxuser/Genesis/main/data/picked_up_4/upsampled/Cole_Hardware_Antislip_Surfacing_Material_White_Elastic_hard_upsampled.csv,1890,"End-effector rotating the object, by an angle of 30.0 degrees, using strong force, causing hard-deformation, with constant force."
/home/mdxuser/Genesis/main/data/picked_up_4/upsampled/Cole_Hardware_Antislip_Surfacing_Material_White_Elastic_hard_upsampled.csv,2160,"End-effector continue rotating the object, by an angle of 30.0 degrees, using strong force, causing hard-deformation, with constant force."
/home/mdxuser/Genesis/main/data/picked_up_4/upsampled/Cole_Hardware_Antislip_Surfacing_Material_White_Elastic_hard_upsampled.csv,2430,"End-effector holding position of the object, maintaining a stable hold, using strong force, causing hard-deformation."
/home/mdxuser/Genesis/main/data/picked_up_4/upsampled/Cole_Hardware_Antislip_Surfacing_Material_White_Elastic_hard_upsampled.csv,2700,"End-effector stopping the object, using zero-force, causing undeformed shape."
/home/mdxuser/Genesis/main/data/picked_up_4/upsampled/Home_Fashions_Washcloth_Olive_Green_Elastic_soft_upsampled.csv,0,"End-effector start towards the object, to begin the task."
/home/mdxuser/Genesis/main/data/picked_up_4/upsampled/Home_Fashions_Washcloth_Olive_Green_Elastic_soft_upsampled.csv,270,"End-effector grasping the object, using gentle force, causing soft-deformation, with increasing force."
/home/mdxuser/Genesis/main/data/picked_up_4/upsampled/Home_Fashions_Washcloth_Olive_Green_Elastic_soft_upsampled.csv,540,"End-effector continue grasping the object, using gentle force, causing soft-deformation, with increasing force."
/home/mdxuser/Genesis/main/data/picked_up_4/upsampled/Home_Fashions_Washcloth_Olive_Green_Elastic_soft_upsampled.csv,810,"End-effector lifting the object, using gentle force, causing soft-deformation, with increasing force."
/home/mdxuser/Genesis/main/data/picked_up_4/upsampled/Home_Fashions_Washcloth_Olive_Green_Elastic_soft_upsampled.csv,1080,"End-effector rotating the object, by an angle of 45.0 degrees, using gentle force, causing soft-deformation, with constant force."
/home/mdxuser/Genesis/main/data/picked_up_4/upsampled/Home_Fashions_Washcloth_Olive_Green_Elastic_soft_upsampled.csv,1350,"End-effector continue rotating the object, by an angle of 45.0 degrees, using gentle force, causing soft-deformation, with constant force."
/home/mdxuser/Genesis/main/data/picked_up_4/upsampled/Home_Fashions_Washcloth_Olive_Green_Elastic_soft_upsampled.csv,1620,"End-effector holding position of the object, maintaining a stable hold, using gentle force, causing soft-deformation."
/home/mdxuser/Genesis/main/data/picked_up_4/upsampled/Home_Fashions_Washcloth_Olive_Green_Elastic_soft_upsampled.csv,1890,"End-effector rotating the object, by an angle of 45.0 degrees, using gentle force, causing soft-deformation, with constant force."
/home/mdxuser/Genesis/main/data/picked_up_4/upsampled/Home_Fashions_Washcloth_Olive_Green_Elastic_soft_upsampled.csv,2160,"End-effector continue rotating the object, by an angle of 45.0 degrees, using gentle force, causing soft-deformation, with constant force."
/home/mdxuser/Genesis/main/data/picked_up_4/upsampled/Home_Fashions_Washcloth_Olive_Green_Elastic_soft_upsampled.csv,2430,The object has been dropped.
/home/mdxuser/Genesis/main/data/picked_up_4/upsampled/Home_Fashions_Washcloth_Olive_Green_Elastic_soft_upsampled.csv,2700,The object has been dropped.
/home/mdxuser/Genesis/main/data/picked_up_4/upsampled/COAST_GUARD_BOAT_Elastic_soft_upsampled.csv,0,"End-effector start towards the object, to begin the task."
/home/mdxuser/Genesis/main/data/picked_up_4/upsampled/COAST_GUARD_BOAT_Elastic_soft_upsampled.csv,270,"End-effector grasping the object, using gentle force, causing soft-deformation, with increasing force."
/home/mdxuser/Genesis/main/data/picked_up_4/upsampled/COAST_GUARD_BOAT_Elastic_soft_upsampled.csv,540,"End-effector continue grasping the object, using gentle force, causing soft-deformation, with increasing force."
/home/mdxuser/Genesis/main/data/picked_up_4/upsampled/COAST_GUARD_BOAT_Elastic_soft_upsampled.csv,810,"End-effector lifting the object, using gentle force, causing soft-deformation, with increasing force."
/home/mdxuser/Genesis/main/data/picked_up_4/upsampled/COAST_GUARD_BOAT_Elastic_soft_upsampled.csv,1080,"End-effector rotating the object, by an angle of 45.0 degrees, using gentle force, causing soft-deformation, with constant force."
/home/mdxuser/Genesis/main/data/picked_up_4/upsampled/COAST_GUARD_BOAT_Elastic_soft_upsampled.csv,1350,"End-effector continue rotating the object, by an angle of 45.0 degrees, using gentle force, causing soft-deformation, with constant force."
/home/mdxuser/Genesis/main/data/picked_up_4/upsampled/COAST_GUARD_BOAT_Elastic_soft_upsampled.csv,1620,"End-effector holding position of the object, maintaining a stable hold, using gentle force, causing soft-deformation."
/home/mdxuser/Genesis/main/data/picked_up_4/upsampled/COAST_GUARD_BOAT_Elastic_soft_upsampled.csv,1890,"End-effector rotating the object, by an angle of 45.0 degrees, using gentle force, causing soft-deformation, with constant force."
/home/mdxuser/Genesis/main/data/picked_up_4/upsampled/COAST_GUARD_BOAT_Elastic_soft_upsampled.csv,2160,"End-effector holding position of the object, maintaining a stable hold, using gentle force, causing soft-deformation."
/home/mdxuser/Genesis/main/data/picked_up_4/upsampled/COAST_GUARD_BOAT_Elastic_soft_upsampled.csv,2430,"End-effector continue holding position of the object, maintaining a stable hold, using gentle force, causing soft-deformation."
/home/mdxuser/Genesis/main/data/picked_up_4/upsampled/COAST_GUARD_BOAT_Elastic_soft_upsampled.csv,2700,"End-effector stopping the object, using zero-force, causing undeformed shape."
/home/mdxuser/Genesis/main/data/picked_up_4/upsampled/CHICKEN_RACER_Elastic_hard_upsampled.csv,0,"End-effector start towards the object, to begin the task."
/home/mdxuser/Genesis/main/data/picked_up_4/upsampled/CHICKEN_RACER_Elastic_hard_upsampled.csv,270,"End-effector grasping the object, using strong force, causing hard-deformation, with increasing force."
/home/mdxuser/Genesis/main/data/picked_up_4/upsampled/CHICKEN_RACER_Elastic_hard_upsampled.csv,540,"End-effector continue grasping the object, using strong force, causing hard-deformation, with increasing force."
/home/mdxuser/Genesis/main/data/picked_up_4/upsampled/CHICKEN_RACER_Elastic_hard_upsampled.csv,810,"End-effector lifting the object, using strong force, causing hard-deformation, with increasing force."
/home/mdxuser/Genesis/main/data/picked_up_4/upsampled/CHICKEN_RACER_Elastic_hard_upsampled.csv,1080,"End-effector rotating the object, by an angle of 45.0 degrees, using strong force, causing hard-deformation, with constant force."
/home/mdxuser/Genesis/main/data/picked_up_4/upsampled/CHICKEN_RACER_Elastic_hard_upsampled.csv,1350,"End-effector continue rotating the object, by an angle of 45.0 degrees, using strong force, causing hard-deformation, with constant force."
/home/mdxuser/Genesis/main/data/picked_up_4/upsampled/CHICKEN_RACER_Elastic_hard_upsampled.csv,1620,"End-effector holding position of the object, maintaining a stable hold, using strong force, causing hard-deformation."
/home/mdxuser/Genesis/main/data/picked_up_4/upsampled/CHICKEN_RACER_Elastic_hard_upsampled.csv,1890,The object has been dropped.
/home/mdxuser/Genesis/main/data/picked_up_4/upsampled/CHICKEN_RACER_Elastic_hard_upsampled.csv,2160,The object has been dropped.
/home/mdxuser/Genesis/main/data/picked_up_4/upsampled/CHICKEN_RACER_Elastic_hard_upsampled.csv,2430,The object has been dropped.
/home/mdxuser/Genesis/main/data/picked_up_4/upsampled/CHICKEN_RACER_Elastic_hard_upsampled.csv,2700,The object has been dropped.
/home/mdxuser/Genesis/main/data/picked_up_4/upsampled/Adrenaline_GTS_13_Color_WhtObsdianBlckOlmpcSlvr_Size_70_Elastic_soft_upsampled.csv,0,"End-effector start towards the object, to begin the task."
/home/mdxuser/Genesis/main/data/picked_up_4/upsampled/Adrenaline_GTS_13_Color_WhtObsdianBlckOlmpcSlvr_Size_70_Elastic_soft_upsampled.csv,270,"End-effector grasping the object, using gentle force, causing soft-deformation, with increasing force."
/home/mdxuser/Genesis/main/data/picked_up_4/upsampled/Adrenaline_GTS_13_Color_WhtObsdianBlckOlmpcSlvr_Size_70_Elastic_soft_upsampled.csv,540,"End-effector continue grasping the object, using gentle force, causing soft-deformation, with increasing force."
/home/mdxuser/Genesis/main/data/picked_up_4/upsampled/Adrenaline_GTS_13_Color_WhtObsdianBlckOlmpcSlvr_Size_70_Elastic_soft_upsampled.csv,810,"End-effector lifting the object, using gentle force, causing soft-deformation, with increasing force."
/home/mdxuser/Genesis/main/data/picked_up_4/upsampled/Adrenaline_GTS_13_Color_WhtObsdianBlckOlmpcSlvr_Size_70_Elastic_soft_upsampled.csv,1080,"End-effector rotating the object, by an angle of 45.0 degrees, using gentle force, causing soft-deformation, with constant force."
/home/mdxuser/Genesis/main/data/picked_up_4/upsampled/Adrenaline_GTS_13_Color_WhtObsdianBlckOlmpcSlvr_Size_70_Elastic_soft_upsampled.csv,1350,The object has been dropped.
/home/mdxuser/Genesis/main/data/picked_up_4/upsampled/Adrenaline_GTS_13_Color_WhtObsdianBlckOlmpcSlvr_Size_70_Elastic_soft_upsampled.csv,1620,The object has been dropped.
/home/mdxuser/Genesis/main/data/picked_up_4/upsampled/Adrenaline_GTS_13_Color_WhtObsdianBlckOlmpcSlvr_Size_70_Elastic_soft_upsampled.csv,1890,The object has been dropped.
/home/mdxuser/Genesis/main/data/picked_up_4/upsampled/Adrenaline_GTS_13_Color_WhtObsdianBlckOlmpcSlvr_Size_70_Elastic_soft_upsampled.csv,2160,The object has been dropped.
/home/mdxuser/Genesis/main/data/picked_up_4/upsampled/Adrenaline_GTS_13_Color_WhtObsdianBlckOlmpcSlvr_Size_70_Elastic_soft_upsampled.csv,2430,The object has been dropped.
/home/mdxuser/Genesis/main/data/picked_up_4/upsampled/Adrenaline_GTS_13_Color_WhtObsdianBlckOlmpcSlvr_Size_70_Elastic_soft_upsampled.csv,2700,The object has been dropped.
/home/mdxuser/Genesis/main/data/picked_up_4/upsampled/Cole_Hardware_Dishtowel_Stripe_Elastic_soft_upsampled.csv,0,"End-effector start towards the object, to begin the task."
/home/mdxuser/Genesis/main/data/picked_up_4/upsampled/Cole_Hardware_Dishtowel_Stripe_Elastic_soft_upsampled.csv,270,"End-effector grasping the object, using gentle force, causing soft-deformation, with increasing force."
/home/mdxuser/Genesis/main/data/picked_up_4/upsampled/Cole_Hardware_Dishtowel_Stripe_Elastic_soft_upsampled.csv,540,"End-effector continue grasping the object, using gentle force, causing soft-deformation, with increasing force."
/home/mdxuser/Genesis/main/data/picked_up_4/upsampled/Cole_Hardware_Dishtowel_Stripe_Elastic_soft_upsampled.csv,810,"End-effector lifting the object, using gentle force, causing soft-deformation, with increasing force."
/home/mdxuser/Genesis/main/data/picked_up_4/upsampled/Cole_Hardware_Dishtowel_Stripe_Elastic_soft_upsampled.csv,1080,"End-effector rotating the object, by an angle of 45.0 degrees, using gentle force, causing soft-deformation, with constant force."
/home/mdxuser/Genesis/main/data/picked_up_4/upsampled/Cole_Hardware_Dishtowel_Stripe_Elastic_soft_upsampled.csv,1350,"End-effector continue rotating the object, by an angle of 45.0 degrees, using gentle force, causing soft-deformation, with constant force."
/home/mdxuser/Genesis/main/data/picked_up_4/upsampled/Cole_Hardware_Dishtowel_Stripe_Elastic_soft_upsampled.csv,1620,"End-effector holding position of the object, maintaining a stable hold, using gentle force, causing soft-deformation."
/home/mdxuser/Genesis/main/data/picked_up_4/upsampled/Cole_Hardware_Dishtowel_Stripe_Elastic_soft_upsampled.csv,1890,"End-effector rotating the object, by an angle of 45.0 degrees, using gentle force, causing soft-deformation, with constant force."
/home/mdxuser/Genesis/main/data/picked_up_4/upsampled/Cole_Hardware_Dishtowel_Stripe_Elastic_soft_upsampled.csv,2160,"End-effector continue rotating the object, by an angle of 45.0 degrees, using gentle force, causing soft-deformation, with constant force."
/home/mdxuser/Genesis/main/data/picked_up_4/upsampled/Cole_Hardware_Dishtowel_Stripe_Elastic_soft_upsampled.csv,2430,The object has been dropped.
/home/mdxuser/Genesis/main/data/picked_up_4/upsampled/Cole_Hardware_Dishtowel_Stripe_Elastic_soft_upsampled.csv,2700,The object has been dropped.
/home/mdxuser/Genesis/main/data/picked_up_4/upsampled/Brisk_Iced_Tea_Lemon_12_12_fl_oz_355_ml_cans_144_fl_oz_426_lt_Elastic_hard_upsampled.csv,0,"End-effector start towards the object, to begin the task."
/home/mdxuser/Genesis/main/data/picked_up_4/upsampled/Brisk_Iced_Tea_Lemon_12_12_fl_oz_355_ml_cans_144_fl_oz_426_lt_Elastic_hard_upsampled.csv,270,"End-effector grasping the object, using strong force, causing hard-deformation, with increasing force."
/home/mdxuser/Genesis/main/data/picked_up_4/upsampled/Brisk_Iced_Tea_Lemon_12_12_fl_oz_355_ml_cans_144_fl_oz_426_lt_Elastic_hard_upsampled.csv,540,"End-effector continue grasping the object, using strong force, causing hard-deformation, with increasing force."
/home/mdxuser/Genesis/main/data/picked_up_4/upsampled/Brisk_Iced_Tea_Lemon_12_12_fl_oz_355_ml_cans_144_fl_oz_426_lt_Elastic_hard_upsampled.csv,810,"End-effector lifting the object, using strong force, causing hard-deformation, with increasing force."
/home/mdxuser/Genesis/main/data/picked_up_4/upsampled/Brisk_Iced_Tea_Lemon_12_12_fl_oz_355_ml_cans_144_fl_oz_426_lt_Elastic_hard_upsampled.csv,1080,"End-effector rotating the object, by an angle of 45.0 degrees, using strong force, causing hard-deformation, with constant force."
/home/mdxuser/Genesis/main/data/picked_up_4/upsampled/Brisk_Iced_Tea_Lemon_12_12_fl_oz_355_ml_cans_144_fl_oz_426_lt_Elastic_hard_upsampled.csv,1350,"End-effector continue rotating the object, by an angle of 45.0 degrees, using strong force, causing hard-deformation, with constant force."
/home/mdxuser/Genesis/main/data/picked_up_4/upsampled/Brisk_Iced_Tea_Lemon_12_12_fl_oz_355_ml_cans_144_fl_oz_426_lt_Elastic_hard_upsampled.csv,1620,"End-effector holding position of the object, maintaining a stable hold, using strong force, causing hard-deformation."
/home/mdxuser/Genesis/main/data/picked_up_4/upsampled/Brisk_Iced_Tea_Lemon_12_12_fl_oz_355_ml_cans_144_fl_oz_426_lt_Elastic_hard_upsampled.csv,1890,"End-effector rotating the object, by an angle of 45.0 degrees, using strong force, causing hard-deformation, with constant force."
/home/mdxuser/Genesis/main/data/picked_up_4/upsampled/Brisk_Iced_Tea_Lemon_12_12_fl_oz_355_ml_cans_144_fl_oz_426_lt_Elastic_hard_upsampled.csv,2160,"End-effector holding position of the object, maintaining a stable hold, using strong force, causing hard-deformation."
/home/mdxuser/Genesis/main/data/picked_up_4/upsampled/Brisk_Iced_Tea_Lemon_12_12_fl_oz_355_ml_cans_144_fl_oz_426_lt_Elastic_hard_upsampled.csv,2430,"End-effector continue holding position of the object, maintaining a stable hold, using strong force, causing hard-deformation."
/home/mdxuser/Genesis/main/data/picked_up_4/upsampled/Brisk_Iced_Tea_Lemon_12_12_fl_oz_355_ml_cans_144_fl_oz_426_lt_Elastic_hard_upsampled.csv,2700,The object has been dropped.
/home/mdxuser/Genesis/main/data/picked_up_4/upsampled/Cole_Hardware_Dishtowel_Stripe_Elastic_medium_upsampled.csv,0,"End-effector start towards the object, to begin the task."
/home/mdxuser/Genesis/main/data/picked_up_4/upsampled/Cole_Hardware_Dishtowel_Stripe_Elastic_medium_upsampled.csv,270,"End-effector grasping the object, using moderate force, causing medium-deformation, with increasing force."
/home/mdxuser/Genesis/main/data/picked_up_4/upsampled/Cole_Hardware_Dishtowel_Stripe_Elastic_medium_upsampled.csv,540,"End-effector continue grasping the object, using moderate force, causing medium-deformation, with increasing force."
/home/mdxuser/Genesis/main/data/picked_up_4/upsampled/Cole_Hardware_Dishtowel_Stripe_Elastic_medium_upsampled.csv,810,"End-effector lifting the object, using moderate force, causing medium-deformation, with increasing force."
/home/mdxuser/Genesis/main/data/picked_up_4/upsampled/Cole_Hardware_Dishtowel_Stripe_Elastic_medium_upsampled.csv,1080,"End-effector rotating the object, by an angle of 45.0 degrees, using moderate force, causing medium-deformation, with constant force."
/home/mdxuser/Genesis/main/data/picked_up_4/upsampled/Cole_Hardware_Dishtowel_Stripe_Elastic_medium_upsampled.csv,1350,"End-effector continue rotating the object, by an angle of 45.0 degrees, using moderate force, causing medium-deformation, with constant force."
/home/mdxuser/Genesis/main/data/picked_up_4/upsampled/Cole_Hardware_Dishtowel_Stripe_Elastic_medium_upsampled.csv,1620,"End-effector holding position of the object, maintaining a stable hold, using moderate force, causing medium-deformation."
/home/mdxuser/Genesis/main/data/picked_up_4/upsampled/Cole_Hardware_Dishtowel_Stripe_Elastic_medium_upsampled.csv,1890,"End-effector rotating the object, by an angle of 45.0 degrees, using moderate force, causing medium-deformation, with constant force."
/home/mdxuser/Genesis/main/data/picked_up_4/upsampled/Cole_Hardware_Dishtowel_Stripe_Elastic_medium_upsampled.csv,2160,"End-effector holding position of the object, maintaining a stable hold, using moderate force, causing medium-deformation."
/home/mdxuser/Genesis/main/data/picked_up_4/upsampled/Cole_Hardware_Dishtowel_Stripe_Elastic_medium_upsampled.csv,2430,"End-effector continue holding position of the object, maintaining a stable hold, using moderate force, causing medium-deformation."
/home/mdxuser/Genesis/main/data/picked_up_4/upsampled/Cole_Hardware_Dishtowel_Stripe_Elastic_medium_upsampled.csv,2700,The object has been dropped.
/home/mdxuser/Genesis/main/data/picked_up_4/upsampled/CHICKEN_NESTING_Elastic_medium_upsampled.csv,0,"End-effector start towards the object, to begin the task."
/home/mdxuser/Genesis/main/data/picked_up_4/upsampled/CHICKEN_NESTING_Elastic_medium_upsampled.csv,270,"End-effector grasping the object, using moderate force, causing medium-deformation, with increasing force."
/home/mdxuser/Genesis/main/data/picked_up_4/upsampled/CHICKEN_NESTING_Elastic_medium_upsampled.csv,540,"End-effector continue grasping the object, using moderate force, causing medium-deformation, with increasing force."
/home/mdxuser/Genesis/main/data/picked_up_4/upsampled/CHICKEN_NESTING_Elastic_medium_upsampled.csv,810,"End-effector lifting the object, using moderate force, causing medium-deformation, with increasing force."
/home/mdxuser/Genesis/main/data/picked_up_4/upsampled/CHICKEN_NESTING_Elastic_medium_upsampled.csv,1080,"End-effector rotating the object, by an angle of 30.0 degrees, using moderate force, causing medium-deformation, with constant force."
/home/mdxuser/Genesis/main/data/picked_up_4/upsampled/CHICKEN_NESTING_Elastic_medium_upsampled.csv,1350,"End-effector continue rotating the object, by an angle of 30.0 degrees, using moderate force, causing medium-deformation, with constant force."
/home/mdxuser/Genesis/main/data/picked_up_4/upsampled/CHICKEN_NESTING_Elastic_medium_upsampled.csv,1620,"End-effector holding position of the object, maintaining a stable hold, using moderate force, causing medium-deformation."
/home/mdxuser/Genesis/main/data/picked_up_4/upsampled/CHICKEN_NESTING_Elastic_medium_upsampled.csv,1890,"End-effector rotating the object, by an angle of 30.0 degrees, using moderate force, causing medium-deformation, with constant force."
/home/mdxuser/Genesis/main/data/picked_up_4/upsampled/CHICKEN_NESTING_Elastic_medium_upsampled.csv,2160,"End-effector continue rotating the object, by an angle of 30.0 degrees, using moderate force, causing medium-deformation, with constant force."
/home/mdxuser/Genesis/main/data/picked_up_4/upsampled/CHICKEN_NESTING_Elastic_medium_upsampled.csv,2430,"End-effector holding position of the object, maintaining a stable hold, using moderate force, causing medium-deformation."
/home/mdxuser/Genesis/main/data/picked_up_4/upsampled/CHICKEN_NESTING_Elastic_medium_upsampled.csv,2700,The object has been dropped.
/home/mdxuser/Genesis/main/data/picked_up_4/upsampled/Office_Depot_Canon_CLI_8Y_Ink_Cartridge_Yellow_0623B002_Elastic_hard_upsampled.csv,0,"End-effector start towards the object, to begin the task."
/home/mdxuser/Genesis/main/data/picked_up_4/upsampled/Office_Depot_Canon_CLI_8Y_Ink_Cartridge_Yellow_0623B002_Elastic_hard_upsampled.csv,270,"End-effector grasping the object, using strong force, causing hard-deformation, with increasing force."
/home/mdxuser/Genesis/main/data/picked_up_4/upsampled/Office_Depot_Canon_CLI_8Y_Ink_Cartridge_Yellow_0623B002_Elastic_hard_upsampled.csv,540,"End-effector continue grasping the object, using strong force, causing hard-deformation, with increasing force."
/home/mdxuser/Genesis/main/data/picked_up_4/upsampled/Office_Depot_Canon_CLI_8Y_Ink_Cartridge_Yellow_0623B002_Elastic_hard_upsampled.csv,810,"End-effector lifting the object, using strong force, causing hard-deformation, with increasing force."
/home/mdxuser/Genesis/main/data/picked_up_4/upsampled/Office_Depot_Canon_CLI_8Y_Ink_Cartridge_Yellow_0623B002_Elastic_hard_upsampled.csv,1080,"End-effector rotating the object, by an angle of 30.0 degrees, using strong force, causing hard-deformation, with constant force."
/home/mdxuser/Genesis/main/data/picked_up_4/upsampled/Office_Depot_Canon_CLI_8Y_Ink_Cartridge_Yellow_0623B002_Elastic_hard_upsampled.csv,1350,"End-effector continue rotating the object, by an angle of 30.0 degrees, using strong force, causing hard-deformation, with constant force."
/home/mdxuser/Genesis/main/data/picked_up_4/upsampled/Office_Depot_Canon_CLI_8Y_Ink_Cartridge_Yellow_0623B002_Elastic_hard_upsampled.csv,1620,"End-effector holding position of the object, maintaining a stable hold, using strong force, causing hard-deformation."
/home/mdxuser/Genesis/main/data/picked_up_4/upsampled/Office_Depot_Canon_CLI_8Y_Ink_Cartridge_Yellow_0623B002_Elastic_hard_upsampled.csv,1890,"End-effector rotating the object, by an angle of 45.0 degrees, using strong force, causing hard-deformation, with constant force."
/home/mdxuser/Genesis/main/data/picked_up_4/upsampled/Office_Depot_Canon_CLI_8Y_Ink_Cartridge_Yellow_0623B002_Elastic_hard_upsampled.csv,2160,"End-effector holding position of the object, maintaining a stable hold, using strong force, causing hard-deformation."
/home/mdxuser/Genesis/main/data/picked_up_4/upsampled/Office_Depot_Canon_CLI_8Y_Ink_Cartridge_Yellow_0623B002_Elastic_hard_upsampled.csv,2430,"End-effector continue holding position of the object, maintaining a stable hold, using strong force, causing hard-deformation."
/home/mdxuser/Genesis/main/data/picked_up_4/upsampled/Office_Depot_Canon_CLI_8Y_Ink_Cartridge_Yellow_0623B002_Elastic_hard_upsampled.csv,2700,"End-effector stopping the object, using zero-force, causing undeformed shape."
/home/mdxuser/Genesis/main/data/picked_up_4/upsampled/Phillips_Colon_Health_Probiotic_Capsule_Elastic_hard_upsampled.csv,0,"End-effector start towards the object, to begin the task."
/home/mdxuser/Genesis/main/data/picked_up_4/upsampled/Phillips_Colon_Health_Probiotic_Capsule_Elastic_hard_upsampled.csv,270,"End-effector grasping the object, using strong force, causing hard-deformation, with increasing force."
/home/mdxuser/Genesis/main/data/picked_up_4/upsampled/Phillips_Colon_Health_Probiotic_Capsule_Elastic_hard_upsampled.csv,540,"End-effector continue grasping the object, using strong force, causing hard-deformation, with increasing force."
/home/mdxuser/Genesis/main/data/picked_up_4/upsampled/Phillips_Colon_Health_Probiotic_Capsule_Elastic_hard_upsampled.csv,810,"End-effector lifting the object, using strong force, causing hard-deformation, with increasing force."
/home/mdxuser/Genesis/main/data/picked_up_4/upsampled/Phillips_Colon_Health_Probiotic_Capsule_Elastic_hard_upsampled.csv,1080,"End-effector rotating the object, by an angle of 45.0 degrees, using strong force, causing hard-deformation, with constant force."
/home/mdxuser/Genesis/main/data/picked_up_4/upsampled/Phillips_Colon_Health_Probiotic_Capsule_Elastic_hard_upsampled.csv,1350,"End-effector continue rotating the object, by an angle of 45.0 degrees, using strong force, causing hard-deformation, with constant force."
/home/mdxuser/Genesis/main/data/picked_up_4/upsampled/Phillips_Colon_Health_Probiotic_Capsule_Elastic_hard_upsampled.csv,1620,"End-effector holding position of the object, maintaining a stable hold, using strong force, causing hard-deformation."
/home/mdxuser/Genesis/main/data/picked_up_4/upsampled/Phillips_Colon_Health_Probiotic_Capsule_Elastic_hard_upsampled.csv,1890,"End-effector rotating the object, by an angle of 45.0 degrees, using strong force, causing hard-deformation, with constant force."
/home/mdxuser/Genesis/main/data/picked_up_4/upsampled/Phillips_Colon_Health_Probiotic_Capsule_Elastic_hard_upsampled.csv,2160,"End-effector holding position of the object, maintaining a stable hold, using strong force, causing hard-deformation."
/home/mdxuser/Genesis/main/data/picked_up_4/upsampled/Phillips_Colon_Health_Probiotic_Capsule_Elastic_hard_upsampled.csv,2430,"End-effector continue holding position of the object, maintaining a stable hold, using strong force, causing hard-deformation."
/home/mdxuser/Genesis/main/data/picked_up_4/upsampled/Phillips_Colon_Health_Probiotic_Capsule_Elastic_hard_upsampled.csv,2700,"End-effector stopping the object, using zero-force, causing undeformed shape."
/home/mdxuser/Genesis/main/data/picked_up_4/upsampled/Office_Depot_HP_98_Remanufactured_Ink_Cartridge_Black_Elastic_hard_upsampled.csv,0,"End-effector start towards the object, to begin the task."
/home/mdxuser/Genesis/main/data/picked_up_4/upsampled/Office_Depot_HP_98_Remanufactured_Ink_Cartridge_Black_Elastic_hard_upsampled.csv,270,"End-effector grasping the object, using strong force, causing hard-deformation, with increasing force."
/home/mdxuser/Genesis/main/data/picked_up_4/upsampled/Office_Depot_HP_98_Remanufactured_Ink_Cartridge_Black_Elastic_hard_upsampled.csv,540,"End-effector continue grasping the object, using strong force, causing hard-deformation, with increasing force."
/home/mdxuser/Genesis/main/data/picked_up_4/upsampled/Office_Depot_HP_98_Remanufactured_Ink_Cartridge_Black_Elastic_hard_upsampled.csv,810,"End-effector lifting the object, using strong force, causing hard-deformation, with increasing force."
/home/mdxuser/Genesis/main/data/picked_up_4/upsampled/Office_Depot_HP_98_Remanufactured_Ink_Cartridge_Black_Elastic_hard_upsampled.csv,1080,"End-effector rotating the object, by an angle of 45.0 degrees, using strong force, causing hard-deformation, with constant force."
/home/mdxuser/Genesis/main/data/picked_up_4/upsampled/Office_Depot_HP_98_Remanufactured_Ink_Cartridge_Black_Elastic_hard_upsampled.csv,1350,"End-effector continue rotating the object, by an angle of 45.0 degrees, using strong force, causing hard-deformation, with constant force."
/home/mdxuser/Genesis/main/data/picked_up_4/upsampled/Office_Depot_HP_98_Remanufactured_Ink_Cartridge_Black_Elastic_hard_upsampled.csv,1620,The object has been dropped.
/home/mdxuser/Genesis/main/data/picked_up_4/upsampled/Office_Depot_HP_98_Remanufactured_Ink_Cartridge_Black_Elastic_hard_upsampled.csv,1890,The object has been dropped.
/home/mdxuser/Genesis/main/data/picked_up_4/upsampled/Office_Depot_HP_98_Remanufactured_Ink_Cartridge_Black_Elastic_hard_upsampled.csv,2160,The object has been dropped.
/home/mdxuser/Genesis/main/data/picked_up_4/upsampled/Office_Depot_HP_98_Remanufactured_Ink_Cartridge_Black_Elastic_hard_upsampled.csv,2430,The object has been dropped.
/home/mdxuser/Genesis/main/data/picked_up_4/upsampled/Office_Depot_HP_98_Remanufactured_Ink_Cartridge_Black_Elastic_hard_upsampled.csv,2700,The object has been dropped.
/home/mdxuser/Genesis/main/data/picked_up_4/upsampled/Deskstar_Desk_Top_Hard_Drive_1_TB_Elastic_hard_upsampled.csv,0,"End-effector start towards the object, to begin the task."
/home/mdxuser/Genesis/main/data/picked_up_4/upsampled/Deskstar_Desk_Top_Hard_Drive_1_TB_Elastic_hard_upsampled.csv,270,"End-effector grasping the object, using strong force, causing hard-deformation, with increasing force."
/home/mdxuser/Genesis/main/data/picked_up_4/upsampled/Deskstar_Desk_Top_Hard_Drive_1_TB_Elastic_hard_upsampled.csv,540,"End-effector continue grasping the object, using strong force, causing hard-deformation, with increasing force."
/home/mdxuser/Genesis/main/data/picked_up_4/upsampled/Deskstar_Desk_Top_Hard_Drive_1_TB_Elastic_hard_upsampled.csv,810,"End-effector lifting the object, using strong force, causing hard-deformation, with increasing force."
/home/mdxuser/Genesis/main/data/picked_up_4/upsampled/Deskstar_Desk_Top_Hard_Drive_1_TB_Elastic_hard_upsampled.csv,1080,"End-effector rotating the object, by an angle of 30.0 degrees, using strong force, causing hard-deformation, with constant force."
/home/mdxuser/Genesis/main/data/picked_up_4/upsampled/Deskstar_Desk_Top_Hard_Drive_1_TB_Elastic_hard_upsampled.csv,1350,"End-effector continue rotating the object, by an angle of 30.0 degrees, using strong force, causing hard-deformation, with constant force."
/home/mdxuser/Genesis/main/data/picked_up_4/upsampled/Deskstar_Desk_Top_Hard_Drive_1_TB_Elastic_hard_upsampled.csv,1620,"End-effector holding position of the object, maintaining a stable hold, using strong force, causing hard-deformation."
/home/mdxuser/Genesis/main/data/picked_up_4/upsampled/Deskstar_Desk_Top_Hard_Drive_1_TB_Elastic_hard_upsampled.csv,1890,"End-effector rotating the object, by an angle of 45.0 degrees, using strong force, causing hard-deformation, with constant force."
/home/mdxuser/Genesis/main/data/picked_up_4/upsampled/Deskstar_Desk_Top_Hard_Drive_1_TB_Elastic_hard_upsampled.csv,2160,The object has been dropped.
/home/mdxuser/Genesis/main/data/picked_up_4/upsampled/Deskstar_Desk_Top_Hard_Drive_1_TB_Elastic_hard_upsampled.csv,2430,The object has been dropped.
/home/mdxuser/Genesis/main/data/picked_up_4/upsampled/Deskstar_Desk_Top_Hard_Drive_1_TB_Elastic_hard_upsampled.csv,2700,The object has been dropped.
/home/mdxuser/Genesis/main/data/picked_up_4/upsampled/Eat_to_Live_The_Amazing_NutrientRich_Program_for_Fast_and_Sustained_Weight_Loss_Revised_Edition_Book_Elastic_soft_upsampled.csv,0,"End-effector start towards the object, to begin the task."
/home/mdxuser/Genesis/main/data/picked_up_4/upsampled/Eat_to_Live_The_Amazing_NutrientRich_Program_for_Fast_and_Sustained_Weight_Loss_Revised_Edition_Book_Elastic_soft_upsampled.csv,270,"End-effector grasping the object, using gentle force, causing soft-deformation, with increasing force."
/home/mdxuser/Genesis/main/data/picked_up_4/upsampled/Eat_to_Live_The_Amazing_NutrientRich_Program_for_Fast_and_Sustained_Weight_Loss_Revised_Edition_Book_Elastic_soft_upsampled.csv,540,"End-effector continue grasping the object, using gentle force, causing soft-deformation, with increasing force."
/home/mdxuser/Genesis/main/data/picked_up_4/upsampled/Eat_to_Live_The_Amazing_NutrientRich_Program_for_Fast_and_Sustained_Weight_Loss_Revised_Edition_Book_Elastic_soft_upsampled.csv,810,"End-effector lifting the object, using gentle force, causing soft-deformation, with increasing force."
/home/mdxuser/Genesis/main/data/picked_up_4/upsampled/Eat_to_Live_The_Amazing_NutrientRich_Program_for_Fast_and_Sustained_Weight_Loss_Revised_Edition_Book_Elastic_soft_upsampled.csv,1080,"End-effector rotating the object, by an angle of 45.0 degrees, using gentle force, causing soft-deformation, with constant force."
/home/mdxuser/Genesis/main/data/picked_up_4/upsampled/Eat_to_Live_The_Amazing_NutrientRich_Program_for_Fast_and_Sustained_Weight_Loss_Revised_Edition_Book_Elastic_soft_upsampled.csv,1350,"End-effector holding position of the object, maintaining a stable hold, using gentle force, causing soft-deformation."
/home/mdxuser/Genesis/main/data/picked_up_4/upsampled/Eat_to_Live_The_Amazing_NutrientRich_Program_for_Fast_and_Sustained_Weight_Loss_Revised_Edition_Book_Elastic_soft_upsampled.csv,1620,"End-effector continue holding position of the object, maintaining a stable hold, using gentle force, causing soft-deformation."
/home/mdxuser/Genesis/main/data/picked_up_4/upsampled/Eat_to_Live_The_Amazing_NutrientRich_Program_for_Fast_and_Sustained_Weight_Loss_Revised_Edition_Book_Elastic_soft_upsampled.csv,1890,"End-effector rotating the object, by an angle of 45.0 degrees, using gentle force, causing soft-deformation, with constant force."
/home/mdxuser/Genesis/main/data/picked_up_4/upsampled/Eat_to_Live_The_Amazing_NutrientRich_Program_for_Fast_and_Sustained_Weight_Loss_Revised_Edition_Book_Elastic_soft_upsampled.csv,2160,"End-effector continue rotating the object, by an angle of 45.0 degrees, using gentle force, causing soft-deformation, with constant force."
/home/mdxuser/Genesis/main/data/picked_up_4/upsampled/Eat_to_Live_The_Amazing_NutrientRich_Program_for_Fast_and_Sustained_Weight_Loss_Revised_Edition_Book_Elastic_soft_upsampled.csv,2430,The object has been dropped.
/home/mdxuser/Genesis/main/data/picked_up_4/upsampled/Eat_to_Live_The_Amazing_NutrientRich_Program_for_Fast_and_Sustained_Weight_Loss_Revised_Edition_Book_Elastic_soft_upsampled.csv,2700,The object has been dropped.
/home/mdxuser/Genesis/main/data/picked_up_4/upsampled/Jarrow_Glucosamine_Chondroitin_Combination_120_Caps_Elastic_hard_upsampled.csv,0,"End-effector start towards the object, to begin the task."
/home/mdxuser/Genesis/main/data/picked_up_4/upsampled/Jarrow_Glucosamine_Chondroitin_Combination_120_Caps_Elastic_hard_upsampled.csv,270,"End-effector grasping the object, using strong force, causing hard-deformation, with increasing force."
/home/mdxuser/Genesis/main/data/picked_up_4/upsampled/Jarrow_Glucosamine_Chondroitin_Combination_120_Caps_Elastic_hard_upsampled.csv,540,"End-effector continue grasping the object, using strong force, causing hard-deformation, with increasing force."
/home/mdxuser/Genesis/main/data/picked_up_4/upsampled/Jarrow_Glucosamine_Chondroitin_Combination_120_Caps_Elastic_hard_upsampled.csv,810,"End-effector lifting the object, using strong force, causing hard-deformation, with increasing force."
/home/mdxuser/Genesis/main/data/picked_up_4/upsampled/Jarrow_Glucosamine_Chondroitin_Combination_120_Caps_Elastic_hard_upsampled.csv,1080,"End-effector rotating the object, by an angle of 30.0 degrees, using strong force, causing hard-deformation, with constant force."
/home/mdxuser/Genesis/main/data/picked_up_4/upsampled/Jarrow_Glucosamine_Chondroitin_Combination_120_Caps_Elastic_hard_upsampled.csv,1350,"End-effector continue rotating the object, by an angle of 30.0 degrees, using strong force, causing hard-deformation, with constant force."
/home/mdxuser/Genesis/main/data/picked_up_4/upsampled/Jarrow_Glucosamine_Chondroitin_Combination_120_Caps_Elastic_hard_upsampled.csv,1620,"End-effector holding position of the object, maintaining a stable hold, using strong force, causing hard-deformation."
/home/mdxuser/Genesis/main/data/picked_up_4/upsampled/Jarrow_Glucosamine_Chondroitin_Combination_120_Caps_Elastic_hard_upsampled.csv,1890,"End-effector rotating the object, by an angle of 45.0 degrees, using strong force, causing hard-deformation, with constant force."
/home/mdxuser/Genesis/main/data/picked_up_4/upsampled/Jarrow_Glucosamine_Chondroitin_Combination_120_Caps_Elastic_hard_upsampled.csv,2160,"End-effector continue rotating the object, by an angle of 45.0 degrees, using strong force, causing hard-deformation, with constant force."
/home/mdxuser/Genesis/main/data/picked_up_4/upsampled/Jarrow_Glucosamine_Chondroitin_Combination_120_Caps_Elastic_hard_upsampled.csv,2430,"End-effector holding position of the object, maintaining a stable hold, using strong force, causing hard-deformation."
/home/mdxuser/Genesis/main/data/picked_up_4/upsampled/Jarrow_Glucosamine_Chondroitin_Combination_120_Caps_Elastic_hard_upsampled.csv,2700,"End-effector stopping the object, using zero-force, causing undeformed shape."
/home/mdxuser/Genesis/main/data/picked_up_4/upsampled/Down_To_Earth_Ceramic_Orchid_Pot_Asst_Blue_Elastic_hard_upsampled.csv,0,"End-effector start towards the object, to begin the task."
/home/mdxuser/Genesis/main/data/picked_up_4/upsampled/Down_To_Earth_Ceramic_Orchid_Pot_Asst_Blue_Elastic_hard_upsampled.csv,270,"End-effector grasping the object, using strong force, causing hard-deformation, with increasing force."
/home/mdxuser/Genesis/main/data/picked_up_4/upsampled/Down_To_Earth_Ceramic_Orchid_Pot_Asst_Blue_Elastic_hard_upsampled.csv,540,"End-effector continue grasping the object, using strong force, causing hard-deformation, with increasing force."
/home/mdxuser/Genesis/main/data/picked_up_4/upsampled/Down_To_Earth_Ceramic_Orchid_Pot_Asst_Blue_Elastic_hard_upsampled.csv,810,"End-effector lifting the object, using strong force, causing hard-deformation, with increasing force."
/home/mdxuser/Genesis/main/data/picked_up_4/upsampled/Down_To_Earth_Ceramic_Orchid_Pot_Asst_Blue_Elastic_hard_upsampled.csv,1080,"End-effector rotating the object, by an angle of 45.0 degrees, using strong force, causing hard-deformation, with constant force."
/home/mdxuser/Genesis/main/data/picked_up_4/upsampled/Down_To_Earth_Ceramic_Orchid_Pot_Asst_Blue_Elastic_hard_upsampled.csv,1350,"End-effector continue rotating the object, by an angle of 45.0 degrees, using strong force, causing hard-deformation, with constant force."
/home/mdxuser/Genesis/main/data/picked_up_4/upsampled/Down_To_Earth_Ceramic_Orchid_Pot_Asst_Blue_Elastic_hard_upsampled.csv,1620,"End-effector holding position of the object, maintaining a stable hold, using strong force, causing hard-deformation."
/home/mdxuser/Genesis/main/data/picked_up_4/upsampled/Down_To_Earth_Ceramic_Orchid_Pot_Asst_Blue_Elastic_hard_upsampled.csv,1890,"End-effector rotating the object, by an angle of 45.0 degrees, using strong force, causing hard-deformation, with constant force."
/home/mdxuser/Genesis/main/data/picked_up_4/upsampled/Down_To_Earth_Ceramic_Orchid_Pot_Asst_Blue_Elastic_hard_upsampled.csv,2160,"End-effector holding position of the object, maintaining a stable hold, using strong force, causing hard-deformation."
/home/mdxuser/Genesis/main/data/picked_up_4/upsampled/Down_To_Earth_Ceramic_Orchid_Pot_Asst_Blue_Elastic_hard_upsampled.csv,2430,"End-effector continue holding position of the object, maintaining a stable hold, using strong force, causing hard-deformation."
/home/mdxuser/Genesis/main/data/picked_up_4/upsampled/Down_To_Earth_Ceramic_Orchid_Pot_Asst_Blue_Elastic_hard_upsampled.csv,2700,The object has been dropped.
/home/mdxuser/Genesis/main/data/picked_up_4/upsampled/Dixie_10_ounce_Bowls_35_ct_Elastic_medium_upsampled.csv,0,"End-effector start towards the object, to begin the task."
/home/mdxuser/Genesis/main/data/picked_up_4/upsampled/Dixie_10_ounce_Bowls_35_ct_Elastic_medium_upsampled.csv,270,"End-effector grasping the object, using moderate force, causing medium-deformation, with increasing force."
/home/mdxuser/Genesis/main/data/picked_up_4/upsampled/Dixie_10_ounce_Bowls_35_ct_Elastic_medium_upsampled.csv,540,"End-effector continue grasping the object, using moderate force, causing medium-deformation, with increasing force."
/home/mdxuser/Genesis/main/data/picked_up_4/upsampled/Dixie_10_ounce_Bowls_35_ct_Elastic_medium_upsampled.csv,810,"End-effector lifting the object, using moderate force, causing medium-deformation, with increasing force."
/home/mdxuser/Genesis/main/data/picked_up_4/upsampled/Dixie_10_ounce_Bowls_35_ct_Elastic_medium_upsampled.csv,1080,"End-effector rotating the object, by an angle of 45.0 degrees, using moderate force, causing medium-deformation, with constant force."
/home/mdxuser/Genesis/main/data/picked_up_4/upsampled/Dixie_10_ounce_Bowls_35_ct_Elastic_medium_upsampled.csv,1350,"End-effector holding position of the object, maintaining a stable hold, using moderate force, causing medium-deformation."
/home/mdxuser/Genesis/main/data/picked_up_4/upsampled/Dixie_10_ounce_Bowls_35_ct_Elastic_medium_upsampled.csv,1620,"End-effector continue holding position of the object, maintaining a stable hold, using moderate force, causing medium-deformation."
/home/mdxuser/Genesis/main/data/picked_up_4/upsampled/Dixie_10_ounce_Bowls_35_ct_Elastic_medium_upsampled.csv,1890,"End-effector rotating the object, by an angle of 30.0 degrees, using moderate force, causing medium-deformation, with constant force."
/home/mdxuser/Genesis/main/data/picked_up_4/upsampled/Dixie_10_ounce_Bowls_35_ct_Elastic_medium_upsampled.csv,2160,"End-effector continue rotating the object, by an angle of 30.0 degrees, using moderate force, causing medium-deformation, with constant force."
/home/mdxuser/Genesis/main/data/picked_up_4/upsampled/Dixie_10_ounce_Bowls_35_ct_Elastic_medium_upsampled.csv,2430,The object has been dropped.
/home/mdxuser/Genesis/main/data/picked_up_4/upsampled/Dixie_10_ounce_Bowls_35_ct_Elastic_medium_upsampled.csv,2700,The object has been dropped.
/home/mdxuser/Genesis/main/data/picked_up_4/upsampled/Office_Depot_Dell_Series_1_Remanufactured_Ink_Cartridge_TriColor_Elastic_hard_upsampled.csv,0,"End-effector start towards the object, to begin the task."
/home/mdxuser/Genesis/main/data/picked_up_4/upsampled/Office_Depot_Dell_Series_1_Remanufactured_Ink_Cartridge_TriColor_Elastic_hard_upsampled.csv,270,"End-effector grasping the object, using strong force, causing hard-deformation, with increasing force."
/home/mdxuser/Genesis/main/data/picked_up_4/upsampled/Office_Depot_Dell_Series_1_Remanufactured_Ink_Cartridge_TriColor_Elastic_hard_upsampled.csv,540,"End-effector continue grasping the object, using strong force, causing hard-deformation, with increasing force."
/home/mdxuser/Genesis/main/data/picked_up_4/upsampled/Office_Depot_Dell_Series_1_Remanufactured_Ink_Cartridge_TriColor_Elastic_hard_upsampled.csv,810,"End-effector lifting the object, using strong force, causing hard-deformation, with increasing force."
/home/mdxuser/Genesis/main/data/picked_up_4/upsampled/Office_Depot_Dell_Series_1_Remanufactured_Ink_Cartridge_TriColor_Elastic_hard_upsampled.csv,1080,"End-effector rotating the object, by an angle of 45.0 degrees, using strong force, causing hard-deformation, with constant force."
/home/mdxuser/Genesis/main/data/picked_up_4/upsampled/Office_Depot_Dell_Series_1_Remanufactured_Ink_Cartridge_TriColor_Elastic_hard_upsampled.csv,1350,"End-effector holding position of the object, maintaining a stable hold, using strong force, causing hard-deformation."
/home/mdxuser/Genesis/main/data/picked_up_4/upsampled/Office_Depot_Dell_Series_1_Remanufactured_Ink_Cartridge_TriColor_Elastic_hard_upsampled.csv,1620,"End-effector continue holding position of the object, maintaining a stable hold, using strong force, causing hard-deformation."
/home/mdxuser/Genesis/main/data/picked_up_4/upsampled/Office_Depot_Dell_Series_1_Remanufactured_Ink_Cartridge_TriColor_Elastic_hard_upsampled.csv,1890,The object has been dropped.
/home/mdxuser/Genesis/main/data/picked_up_4/upsampled/Office_Depot_Dell_Series_1_Remanufactured_Ink_Cartridge_TriColor_Elastic_hard_upsampled.csv,2160,The object has been dropped.
/home/mdxuser/Genesis/main/data/picked_up_4/upsampled/Office_Depot_Dell_Series_1_Remanufactured_Ink_Cartridge_TriColor_Elastic_hard_upsampled.csv,2430,The object has been dropped.
/home/mdxuser/Genesis/main/data/picked_up_4/upsampled/Office_Depot_Dell_Series_1_Remanufactured_Ink_Cartridge_TriColor_Elastic_hard_upsampled.csv,2700,The object has been dropped.
/home/mdxuser/Genesis/main/data/picked_up_4/upsampled/DRAGON_W_Elastic_hard_upsampled.csv,0,"End-effector start towards the object, to begin the task."
/home/mdxuser/Genesis/main/data/picked_up_4/upsampled/DRAGON_W_Elastic_hard_upsampled.csv,270,"End-effector grasping the object, using strong force, causing hard-deformation, with increasing force."
/home/mdxuser/Genesis/main/data/picked_up_4/upsampled/DRAGON_W_Elastic_hard_upsampled.csv,540,"End-effector continue grasping the object, using strong force, causing hard-deformation, with increasing force."
/home/mdxuser/Genesis/main/data/picked_up_4/upsampled/DRAGON_W_Elastic_hard_upsampled.csv,810,"End-effector lifting the object, using strong force, causing hard-deformation, with increasing force."
/home/mdxuser/Genesis/main/data/picked_up_4/upsampled/DRAGON_W_Elastic_hard_upsampled.csv,1080,"End-effector rotating the object, by an angle of 45.0 degrees, using strong force, causing hard-deformation, with constant force."
/home/mdxuser/Genesis/main/data/picked_up_4/upsampled/DRAGON_W_Elastic_hard_upsampled.csv,1350,"End-effector continue rotating the object, by an angle of 45.0 degrees, using strong force, causing hard-deformation, with constant force."
/home/mdxuser/Genesis/main/data/picked_up_4/upsampled/DRAGON_W_Elastic_hard_upsampled.csv,1620,"End-effector holding position of the object, maintaining a stable hold, using strong force, causing hard-deformation."
/home/mdxuser/Genesis/main/data/picked_up_4/upsampled/DRAGON_W_Elastic_hard_upsampled.csv,1890,"End-effector rotating the object, by an angle of 45.0 degrees, using strong force, causing hard-deformation, with constant force."
/home/mdxuser/Genesis/main/data/picked_up_4/upsampled/DRAGON_W_Elastic_hard_upsampled.csv,2160,"End-effector continue rotating the object, by an angle of 45.0 degrees, using strong force, causing hard-deformation, with constant force."
/home/mdxuser/Genesis/main/data/picked_up_4/upsampled/DRAGON_W_Elastic_hard_upsampled.csv,2430,The object has been dropped.
/home/mdxuser/Genesis/main/data/picked_up_4/upsampled/DRAGON_W_Elastic_hard_upsampled.csv,2700,The object has been dropped.
/home/mdxuser/Genesis/main/data/picked_up_4/upsampled/Pokémon_Omega_Ruby_Alpha_Sapphire_Dual_Pack_Nintendo_3DS_Elastic_soft_upsampled.csv,0,"End-effector start towards the object, to begin the task."
/home/mdxuser/Genesis/main/data/picked_up_4/upsampled/Pokémon_Omega_Ruby_Alpha_Sapphire_Dual_Pack_Nintendo_3DS_Elastic_soft_upsampled.csv,270,"End-effector grasping the object, using gentle force, causing soft-deformation, with increasing force."
/home/mdxuser/Genesis/main/data/picked_up_4/upsampled/Pokémon_Omega_Ruby_Alpha_Sapphire_Dual_Pack_Nintendo_3DS_Elastic_soft_upsampled.csv,540,"End-effector continue grasping the object, using gentle force, causing soft-deformation, with increasing force."
/home/mdxuser/Genesis/main/data/picked_up_4/upsampled/Pokémon_Omega_Ruby_Alpha_Sapphire_Dual_Pack_Nintendo_3DS_Elastic_soft_upsampled.csv,810,"End-effector lifting the object, using gentle force, causing soft-deformation, with increasing force."
/home/mdxuser/Genesis/main/data/picked_up_4/upsampled/Pokémon_Omega_Ruby_Alpha_Sapphire_Dual_Pack_Nintendo_3DS_Elastic_soft_upsampled.csv,1080,"End-effector rotating the object, by an angle of 45.0 degrees, using gentle force, causing soft-deformation, with constant force."
/home/mdxuser/Genesis/main/data/picked_up_4/upsampled/Pokémon_Omega_Ruby_Alpha_Sapphire_Dual_Pack_Nintendo_3DS_Elastic_soft_upsampled.csv,1350,"End-effector continue rotating the object, by an angle of 45.0 degrees, using gentle force, causing soft-deformation, with constant force."
/home/mdxuser/Genesis/main/data/picked_up_4/upsampled/Pokémon_Omega_Ruby_Alpha_Sapphire_Dual_Pack_Nintendo_3DS_Elastic_soft_upsampled.csv,1620,The object has been dropped.
/home/mdxuser/Genesis/main/data/picked_up_4/upsampled/Pokémon_Omega_Ruby_Alpha_Sapphire_Dual_Pack_Nintendo_3DS_Elastic_soft_upsampled.csv,1890,The object has been dropped.
/home/mdxuser/Genesis/main/data/picked_up_4/upsampled/Pokémon_Omega_Ruby_Alpha_Sapphire_Dual_Pack_Nintendo_3DS_Elastic_soft_upsampled.csv,2160,The object has been dropped.
/home/mdxuser/Genesis/main/data/picked_up_4/upsampled/Pokémon_Omega_Ruby_Alpha_Sapphire_Dual_Pack_Nintendo_3DS_Elastic_soft_upsampled.csv,2430,The object has been dropped.
/home/mdxuser/Genesis/main/data/picked_up_4/upsampled/Pokémon_Omega_Ruby_Alpha_Sapphire_Dual_Pack_Nintendo_3DS_Elastic_soft_upsampled.csv,2700,The object has been dropped.
/home/mdxuser/Genesis/main/data/picked_up_4/upsampled/Deskstar_Desk_Top_Hard_Drive_1_TB_Elastic_medium_upsampled.csv,0,"End-effector start towards the object, to begin the task."
/home/mdxuser/Genesis/main/data/picked_up_4/upsampled/Deskstar_Desk_Top_Hard_Drive_1_TB_Elastic_medium_upsampled.csv,270,"End-effector grasping the object, using moderate force, causing medium-deformation, with increasing force."
/home/mdxuser/Genesis/main/data/picked_up_4/upsampled/Deskstar_Desk_Top_Hard_Drive_1_TB_Elastic_medium_upsampled.csv,540,"End-effector continue grasping the object, using moderate force, causing medium-deformation, with increasing force."
/home/mdxuser/Genesis/main/data/picked_up_4/upsampled/Deskstar_Desk_Top_Hard_Drive_1_TB_Elastic_medium_upsampled.csv,810,"End-effector lifting the object, using moderate force, causing medium-deformation, with increasing force."
/home/mdxuser/Genesis/main/data/picked_up_4/upsampled/Deskstar_Desk_Top_Hard_Drive_1_TB_Elastic_medium_upsampled.csv,1080,"End-effector rotating the object, by an angle of 45.0 degrees, using moderate force, causing medium-deformation, with constant force."
/home/mdxuser/Genesis/main/data/picked_up_4/upsampled/Deskstar_Desk_Top_Hard_Drive_1_TB_Elastic_medium_upsampled.csv,1350,The object has been dropped.
/home/mdxuser/Genesis/main/data/picked_up_4/upsampled/Deskstar_Desk_Top_Hard_Drive_1_TB_Elastic_medium_upsampled.csv,1620,The object has been dropped.
/home/mdxuser/Genesis/main/data/picked_up_4/upsampled/Deskstar_Desk_Top_Hard_Drive_1_TB_Elastic_medium_upsampled.csv,1890,The object has been dropped.
/home/mdxuser/Genesis/main/data/picked_up_4/upsampled/Deskstar_Desk_Top_Hard_Drive_1_TB_Elastic_medium_upsampled.csv,2160,The object has been dropped.
/home/mdxuser/Genesis/main/data/picked_up_4/upsampled/Deskstar_Desk_Top_Hard_Drive_1_TB_Elastic_medium_upsampled.csv,2430,The object has been dropped.
/home/mdxuser/Genesis/main/data/picked_up_4/upsampled/Deskstar_Desk_Top_Hard_Drive_1_TB_Elastic_medium_upsampled.csv,2700,The object has been dropped.
/home/mdxuser/Genesis/main/data/picked_up_4/upsampled/Pokémon_Omega_Ruby_Alpha_Sapphire_Dual_Pack_Nintendo_3DS_Elastic_hard_upsampled.csv,0,"End-effector start towards the object, to begin the task."
/home/mdxuser/Genesis/main/data/picked_up_4/upsampled/Pokémon_Omega_Ruby_Alpha_Sapphire_Dual_Pack_Nintendo_3DS_Elastic_hard_upsampled.csv,270,"End-effector grasping the object, using strong force, causing hard-deformation, with increasing force."
/home/mdxuser/Genesis/main/data/picked_up_4/upsampled/Pokémon_Omega_Ruby_Alpha_Sapphire_Dual_Pack_Nintendo_3DS_Elastic_hard_upsampled.csv,540,"End-effector continue grasping the object, using strong force, causing hard-deformation, with increasing force."
/home/mdxuser/Genesis/main/data/picked_up_4/upsampled/Pokémon_Omega_Ruby_Alpha_Sapphire_Dual_Pack_Nintendo_3DS_Elastic_hard_upsampled.csv,810,"End-effector lifting the object, using strong force, causing hard-deformation, with increasing force."
/home/mdxuser/Genesis/main/data/picked_up_4/upsampled/Pokémon_Omega_Ruby_Alpha_Sapphire_Dual_Pack_Nintendo_3DS_Elastic_hard_upsampled.csv,1080,"End-effector rotating the object, by an angle of 30.0 degrees, using strong force, causing hard-deformation, with constant force."
/home/mdxuser/Genesis/main/data/picked_up_4/upsampled/Pokémon_Omega_Ruby_Alpha_Sapphire_Dual_Pack_Nintendo_3DS_Elastic_hard_upsampled.csv,1350,"End-effector continue rotating the object, by an angle of 30.0 degrees, using strong force, causing hard-deformation, with constant force."
/home/mdxuser/Genesis/main/data/picked_up_4/upsampled/Pokémon_Omega_Ruby_Alpha_Sapphire_Dual_Pack_Nintendo_3DS_Elastic_hard_upsampled.csv,1620,"End-effector holding position of the object, maintaining a stable hold, using strong force, causing hard-deformation."
/home/mdxuser/Genesis/main/data/picked_up_4/upsampled/Pokémon_Omega_Ruby_Alpha_Sapphire_Dual_Pack_Nintendo_3DS_Elastic_hard_upsampled.csv,1890,"End-effector rotating the object, by an angle of 45.0 degrees, using strong force, causing hard-deformation, with constant force."
/home/mdxuser/Genesis/main/data/picked_up_4/upsampled/Pokémon_Omega_Ruby_Alpha_Sapphire_Dual_Pack_Nintendo_3DS_Elastic_hard_upsampled.csv,2160,"End-effector continue rotating the object, by an angle of 45.0 degrees, using strong force, causing hard-deformation, with constant force."
/home/mdxuser/Genesis/main/data/picked_up_4/upsampled/Pokémon_Omega_Ruby_Alpha_Sapphire_Dual_Pack_Nintendo_3DS_Elastic_hard_upsampled.csv,2430,The object has been dropped.
/home/mdxuser/Genesis/main/data/picked_up_4/upsampled/Pokémon_Omega_Ruby_Alpha_Sapphire_Dual_Pack_Nintendo_3DS_Elastic_hard_upsampled.csv,2700,The object has been dropped.
/home/mdxuser/Genesis/main/data/picked_up_4/upsampled/Down_To_Earth_Orchid_Pot_Ceramic_Red_Elastic_soft_upsampled.csv,0,"End-effector start towards the object, to begin the task."
/home/mdxuser/Genesis/main/data/picked_up_4/upsampled/Down_To_Earth_Orchid_Pot_Ceramic_Red_Elastic_soft_upsampled.csv,270,"End-effector grasping the object, using gentle force, causing soft-deformation, with increasing force."
/home/mdxuser/Genesis/main/data/picked_up_4/upsampled/Down_To_Earth_Orchid_Pot_Ceramic_Red_Elastic_soft_upsampled.csv,540,"End-effector continue grasping the object, using gentle force, causing soft-deformation, with increasing force."
/home/mdxuser/Genesis/main/data/picked_up_4/upsampled/Down_To_Earth_Orchid_Pot_Ceramic_Red_Elastic_soft_upsampled.csv,810,"End-effector lifting the object, using gentle force, causing soft-deformation, with increasing force."
/home/mdxuser/Genesis/main/data/picked_up_4/upsampled/Down_To_Earth_Orchid_Pot_Ceramic_Red_Elastic_soft_upsampled.csv,1080,"End-effector rotating the object, by an angle of 45.0 degrees, using gentle force, causing soft-deformation, with constant force."
/home/mdxuser/Genesis/main/data/picked_up_4/upsampled/Down_To_Earth_Orchid_Pot_Ceramic_Red_Elastic_soft_upsampled.csv,1350,"End-effector holding position of the object, maintaining a stable hold, using gentle force, causing soft-deformation."
/home/mdxuser/Genesis/main/data/picked_up_4/upsampled/Down_To_Earth_Orchid_Pot_Ceramic_Red_Elastic_soft_upsampled.csv,1620,"End-effector continue holding position of the object, maintaining a stable hold, using gentle force, causing soft-deformation."
/home/mdxuser/Genesis/main/data/picked_up_4/upsampled/Down_To_Earth_Orchid_Pot_Ceramic_Red_Elastic_soft_upsampled.csv,1890,The object has been dropped.
/home/mdxuser/Genesis/main/data/picked_up_4/upsampled/Down_To_Earth_Orchid_Pot_Ceramic_Red_Elastic_soft_upsampled.csv,2160,The object has been dropped.
/home/mdxuser/Genesis/main/data/picked_up_4/upsampled/Down_To_Earth_Orchid_Pot_Ceramic_Red_Elastic_soft_upsampled.csv,2430,The object has been dropped.
/home/mdxuser/Genesis/main/data/picked_up_4/upsampled/Down_To_Earth_Orchid_Pot_Ceramic_Red_Elastic_soft_upsampled.csv,2700,The object has been dropped.
/home/mdxuser/Genesis/main/data/picked_up_4/upsampled/Crayola_Model_Magic_Modeling_Material_Single_Packs_6_pack_05_oz_packs_Elastic_hard_upsampled.csv,0,"End-effector start towards the object, to begin the task."
/home/mdxuser/Genesis/main/data/picked_up_4/upsampled/Crayola_Model_Magic_Modeling_Material_Single_Packs_6_pack_05_oz_packs_Elastic_hard_upsampled.csv,270,"End-effector grasping the object, using strong force, causing hard-deformation, with increasing force."
/home/mdxuser/Genesis/main/data/picked_up_4/upsampled/Crayola_Model_Magic_Modeling_Material_Single_Packs_6_pack_05_oz_packs_Elastic_hard_upsampled.csv,540,"End-effector continue grasping the object, using strong force, causing hard-deformation, with increasing force."
/home/mdxuser/Genesis/main/data/picked_up_4/upsampled/Crayola_Model_Magic_Modeling_Material_Single_Packs_6_pack_05_oz_packs_Elastic_hard_upsampled.csv,810,"End-effector lifting the object, using strong force, causing hard-deformation, with increasing force."
/home/mdxuser/Genesis/main/data/picked_up_4/upsampled/Crayola_Model_Magic_Modeling_Material_Single_Packs_6_pack_05_oz_packs_Elastic_hard_upsampled.csv,1080,"End-effector rotating the object, by an angle of 45.0 degrees, using strong force, causing hard-deformation, with constant force."
/home/mdxuser/Genesis/main/data/picked_up_4/upsampled/Crayola_Model_Magic_Modeling_Material_Single_Packs_6_pack_05_oz_packs_Elastic_hard_upsampled.csv,1350,The object has been dropped.
/home/mdxuser/Genesis/main/data/picked_up_4/upsampled/Crayola_Model_Magic_Modeling_Material_Single_Packs_6_pack_05_oz_packs_Elastic_hard_upsampled.csv,1620,The object has been dropped.
/home/mdxuser/Genesis/main/data/picked_up_4/upsampled/Crayola_Model_Magic_Modeling_Material_Single_Packs_6_pack_05_oz_packs_Elastic_hard_upsampled.csv,1890,The object has been dropped.
/home/mdxuser/Genesis/main/data/picked_up_4/upsampled/Crayola_Model_Magic_Modeling_Material_Single_Packs_6_pack_05_oz_packs_Elastic_hard_upsampled.csv,2160,The object has been dropped.
/home/mdxuser/Genesis/main/data/picked_up_4/upsampled/Crayola_Model_Magic_Modeling_Material_Single_Packs_6_pack_05_oz_packs_Elastic_hard_upsampled.csv,2430,The object has been dropped.
/home/mdxuser/Genesis/main/data/picked_up_4/upsampled/Crayola_Model_Magic_Modeling_Material_Single_Packs_6_pack_05_oz_packs_Elastic_hard_upsampled.csv,2700,The object has been dropped.
/home/mdxuser/Genesis/main/data/picked_up_4/upsampled/Brother_LC_1053PKS_Ink_Cartridge_CyanMagentaYellow_1pack_Elastic_hard_upsampled.csv,0,"End-effector start towards the object, to begin the task."
/home/mdxuser/Genesis/main/data/picked_up_4/upsampled/Brother_LC_1053PKS_Ink_Cartridge_CyanMagentaYellow_1pack_Elastic_hard_upsampled.csv,270,"End-effector grasping the object, using strong force, causing hard-deformation, with increasing force."
/home/mdxuser/Genesis/main/data/picked_up_4/upsampled/Brother_LC_1053PKS_Ink_Cartridge_CyanMagentaYellow_1pack_Elastic_hard_upsampled.csv,540,"End-effector continue grasping the object, using strong force, causing hard-deformation, with increasing force."
/home/mdxuser/Genesis/main/data/picked_up_4/upsampled/Brother_LC_1053PKS_Ink_Cartridge_CyanMagentaYellow_1pack_Elastic_hard_upsampled.csv,810,"End-effector lifting the object, using strong force, causing hard-deformation, with increasing force."
/home/mdxuser/Genesis/main/data/picked_up_4/upsampled/Brother_LC_1053PKS_Ink_Cartridge_CyanMagentaYellow_1pack_Elastic_hard_upsampled.csv,1080,"End-effector rotating the object, by an angle of 30.0 degrees, using strong force, causing hard-deformation, with constant force."
/home/mdxuser/Genesis/main/data/picked_up_4/upsampled/Brother_LC_1053PKS_Ink_Cartridge_CyanMagentaYellow_1pack_Elastic_hard_upsampled.csv,1350,"End-effector continue rotating the object, by an angle of 30.0 degrees, using strong force, causing hard-deformation, with constant force."
/home/mdxuser/Genesis/main/data/picked_up_4/upsampled/Brother_LC_1053PKS_Ink_Cartridge_CyanMagentaYellow_1pack_Elastic_hard_upsampled.csv,1620,"End-effector holding position of the object, maintaining a stable hold, using strong force, causing hard-deformation."
/home/mdxuser/Genesis/main/data/picked_up_4/upsampled/Brother_LC_1053PKS_Ink_Cartridge_CyanMagentaYellow_1pack_Elastic_hard_upsampled.csv,1890,"End-effector rotating the object, by an angle of 45.0 degrees, using strong force, causing hard-deformation, with constant force."
/home/mdxuser/Genesis/main/data/picked_up_4/upsampled/Brother_LC_1053PKS_Ink_Cartridge_CyanMagentaYellow_1pack_Elastic_hard_upsampled.csv,2160,"End-effector holding position of the object, maintaining a stable hold, using strong force, causing hard-deformation."
/home/mdxuser/Genesis/main/data/picked_up_4/upsampled/Brother_LC_1053PKS_Ink_Cartridge_CyanMagentaYellow_1pack_Elastic_hard_upsampled.csv,2430,"End-effector continue holding position of the object, maintaining a stable hold, using strong force, causing hard-deformation."
/home/mdxuser/Genesis/main/data/picked_up_4/upsampled/Brother_LC_1053PKS_Ink_Cartridge_CyanMagentaYellow_1pack_Elastic_hard_upsampled.csv,2700,"End-effector stopping the object, using zero-force, causing undeformed shape."
/home/mdxuser/Genesis/main/data/picked_up_4/upsampled/CONE_SORTING_Elastic_medium_upsampled.csv,0,"End-effector start towards the object, to begin the task."
/home/mdxuser/Genesis/main/data/picked_up_4/upsampled/CONE_SORTING_Elastic_medium_upsampled.csv,270,"End-effector grasping the object, using moderate force, causing medium-deformation, with increasing force."
/home/mdxuser/Genesis/main/data/picked_up_4/upsampled/CONE_SORTING_Elastic_medium_upsampled.csv,540,"End-effector continue grasping the object, using moderate force, causing medium-deformation, with increasing force."
/home/mdxuser/Genesis/main/data/picked_up_4/upsampled/CONE_SORTING_Elastic_medium_upsampled.csv,810,"End-effector lifting the object, using moderate force, causing medium-deformation, with increasing force."
/home/mdxuser/Genesis/main/data/picked_up_4/upsampled/CONE_SORTING_Elastic_medium_upsampled.csv,1080,"End-effector rotating the object, by an angle of 30.0 degrees, using moderate force, causing medium-deformation, with constant force."
/home/mdxuser/Genesis/main/data/picked_up_4/upsampled/CONE_SORTING_Elastic_medium_upsampled.csv,1350,"End-effector continue rotating the object, by an angle of 30.0 degrees, using moderate force, causing medium-deformation, with constant force."
/home/mdxuser/Genesis/main/data/picked_up_4/upsampled/CONE_SORTING_Elastic_medium_upsampled.csv,1620,The object has been dropped.
/home/mdxuser/Genesis/main/data/picked_up_4/upsampled/CONE_SORTING_Elastic_medium_upsampled.csv,1890,The object has been dropped.
/home/mdxuser/Genesis/main/data/picked_up_4/upsampled/CONE_SORTING_Elastic_medium_upsampled.csv,2160,The object has been dropped.
/home/mdxuser/Genesis/main/data/picked_up_4/upsampled/CONE_SORTING_Elastic_medium_upsampled.csv,2430,The object has been dropped.
/home/mdxuser/Genesis/main/data/picked_up_4/upsampled/CONE_SORTING_Elastic_medium_upsampled.csv,2700,The object has been dropped.
/home/mdxuser/Genesis/main/data/picked_up_4/upsampled/50_BLOCKS_Elastic_hard_upsampled.csv,0,"End-effector start towards the object, to begin the task."
/home/mdxuser/Genesis/main/data/picked_up_4/upsampled/50_BLOCKS_Elastic_hard_upsampled.csv,270,"End-effector grasping the object, using strong force, causing hard-deformation, with increasing force."
/home/mdxuser/Genesis/main/data/picked_up_4/upsampled/50_BLOCKS_Elastic_hard_upsampled.csv,540,"End-effector continue grasping the object, using strong force, causing hard-deformation, with increasing force."
/home/mdxuser/Genesis/main/data/picked_up_4/upsampled/50_BLOCKS_Elastic_hard_upsampled.csv,810,"End-effector lifting the object, using strong force, causing hard-deformation, with increasing force."
/home/mdxuser/Genesis/main/data/picked_up_4/upsampled/50_BLOCKS_Elastic_hard_upsampled.csv,1080,"End-effector rotating the object, by an angle of 45.0 degrees, using strong force, causing hard-deformation, with constant force."
/home/mdxuser/Genesis/main/data/picked_up_4/upsampled/50_BLOCKS_Elastic_hard_upsampled.csv,1350,"End-effector continue rotating the object, by an angle of 45.0 degrees, using strong force, causing hard-deformation, with constant force."
/home/mdxuser/Genesis/main/data/picked_up_4/upsampled/50_BLOCKS_Elastic_hard_upsampled.csv,1620,"End-effector holding position of the object, maintaining a stable hold, using strong force, causing hard-deformation."
/home/mdxuser/Genesis/main/data/picked_up_4/upsampled/50_BLOCKS_Elastic_hard_upsampled.csv,1890,"End-effector rotating the object, by an angle of 30.0 degrees, using strong force, causing hard-deformation, with constant force."
/home/mdxuser/Genesis/main/data/picked_up_4/upsampled/50_BLOCKS_Elastic_hard_upsampled.csv,2160,"End-effector continue rotating the object, by an angle of 30.0 degrees, using strong force, causing hard-deformation, with constant force."
/home/mdxuser/Genesis/main/data/picked_up_4/upsampled/50_BLOCKS_Elastic_hard_upsampled.csv,2430,"End-effector holding position of the object, maintaining a stable hold, using strong force, causing hard-deformation."
/home/mdxuser/Genesis/main/data/picked_up_4/upsampled/50_BLOCKS_Elastic_hard_upsampled.csv,2700,"End-effector stopping the object, using zero-force, causing undeformed shape."
/home/mdxuser/Genesis/main/data/picked_up_4/upsampled/AllergenFree_JarroDophilus_Elastic_medium_upsampled.csv,0,"End-effector start towards the object, to begin the task."
/home/mdxuser/Genesis/main/data/picked_up_4/upsampled/AllergenFree_JarroDophilus_Elastic_medium_upsampled.csv,270,"End-effector grasping the object, using moderate force, causing medium-deformation, with increasing force."
/home/mdxuser/Genesis/main/data/picked_up_4/upsampled/AllergenFree_JarroDophilus_Elastic_medium_upsampled.csv,540,"End-effector continue grasping the object, using moderate force, causing medium-deformation, with increasing force."
/home/mdxuser/Genesis/main/data/picked_up_4/upsampled/AllergenFree_JarroDophilus_Elastic_medium_upsampled.csv,810,"End-effector lifting the object, using moderate force, causing medium-deformation, with increasing force."
/home/mdxuser/Genesis/main/data/picked_up_4/upsampled/AllergenFree_JarroDophilus_Elastic_medium_upsampled.csv,1080,"End-effector rotating the object, by an angle of 30.0 degrees, using moderate force, causing medium-deformation, with constant force."
/home/mdxuser/Genesis/main/data/picked_up_4/upsampled/AllergenFree_JarroDophilus_Elastic_medium_upsampled.csv,1350,"End-effector continue rotating the object, by an angle of 30.0 degrees, using moderate force, causing medium-deformation, with constant force."
/home/mdxuser/Genesis/main/data/picked_up_4/upsampled/AllergenFree_JarroDophilus_Elastic_medium_upsampled.csv,1620,"End-effector holding position of the object, maintaining a stable hold, using moderate force, causing medium-deformation."
/home/mdxuser/Genesis/main/data/picked_up_4/upsampled/AllergenFree_JarroDophilus_Elastic_medium_upsampled.csv,1890,"End-effector rotating the object, by an angle of 30.0 degrees, using moderate force, causing medium-deformation, with constant force."
/home/mdxuser/Genesis/main/data/picked_up_4/upsampled/AllergenFree_JarroDophilus_Elastic_medium_upsampled.csv,2160,"End-effector continue rotating the object, by an angle of 30.0 degrees, using moderate force, causing medium-deformation, with constant force."
/home/mdxuser/Genesis/main/data/picked_up_4/upsampled/AllergenFree_JarroDophilus_Elastic_medium_upsampled.csv,2430,"End-effector holding position of the object, maintaining a stable hold, using moderate force, causing medium-deformation."
/home/mdxuser/Genesis/main/data/picked_up_4/upsampled/AllergenFree_JarroDophilus_Elastic_medium_upsampled.csv,2700,"End-effector stopping the object, using zero-force, causing undeformed shape."
/home/mdxuser/Genesis/main/data/picked_up_4/upsampled/Android_Figure_Orange_Elastic_hard_upsampled.csv,0,"End-effector start towards the object, to begin the task."
/home/mdxuser/Genesis/main/data/picked_up_4/upsampled/Android_Figure_Orange_Elastic_hard_upsampled.csv,270,"End-effector grasping the object, using strong force, causing hard-deformation, with increasing force."
/home/mdxuser/Genesis/main/data/picked_up_4/upsampled/Android_Figure_Orange_Elastic_hard_upsampled.csv,540,"End-effector continue grasping the object, using strong force, causing hard-deformation, with increasing force."
/home/mdxuser/Genesis/main/data/picked_up_4/upsampled/Android_Figure_Orange_Elastic_hard_upsampled.csv,810,"End-effector lifting the object, using strong force, causing hard-deformation, with increasing force."
/home/mdxuser/Genesis/main/data/picked_up_4/upsampled/Android_Figure_Orange_Elastic_hard_upsampled.csv,1080,"End-effector rotating the object, by an angle of 45.0 degrees, using strong force, causing hard-deformation, with constant force."
/home/mdxuser/Genesis/main/data/picked_up_4/upsampled/Android_Figure_Orange_Elastic_hard_upsampled.csv,1350,"End-effector continue rotating the object, by an angle of 45.0 degrees, using strong force, causing hard-deformation, with constant force."
/home/mdxuser/Genesis/main/data/picked_up_4/upsampled/Android_Figure_Orange_Elastic_hard_upsampled.csv,1620,"End-effector holding position of the object, maintaining a stable hold, using strong force, causing hard-deformation."
/home/mdxuser/Genesis/main/data/picked_up_4/upsampled/Android_Figure_Orange_Elastic_hard_upsampled.csv,1890,"End-effector rotating the object, by an angle of 30.0 degrees, using strong force, causing hard-deformation, with constant force."
/home/mdxuser/Genesis/main/data/picked_up_4/upsampled/Android_Figure_Orange_Elastic_hard_upsampled.csv,2160,"End-effector continue rotating the object, by an angle of 30.0 degrees, using strong force, causing hard-deformation, with constant force."
/home/mdxuser/Genesis/main/data/picked_up_4/upsampled/Android_Figure_Orange_Elastic_hard_upsampled.csv,2430,"End-effector holding position of the object, maintaining a stable hold, using strong force, causing hard-deformation."
/home/mdxuser/Genesis/main/data/picked_up_4/upsampled/Android_Figure_Orange_Elastic_hard_upsampled.csv,2700,"End-effector stopping the object, using zero-force, causing undeformed shape."
/home/mdxuser/Genesis/main/data/picked_up_4/upsampled/3D_Dollhouse_Swing_Elastic_medium_upsampled.csv,0,"End-effector start towards the object, to begin the task."
/home/mdxuser/Genesis/main/data/picked_up_4/upsampled/3D_Dollhouse_Swing_Elastic_medium_upsampled.csv,270,"End-effector grasping the object, using moderate force, causing medium-deformation, with increasing force."
/home/mdxuser/Genesis/main/data/picked_up_4/upsampled/3D_Dollhouse_Swing_Elastic_medium_upsampled.csv,540,"End-effector continue grasping the object, using moderate force, causing medium-deformation, with increasing force."
/home/mdxuser/Genesis/main/data/picked_up_4/upsampled/3D_Dollhouse_Swing_Elastic_medium_upsampled.csv,810,"End-effector lifting the object, using moderate force, causing medium-deformation, with increasing force."
/home/mdxuser/Genesis/main/data/picked_up_4/upsampled/3D_Dollhouse_Swing_Elastic_medium_upsampled.csv,1080,"End-effector rotating the object, by an angle of 45.0 degrees, using moderate force, causing medium-deformation, with constant force."
/home/mdxuser/Genesis/main/data/picked_up_4/upsampled/3D_Dollhouse_Swing_Elastic_medium_upsampled.csv,1350,"End-effector continue rotating the object, by an angle of 45.0 degrees, using moderate force, causing medium-deformation, with constant force."
/home/mdxuser/Genesis/main/data/picked_up_4/upsampled/3D_Dollhouse_Swing_Elastic_medium_upsampled.csv,1620,The object has been dropped.
/home/mdxuser/Genesis/main/data/picked_up_4/upsampled/3D_Dollhouse_Swing_Elastic_medium_upsampled.csv,1890,The object has been dropped.
/home/mdxuser/Genesis/main/data/picked_up_4/upsampled/3D_Dollhouse_Swing_Elastic_medium_upsampled.csv,2160,The object has been dropped.
/home/mdxuser/Genesis/main/data/picked_up_4/upsampled/3D_Dollhouse_Swing_Elastic_medium_upsampled.csv,2430,The object has been dropped.
/home/mdxuser/Genesis/main/data/picked_up_4/upsampled/3D_Dollhouse_Swing_Elastic_medium_upsampled.csv,2700,The object has been dropped.
/home/mdxuser/Genesis/main/data/picked_up_4/upsampled/Beyonc_Life_is_But_a_Dream_DVD_Elastic_hard_upsampled.csv,0,"End-effector start towards the object, to begin the task."
/home/mdxuser/Genesis/main/data/picked_up_4/upsampled/Beyonc_Life_is_But_a_Dream_DVD_Elastic_hard_upsampled.csv,270,"End-effector grasping the object, using strong force, causing hard-deformation, with increasing force."
/home/mdxuser/Genesis/main/data/picked_up_4/upsampled/Beyonc_Life_is_But_a_Dream_DVD_Elastic_hard_upsampled.csv,540,"End-effector continue grasping the object, using strong force, causing hard-deformation, with increasing force."
/home/mdxuser/Genesis/main/data/picked_up_4/upsampled/Beyonc_Life_is_But_a_Dream_DVD_Elastic_hard_upsampled.csv,810,"End-effector lifting the object, using strong force, causing hard-deformation, with increasing force."
/home/mdxuser/Genesis/main/data/picked_up_4/upsampled/Beyonc_Life_is_But_a_Dream_DVD_Elastic_hard_upsampled.csv,1080,"End-effector rotating the object, by an angle of 45.0 degrees, using strong force, causing hard-deformation, with constant force."
/home/mdxuser/Genesis/main/data/picked_up_4/upsampled/Beyonc_Life_is_But_a_Dream_DVD_Elastic_hard_upsampled.csv,1350,The object has been dropped.
/home/mdxuser/Genesis/main/data/picked_up_4/upsampled/Beyonc_Life_is_But_a_Dream_DVD_Elastic_hard_upsampled.csv,1620,The object has been dropped.
/home/mdxuser/Genesis/main/data/picked_up_4/upsampled/Beyonc_Life_is_But_a_Dream_DVD_Elastic_hard_upsampled.csv,1890,The object has been dropped.
/home/mdxuser/Genesis/main/data/picked_up_4/upsampled/Beyonc_Life_is_But_a_Dream_DVD_Elastic_hard_upsampled.csv,2160,The object has been dropped.
/home/mdxuser/Genesis/main/data/picked_up_4/upsampled/Beyonc_Life_is_But_a_Dream_DVD_Elastic_hard_upsampled.csv,2430,The object has been dropped.
/home/mdxuser/Genesis/main/data/picked_up_4/upsampled/Beyonc_Life_is_But_a_Dream_DVD_Elastic_hard_upsampled.csv,2700,The object has been dropped.
/home/mdxuser/Genesis/main/data/picked_up_4/upsampled/DRAGON_W_Elastic_medium_upsampled.csv,0,"End-effector start towards the object, to begin the task."
/home/mdxuser/Genesis/main/data/picked_up_4/upsampled/DRAGON_W_Elastic_medium_upsampled.csv,270,"End-effector grasping the object, using moderate force, causing medium-deformation, with increasing force."
/home/mdxuser/Genesis/main/data/picked_up_4/upsampled/DRAGON_W_Elastic_medium_upsampled.csv,540,"End-effector continue grasping the object, using moderate force, causing medium-deformation, with increasing force."
/home/mdxuser/Genesis/main/data/picked_up_4/upsampled/DRAGON_W_Elastic_medium_upsampled.csv,810,"End-effector lifting the object, using moderate force, causing medium-deformation, with increasing force."
/home/mdxuser/Genesis/main/data/picked_up_4/upsampled/DRAGON_W_Elastic_medium_upsampled.csv,1080,"End-effector rotating the object, by an angle of 45.0 degrees, using moderate force, causing medium-deformation, with constant force."
/home/mdxuser/Genesis/main/data/picked_up_4/upsampled/DRAGON_W_Elastic_medium_upsampled.csv,1350,"End-effector continue rotating the object, by an angle of 45.0 degrees, using moderate force, causing medium-deformation, with constant force."
/home/mdxuser/Genesis/main/data/picked_up_4/upsampled/DRAGON_W_Elastic_medium_upsampled.csv,1620,The object has been dropped.
/home/mdxuser/Genesis/main/data/picked_up_4/upsampled/DRAGON_W_Elastic_medium_upsampled.csv,1890,The object has been dropped.
/home/mdxuser/Genesis/main/data/picked_up_4/upsampled/DRAGON_W_Elastic_medium_upsampled.csv,2160,The object has been dropped.
/home/mdxuser/Genesis/main/data/picked_up_4/upsampled/DRAGON_W_Elastic_medium_upsampled.csv,2430,The object has been dropped.
/home/mdxuser/Genesis/main/data/picked_up_4/upsampled/DRAGON_W_Elastic_medium_upsampled.csv,2700,The object has been dropped.
/home/mdxuser/Genesis/main/data/picked_up_4/upsampled/Dell_Series_9_Color_Ink_Cartridge_MK993_High_Yield_Elastic_medium_upsampled.csv,0,"End-effector start towards the object, to begin the task."
/home/mdxuser/Genesis/main/data/picked_up_4/upsampled/Dell_Series_9_Color_Ink_Cartridge_MK993_High_Yield_Elastic_medium_upsampled.csv,270,"End-effector grasping the object, using moderate force, causing medium-deformation, with increasing force."
/home/mdxuser/Genesis/main/data/picked_up_4/upsampled/Dell_Series_9_Color_Ink_Cartridge_MK993_High_Yield_Elastic_medium_upsampled.csv,540,"End-effector continue grasping the object, using moderate force, causing medium-deformation, with increasing force."
/home/mdxuser/Genesis/main/data/picked_up_4/upsampled/Dell_Series_9_Color_Ink_Cartridge_MK993_High_Yield_Elastic_medium_upsampled.csv,810,"End-effector lifting the object, using moderate force, causing medium-deformation, with increasing force."
/home/mdxuser/Genesis/main/data/picked_up_4/upsampled/Dell_Series_9_Color_Ink_Cartridge_MK993_High_Yield_Elastic_medium_upsampled.csv,1080,"End-effector rotating the object, by an angle of 30.0 degrees, using moderate force, causing medium-deformation, with constant force."
/home/mdxuser/Genesis/main/data/picked_up_4/upsampled/Dell_Series_9_Color_Ink_Cartridge_MK993_High_Yield_Elastic_medium_upsampled.csv,1350,"End-effector continue rotating the object, by an angle of 30.0 degrees, using moderate force, causing medium-deformation, with constant force."
/home/mdxuser/Genesis/main/data/picked_up_4/upsampled/Dell_Series_9_Color_Ink_Cartridge_MK993_High_Yield_Elastic_medium_upsampled.csv,1620,The object has been dropped.
/home/mdxuser/Genesis/main/data/picked_up_4/upsampled/Dell_Series_9_Color_Ink_Cartridge_MK993_High_Yield_Elastic_medium_upsampled.csv,1890,The object has been dropped.
/home/mdxuser/Genesis/main/data/picked_up_4/upsampled/Dell_Series_9_Color_Ink_Cartridge_MK993_High_Yield_Elastic_medium_upsampled.csv,2160,The object has been dropped.
/home/mdxuser/Genesis/main/data/picked_up_4/upsampled/Dell_Series_9_Color_Ink_Cartridge_MK993_High_Yield_Elastic_medium_upsampled.csv,2430,The object has been dropped.
/home/mdxuser/Genesis/main/data/picked_up_4/upsampled/Dell_Series_9_Color_Ink_Cartridge_MK993_High_Yield_Elastic_medium_upsampled.csv,2700,The object has been dropped.
/home/mdxuser/Genesis/main/data/picked_up_4/upsampled/COAST_GUARD_BOAT_Elastic_hard_upsampled.csv,0,"End-effector start towards the object, to begin the task."
/home/mdxuser/Genesis/main/data/picked_up_4/upsampled/COAST_GUARD_BOAT_Elastic_hard_upsampled.csv,270,"End-effector grasping the object, using strong force, causing hard-deformation, with increasing force."
/home/mdxuser/Genesis/main/data/picked_up_4/upsampled/COAST_GUARD_BOAT_Elastic_hard_upsampled.csv,540,"End-effector continue grasping the object, using strong force, causing hard-deformation, with increasing force."
/home/mdxuser/Genesis/main/data/picked_up_4/upsampled/COAST_GUARD_BOAT_Elastic_hard_upsampled.csv,810,"End-effector lifting the object, using strong force, causing hard-deformation, with increasing force."
/home/mdxuser/Genesis/main/data/picked_up_4/upsampled/COAST_GUARD_BOAT_Elastic_hard_upsampled.csv,1080,"End-effector rotating the object, by an angle of 30.0 degrees, using strong force, causing hard-deformation, with constant force."
/home/mdxuser/Genesis/main/data/picked_up_4/upsampled/COAST_GUARD_BOAT_Elastic_hard_upsampled.csv,1350,"End-effector continue rotating the object, by an angle of 30.0 degrees, using strong force, causing hard-deformation, with constant force."
/home/mdxuser/Genesis/main/data/picked_up_4/upsampled/COAST_GUARD_BOAT_Elastic_hard_upsampled.csv,1620,"End-effector holding position of the object, maintaining a stable hold, using strong force, causing hard-deformation."
/home/mdxuser/Genesis/main/data/picked_up_4/upsampled/COAST_GUARD_BOAT_Elastic_hard_upsampled.csv,1890,"End-effector rotating the object, by an angle of 45.0 degrees, using strong force, causing hard-deformation, with constant force."
/home/mdxuser/Genesis/main/data/picked_up_4/upsampled/COAST_GUARD_BOAT_Elastic_hard_upsampled.csv,2160,"End-effector holding position of the object, maintaining a stable hold, using strong force, causing hard-deformation."
/home/mdxuser/Genesis/main/data/picked_up_4/upsampled/COAST_GUARD_BOAT_Elastic_hard_upsampled.csv,2430,"End-effector continue holding position of the object, maintaining a stable hold, using strong force, causing hard-deformation."
/home/mdxuser/Genesis/main/data/picked_up_4/upsampled/COAST_GUARD_BOAT_Elastic_hard_upsampled.csv,2700,"End-effector stopping the object, using zero-force, causing undeformed shape."
/home/mdxuser/Genesis/main/data/picked_up_4/upsampled/Lactoferrin_Elastic_medium_upsampled.csv,0,"End-effector start towards the object, to begin the task."
/home/mdxuser/Genesis/main/data/picked_up_4/upsampled/Lactoferrin_Elastic_medium_upsampled.csv,270,"End-effector grasping the object, using moderate force, causing medium-deformation, with increasing force."
/home/mdxuser/Genesis/main/data/picked_up_4/upsampled/Lactoferrin_Elastic_medium_upsampled.csv,540,"End-effector continue grasping the object, using moderate force, causing medium-deformation, with increasing force."
/home/mdxuser/Genesis/main/data/picked_up_4/upsampled/Lactoferrin_Elastic_medium_upsampled.csv,810,"End-effector lifting the object, using moderate force, causing medium-deformation, with increasing force."
/home/mdxuser/Genesis/main/data/picked_up_4/upsampled/Lactoferrin_Elastic_medium_upsampled.csv,1080,"End-effector rotating the object, by an angle of 45.0 degrees, using moderate force, causing medium-deformation, with constant force."
/home/mdxuser/Genesis/main/data/picked_up_4/upsampled/Lactoferrin_Elastic_medium_upsampled.csv,1350,"End-effector continue rotating the object, by an angle of 45.0 degrees, using moderate force, causing medium-deformation, with constant force."
/home/mdxuser/Genesis/main/data/picked_up_4/upsampled/Lactoferrin_Elastic_medium_upsampled.csv,1620,"End-effector holding position of the object, maintaining a stable hold, using moderate force, causing medium-deformation."
/home/mdxuser/Genesis/main/data/picked_up_4/upsampled/Lactoferrin_Elastic_medium_upsampled.csv,1890,"End-effector rotating the object, by an angle of 30.0 degrees, using moderate force, causing medium-deformation, with constant force."
/home/mdxuser/Genesis/main/data/picked_up_4/upsampled/Lactoferrin_Elastic_medium_upsampled.csv,2160,"End-effector continue rotating the object, by an angle of 30.0 degrees, using moderate force, causing medium-deformation, with constant force."
/home/mdxuser/Genesis/main/data/picked_up_4/upsampled/Lactoferrin_Elastic_medium_upsampled.csv,2430,"End-effector holding position of the object, maintaining a stable hold, using moderate force, causing medium-deformation."
/home/mdxuser/Genesis/main/data/picked_up_4/upsampled/Lactoferrin_Elastic_medium_upsampled.csv,2700,"End-effector stopping the object, using zero-force, causing undeformed shape."
/home/mdxuser/Genesis/main/data/picked_up_4/upsampled/Perricone_MD_Skin_Clear_Supplements_Elastic_medium_upsampled.csv,0,"End-effector start towards the object, to begin the task."
/home/mdxuser/Genesis/main/data/picked_up_4/upsampled/Perricone_MD_Skin_Clear_Supplements_Elastic_medium_upsampled.csv,270,"End-effector grasping the object, using moderate force, causing medium-deformation, with increasing force."
/home/mdxuser/Genesis/main/data/picked_up_4/upsampled/Perricone_MD_Skin_Clear_Supplements_Elastic_medium_upsampled.csv,540,"End-effector continue grasping the object, using moderate force, causing medium-deformation, with increasing force."
/home/mdxuser/Genesis/main/data/picked_up_4/upsampled/Perricone_MD_Skin_Clear_Supplements_Elastic_medium_upsampled.csv,810,"End-effector lifting the object, using moderate force, causing medium-deformation, with increasing force."
/home/mdxuser/Genesis/main/data/picked_up_4/upsampled/Perricone_MD_Skin_Clear_Supplements_Elastic_medium_upsampled.csv,1080,"End-effector rotating the object, by an angle of 30.0 degrees, using moderate force, causing medium-deformation, with constant force."
/home/mdxuser/Genesis/main/data/picked_up_4/upsampled/Perricone_MD_Skin_Clear_Supplements_Elastic_medium_upsampled.csv,1350,"End-effector continue rotating the object, by an angle of 30.0 degrees, using moderate force, causing medium-deformation, with constant force."
/home/mdxuser/Genesis/main/data/picked_up_4/upsampled/Perricone_MD_Skin_Clear_Supplements_Elastic_medium_upsampled.csv,1620,"End-effector holding position of the object, maintaining a stable hold, using moderate force, causing medium-deformation."
/home/mdxuser/Genesis/main/data/picked_up_4/upsampled/Perricone_MD_Skin_Clear_Supplements_Elastic_medium_upsampled.csv,1890,"End-effector rotating the object, by an angle of 45.0 degrees, using moderate force, causing medium-deformation, with constant force."
/home/mdxuser/Genesis/main/data/picked_up_4/upsampled/Perricone_MD_Skin_Clear_Supplements_Elastic_medium_upsampled.csv,2160,"End-effector continue rotating the object, by an angle of 45.0 degrees, using moderate force, causing medium-deformation, with constant force."
/home/mdxuser/Genesis/main/data/picked_up_4/upsampled/Perricone_MD_Skin_Clear_Supplements_Elastic_medium_upsampled.csv,2430,The object has been dropped.
/home/mdxuser/Genesis/main/data/picked_up_4/upsampled/Perricone_MD_Skin_Clear_Supplements_Elastic_medium_upsampled.csv,2700,The object has been dropped.
/home/mdxuser/Genesis/main/data/picked_up_4/upsampled/Perricone_MD_No_Lipstick_Lipstick_Elastic_soft_upsampled.csv,0,"End-effector start towards the object, to begin the task."
/home/mdxuser/Genesis/main/data/picked_up_4/upsampled/Perricone_MD_No_Lipstick_Lipstick_Elastic_soft_upsampled.csv,270,"End-effector grasping the object, using gentle force, causing soft-deformation, with increasing force."
/home/mdxuser/Genesis/main/data/picked_up_4/upsampled/Perricone_MD_No_Lipstick_Lipstick_Elastic_soft_upsampled.csv,540,"End-effector continue grasping the object, using gentle force, causing soft-deformation, with increasing force."
/home/mdxuser/Genesis/main/data/picked_up_4/upsampled/Perricone_MD_No_Lipstick_Lipstick_Elastic_soft_upsampled.csv,810,"End-effector lifting the object, using gentle force, causing soft-deformation, with increasing force."
/home/mdxuser/Genesis/main/data/picked_up_4/upsampled/Perricone_MD_No_Lipstick_Lipstick_Elastic_soft_upsampled.csv,1080,"End-effector rotating the object, by an angle of 45.0 degrees, using gentle force, causing soft-deformation, with constant force."
/home/mdxuser/Genesis/main/data/picked_up_4/upsampled/Perricone_MD_No_Lipstick_Lipstick_Elastic_soft_upsampled.csv,1350,"End-effector holding position of the object, maintaining a stable hold, using gentle force, causing soft-deformation."
/home/mdxuser/Genesis/main/data/picked_up_4/upsampled/Perricone_MD_No_Lipstick_Lipstick_Elastic_soft_upsampled.csv,1620,"End-effector continue holding position of the object, maintaining a stable hold, using gentle force, causing soft-deformation."
/home/mdxuser/Genesis/main/data/picked_up_4/upsampled/Perricone_MD_No_Lipstick_Lipstick_Elastic_soft_upsampled.csv,1890,The object has been dropped.
/home/mdxuser/Genesis/main/data/picked_up_4/upsampled/Perricone_MD_No_Lipstick_Lipstick_Elastic_soft_upsampled.csv,2160,The object has been dropped.
/home/mdxuser/Genesis/main/data/picked_up_4/upsampled/Perricone_MD_No_Lipstick_Lipstick_Elastic_soft_upsampled.csv,2430,The object has been dropped.
/home/mdxuser/Genesis/main/data/picked_up_4/upsampled/Perricone_MD_No_Lipstick_Lipstick_Elastic_soft_upsampled.csv,2700,The object has been dropped.
/home/mdxuser/Genesis/main/data/picked_up_4/upsampled/Mens_Wave_Driver_Kiltie_Moc_in_Tan_Leather_Elastic_hard_upsampled.csv,0,"End-effector start towards the object, to begin the task."
/home/mdxuser/Genesis/main/data/picked_up_4/upsampled/Mens_Wave_Driver_Kiltie_Moc_in_Tan_Leather_Elastic_hard_upsampled.csv,270,"End-effector grasping the object, using strong force, causing hard-deformation, with increasing force."
/home/mdxuser/Genesis/main/data/picked_up_4/upsampled/Mens_Wave_Driver_Kiltie_Moc_in_Tan_Leather_Elastic_hard_upsampled.csv,540,"End-effector continue grasping the object, using strong force, causing hard-deformation, with increasing force."
/home/mdxuser/Genesis/main/data/picked_up_4/upsampled/Mens_Wave_Driver_Kiltie_Moc_in_Tan_Leather_Elastic_hard_upsampled.csv,810,"End-effector lifting the object, using strong force, causing hard-deformation, with increasing force."
/home/mdxuser/Genesis/main/data/picked_up_4/upsampled/Mens_Wave_Driver_Kiltie_Moc_in_Tan_Leather_Elastic_hard_upsampled.csv,1080,"End-effector rotating the object, by an angle of 45.0 degrees, using strong force, causing hard-deformation, with constant force."
/home/mdxuser/Genesis/main/data/picked_up_4/upsampled/Mens_Wave_Driver_Kiltie_Moc_in_Tan_Leather_Elastic_hard_upsampled.csv,1350,"End-effector continue rotating the object, by an angle of 45.0 degrees, using strong force, causing hard-deformation, with constant force."
/home/mdxuser/Genesis/main/data/picked_up_4/upsampled/Mens_Wave_Driver_Kiltie_Moc_in_Tan_Leather_Elastic_hard_upsampled.csv,1620,The object has been dropped.
/home/mdxuser/Genesis/main/data/picked_up_4/upsampled/Mens_Wave_Driver_Kiltie_Moc_in_Tan_Leather_Elastic_hard_upsampled.csv,1890,The object has been dropped.
/home/mdxuser/Genesis/main/data/picked_up_4/upsampled/Mens_Wave_Driver_Kiltie_Moc_in_Tan_Leather_Elastic_hard_upsampled.csv,2160,The object has been dropped.
/home/mdxuser/Genesis/main/data/picked_up_4/upsampled/Mens_Wave_Driver_Kiltie_Moc_in_Tan_Leather_Elastic_hard_upsampled.csv,2430,The object has been dropped.
/home/mdxuser/Genesis/main/data/picked_up_4/upsampled/Mens_Wave_Driver_Kiltie_Moc_in_Tan_Leather_Elastic_hard_upsampled.csv,2700,The object has been dropped.
/home/mdxuser/Genesis/main/data/picked_up_4/upsampled/ASICS_GELDirt_Dog_4_SunFlameBlack_Elastic_medium_upsampled.csv,0,"End-effector start towards the object, to begin the task."
/home/mdxuser/Genesis/main/data/picked_up_4/upsampled/ASICS_GELDirt_Dog_4_SunFlameBlack_Elastic_medium_upsampled.csv,270,"End-effector grasping the object, using moderate force, causing medium-deformation, with increasing force."
/home/mdxuser/Genesis/main/data/picked_up_4/upsampled/ASICS_GELDirt_Dog_4_SunFlameBlack_Elastic_medium_upsampled.csv,540,"End-effector continue grasping the object, using moderate force, causing medium-deformation, with increasing force."
/home/mdxuser/Genesis/main/data/picked_up_4/upsampled/ASICS_GELDirt_Dog_4_SunFlameBlack_Elastic_medium_upsampled.csv,810,"End-effector lifting the object, using moderate force, causing medium-deformation, with increasing force."
/home/mdxuser/Genesis/main/data/picked_up_4/upsampled/ASICS_GELDirt_Dog_4_SunFlameBlack_Elastic_medium_upsampled.csv,1080,"End-effector rotating the object, by an angle of 45.0 degrees, using moderate force, causing medium-deformation, with constant force."
/home/mdxuser/Genesis/main/data/picked_up_4/upsampled/ASICS_GELDirt_Dog_4_SunFlameBlack_Elastic_medium_upsampled.csv,1350,"End-effector holding position of the object, maintaining a stable hold, using moderate force, causing medium-deformation."
/home/mdxuser/Genesis/main/data/picked_up_4/upsampled/ASICS_GELDirt_Dog_4_SunFlameBlack_Elastic_medium_upsampled.csv,1620,"End-effector continue holding position of the object, maintaining a stable hold, using moderate force, causing medium-deformation."
/home/mdxuser/Genesis/main/data/picked_up_4/upsampled/ASICS_GELDirt_Dog_4_SunFlameBlack_Elastic_medium_upsampled.csv,1890,The object has been dropped.
/home/mdxuser/Genesis/main/data/picked_up_4/upsampled/ASICS_GELDirt_Dog_4_SunFlameBlack_Elastic_medium_upsampled.csv,2160,The object has been dropped.
/home/mdxuser/Genesis/main/data/picked_up_4/upsampled/ASICS_GELDirt_Dog_4_SunFlameBlack_Elastic_medium_upsampled.csv,2430,The object has been dropped.
/home/mdxuser/Genesis/main/data/picked_up_4/upsampled/ASICS_GELDirt_Dog_4_SunFlameBlack_Elastic_medium_upsampled.csv,2700,The object has been dropped.
/home/mdxuser/Genesis/main/data/picked_up_4/upsampled/Black_Elderberry_Syrup_54_oz_Gaia_Herbs_Elastic_hard_upsampled.csv,0,"End-effector start towards the object, to begin the task."
/home/mdxuser/Genesis/main/data/picked_up_4/upsampled/Black_Elderberry_Syrup_54_oz_Gaia_Herbs_Elastic_hard_upsampled.csv,270,"End-effector grasping the object, using strong force, causing hard-deformation, with increasing force."
/home/mdxuser/Genesis/main/data/picked_up_4/upsampled/Black_Elderberry_Syrup_54_oz_Gaia_Herbs_Elastic_hard_upsampled.csv,540,"End-effector continue grasping the object, using strong force, causing hard-deformation, with increasing force."
/home/mdxuser/Genesis/main/data/picked_up_4/upsampled/Black_Elderberry_Syrup_54_oz_Gaia_Herbs_Elastic_hard_upsampled.csv,810,"End-effector lifting the object, using strong force, causing hard-deformation, with increasing force."
/home/mdxuser/Genesis/main/data/picked_up_4/upsampled/Black_Elderberry_Syrup_54_oz_Gaia_Herbs_Elastic_hard_upsampled.csv,1080,"End-effector rotating the object, by an angle of 45.0 degrees, using strong force, causing hard-deformation, with constant force."
/home/mdxuser/Genesis/main/data/picked_up_4/upsampled/Black_Elderberry_Syrup_54_oz_Gaia_Herbs_Elastic_hard_upsampled.csv,1350,"End-effector continue rotating the object, by an angle of 45.0 degrees, using strong force, causing hard-deformation, with constant force."
/home/mdxuser/Genesis/main/data/picked_up_4/upsampled/Black_Elderberry_Syrup_54_oz_Gaia_Herbs_Elastic_hard_upsampled.csv,1620,The object has been dropped.
/home/mdxuser/Genesis/main/data/picked_up_4/upsampled/Black_Elderberry_Syrup_54_oz_Gaia_Herbs_Elastic_hard_upsampled.csv,1890,The object has been dropped.
/home/mdxuser/Genesis/main/data/picked_up_4/upsampled/Black_Elderberry_Syrup_54_oz_Gaia_Herbs_Elastic_hard_upsampled.csv,2160,The object has been dropped.
/home/mdxuser/Genesis/main/data/picked_up_4/upsampled/Black_Elderberry_Syrup_54_oz_Gaia_Herbs_Elastic_hard_upsampled.csv,2430,The object has been dropped.
/home/mdxuser/Genesis/main/data/picked_up_4/upsampled/Black_Elderberry_Syrup_54_oz_Gaia_Herbs_Elastic_hard_upsampled.csv,2700,The object has been dropped.
/home/mdxuser/Genesis/main/data/picked_up_4/upsampled/Mens_Mako_Canoe_Moc_2Eye_Boat_Shoe_in_OysterTaupe_otyRrfvPMiA_Elastic_medium_upsampled.csv,0,"End-effector start towards the object, to begin the task."
/home/mdxuser/Genesis/main/data/picked_up_4/upsampled/Mens_Mako_Canoe_Moc_2Eye_Boat_Shoe_in_OysterTaupe_otyRrfvPMiA_Elastic_medium_upsampled.csv,270,"End-effector grasping the object, using moderate force, causing medium-deformation, with increasing force."
/home/mdxuser/Genesis/main/data/picked_up_4/upsampled/Mens_Mako_Canoe_Moc_2Eye_Boat_Shoe_in_OysterTaupe_otyRrfvPMiA_Elastic_medium_upsampled.csv,540,"End-effector continue grasping the object, using moderate force, causing medium-deformation, with increasing force."
/home/mdxuser/Genesis/main/data/picked_up_4/upsampled/Mens_Mako_Canoe_Moc_2Eye_Boat_Shoe_in_OysterTaupe_otyRrfvPMiA_Elastic_medium_upsampled.csv,810,"End-effector lifting the object, using moderate force, causing medium-deformation, with increasing force."
/home/mdxuser/Genesis/main/data/picked_up_4/upsampled/Mens_Mako_Canoe_Moc_2Eye_Boat_Shoe_in_OysterTaupe_otyRrfvPMiA_Elastic_medium_upsampled.csv,1080,"End-effector rotating the object, by an angle of 45.0 degrees, using moderate force, causing medium-deformation, with constant force."
/home/mdxuser/Genesis/main/data/picked_up_4/upsampled/Mens_Mako_Canoe_Moc_2Eye_Boat_Shoe_in_OysterTaupe_otyRrfvPMiA_Elastic_medium_upsampled.csv,1350,"End-effector holding position of the object, maintaining a stable hold, using moderate force, causing medium-deformation."
/home/mdxuser/Genesis/main/data/picked_up_4/upsampled/Mens_Mako_Canoe_Moc_2Eye_Boat_Shoe_in_OysterTaupe_otyRrfvPMiA_Elastic_medium_upsampled.csv,1620,"End-effector continue holding position of the object, maintaining a stable hold, using moderate force, causing medium-deformation."
/home/mdxuser/Genesis/main/data/picked_up_4/upsampled/Mens_Mako_Canoe_Moc_2Eye_Boat_Shoe_in_OysterTaupe_otyRrfvPMiA_Elastic_medium_upsampled.csv,1890,"End-effector rotating the object, by an angle of 45.0 degrees, using moderate force, causing medium-deformation, with constant force."
/home/mdxuser/Genesis/main/data/picked_up_4/upsampled/Mens_Mako_Canoe_Moc_2Eye_Boat_Shoe_in_OysterTaupe_otyRrfvPMiA_Elastic_medium_upsampled.csv,2160,"End-effector continue rotating the object, by an angle of 45.0 degrees, using moderate force, causing medium-deformation, with constant force."
/home/mdxuser/Genesis/main/data/picked_up_4/upsampled/Mens_Mako_Canoe_Moc_2Eye_Boat_Shoe_in_OysterTaupe_otyRrfvPMiA_Elastic_medium_upsampled.csv,2430,The object has been dropped.
/home/mdxuser/Genesis/main/data/picked_up_4/upsampled/Mens_Mako_Canoe_Moc_2Eye_Boat_Shoe_in_OysterTaupe_otyRrfvPMiA_Elastic_medium_upsampled.csv,2700,The object has been dropped.
/home/mdxuser/Genesis/main/data/picked_up_4/upsampled/JarroDophilusFOS_Value_Size_Elastic_hard_upsampled.csv,0,"End-effector start towards the object, to begin the task."
/home/mdxuser/Genesis/main/data/picked_up_4/upsampled/JarroDophilusFOS_Value_Size_Elastic_hard_upsampled.csv,270,"End-effector grasping the object, using strong force, causing hard-deformation, with increasing force."
/home/mdxuser/Genesis/main/data/picked_up_4/upsampled/JarroDophilusFOS_Value_Size_Elastic_hard_upsampled.csv,540,"End-effector continue grasping the object, using strong force, causing hard-deformation, with increasing force."
/home/mdxuser/Genesis/main/data/picked_up_4/upsampled/JarroDophilusFOS_Value_Size_Elastic_hard_upsampled.csv,810,"End-effector lifting the object, using strong force, causing hard-deformation, with increasing force."
/home/mdxuser/Genesis/main/data/picked_up_4/upsampled/JarroDophilusFOS_Value_Size_Elastic_hard_upsampled.csv,1080,"End-effector rotating the object, by an angle of 45.0 degrees, using strong force, causing hard-deformation, with constant force."
/home/mdxuser/Genesis/main/data/picked_up_4/upsampled/JarroDophilusFOS_Value_Size_Elastic_hard_upsampled.csv,1350,"End-effector continue rotating the object, by an angle of 45.0 degrees, using strong force, causing hard-deformation, with constant force."
/home/mdxuser/Genesis/main/data/picked_up_4/upsampled/JarroDophilusFOS_Value_Size_Elastic_hard_upsampled.csv,1620,"End-effector holding position of the object, maintaining a stable hold, using strong force, causing hard-deformation."
/home/mdxuser/Genesis/main/data/picked_up_4/upsampled/JarroDophilusFOS_Value_Size_Elastic_hard_upsampled.csv,1890,"End-effector rotating the object, by an angle of 30.0 degrees, using strong force, causing hard-deformation, with constant force."
/home/mdxuser/Genesis/main/data/picked_up_4/upsampled/JarroDophilusFOS_Value_Size_Elastic_hard_upsampled.csv,2160,"End-effector continue rotating the object, by an angle of 30.0 degrees, using strong force, causing hard-deformation, with constant force."
/home/mdxuser/Genesis/main/data/picked_up_4/upsampled/JarroDophilusFOS_Value_Size_Elastic_hard_upsampled.csv,2430,"End-effector holding position of the object, maintaining a stable hold, using strong force, causing hard-deformation."
/home/mdxuser/Genesis/main/data/picked_up_4/upsampled/JarroDophilusFOS_Value_Size_Elastic_hard_upsampled.csv,2700,"End-effector stopping the object, using zero-force, causing undeformed shape."
/home/mdxuser/Genesis/main/data/picked_up_4/upsampled/Black_Decker_Stainless_Steel_Toaster_4_Slice_Elastic_soft_upsampled.csv,0,"End-effector start towards the object, to begin the task."
/home/mdxuser/Genesis/main/data/picked_up_4/upsampled/Black_Decker_Stainless_Steel_Toaster_4_Slice_Elastic_soft_upsampled.csv,270,"End-effector grasping the object, using gentle force, causing soft-deformation, with increasing force."
/home/mdxuser/Genesis/main/data/picked_up_4/upsampled/Black_Decker_Stainless_Steel_Toaster_4_Slice_Elastic_soft_upsampled.csv,540,"End-effector continue grasping the object, using gentle force, causing soft-deformation, with increasing force."
/home/mdxuser/Genesis/main/data/picked_up_4/upsampled/Black_Decker_Stainless_Steel_Toaster_4_Slice_Elastic_soft_upsampled.csv,810,"End-effector lifting the object, using gentle force, causing soft-deformation, with increasing force."
/home/mdxuser/Genesis/main/data/picked_up_4/upsampled/Black_Decker_Stainless_Steel_Toaster_4_Slice_Elastic_soft_upsampled.csv,1080,"End-effector rotating the object, by an angle of 45.0 degrees, using gentle force, causing soft-deformation, with constant force."
/home/mdxuser/Genesis/main/data/picked_up_4/upsampled/Black_Decker_Stainless_Steel_Toaster_4_Slice_Elastic_soft_upsampled.csv,1350,"End-effector continue rotating the object, by an angle of 45.0 degrees, using gentle force, causing soft-deformation, with constant force."
/home/mdxuser/Genesis/main/data/picked_up_4/upsampled/Black_Decker_Stainless_Steel_Toaster_4_Slice_Elastic_soft_upsampled.csv,1620,"End-effector holding position of the object, maintaining a stable hold, using gentle force, causing soft-deformation."
/home/mdxuser/Genesis/main/data/picked_up_4/upsampled/Black_Decker_Stainless_Steel_Toaster_4_Slice_Elastic_soft_upsampled.csv,1890,"End-effector rotating the object, by an angle of 30.0 degrees, using gentle force, causing soft-deformation, with constant force."
/home/mdxuser/Genesis/main/data/picked_up_4/upsampled/Black_Decker_Stainless_Steel_Toaster_4_Slice_Elastic_soft_upsampled.csv,2160,"End-effector continue rotating the object, by an angle of 30.0 degrees, using gentle force, causing soft-deformation, with constant force."
/home/mdxuser/Genesis/main/data/picked_up_4/upsampled/Black_Decker_Stainless_Steel_Toaster_4_Slice_Elastic_soft_upsampled.csv,2430,"End-effector holding position of the object, maintaining a stable hold, using gentle force, causing soft-deformation."
/home/mdxuser/Genesis/main/data/picked_up_4/upsampled/Black_Decker_Stainless_Steel_Toaster_4_Slice_Elastic_soft_upsampled.csv,2700,The object has been dropped.
/home/mdxuser/Genesis/main/data/picked_up_4/upsampled/Bifidus_Balance_FOS_Elastic_medium_upsampled.csv,0,"End-effector start towards the object, to begin the task."
/home/mdxuser/Genesis/main/data/picked_up_4/upsampled/Bifidus_Balance_FOS_Elastic_medium_upsampled.csv,270,"End-effector grasping the object, using moderate force, causing medium-deformation, with increasing force."
/home/mdxuser/Genesis/main/data/picked_up_4/upsampled/Bifidus_Balance_FOS_Elastic_medium_upsampled.csv,540,"End-effector continue grasping the object, using moderate force, causing medium-deformation, with increasing force."
/home/mdxuser/Genesis/main/data/picked_up_4/upsampled/Bifidus_Balance_FOS_Elastic_medium_upsampled.csv,810,"End-effector lifting the object, using moderate force, causing medium-deformation, with increasing force."
/home/mdxuser/Genesis/main/data/picked_up_4/upsampled/Bifidus_Balance_FOS_Elastic_medium_upsampled.csv,1080,"End-effector rotating the object, by an angle of 30.0 degrees, using moderate force, causing medium-deformation, with constant force."
/home/mdxuser/Genesis/main/data/picked_up_4/upsampled/Bifidus_Balance_FOS_Elastic_medium_upsampled.csv,1350,"End-effector continue rotating the object, by an angle of 30.0 degrees, using moderate force, causing medium-deformation, with constant force."
/home/mdxuser/Genesis/main/data/picked_up_4/upsampled/Bifidus_Balance_FOS_Elastic_medium_upsampled.csv,1620,"End-effector holding position of the object, maintaining a stable hold, using moderate force, causing medium-deformation."
/home/mdxuser/Genesis/main/data/picked_up_4/upsampled/Bifidus_Balance_FOS_Elastic_medium_upsampled.csv,1890,"End-effector rotating the object, by an angle of 45.0 degrees, using moderate force, causing medium-deformation, with constant force."
/home/mdxuser/Genesis/main/data/picked_up_4/upsampled/Bifidus_Balance_FOS_Elastic_medium_upsampled.csv,2160,"End-effector continue rotating the object, by an angle of 45.0 degrees, using moderate force, causing medium-deformation, with constant force."
/home/mdxuser/Genesis/main/data/picked_up_4/upsampled/Bifidus_Balance_FOS_Elastic_medium_upsampled.csv,2430,"End-effector holding position of the object, maintaining a stable hold, using moderate force, causing medium-deformation."
/home/mdxuser/Genesis/main/data/picked_up_4/upsampled/Bifidus_Balance_FOS_Elastic_medium_upsampled.csv,2700,"End-effector stopping the object, using zero-force, causing undeformed shape."
/home/mdxuser/Genesis/main/data/picked_up_4/upsampled/Cootie_Game_tDhURNbfU5J_Elastic_medium_upsampled.csv,0,"End-effector start towards the object, to begin the task."
/home/mdxuser/Genesis/main/data/picked_up_4/upsampled/Cootie_Game_tDhURNbfU5J_Elastic_medium_upsampled.csv,270,"End-effector grasping the object, using moderate force, causing medium-deformation, with increasing force."
/home/mdxuser/Genesis/main/data/picked_up_4/upsampled/Cootie_Game_tDhURNbfU5J_Elastic_medium_upsampled.csv,540,"End-effector continue grasping the object, using moderate force, causing medium-deformation, with increasing force."
/home/mdxuser/Genesis/main/data/picked_up_4/upsampled/Cootie_Game_tDhURNbfU5J_Elastic_medium_upsampled.csv,810,"End-effector lifting the object, using moderate force, causing medium-deformation, with increasing force."
/home/mdxuser/Genesis/main/data/picked_up_4/upsampled/Cootie_Game_tDhURNbfU5J_Elastic_medium_upsampled.csv,1080,"End-effector rotating the object, by an angle of 45.0 degrees, using moderate force, causing medium-deformation, with constant force."
/home/mdxuser/Genesis/main/data/picked_up_4/upsampled/Cootie_Game_tDhURNbfU5J_Elastic_medium_upsampled.csv,1350,"End-effector holding position of the object, maintaining a stable hold, using moderate force, causing medium-deformation."
/home/mdxuser/Genesis/main/data/picked_up_4/upsampled/Cootie_Game_tDhURNbfU5J_Elastic_medium_upsampled.csv,1620,"End-effector continue holding position of the object, maintaining a stable hold, using moderate force, causing medium-deformation."
/home/mdxuser/Genesis/main/data/picked_up_4/upsampled/Cootie_Game_tDhURNbfU5J_Elastic_medium_upsampled.csv,1890,"End-effector rotating the object, by an angle of 45.0 degrees, using moderate force, causing medium-deformation, with constant force."
/home/mdxuser/Genesis/main/data/picked_up_4/upsampled/Cootie_Game_tDhURNbfU5J_Elastic_medium_upsampled.csv,2160,"End-effector holding position of the object, maintaining a stable hold, using moderate force, causing medium-deformation."
/home/mdxuser/Genesis/main/data/picked_up_4/upsampled/Cootie_Game_tDhURNbfU5J_Elastic_medium_upsampled.csv,2430,"End-effector continue holding position of the object, maintaining a stable hold, using moderate force, causing medium-deformation."
/home/mdxuser/Genesis/main/data/picked_up_4/upsampled/Cootie_Game_tDhURNbfU5J_Elastic_medium_upsampled.csv,2700,"End-effector stopping the object, using zero-force, causing undeformed shape."
/home/mdxuser/Genesis/main/data/picked_up_4/upsampled/Office_Depot_HP_920XL_920_High_Yield_Black_and_Standard_CMY_Color_Ink_Cartridges_Elastic_hard_upsampled.csv,0,"End-effector start towards the object, to begin the task."
/home/mdxuser/Genesis/main/data/picked_up_4/upsampled/Office_Depot_HP_920XL_920_High_Yield_Black_and_Standard_CMY_Color_Ink_Cartridges_Elastic_hard_upsampled.csv,270,"End-effector grasping the object, using strong force, causing hard-deformation, with increasing force."
/home/mdxuser/Genesis/main/data/picked_up_4/upsampled/Office_Depot_HP_920XL_920_High_Yield_Black_and_Standard_CMY_Color_Ink_Cartridges_Elastic_hard_upsampled.csv,540,"End-effector continue grasping the object, using strong force, causing hard-deformation, with increasing force."
/home/mdxuser/Genesis/main/data/picked_up_4/upsampled/Office_Depot_HP_920XL_920_High_Yield_Black_and_Standard_CMY_Color_Ink_Cartridges_Elastic_hard_upsampled.csv,810,"End-effector lifting the object, using strong force, causing hard-deformation, with increasing force."
/home/mdxuser/Genesis/main/data/picked_up_4/upsampled/Office_Depot_HP_920XL_920_High_Yield_Black_and_Standard_CMY_Color_Ink_Cartridges_Elastic_hard_upsampled.csv,1080,"End-effector rotating the object, by an angle of 45.0 degrees, using strong force, causing hard-deformation, with constant force."
/home/mdxuser/Genesis/main/data/picked_up_4/upsampled/Office_Depot_HP_920XL_920_High_Yield_Black_and_Standard_CMY_Color_Ink_Cartridges_Elastic_hard_upsampled.csv,1350,"End-effector holding position of the object, maintaining a stable hold, using strong force, causing hard-deformation."
/home/mdxuser/Genesis/main/data/picked_up_4/upsampled/Office_Depot_HP_920XL_920_High_Yield_Black_and_Standard_CMY_Color_Ink_Cartridges_Elastic_hard_upsampled.csv,1620,"End-effector continue holding position of the object, maintaining a stable hold, using strong force, causing hard-deformation."
/home/mdxuser/Genesis/main/data/picked_up_4/upsampled/Office_Depot_HP_920XL_920_High_Yield_Black_and_Standard_CMY_Color_Ink_Cartridges_Elastic_hard_upsampled.csv,1890,"End-effector rotating the object, by an angle of 45.0 degrees, using strong force, causing hard-deformation, with constant force."
/home/mdxuser/Genesis/main/data/picked_up_4/upsampled/Office_Depot_HP_920XL_920_High_Yield_Black_and_Standard_CMY_Color_Ink_Cartridges_Elastic_hard_upsampled.csv,2160,"End-effector continue rotating the object, by an angle of 45.0 degrees, using strong force, causing hard-deformation, with constant force."
/home/mdxuser/Genesis/main/data/picked_up_4/upsampled/Office_Depot_HP_920XL_920_High_Yield_Black_and_Standard_CMY_Color_Ink_Cartridges_Elastic_hard_upsampled.csv,2430,"End-effector holding position of the object, maintaining a stable hold, using strong force, causing hard-deformation."
/home/mdxuser/Genesis/main/data/picked_up_4/upsampled/Office_Depot_HP_920XL_920_High_Yield_Black_and_Standard_CMY_Color_Ink_Cartridges_Elastic_hard_upsampled.csv,2700,"End-effector stopping the object, using zero-force, causing undeformed shape."
/home/mdxuser/Genesis/main/data/picked_up_4/upsampled/3D_Dollhouse_Refrigerator_Elastic_hard_upsampled.csv,0,"End-effector start towards the object, to begin the task."
/home/mdxuser/Genesis/main/data/picked_up_4/upsampled/3D_Dollhouse_Refrigerator_Elastic_hard_upsampled.csv,270,"End-effector grasping the object, using strong force, causing hard-deformation, with increasing force."
/home/mdxuser/Genesis/main/data/picked_up_4/upsampled/3D_Dollhouse_Refrigerator_Elastic_hard_upsampled.csv,540,"End-effector continue grasping the object, using strong force, causing hard-deformation, with increasing force."
/home/mdxuser/Genesis/main/data/picked_up_4/upsampled/3D_Dollhouse_Refrigerator_Elastic_hard_upsampled.csv,810,"End-effector lifting the object, using strong force, causing hard-deformation, with increasing force."
/home/mdxuser/Genesis/main/data/picked_up_4/upsampled/3D_Dollhouse_Refrigerator_Elastic_hard_upsampled.csv,1080,"End-effector rotating the object, by an angle of 30.0 degrees, using strong force, causing hard-deformation, with constant force."
/home/mdxuser/Genesis/main/data/picked_up_4/upsampled/3D_Dollhouse_Refrigerator_Elastic_hard_upsampled.csv,1350,"End-effector continue rotating the object, by an angle of 30.0 degrees, using strong force, causing hard-deformation, with constant force."
/home/mdxuser/Genesis/main/data/picked_up_4/upsampled/3D_Dollhouse_Refrigerator_Elastic_hard_upsampled.csv,1620,"End-effector holding position of the object, maintaining a stable hold, using strong force, causing hard-deformation."
/home/mdxuser/Genesis/main/data/picked_up_4/upsampled/3D_Dollhouse_Refrigerator_Elastic_hard_upsampled.csv,1890,The object has been dropped.
/home/mdxuser/Genesis/main/data/picked_up_4/upsampled/3D_Dollhouse_Refrigerator_Elastic_hard_upsampled.csv,2160,The object has been dropped.
/home/mdxuser/Genesis/main/data/picked_up_4/upsampled/3D_Dollhouse_Refrigerator_Elastic_hard_upsampled.csv,2430,The object has been dropped.
/home/mdxuser/Genesis/main/data/picked_up_4/upsampled/3D_Dollhouse_Refrigerator_Elastic_hard_upsampled.csv,2700,The object has been dropped.
/home/mdxuser/Genesis/main/data/picked_up_4/upsampled/Cole_Hardware_Electric_Pot_Cabana_55_Elastic_soft_upsampled.csv,0,"End-effector start towards the object, to begin the task."
/home/mdxuser/Genesis/main/data/picked_up_4/upsampled/Cole_Hardware_Electric_Pot_Cabana_55_Elastic_soft_upsampled.csv,270,"End-effector grasping the object, using gentle force, causing soft-deformation, with increasing force."
/home/mdxuser/Genesis/main/data/picked_up_4/upsampled/Cole_Hardware_Electric_Pot_Cabana_55_Elastic_soft_upsampled.csv,540,"End-effector continue grasping the object, using gentle force, causing soft-deformation, with increasing force."
/home/mdxuser/Genesis/main/data/picked_up_4/upsampled/Cole_Hardware_Electric_Pot_Cabana_55_Elastic_soft_upsampled.csv,810,"End-effector lifting the object, using gentle force, causing soft-deformation, with increasing force."
/home/mdxuser/Genesis/main/data/picked_up_4/upsampled/Cole_Hardware_Electric_Pot_Cabana_55_Elastic_soft_upsampled.csv,1080,"End-effector rotating the object, by an angle of 45.0 degrees, using gentle force, causing soft-deformation, with constant force."
/home/mdxuser/Genesis/main/data/picked_up_4/upsampled/Cole_Hardware_Electric_Pot_Cabana_55_Elastic_soft_upsampled.csv,1350,"End-effector holding position of the object, maintaining a stable hold, using gentle force, causing soft-deformation."
/home/mdxuser/Genesis/main/data/picked_up_4/upsampled/Cole_Hardware_Electric_Pot_Cabana_55_Elastic_soft_upsampled.csv,1620,"End-effector continue holding position of the object, maintaining a stable hold, using gentle force, causing soft-deformation."
/home/mdxuser/Genesis/main/data/picked_up_4/upsampled/Cole_Hardware_Electric_Pot_Cabana_55_Elastic_soft_upsampled.csv,1890,"End-effector rotating the object, by an angle of 45.0 degrees, using gentle force, causing soft-deformation, with constant force."
/home/mdxuser/Genesis/main/data/picked_up_4/upsampled/Cole_Hardware_Electric_Pot_Cabana_55_Elastic_soft_upsampled.csv,2160,"End-effector holding position of the object, maintaining a stable hold, using gentle force, causing soft-deformation."
/home/mdxuser/Genesis/main/data/picked_up_4/upsampled/Cole_Hardware_Electric_Pot_Cabana_55_Elastic_soft_upsampled.csv,2430,"End-effector continue holding position of the object, maintaining a stable hold, using gentle force, causing soft-deformation."
/home/mdxuser/Genesis/main/data/picked_up_4/upsampled/Cole_Hardware_Electric_Pot_Cabana_55_Elastic_soft_upsampled.csv,2700,"End-effector stopping the object, using zero-force, causing undeformed shape."
/home/mdxuser/Genesis/main/data/picked_up_4/upsampled/Beetle_Adventure_Racing_Nintendo_64_Elastic_hard_upsampled.csv,0,"End-effector start towards the object, to begin the task."
/home/mdxuser/Genesis/main/data/picked_up_4/upsampled/Beetle_Adventure_Racing_Nintendo_64_Elastic_hard_upsampled.csv,270,"End-effector grasping the object, using strong force, causing hard-deformation, with increasing force."
/home/mdxuser/Genesis/main/data/picked_up_4/upsampled/Beetle_Adventure_Racing_Nintendo_64_Elastic_hard_upsampled.csv,540,"End-effector continue grasping the object, using strong force, causing hard-deformation, with increasing force."
/home/mdxuser/Genesis/main/data/picked_up_4/upsampled/Beetle_Adventure_Racing_Nintendo_64_Elastic_hard_upsampled.csv,810,"End-effector lifting the object, using strong force, causing hard-deformation, with increasing force."
/home/mdxuser/Genesis/main/data/picked_up_4/upsampled/Beetle_Adventure_Racing_Nintendo_64_Elastic_hard_upsampled.csv,1080,"End-effector rotating the object, by an angle of 30.0 degrees, using strong force, causing hard-deformation, with constant force."
/home/mdxuser/Genesis/main/data/picked_up_4/upsampled/Beetle_Adventure_Racing_Nintendo_64_Elastic_hard_upsampled.csv,1350,"End-effector continue rotating the object, by an angle of 30.0 degrees, using strong force, causing hard-deformation, with constant force."
/home/mdxuser/Genesis/main/data/picked_up_4/upsampled/Beetle_Adventure_Racing_Nintendo_64_Elastic_hard_upsampled.csv,1620,"End-effector holding position of the object, maintaining a stable hold, using strong force, causing hard-deformation."
/home/mdxuser/Genesis/main/data/picked_up_4/upsampled/Beetle_Adventure_Racing_Nintendo_64_Elastic_hard_upsampled.csv,1890,"End-effector rotating the object, by an angle of 30.0 degrees, using strong force, causing hard-deformation, with constant force."
/home/mdxuser/Genesis/main/data/picked_up_4/upsampled/Beetle_Adventure_Racing_Nintendo_64_Elastic_hard_upsampled.csv,2160,"End-effector continue rotating the object, by an angle of 30.0 degrees, using strong force, causing hard-deformation, with constant force."
/home/mdxuser/Genesis/main/data/picked_up_4/upsampled/Beetle_Adventure_Racing_Nintendo_64_Elastic_hard_upsampled.csv,2430,"End-effector holding position of the object, maintaining a stable hold, using strong force, causing hard-deformation."
/home/mdxuser/Genesis/main/data/picked_up_4/upsampled/Beetle_Adventure_Racing_Nintendo_64_Elastic_hard_upsampled.csv,2700,"End-effector stopping the object, using zero-force, causing undeformed shape."
/home/mdxuser/Genesis/main/data/picked_up_4/upsampled/adistar_boost_m_Elastic_hard_upsampled.csv,0,"End-effector start towards the object, to begin the task."
/home/mdxuser/Genesis/main/data/picked_up_4/upsampled/adistar_boost_m_Elastic_hard_upsampled.csv,270,"End-effector grasping the object, using strong force, causing hard-deformation, with increasing force."
/home/mdxuser/Genesis/main/data/picked_up_4/upsampled/adistar_boost_m_Elastic_hard_upsampled.csv,540,"End-effector continue grasping the object, using strong force, causing hard-deformation, with increasing force."
/home/mdxuser/Genesis/main/data/picked_up_4/upsampled/adistar_boost_m_Elastic_hard_upsampled.csv,810,"End-effector lifting the object, using strong force, causing hard-deformation, with increasing force."
/home/mdxuser/Genesis/main/data/picked_up_4/upsampled/adistar_boost_m_Elastic_hard_upsampled.csv,1080,"End-effector rotating the object, by an angle of 30.0 degrees, using strong force, causing hard-deformation, with constant force."
/home/mdxuser/Genesis/main/data/picked_up_4/upsampled/adistar_boost_m_Elastic_hard_upsampled.csv,1350,"End-effector continue rotating the object, by an angle of 30.0 degrees, using strong force, causing hard-deformation, with constant force."
/home/mdxuser/Genesis/main/data/picked_up_4/upsampled/adistar_boost_m_Elastic_hard_upsampled.csv,1620,"End-effector holding position of the object, maintaining a stable hold, using strong force, causing hard-deformation."
/home/mdxuser/Genesis/main/data/picked_up_4/upsampled/adistar_boost_m_Elastic_hard_upsampled.csv,1890,"End-effector rotating the object, by an angle of 30.0 degrees, using strong force, causing hard-deformation, with constant force."
/home/mdxuser/Genesis/main/data/picked_up_4/upsampled/adistar_boost_m_Elastic_hard_upsampled.csv,2160,"End-effector continue rotating the object, by an angle of 30.0 degrees, using strong force, causing hard-deformation, with constant force."
/home/mdxuser/Genesis/main/data/picked_up_4/upsampled/adistar_boost_m_Elastic_hard_upsampled.csv,2430,The object has been dropped.
/home/mdxuser/Genesis/main/data/picked_up_4/upsampled/adistar_boost_m_Elastic_hard_upsampled.csv,2700,The object has been dropped.
/home/mdxuser/Genesis/main/data/picked_up_4/upsampled/ASICS_GELChallenger_9_Royal_BlueWhiteBlack_Elastic_medium_upsampled.csv,0,"End-effector start towards the object, to begin the task."
/home/mdxuser/Genesis/main/data/picked_up_4/upsampled/ASICS_GELChallenger_9_Royal_BlueWhiteBlack_Elastic_medium_upsampled.csv,270,"End-effector grasping the object, using moderate force, causing medium-deformation, with increasing force."
/home/mdxuser/Genesis/main/data/picked_up_4/upsampled/ASICS_GELChallenger_9_Royal_BlueWhiteBlack_Elastic_medium_upsampled.csv,540,"End-effector continue grasping the object, using moderate force, causing medium-deformation, with increasing force."
/home/mdxuser/Genesis/main/data/picked_up_4/upsampled/ASICS_GELChallenger_9_Royal_BlueWhiteBlack_Elastic_medium_upsampled.csv,810,"End-effector lifting the object, using moderate force, causing medium-deformation, with increasing force."
/home/mdxuser/Genesis/main/data/picked_up_4/upsampled/ASICS_GELChallenger_9_Royal_BlueWhiteBlack_Elastic_medium_upsampled.csv,1080,"End-effector rotating the object, by an angle of 45.0 degrees, using moderate force, causing medium-deformation, with constant force."
/home/mdxuser/Genesis/main/data/picked_up_4/upsampled/ASICS_GELChallenger_9_Royal_BlueWhiteBlack_Elastic_medium_upsampled.csv,1350,"End-effector continue rotating the object, by an angle of 45.0 degrees, using moderate force, causing medium-deformation, with constant force."
/home/mdxuser/Genesis/main/data/picked_up_4/upsampled/ASICS_GELChallenger_9_Royal_BlueWhiteBlack_Elastic_medium_upsampled.csv,1620,"End-effector holding position of the object, maintaining a stable hold, using moderate force, causing medium-deformation."
/home/mdxuser/Genesis/main/data/picked_up_4/upsampled/ASICS_GELChallenger_9_Royal_BlueWhiteBlack_Elastic_medium_upsampled.csv,1890,"End-effector rotating the object, by an angle of 30.0 degrees, using moderate force, causing medium-deformation, with constant force."
/home/mdxuser/Genesis/main/data/picked_up_4/upsampled/ASICS_GELChallenger_9_Royal_BlueWhiteBlack_Elastic_medium_upsampled.csv,2160,"End-effector continue rotating the object, by an angle of 30.0 degrees, using moderate force, causing medium-deformation, with constant force."
/home/mdxuser/Genesis/main/data/picked_up_4/upsampled/ASICS_GELChallenger_9_Royal_BlueWhiteBlack_Elastic_medium_upsampled.csv,2430,The object has been dropped.
/home/mdxuser/Genesis/main/data/picked_up_4/upsampled/ASICS_GELChallenger_9_Royal_BlueWhiteBlack_Elastic_medium_upsampled.csv,2700,The object has been dropped.
/home/mdxuser/Genesis/main/data/picked_up_4/upsampled/Nickelodeon_Teenage_Mutant_Ninja_Turtles_Raphael_Elastic_hard_upsampled.csv,0,"End-effector start towards the object, to begin the task."
/home/mdxuser/Genesis/main/data/picked_up_4/upsampled/Nickelodeon_Teenage_Mutant_Ninja_Turtles_Raphael_Elastic_hard_upsampled.csv,270,"End-effector grasping the object, using strong force, causing hard-deformation, with increasing force."
/home/mdxuser/Genesis/main/data/picked_up_4/upsampled/Nickelodeon_Teenage_Mutant_Ninja_Turtles_Raphael_Elastic_hard_upsampled.csv,540,"End-effector continue grasping the object, using strong force, causing hard-deformation, with increasing force."
/home/mdxuser/Genesis/main/data/picked_up_4/upsampled/Nickelodeon_Teenage_Mutant_Ninja_Turtles_Raphael_Elastic_hard_upsampled.csv,810,"End-effector lifting the object, using strong force, causing hard-deformation, with increasing force."
/home/mdxuser/Genesis/main/data/picked_up_4/upsampled/Nickelodeon_Teenage_Mutant_Ninja_Turtles_Raphael_Elastic_hard_upsampled.csv,1080,"End-effector rotating the object, by an angle of 45.0 degrees, using strong force, causing hard-deformation, with constant force."
/home/mdxuser/Genesis/main/data/picked_up_4/upsampled/Nickelodeon_Teenage_Mutant_Ninja_Turtles_Raphael_Elastic_hard_upsampled.csv,1350,"End-effector holding position of the object, maintaining a stable hold, using strong force, causing hard-deformation."
/home/mdxuser/Genesis/main/data/picked_up_4/upsampled/Nickelodeon_Teenage_Mutant_Ninja_Turtles_Raphael_Elastic_hard_upsampled.csv,1620,"End-effector continue holding position of the object, maintaining a stable hold, using strong force, causing hard-deformation."
/home/mdxuser/Genesis/main/data/picked_up_4/upsampled/Nickelodeon_Teenage_Mutant_Ninja_Turtles_Raphael_Elastic_hard_upsampled.csv,1890,"End-effector rotating the object, by an angle of 30.0 degrees, using strong force, causing hard-deformation, with constant force."
/home/mdxuser/Genesis/main/data/picked_up_4/upsampled/Nickelodeon_Teenage_Mutant_Ninja_Turtles_Raphael_Elastic_hard_upsampled.csv,2160,"End-effector continue rotating the object, by an angle of 30.0 degrees, using strong force, causing hard-deformation, with constant force."
/home/mdxuser/Genesis/main/data/picked_up_4/upsampled/Nickelodeon_Teenage_Mutant_Ninja_Turtles_Raphael_Elastic_hard_upsampled.csv,2430,"End-effector holding position of the object, maintaining a stable hold, using strong force, causing hard-deformation."
/home/mdxuser/Genesis/main/data/picked_up_4/upsampled/Nickelodeon_Teenage_Mutant_Ninja_Turtles_Raphael_Elastic_hard_upsampled.csv,2700,The object has been dropped.
/home/mdxuser/Genesis/main/data/picked_up_4/upsampled/CASTLE_BLOCKS_Elastic_medium_upsampled.csv,0,"End-effector start towards the object, to begin the task."
/home/mdxuser/Genesis/main/data/picked_up_4/upsampled/CASTLE_BLOCKS_Elastic_medium_upsampled.csv,270,"End-effector grasping the object, using moderate force, causing medium-deformation, with increasing force."
/home/mdxuser/Genesis/main/data/picked_up_4/upsampled/CASTLE_BLOCKS_Elastic_medium_upsampled.csv,540,"End-effector continue grasping the object, using moderate force, causing medium-deformation, with increasing force."
/home/mdxuser/Genesis/main/data/picked_up_4/upsampled/CASTLE_BLOCKS_Elastic_medium_upsampled.csv,810,"End-effector lifting the object, using moderate force, causing medium-deformation, with increasing force."
/home/mdxuser/Genesis/main/data/picked_up_4/upsampled/CASTLE_BLOCKS_Elastic_medium_upsampled.csv,1080,"End-effector rotating the object, by an angle of 45.0 degrees, using moderate force, causing medium-deformation, with constant force."
/home/mdxuser/Genesis/main/data/picked_up_4/upsampled/CASTLE_BLOCKS_Elastic_medium_upsampled.csv,1350,The object has been dropped.
/home/mdxuser/Genesis/main/data/picked_up_4/upsampled/CASTLE_BLOCKS_Elastic_medium_upsampled.csv,1620,The object has been dropped.
/home/mdxuser/Genesis/main/data/picked_up_4/upsampled/CASTLE_BLOCKS_Elastic_medium_upsampled.csv,1890,The object has been dropped.
/home/mdxuser/Genesis/main/data/picked_up_4/upsampled/CASTLE_BLOCKS_Elastic_medium_upsampled.csv,2160,The object has been dropped.
/home/mdxuser/Genesis/main/data/picked_up_4/upsampled/CASTLE_BLOCKS_Elastic_medium_upsampled.csv,2430,The object has been dropped.
/home/mdxuser/Genesis/main/data/picked_up_4/upsampled/CASTLE_BLOCKS_Elastic_medium_upsampled.csv,2700,The object has been dropped.
/home/mdxuser/Genesis/main/data/picked_up_4/upsampled/Dixie_10_ounce_Bowls_35_ct_Elastic_hard_upsampled.csv,0,"End-effector start towards the object, to begin the task."
/home/mdxuser/Genesis/main/data/picked_up_4/upsampled/Dixie_10_ounce_Bowls_35_ct_Elastic_hard_upsampled.csv,270,"End-effector grasping the object, using strong force, causing hard-deformation, with increasing force."
/home/mdxuser/Genesis/main/data/picked_up_4/upsampled/Dixie_10_ounce_Bowls_35_ct_Elastic_hard_upsampled.csv,540,"End-effector continue grasping the object, using strong force, causing hard-deformation, with increasing force."
/home/mdxuser/Genesis/main/data/picked_up_4/upsampled/Dixie_10_ounce_Bowls_35_ct_Elastic_hard_upsampled.csv,810,"End-effector lifting the object, using strong force, causing hard-deformation, with increasing force."
/home/mdxuser/Genesis/main/data/picked_up_4/upsampled/Dixie_10_ounce_Bowls_35_ct_Elastic_hard_upsampled.csv,1080,"End-effector rotating the object, by an angle of 45.0 degrees, using strong force, causing hard-deformation, with constant force."
/home/mdxuser/Genesis/main/data/picked_up_4/upsampled/Dixie_10_ounce_Bowls_35_ct_Elastic_hard_upsampled.csv,1350,"End-effector continue rotating the object, by an angle of 45.0 degrees, using strong force, causing hard-deformation, with constant force."
/home/mdxuser/Genesis/main/data/picked_up_4/upsampled/Dixie_10_ounce_Bowls_35_ct_Elastic_hard_upsampled.csv,1620,The object has been dropped.
/home/mdxuser/Genesis/main/data/picked_up_4/upsampled/Dixie_10_ounce_Bowls_35_ct_Elastic_hard_upsampled.csv,1890,The object has been dropped.
/home/mdxuser/Genesis/main/data/picked_up_4/upsampled/Dixie_10_ounce_Bowls_35_ct_Elastic_hard_upsampled.csv,2160,The object has been dropped.
/home/mdxuser/Genesis/main/data/picked_up_4/upsampled/Dixie_10_ounce_Bowls_35_ct_Elastic_hard_upsampled.csv,2430,The object has been dropped.
/home/mdxuser/Genesis/main/data/picked_up_4/upsampled/Dixie_10_ounce_Bowls_35_ct_Elastic_hard_upsampled.csv,2700,The object has been dropped.
/home/mdxuser/Genesis/main/data/picked_up_4/upsampled/Mens_ASV_Shock_Light_Bungee_in_Light_Grey_xGCOvtLDnQJ_Elastic_medium_upsampled.csv,0,"End-effector start towards the object, to begin the task."
/home/mdxuser/Genesis/main/data/picked_up_4/upsampled/Mens_ASV_Shock_Light_Bungee_in_Light_Grey_xGCOvtLDnQJ_Elastic_medium_upsampled.csv,270,"End-effector grasping the object, using moderate force, causing medium-deformation, with increasing force."
/home/mdxuser/Genesis/main/data/picked_up_4/upsampled/Mens_ASV_Shock_Light_Bungee_in_Light_Grey_xGCOvtLDnQJ_Elastic_medium_upsampled.csv,540,"End-effector continue grasping the object, using moderate force, causing medium-deformation, with increasing force."
/home/mdxuser/Genesis/main/data/picked_up_4/upsampled/Mens_ASV_Shock_Light_Bungee_in_Light_Grey_xGCOvtLDnQJ_Elastic_medium_upsampled.csv,810,"End-effector lifting the object, using moderate force, causing medium-deformation, with increasing force."
/home/mdxuser/Genesis/main/data/picked_up_4/upsampled/Mens_ASV_Shock_Light_Bungee_in_Light_Grey_xGCOvtLDnQJ_Elastic_medium_upsampled.csv,1080,"End-effector rotating the object, by an angle of 30.0 degrees, using moderate force, causing medium-deformation, with constant force."
/home/mdxuser/Genesis/main/data/picked_up_4/upsampled/Mens_ASV_Shock_Light_Bungee_in_Light_Grey_xGCOvtLDnQJ_Elastic_medium_upsampled.csv,1350,"End-effector continue rotating the object, by an angle of 30.0 degrees, using moderate force, causing medium-deformation, with constant force."
/home/mdxuser/Genesis/main/data/picked_up_4/upsampled/Mens_ASV_Shock_Light_Bungee_in_Light_Grey_xGCOvtLDnQJ_Elastic_medium_upsampled.csv,1620,"End-effector holding position of the object, maintaining a stable hold, using moderate force, causing medium-deformation."
/home/mdxuser/Genesis/main/data/picked_up_4/upsampled/Mens_ASV_Shock_Light_Bungee_in_Light_Grey_xGCOvtLDnQJ_Elastic_medium_upsampled.csv,1890,The object has been dropped.
/home/mdxuser/Genesis/main/data/picked_up_4/upsampled/Mens_ASV_Shock_Light_Bungee_in_Light_Grey_xGCOvtLDnQJ_Elastic_medium_upsampled.csv,2160,The object has been dropped.
/home/mdxuser/Genesis/main/data/picked_up_4/upsampled/Mens_ASV_Shock_Light_Bungee_in_Light_Grey_xGCOvtLDnQJ_Elastic_medium_upsampled.csv,2430,The object has been dropped.
/home/mdxuser/Genesis/main/data/picked_up_4/upsampled/Mens_ASV_Shock_Light_Bungee_in_Light_Grey_xGCOvtLDnQJ_Elastic_medium_upsampled.csv,2700,The object has been dropped.
/home/mdxuser/Genesis/main/data/picked_up_4/upsampled/Perricone_MD_Hypoallergenic_Gentle_Cleanser_Elastic_hard_upsampled.csv,0,"End-effector start towards the object, to begin the task."
/home/mdxuser/Genesis/main/data/picked_up_4/upsampled/Perricone_MD_Hypoallergenic_Gentle_Cleanser_Elastic_hard_upsampled.csv,270,"End-effector grasping the object, using strong force, causing hard-deformation, with increasing force."
/home/mdxuser/Genesis/main/data/picked_up_4/upsampled/Perricone_MD_Hypoallergenic_Gentle_Cleanser_Elastic_hard_upsampled.csv,540,"End-effector continue grasping the object, using strong force, causing hard-deformation, with increasing force."
/home/mdxuser/Genesis/main/data/picked_up_4/upsampled/Perricone_MD_Hypoallergenic_Gentle_Cleanser_Elastic_hard_upsampled.csv,810,"End-effector lifting the object, using strong force, causing hard-deformation, with increasing force."
/home/mdxuser/Genesis/main/data/picked_up_4/upsampled/Perricone_MD_Hypoallergenic_Gentle_Cleanser_Elastic_hard_upsampled.csv,1080,"End-effector rotating the object, by an angle of 45.0 degrees, using strong force, causing hard-deformation, with constant force."
/home/mdxuser/Genesis/main/data/picked_up_4/upsampled/Perricone_MD_Hypoallergenic_Gentle_Cleanser_Elastic_hard_upsampled.csv,1350,"End-effector continue rotating the object, by an angle of 45.0 degrees, using strong force, causing hard-deformation, with constant force."
/home/mdxuser/Genesis/main/data/picked_up_4/upsampled/Perricone_MD_Hypoallergenic_Gentle_Cleanser_Elastic_hard_upsampled.csv,1620,"End-effector holding position of the object, maintaining a stable hold, using strong force, causing hard-deformation."
/home/mdxuser/Genesis/main/data/picked_up_4/upsampled/Perricone_MD_Hypoallergenic_Gentle_Cleanser_Elastic_hard_upsampled.csv,1890,"End-effector rotating the object, by an angle of 30.0 degrees, using strong force, causing hard-deformation, with constant force."
/home/mdxuser/Genesis/main/data/picked_up_4/upsampled/Perricone_MD_Hypoallergenic_Gentle_Cleanser_Elastic_hard_upsampled.csv,2160,"End-effector continue rotating the object, by an angle of 30.0 degrees, using strong force, causing hard-deformation, with constant force."
/home/mdxuser/Genesis/main/data/picked_up_4/upsampled/Perricone_MD_Hypoallergenic_Gentle_Cleanser_Elastic_hard_upsampled.csv,2430,"End-effector holding position of the object, maintaining a stable hold, using strong force, causing hard-deformation."
/home/mdxuser/Genesis/main/data/picked_up_4/upsampled/Perricone_MD_Hypoallergenic_Gentle_Cleanser_Elastic_hard_upsampled.csv,2700,"End-effector stopping the object, using zero-force, causing undeformed shape."
/home/mdxuser/Genesis/main/data/picked_up_4/upsampled/CHICKEN_RACER_Elastic_medium_upsampled.csv,0,"End-effector start towards the object, to begin the task."
/home/mdxuser/Genesis/main/data/picked_up_4/upsampled/CHICKEN_RACER_Elastic_medium_upsampled.csv,270,"End-effector grasping the object, using moderate force, causing medium-deformation, with increasing force."
/home/mdxuser/Genesis/main/data/picked_up_4/upsampled/CHICKEN_RACER_Elastic_medium_upsampled.csv,540,"End-effector continue grasping the object, using moderate force, causing medium-deformation, with increasing force."
/home/mdxuser/Genesis/main/data/picked_up_4/upsampled/CHICKEN_RACER_Elastic_medium_upsampled.csv,810,"End-effector lifting the object, using moderate force, causing medium-deformation, with increasing force."
/home/mdxuser/Genesis/main/data/picked_up_4/upsampled/CHICKEN_RACER_Elastic_medium_upsampled.csv,1080,"End-effector rotating the object, by an angle of 45.0 degrees, using moderate force, causing medium-deformation, with constant force."
/home/mdxuser/Genesis/main/data/picked_up_4/upsampled/CHICKEN_RACER_Elastic_medium_upsampled.csv,1350,"End-effector continue rotating the object, by an angle of 45.0 degrees, using moderate force, causing medium-deformation, with constant force."
/home/mdxuser/Genesis/main/data/picked_up_4/upsampled/CHICKEN_RACER_Elastic_medium_upsampled.csv,1620,"End-effector holding position of the object, maintaining a stable hold, using moderate force, causing medium-deformation."
/home/mdxuser/Genesis/main/data/picked_up_4/upsampled/CHICKEN_RACER_Elastic_medium_upsampled.csv,1890,"End-effector rotating the object, by an angle of 30.0 degrees, using moderate force, causing medium-deformation, with constant force."
/home/mdxuser/Genesis/main/data/picked_up_4/upsampled/CHICKEN_RACER_Elastic_medium_upsampled.csv,2160,"End-effector continue rotating the object, by an angle of 30.0 degrees, using moderate force, causing medium-deformation, with constant force."
/home/mdxuser/Genesis/main/data/picked_up_4/upsampled/CHICKEN_RACER_Elastic_medium_upsampled.csv,2430,"End-effector holding position of the object, maintaining a stable hold, using moderate force, causing medium-deformation."
/home/mdxuser/Genesis/main/data/picked_up_4/upsampled/CHICKEN_RACER_Elastic_medium_upsampled.csv,2700,"End-effector stopping the object, using zero-force, causing undeformed shape."
/home/mdxuser/Genesis/main/data/picked_up_4/upsampled/D_ROSE_ENGLEWOOD_II_Elastic_soft_upsampled.csv,0,"End-effector start towards the object, to begin the task."
/home/mdxuser/Genesis/main/data/picked_up_4/upsampled/D_ROSE_ENGLEWOOD_II_Elastic_soft_upsampled.csv,270,"End-effector grasping the object, using gentle force, causing soft-deformation, with increasing force."
/home/mdxuser/Genesis/main/data/picked_up_4/upsampled/D_ROSE_ENGLEWOOD_II_Elastic_soft_upsampled.csv,540,"End-effector continue grasping the object, using gentle force, causing soft-deformation, with increasing force."
/home/mdxuser/Genesis/main/data/picked_up_4/upsampled/D_ROSE_ENGLEWOOD_II_Elastic_soft_upsampled.csv,810,"End-effector lifting the object, using gentle force, causing soft-deformation, with increasing force."
/home/mdxuser/Genesis/main/data/picked_up_4/upsampled/D_ROSE_ENGLEWOOD_II_Elastic_soft_upsampled.csv,1080,"End-effector rotating the object, by an angle of 45.0 degrees, using gentle force, causing soft-deformation, with constant force."
/home/mdxuser/Genesis/main/data/picked_up_4/upsampled/D_ROSE_ENGLEWOOD_II_Elastic_soft_upsampled.csv,1350,"End-effector continue rotating the object, by an angle of 45.0 degrees, using gentle force, causing soft-deformation, with constant force."
/home/mdxuser/Genesis/main/data/picked_up_4/upsampled/D_ROSE_ENGLEWOOD_II_Elastic_soft_upsampled.csv,1620,"End-effector holding position of the object, maintaining a stable hold, using gentle force, causing soft-deformation."
/home/mdxuser/Genesis/main/data/picked_up_4/upsampled/D_ROSE_ENGLEWOOD_II_Elastic_soft_upsampled.csv,1890,"End-effector rotating the object, by an angle of 45.0 degrees, using gentle force, causing soft-deformation, with constant force."
/home/mdxuser/Genesis/main/data/picked_up_4/upsampled/D_ROSE_ENGLEWOOD_II_Elastic_soft_upsampled.csv,2160,"End-effector holding position of the object, maintaining a stable hold, using gentle force, causing soft-deformation."
/home/mdxuser/Genesis/main/data/picked_up_4/upsampled/D_ROSE_ENGLEWOOD_II_Elastic_soft_upsampled.csv,2430,"End-effector continue holding position of the object, maintaining a stable hold, using gentle force, causing soft-deformation."
/home/mdxuser/Genesis/main/data/picked_up_4/upsampled/D_ROSE_ENGLEWOOD_II_Elastic_soft_upsampled.csv,2700,The object has been dropped.
/home/mdxuser/Genesis/main/data/picked_up_4/upsampled/3D_Dollhouse_Happy_Brother_Elastic_hard_upsampled.csv,0,"End-effector start towards the object, to begin the task."
/home/mdxuser/Genesis/main/data/picked_up_4/upsampled/3D_Dollhouse_Happy_Brother_Elastic_hard_upsampled.csv,270,"End-effector grasping the object, using strong force, causing hard-deformation, with increasing force."
/home/mdxuser/Genesis/main/data/picked_up_4/upsampled/3D_Dollhouse_Happy_Brother_Elastic_hard_upsampled.csv,540,"End-effector continue grasping the object, using strong force, causing hard-deformation, with increasing force."
/home/mdxuser/Genesis/main/data/picked_up_4/upsampled/3D_Dollhouse_Happy_Brother_Elastic_hard_upsampled.csv,810,"End-effector lifting the object, using strong force, causing hard-deformation, with increasing force."
/home/mdxuser/Genesis/main/data/picked_up_4/upsampled/3D_Dollhouse_Happy_Brother_Elastic_hard_upsampled.csv,1080,"End-effector rotating the object, by an angle of 45.0 degrees, using strong force, causing hard-deformation, with constant force."
/home/mdxuser/Genesis/main/data/picked_up_4/upsampled/3D_Dollhouse_Happy_Brother_Elastic_hard_upsampled.csv,1350,"End-effector holding position of the object, maintaining a stable hold, using strong force, causing hard-deformation."
/home/mdxuser/Genesis/main/data/picked_up_4/upsampled/3D_Dollhouse_Happy_Brother_Elastic_hard_upsampled.csv,1620,"End-effector continue holding position of the object, maintaining a stable hold, using strong force, causing hard-deformation."
/home/mdxuser/Genesis/main/data/picked_up_4/upsampled/3D_Dollhouse_Happy_Brother_Elastic_hard_upsampled.csv,1890,"End-effector rotating the object, by an angle of 45.0 degrees, using strong force, causing hard-deformation, with constant force."
/home/mdxuser/Genesis/main/data/picked_up_4/upsampled/3D_Dollhouse_Happy_Brother_Elastic_hard_upsampled.csv,2160,"End-effector continue rotating the object, by an angle of 45.0 degrees, using strong force, causing hard-deformation, with constant force."
/home/mdxuser/Genesis/main/data/picked_up_4/upsampled/3D_Dollhouse_Happy_Brother_Elastic_hard_upsampled.csv,2430,"End-effector holding position of the object, maintaining a stable hold, using strong force, causing hard-deformation."
/home/mdxuser/Genesis/main/data/picked_up_4/upsampled/3D_Dollhouse_Happy_Brother_Elastic_hard_upsampled.csv,2700,"End-effector stopping the object, using zero-force, causing undeformed shape."
/home/mdxuser/Genesis/main/data/picked_up_4/upsampled/Cole_Hardware_Electric_Pot_Assortment_55_Elastic_soft_upsampled.csv,0,"End-effector start towards the object, to begin the task."
/home/mdxuser/Genesis/main/data/picked_up_4/upsampled/Cole_Hardware_Electric_Pot_Assortment_55_Elastic_soft_upsampled.csv,270,"End-effector grasping the object, using gentle force, causing soft-deformation, with increasing force."
/home/mdxuser/Genesis/main/data/picked_up_4/upsampled/Cole_Hardware_Electric_Pot_Assortment_55_Elastic_soft_upsampled.csv,540,"End-effector continue grasping the object, using gentle force, causing soft-deformation, with increasing force."
/home/mdxuser/Genesis/main/data/picked_up_4/upsampled/Cole_Hardware_Electric_Pot_Assortment_55_Elastic_soft_upsampled.csv,810,"End-effector lifting the object, using gentle force, causing soft-deformation, with increasing force."
/home/mdxuser/Genesis/main/data/picked_up_4/upsampled/Cole_Hardware_Electric_Pot_Assortment_55_Elastic_soft_upsampled.csv,1080,"End-effector rotating the object, by an angle of 30.0 degrees, using gentle force, causing soft-deformation, with constant force."
/home/mdxuser/Genesis/main/data/picked_up_4/upsampled/Cole_Hardware_Electric_Pot_Assortment_55_Elastic_soft_upsampled.csv,1350,"End-effector continue rotating the object, by an angle of 30.0 degrees, using gentle force, causing soft-deformation, with constant force."
/home/mdxuser/Genesis/main/data/picked_up_4/upsampled/Cole_Hardware_Electric_Pot_Assortment_55_Elastic_soft_upsampled.csv,1620,"End-effector holding position of the object, maintaining a stable hold, using gentle force, causing soft-deformation."
/home/mdxuser/Genesis/main/data/picked_up_4/upsampled/Cole_Hardware_Electric_Pot_Assortment_55_Elastic_soft_upsampled.csv,1890,"End-effector rotating the object, by an angle of 30.0 degrees, using gentle force, causing soft-deformation, with constant force."
/home/mdxuser/Genesis/main/data/picked_up_4/upsampled/Cole_Hardware_Electric_Pot_Assortment_55_Elastic_soft_upsampled.csv,2160,"End-effector continue rotating the object, by an angle of 30.0 degrees, using gentle force, causing soft-deformation, with constant force."
/home/mdxuser/Genesis/main/data/picked_up_4/upsampled/Cole_Hardware_Electric_Pot_Assortment_55_Elastic_soft_upsampled.csv,2430,"End-effector holding position of the object, maintaining a stable hold, using gentle force, causing soft-deformation."
/home/mdxuser/Genesis/main/data/picked_up_4/upsampled/Cole_Hardware_Electric_Pot_Assortment_55_Elastic_soft_upsampled.csv,2700,The object has been dropped.
/home/mdxuser/Genesis/main/data/picked_up_4/upsampled/Eat_to_Live_The_Amazing_NutrientRich_Program_for_Fast_and_Sustained_Weight_Loss_Revised_Edition_Book_Elastic_medium_upsampled.csv,0,"End-effector start towards the object, to begin the task."
/home/mdxuser/Genesis/main/data/picked_up_4/upsampled/Eat_to_Live_The_Amazing_NutrientRich_Program_for_Fast_and_Sustained_Weight_Loss_Revised_Edition_Book_Elastic_medium_upsampled.csv,270,"End-effector grasping the object, using moderate force, causing medium-deformation, with increasing force."
/home/mdxuser/Genesis/main/data/picked_up_4/upsampled/Eat_to_Live_The_Amazing_NutrientRich_Program_for_Fast_and_Sustained_Weight_Loss_Revised_Edition_Book_Elastic_medium_upsampled.csv,540,"End-effector continue grasping the object, using moderate force, causing medium-deformation, with increasing force."
/home/mdxuser/Genesis/main/data/picked_up_4/upsampled/Eat_to_Live_The_Amazing_NutrientRich_Program_for_Fast_and_Sustained_Weight_Loss_Revised_Edition_Book_Elastic_medium_upsampled.csv,810,"End-effector lifting the object, using moderate force, causing medium-deformation, with increasing force."
/home/mdxuser/Genesis/main/data/picked_up_4/upsampled/Eat_to_Live_The_Amazing_NutrientRich_Program_for_Fast_and_Sustained_Weight_Loss_Revised_Edition_Book_Elastic_medium_upsampled.csv,1080,"End-effector rotating the object, by an angle of 30.0 degrees, using moderate force, causing medium-deformation, with constant force."
/home/mdxuser/Genesis/main/data/picked_up_4/upsampled/Eat_to_Live_The_Amazing_NutrientRich_Program_for_Fast_and_Sustained_Weight_Loss_Revised_Edition_Book_Elastic_medium_upsampled.csv,1350,"End-effector continue rotating the object, by an angle of 30.0 degrees, using moderate force, causing medium-deformation, with constant force."
/home/mdxuser/Genesis/main/data/picked_up_4/upsampled/Eat_to_Live_The_Amazing_NutrientRich_Program_for_Fast_and_Sustained_Weight_Loss_Revised_Edition_Book_Elastic_medium_upsampled.csv,1620,The object has been dropped.
/home/mdxuser/Genesis/main/data/picked_up_4/upsampled/Eat_to_Live_The_Amazing_NutrientRich_Program_for_Fast_and_Sustained_Weight_Loss_Revised_Edition_Book_Elastic_medium_upsampled.csv,1890,The object has been dropped.
/home/mdxuser/Genesis/main/data/picked_up_4/upsampled/Eat_to_Live_The_Amazing_NutrientRich_Program_for_Fast_and_Sustained_Weight_Loss_Revised_Edition_Book_Elastic_medium_upsampled.csv,2160,The object has been dropped.
/home/mdxuser/Genesis/main/data/picked_up_4/upsampled/Eat_to_Live_The_Amazing_NutrientRich_Program_for_Fast_and_Sustained_Weight_Loss_Revised_Edition_Book_Elastic_medium_upsampled.csv,2430,The object has been dropped.
/home/mdxuser/Genesis/main/data/picked_up_4/upsampled/Eat_to_Live_The_Amazing_NutrientRich_Program_for_Fast_and_Sustained_Weight_Loss_Revised_Edition_Book_Elastic_medium_upsampled.csv,2700,The object has been dropped.
/home/mdxuser/Genesis/main/data/picked_up_4/upsampled/Balderdash_Game_Elastic_medium_upsampled.csv,0,"End-effector start towards the object, to begin the task."
/home/mdxuser/Genesis/main/data/picked_up_4/upsampled/Balderdash_Game_Elastic_medium_upsampled.csv,270,"End-effector grasping the object, using moderate force, causing medium-deformation, with increasing force."
/home/mdxuser/Genesis/main/data/picked_up_4/upsampled/Balderdash_Game_Elastic_medium_upsampled.csv,540,"End-effector continue grasping the object, using moderate force, causing medium-deformation, with increasing force."
/home/mdxuser/Genesis/main/data/picked_up_4/upsampled/Balderdash_Game_Elastic_medium_upsampled.csv,810,"End-effector lifting the object, using moderate force, causing medium-deformation, with increasing force."
/home/mdxuser/Genesis/main/data/picked_up_4/upsampled/Balderdash_Game_Elastic_medium_upsampled.csv,1080,"End-effector rotating the object, by an angle of 45.0 degrees, using moderate force, causing medium-deformation, with constant force."
/home/mdxuser/Genesis/main/data/picked_up_4/upsampled/Balderdash_Game_Elastic_medium_upsampled.csv,1350,"End-effector continue rotating the object, by an angle of 45.0 degrees, using moderate force, causing medium-deformation, with constant force."
/home/mdxuser/Genesis/main/data/picked_up_4/upsampled/Balderdash_Game_Elastic_medium_upsampled.csv,1620,The object has been dropped.
/home/mdxuser/Genesis/main/data/picked_up_4/upsampled/Balderdash_Game_Elastic_medium_upsampled.csv,1890,The object has been dropped.
/home/mdxuser/Genesis/main/data/picked_up_4/upsampled/Balderdash_Game_Elastic_medium_upsampled.csv,2160,The object has been dropped.
/home/mdxuser/Genesis/main/data/picked_up_4/upsampled/Balderdash_Game_Elastic_medium_upsampled.csv,2430,The object has been dropped.
/home/mdxuser/Genesis/main/data/picked_up_4/upsampled/Balderdash_Game_Elastic_medium_upsampled.csv,2700,The object has been dropped.
/home/mdxuser/Genesis/main/data/picked_up_4/upsampled/Just_For_Men_ShampooIn_Haircolor_Jet_Black_60_Elastic_soft_upsampled.csv,0,"End-effector start towards the object, to begin the task."
/home/mdxuser/Genesis/main/data/picked_up_4/upsampled/Just_For_Men_ShampooIn_Haircolor_Jet_Black_60_Elastic_soft_upsampled.csv,270,"End-effector grasping the object, using gentle force, causing soft-deformation, with increasing force."
/home/mdxuser/Genesis/main/data/picked_up_4/upsampled/Just_For_Men_ShampooIn_Haircolor_Jet_Black_60_Elastic_soft_upsampled.csv,540,"End-effector continue grasping the object, using gentle force, causing soft-deformation, with increasing force."
/home/mdxuser/Genesis/main/data/picked_up_4/upsampled/Just_For_Men_ShampooIn_Haircolor_Jet_Black_60_Elastic_soft_upsampled.csv,810,"End-effector lifting the object, using gentle force, causing soft-deformation, with increasing force."
/home/mdxuser/Genesis/main/data/picked_up_4/upsampled/Just_For_Men_ShampooIn_Haircolor_Jet_Black_60_Elastic_soft_upsampled.csv,1080,"End-effector rotating the object, by an angle of 45.0 degrees, using gentle force, causing soft-deformation, with constant force."
/home/mdxuser/Genesis/main/data/picked_up_4/upsampled/Just_For_Men_ShampooIn_Haircolor_Jet_Black_60_Elastic_soft_upsampled.csv,1350,"End-effector continue rotating the object, by an angle of 45.0 degrees, using gentle force, causing soft-deformation, with constant force."
/home/mdxuser/Genesis/main/data/picked_up_4/upsampled/Just_For_Men_ShampooIn_Haircolor_Jet_Black_60_Elastic_soft_upsampled.csv,1620,The object has been dropped.
/home/mdxuser/Genesis/main/data/picked_up_4/upsampled/Just_For_Men_ShampooIn_Haircolor_Jet_Black_60_Elastic_soft_upsampled.csv,1890,The object has been dropped.
/home/mdxuser/Genesis/main/data/picked_up_4/upsampled/Just_For_Men_ShampooIn_Haircolor_Jet_Black_60_Elastic_soft_upsampled.csv,2160,The object has been dropped.
/home/mdxuser/Genesis/main/data/picked_up_4/upsampled/Just_For_Men_ShampooIn_Haircolor_Jet_Black_60_Elastic_soft_upsampled.csv,2430,The object has been dropped.
/home/mdxuser/Genesis/main/data/picked_up_4/upsampled/Just_For_Men_ShampooIn_Haircolor_Jet_Black_60_Elastic_soft_upsampled.csv,2700,The object has been dropped.
/home/mdxuser/Genesis/main/data/picked_up_4/upsampled/Crayola_Crayons_120_crayons_Elastic_hard_upsampled.csv,0,"End-effector start towards the object, to begin the task."
/home/mdxuser/Genesis/main/data/picked_up_4/upsampled/Crayola_Crayons_120_crayons_Elastic_hard_upsampled.csv,270,"End-effector grasping the object, using strong force, causing hard-deformation, with increasing force."
/home/mdxuser/Genesis/main/data/picked_up_4/upsampled/Crayola_Crayons_120_crayons_Elastic_hard_upsampled.csv,540,"End-effector continue grasping the object, using strong force, causing hard-deformation, with increasing force."
/home/mdxuser/Genesis/main/data/picked_up_4/upsampled/Crayola_Crayons_120_crayons_Elastic_hard_upsampled.csv,810,"End-effector lifting the object, using strong force, causing hard-deformation, with increasing force."
/home/mdxuser/Genesis/main/data/picked_up_4/upsampled/Crayola_Crayons_120_crayons_Elastic_hard_upsampled.csv,1080,"End-effector rotating the object, by an angle of 45.0 degrees, using strong force, causing hard-deformation, with constant force."
/home/mdxuser/Genesis/main/data/picked_up_4/upsampled/Crayola_Crayons_120_crayons_Elastic_hard_upsampled.csv,1350,"End-effector continue rotating the object, by an angle of 45.0 degrees, using strong force, causing hard-deformation, with constant force."
/home/mdxuser/Genesis/main/data/picked_up_4/upsampled/Crayola_Crayons_120_crayons_Elastic_hard_upsampled.csv,1620,The object has been dropped.
/home/mdxuser/Genesis/main/data/picked_up_4/upsampled/Crayola_Crayons_120_crayons_Elastic_hard_upsampled.csv,1890,The object has been dropped.
/home/mdxuser/Genesis/main/data/picked_up_4/upsampled/Crayola_Crayons_120_crayons_Elastic_hard_upsampled.csv,2160,The object has been dropped.
/home/mdxuser/Genesis/main/data/picked_up_4/upsampled/Crayola_Crayons_120_crayons_Elastic_hard_upsampled.csv,2430,The object has been dropped.
/home/mdxuser/Genesis/main/data/picked_up_4/upsampled/Crayola_Crayons_120_crayons_Elastic_hard_upsampled.csv,2700,The object has been dropped.
/home/mdxuser/Genesis/main/data/picked_up_4/upsampled/Phillips_Colon_Health_Probiotic_Capsule_Elastic_soft_upsampled.csv,0,"End-effector start towards the object, to begin the task."
/home/mdxuser/Genesis/main/data/picked_up_4/upsampled/Phillips_Colon_Health_Probiotic_Capsule_Elastic_soft_upsampled.csv,270,"End-effector grasping the object, using gentle force, causing soft-deformation, with increasing force."
/home/mdxuser/Genesis/main/data/picked_up_4/upsampled/Phillips_Colon_Health_Probiotic_Capsule_Elastic_soft_upsampled.csv,540,"End-effector continue grasping the object, using gentle force, causing soft-deformation, with increasing force."
/home/mdxuser/Genesis/main/data/picked_up_4/upsampled/Phillips_Colon_Health_Probiotic_Capsule_Elastic_soft_upsampled.csv,810,"End-effector lifting the object, using gentle force, causing soft-deformation, with increasing force."
/home/mdxuser/Genesis/main/data/picked_up_4/upsampled/Phillips_Colon_Health_Probiotic_Capsule_Elastic_soft_upsampled.csv,1080,"End-effector rotating the object, by an angle of 45.0 degrees, using gentle force, causing soft-deformation, with constant force."
/home/mdxuser/Genesis/main/data/picked_up_4/upsampled/Phillips_Colon_Health_Probiotic_Capsule_Elastic_soft_upsampled.csv,1350,"End-effector continue rotating the object, by an angle of 45.0 degrees, using gentle force, causing soft-deformation, with constant force."
/home/mdxuser/Genesis/main/data/picked_up_4/upsampled/Phillips_Colon_Health_Probiotic_Capsule_Elastic_soft_upsampled.csv,1620,"End-effector holding position of the object, maintaining a stable hold, using gentle force, causing soft-deformation."
/home/mdxuser/Genesis/main/data/picked_up_4/upsampled/Phillips_Colon_Health_Probiotic_Capsule_Elastic_soft_upsampled.csv,1890,The object has been dropped.
/home/mdxuser/Genesis/main/data/picked_up_4/upsampled/Phillips_Colon_Health_Probiotic_Capsule_Elastic_soft_upsampled.csv,2160,The object has been dropped.
/home/mdxuser/Genesis/main/data/picked_up_4/upsampled/Phillips_Colon_Health_Probiotic_Capsule_Elastic_soft_upsampled.csv,2430,The object has been dropped.
/home/mdxuser/Genesis/main/data/picked_up_4/upsampled/Phillips_Colon_Health_Probiotic_Capsule_Elastic_soft_upsampled.csv,2700,The object has been dropped.
/home/mdxuser/Genesis/main/data/picked_up_4/upsampled/Cole_Hardware_Electric_Pot_Assortment_55_Elastic_medium_upsampled.csv,0,"End-effector start towards the object, to begin the task."
/home/mdxuser/Genesis/main/data/picked_up_4/upsampled/Cole_Hardware_Electric_Pot_Assortment_55_Elastic_medium_upsampled.csv,270,"End-effector grasping the object, using moderate force, causing medium-deformation, with increasing force."
/home/mdxuser/Genesis/main/data/picked_up_4/upsampled/Cole_Hardware_Electric_Pot_Assortment_55_Elastic_medium_upsampled.csv,540,"End-effector continue grasping the object, using moderate force, causing medium-deformation, with increasing force."
/home/mdxuser/Genesis/main/data/picked_up_4/upsampled/Cole_Hardware_Electric_Pot_Assortment_55_Elastic_medium_upsampled.csv,810,"End-effector lifting the object, using moderate force, causing medium-deformation, with increasing force."
/home/mdxuser/Genesis/main/data/picked_up_4/upsampled/Cole_Hardware_Electric_Pot_Assortment_55_Elastic_medium_upsampled.csv,1080,"End-effector rotating the object, by an angle of 45.0 degrees, using moderate force, causing medium-deformation, with constant force."
/home/mdxuser/Genesis/main/data/picked_up_4/upsampled/Cole_Hardware_Electric_Pot_Assortment_55_Elastic_medium_upsampled.csv,1350,"End-effector holding position of the object, maintaining a stable hold, using moderate force, causing medium-deformation."
/home/mdxuser/Genesis/main/data/picked_up_4/upsampled/Cole_Hardware_Electric_Pot_Assortment_55_Elastic_medium_upsampled.csv,1620,"End-effector continue holding position of the object, maintaining a stable hold, using moderate force, causing medium-deformation."
/home/mdxuser/Genesis/main/data/picked_up_4/upsampled/Cole_Hardware_Electric_Pot_Assortment_55_Elastic_medium_upsampled.csv,1890,"End-effector rotating the object, by an angle of 30.0 degrees, using moderate force, causing medium-deformation, with constant force."
/home/mdxuser/Genesis/main/data/picked_up_4/upsampled/Cole_Hardware_Electric_Pot_Assortment_55_Elastic_medium_upsampled.csv,2160,"End-effector continue rotating the object, by an angle of 30.0 degrees, using moderate force, causing medium-deformation, with constant force."
/home/mdxuser/Genesis/main/data/picked_up_4/upsampled/Cole_Hardware_Electric_Pot_Assortment_55_Elastic_medium_upsampled.csv,2430,"End-effector holding position of the object, maintaining a stable hold, using moderate force, causing medium-deformation."
/home/mdxuser/Genesis/main/data/picked_up_4/upsampled/Cole_Hardware_Electric_Pot_Assortment_55_Elastic_medium_upsampled.csv,2700,The object has been dropped.
/home/mdxuser/Genesis/main/data/picked_up_4/upsampled/Crayola_Washable_Fingerpaint_Red_Blue_Yellow_3_count_8_fl_oz_bottes_each_Elastic_medium_upsampled.csv,0,"End-effector start towards the object, to begin the task."
/home/mdxuser/Genesis/main/data/picked_up_4/upsampled/Crayola_Washable_Fingerpaint_Red_Blue_Yellow_3_count_8_fl_oz_bottes_each_Elastic_medium_upsampled.csv,270,"End-effector grasping the object, using moderate force, causing medium-deformation, with increasing force."
/home/mdxuser/Genesis/main/data/picked_up_4/upsampled/Crayola_Washable_Fingerpaint_Red_Blue_Yellow_3_count_8_fl_oz_bottes_each_Elastic_medium_upsampled.csv,540,"End-effector continue grasping the object, using moderate force, causing medium-deformation, with increasing force."
/home/mdxuser/Genesis/main/data/picked_up_4/upsampled/Crayola_Washable_Fingerpaint_Red_Blue_Yellow_3_count_8_fl_oz_bottes_each_Elastic_medium_upsampled.csv,810,"End-effector lifting the object, using moderate force, causing medium-deformation, with increasing force."
/home/mdxuser/Genesis/main/data/picked_up_4/upsampled/Crayola_Washable_Fingerpaint_Red_Blue_Yellow_3_count_8_fl_oz_bottes_each_Elastic_medium_upsampled.csv,1080,"End-effector rotating the object, by an angle of 45.0 degrees, using moderate force, causing medium-deformation, with constant force."
/home/mdxuser/Genesis/main/data/picked_up_4/upsampled/Crayola_Washable_Fingerpaint_Red_Blue_Yellow_3_count_8_fl_oz_bottes_each_Elastic_medium_upsampled.csv,1350,"End-effector continue rotating the object, by an angle of 45.0 degrees, using moderate force, causing medium-deformation, with constant force."
/home/mdxuser/Genesis/main/data/picked_up_4/upsampled/Crayola_Washable_Fingerpaint_Red_Blue_Yellow_3_count_8_fl_oz_bottes_each_Elastic_medium_upsampled.csv,1620,The object has been dropped.
/home/mdxuser/Genesis/main/data/picked_up_4/upsampled/Crayola_Washable_Fingerpaint_Red_Blue_Yellow_3_count_8_fl_oz_bottes_each_Elastic_medium_upsampled.csv,1890,The object has been dropped.
/home/mdxuser/Genesis/main/data/picked_up_4/upsampled/Crayola_Washable_Fingerpaint_Red_Blue_Yellow_3_count_8_fl_oz_bottes_each_Elastic_medium_upsampled.csv,2160,The object has been dropped.
/home/mdxuser/Genesis/main/data/picked_up_4/upsampled/Crayola_Washable_Fingerpaint_Red_Blue_Yellow_3_count_8_fl_oz_bottes_each_Elastic_medium_upsampled.csv,2430,The object has been dropped.
/home/mdxuser/Genesis/main/data/picked_up_4/upsampled/Crayola_Washable_Fingerpaint_Red_Blue_Yellow_3_count_8_fl_oz_bottes_each_Elastic_medium_upsampled.csv,2700,The object has been dropped.
/home/mdxuser/Genesis/main/data/picked_up_4/upsampled/Cascadia_8_Color_AquariusHibscsBearingSeaBlk_Size_50_Elastic_soft_upsampled.csv,0,"End-effector start towards the object, to begin the task."
/home/mdxuser/Genesis/main/data/picked_up_4/upsampled/Cascadia_8_Color_AquariusHibscsBearingSeaBlk_Size_50_Elastic_soft_upsampled.csv,270,"End-effector grasping the object, using gentle force, causing soft-deformation, with increasing force."
/home/mdxuser/Genesis/main/data/picked_up_4/upsampled/Cascadia_8_Color_AquariusHibscsBearingSeaBlk_Size_50_Elastic_soft_upsampled.csv,540,"End-effector continue grasping the object, using gentle force, causing soft-deformation, with increasing force."
/home/mdxuser/Genesis/main/data/picked_up_4/upsampled/Cascadia_8_Color_AquariusHibscsBearingSeaBlk_Size_50_Elastic_soft_upsampled.csv,810,"End-effector lifting the object, using gentle force, causing soft-deformation, with increasing force."
/home/mdxuser/Genesis/main/data/picked_up_4/upsampled/Cascadia_8_Color_AquariusHibscsBearingSeaBlk_Size_50_Elastic_soft_upsampled.csv,1080,"End-effector rotating the object, by an angle of 45.0 degrees, using gentle force, causing soft-deformation, with constant force."
/home/mdxuser/Genesis/main/data/picked_up_4/upsampled/Cascadia_8_Color_AquariusHibscsBearingSeaBlk_Size_50_Elastic_soft_upsampled.csv,1350,"End-effector continue rotating the object, by an angle of 45.0 degrees, using gentle force, causing soft-deformation, with constant force."
/home/mdxuser/Genesis/main/data/picked_up_4/upsampled/Cascadia_8_Color_AquariusHibscsBearingSeaBlk_Size_50_Elastic_soft_upsampled.csv,1620,"End-effector holding position of the object, maintaining a stable hold, using gentle force, causing soft-deformation."
/home/mdxuser/Genesis/main/data/picked_up_4/upsampled/Cascadia_8_Color_AquariusHibscsBearingSeaBlk_Size_50_Elastic_soft_upsampled.csv,1890,"End-effector rotating the object, by an angle of 45.0 degrees, using gentle force, causing soft-deformation, with constant force."
/home/mdxuser/Genesis/main/data/picked_up_4/upsampled/Cascadia_8_Color_AquariusHibscsBearingSeaBlk_Size_50_Elastic_soft_upsampled.csv,2160,"End-effector holding position of the object, maintaining a stable hold, using gentle force, causing soft-deformation."
/home/mdxuser/Genesis/main/data/picked_up_4/upsampled/Cascadia_8_Color_AquariusHibscsBearingSeaBlk_Size_50_Elastic_soft_upsampled.csv,2430,"End-effector continue holding position of the object, maintaining a stable hold, using gentle force, causing soft-deformation."
/home/mdxuser/Genesis/main/data/picked_up_4/upsampled/Cascadia_8_Color_AquariusHibscsBearingSeaBlk_Size_50_Elastic_soft_upsampled.csv,2700,"End-effector stopping the object, using zero-force, causing undeformed shape."
/home/mdxuser/Genesis/main/data/picked_up_4/upsampled/Office_Depot_Dell_Series_11_Remanufactured_Ink_Cartridge_TriColor_Elastic_medium_upsampled.csv,0,"End-effector start towards the object, to begin the task."
/home/mdxuser/Genesis/main/data/picked_up_4/upsampled/Office_Depot_Dell_Series_11_Remanufactured_Ink_Cartridge_TriColor_Elastic_medium_upsampled.csv,270,"End-effector grasping the object, using moderate force, causing medium-deformation, with increasing force."
/home/mdxuser/Genesis/main/data/picked_up_4/upsampled/Office_Depot_Dell_Series_11_Remanufactured_Ink_Cartridge_TriColor_Elastic_medium_upsampled.csv,540,"End-effector continue grasping the object, using moderate force, causing medium-deformation, with increasing force."
/home/mdxuser/Genesis/main/data/picked_up_4/upsampled/Office_Depot_Dell_Series_11_Remanufactured_Ink_Cartridge_TriColor_Elastic_medium_upsampled.csv,810,"End-effector lifting the object, using moderate force, causing medium-deformation, with increasing force."
/home/mdxuser/Genesis/main/data/picked_up_4/upsampled/Office_Depot_Dell_Series_11_Remanufactured_Ink_Cartridge_TriColor_Elastic_medium_upsampled.csv,1080,"End-effector rotating the object, by an angle of 45.0 degrees, using moderate force, causing medium-deformation, with constant force."
/home/mdxuser/Genesis/main/data/picked_up_4/upsampled/Office_Depot_Dell_Series_11_Remanufactured_Ink_Cartridge_TriColor_Elastic_medium_upsampled.csv,1350,"End-effector holding position of the object, maintaining a stable hold, using moderate force, causing medium-deformation."
/home/mdxuser/Genesis/main/data/picked_up_4/upsampled/Office_Depot_Dell_Series_11_Remanufactured_Ink_Cartridge_TriColor_Elastic_medium_upsampled.csv,1620,"End-effector continue holding position of the object, maintaining a stable hold, using moderate force, causing medium-deformation."
/home/mdxuser/Genesis/main/data/picked_up_4/upsampled/Office_Depot_Dell_Series_11_Remanufactured_Ink_Cartridge_TriColor_Elastic_medium_upsampled.csv,1890,"End-effector rotating the object, by an angle of 45.0 degrees, using moderate force, causing medium-deformation, with constant force."
/home/mdxuser/Genesis/main/data/picked_up_4/upsampled/Office_Depot_Dell_Series_11_Remanufactured_Ink_Cartridge_TriColor_Elastic_medium_upsampled.csv,2160,"End-effector holding position of the object, maintaining a stable hold, using moderate force, causing medium-deformation."
/home/mdxuser/Genesis/main/data/picked_up_4/upsampled/Office_Depot_Dell_Series_11_Remanufactured_Ink_Cartridge_TriColor_Elastic_medium_upsampled.csv,2430,"End-effector continue holding position of the object, maintaining a stable hold, using moderate force, causing medium-deformation."
/home/mdxuser/Genesis/main/data/picked_up_4/upsampled/Office_Depot_Dell_Series_11_Remanufactured_Ink_Cartridge_TriColor_Elastic_medium_upsampled.csv,2700,The object has been dropped.
/home/mdxuser/Genesis/main/data/picked_up_4/upsampled/CLIMACOOL_BOAT_BREEZE_IE6CyqSaDwN_Elastic_medium_upsampled.csv,0,"End-effector start towards the object, to begin the task."
/home/mdxuser/Genesis/main/data/picked_up_4/upsampled/CLIMACOOL_BOAT_BREEZE_IE6CyqSaDwN_Elastic_medium_upsampled.csv,270,"End-effector grasping the object, using moderate force, causing medium-deformation, with increasing force."
/home/mdxuser/Genesis/main/data/picked_up_4/upsampled/CLIMACOOL_BOAT_BREEZE_IE6CyqSaDwN_Elastic_medium_upsampled.csv,540,"End-effector continue grasping the object, using moderate force, causing medium-deformation, with increasing force."
/home/mdxuser/Genesis/main/data/picked_up_4/upsampled/CLIMACOOL_BOAT_BREEZE_IE6CyqSaDwN_Elastic_medium_upsampled.csv,810,"End-effector lifting the object, using moderate force, causing medium-deformation, with increasing force."
/home/mdxuser/Genesis/main/data/picked_up_4/upsampled/CLIMACOOL_BOAT_BREEZE_IE6CyqSaDwN_Elastic_medium_upsampled.csv,1080,"End-effector rotating the object, by an angle of 45.0 degrees, using moderate force, causing medium-deformation, with constant force."
/home/mdxuser/Genesis/main/data/picked_up_4/upsampled/CLIMACOOL_BOAT_BREEZE_IE6CyqSaDwN_Elastic_medium_upsampled.csv,1350,"End-effector continue rotating the object, by an angle of 45.0 degrees, using moderate force, causing medium-deformation, with constant force."
/home/mdxuser/Genesis/main/data/picked_up_4/upsampled/CLIMACOOL_BOAT_BREEZE_IE6CyqSaDwN_Elastic_medium_upsampled.csv,1620,"End-effector holding position of the object, maintaining a stable hold, using moderate force, causing medium-deformation."
/home/mdxuser/Genesis/main/data/picked_up_4/upsampled/CLIMACOOL_BOAT_BREEZE_IE6CyqSaDwN_Elastic_medium_upsampled.csv,1890,"End-effector rotating the object, by an angle of 45.0 degrees, using moderate force, causing medium-deformation, with constant force."
/home/mdxuser/Genesis/main/data/picked_up_4/upsampled/CLIMACOOL_BOAT_BREEZE_IE6CyqSaDwN_Elastic_medium_upsampled.csv,2160,The object has been dropped.
/home/mdxuser/Genesis/main/data/picked_up_4/upsampled/CLIMACOOL_BOAT_BREEZE_IE6CyqSaDwN_Elastic_medium_upsampled.csv,2430,The object has been dropped.
/home/mdxuser/Genesis/main/data/picked_up_4/upsampled/CLIMACOOL_BOAT_BREEZE_IE6CyqSaDwN_Elastic_medium_upsampled.csv,2700,The object has been dropped.
/home/mdxuser/Genesis/main/data/picked_up_4/upsampled/D_ROSE_ENGLEWOOD_II_Elastic_medium_upsampled.csv,0,"End-effector start towards the object, to begin the task."
/home/mdxuser/Genesis/main/data/picked_up_4/upsampled/D_ROSE_ENGLEWOOD_II_Elastic_medium_upsampled.csv,270,"End-effector grasping the object, using moderate force, causing medium-deformation, with increasing force."
/home/mdxuser/Genesis/main/data/picked_up_4/upsampled/D_ROSE_ENGLEWOOD_II_Elastic_medium_upsampled.csv,540,"End-effector continue grasping the object, using moderate force, causing medium-deformation, with increasing force."
/home/mdxuser/Genesis/main/data/picked_up_4/upsampled/D_ROSE_ENGLEWOOD_II_Elastic_medium_upsampled.csv,810,"End-effector lifting the object, using moderate force, causing medium-deformation, with increasing force."
/home/mdxuser/Genesis/main/data/picked_up_4/upsampled/D_ROSE_ENGLEWOOD_II_Elastic_medium_upsampled.csv,1080,"End-effector rotating the object, by an angle of 30.0 degrees, using moderate force, causing medium-deformation, with constant force."
/home/mdxuser/Genesis/main/data/picked_up_4/upsampled/D_ROSE_ENGLEWOOD_II_Elastic_medium_upsampled.csv,1350,"End-effector continue rotating the object, by an angle of 30.0 degrees, using moderate force, causing medium-deformation, with constant force."
/home/mdxuser/Genesis/main/data/picked_up_4/upsampled/D_ROSE_ENGLEWOOD_II_Elastic_medium_upsampled.csv,1620,"End-effector holding position of the object, maintaining a stable hold, using moderate force, causing medium-deformation."
/home/mdxuser/Genesis/main/data/picked_up_4/upsampled/D_ROSE_ENGLEWOOD_II_Elastic_medium_upsampled.csv,1890,The object has been dropped.
/home/mdxuser/Genesis/main/data/picked_up_4/upsampled/D_ROSE_ENGLEWOOD_II_Elastic_medium_upsampled.csv,2160,The object has been dropped.
/home/mdxuser/Genesis/main/data/picked_up_4/upsampled/D_ROSE_ENGLEWOOD_II_Elastic_medium_upsampled.csv,2430,The object has been dropped.
/home/mdxuser/Genesis/main/data/picked_up_4/upsampled/D_ROSE_ENGLEWOOD_II_Elastic_medium_upsampled.csv,2700,The object has been dropped.
/home/mdxuser/Genesis/main/data/picked_up_4/upsampled/Eat_to_Live_The_Amazing_NutrientRich_Program_for_Fast_and_Sustained_Weight_Loss_Revised_Edition_Book_Elastic_hard_upsampled.csv,0,"End-effector start towards the object, to begin the task."
/home/mdxuser/Genesis/main/data/picked_up_4/upsampled/Eat_to_Live_The_Amazing_NutrientRich_Program_for_Fast_and_Sustained_Weight_Loss_Revised_Edition_Book_Elastic_hard_upsampled.csv,270,"End-effector grasping the object, using strong force, causing hard-deformation, with increasing force."
/home/mdxuser/Genesis/main/data/picked_up_4/upsampled/Eat_to_Live_The_Amazing_NutrientRich_Program_for_Fast_and_Sustained_Weight_Loss_Revised_Edition_Book_Elastic_hard_upsampled.csv,540,"End-effector continue grasping the object, using strong force, causing hard-deformation, with increasing force."
/home/mdxuser/Genesis/main/data/picked_up_4/upsampled/Eat_to_Live_The_Amazing_NutrientRich_Program_for_Fast_and_Sustained_Weight_Loss_Revised_Edition_Book_Elastic_hard_upsampled.csv,810,"End-effector lifting the object, using strong force, causing hard-deformation, with increasing force."
/home/mdxuser/Genesis/main/data/picked_up_4/upsampled/Eat_to_Live_The_Amazing_NutrientRich_Program_for_Fast_and_Sustained_Weight_Loss_Revised_Edition_Book_Elastic_hard_upsampled.csv,1080,"End-effector rotating the object, by an angle of 45.0 degrees, using strong force, causing hard-deformation, with constant force."
/home/mdxuser/Genesis/main/data/picked_up_4/upsampled/Eat_to_Live_The_Amazing_NutrientRich_Program_for_Fast_and_Sustained_Weight_Loss_Revised_Edition_Book_Elastic_hard_upsampled.csv,1350,The object has been dropped.
/home/mdxuser/Genesis/main/data/picked_up_4/upsampled/Eat_to_Live_The_Amazing_NutrientRich_Program_for_Fast_and_Sustained_Weight_Loss_Revised_Edition_Book_Elastic_hard_upsampled.csv,1620,The object has been dropped.
/home/mdxuser/Genesis/main/data/picked_up_4/upsampled/Eat_to_Live_The_Amazing_NutrientRich_Program_for_Fast_and_Sustained_Weight_Loss_Revised_Edition_Book_Elastic_hard_upsampled.csv,1890,The object has been dropped.
/home/mdxuser/Genesis/main/data/picked_up_4/upsampled/Eat_to_Live_The_Amazing_NutrientRich_Program_for_Fast_and_Sustained_Weight_Loss_Revised_Edition_Book_Elastic_hard_upsampled.csv,2160,The object has been dropped.
/home/mdxuser/Genesis/main/data/picked_up_4/upsampled/Eat_to_Live_The_Amazing_NutrientRich_Program_for_Fast_and_Sustained_Weight_Loss_Revised_Edition_Book_Elastic_hard_upsampled.csv,2430,The object has been dropped.
/home/mdxuser/Genesis/main/data/picked_up_4/upsampled/Eat_to_Live_The_Amazing_NutrientRich_Program_for_Fast_and_Sustained_Weight_Loss_Revised_Edition_Book_Elastic_hard_upsampled.csv,2700,The object has been dropped.
/home/mdxuser/Genesis/main/data/picked_up_4/upsampled/Brother_LC_1053PKS_Ink_Cartridge_CyanMagentaYellow_1pack_Elastic_medium_upsampled.csv,0,"End-effector start towards the object, to begin the task."
/home/mdxuser/Genesis/main/data/picked_up_4/upsampled/Brother_LC_1053PKS_Ink_Cartridge_CyanMagentaYellow_1pack_Elastic_medium_upsampled.csv,270,"End-effector grasping the object, using moderate force, causing medium-deformation, with increasing force."
/home/mdxuser/Genesis/main/data/picked_up_4/upsampled/Brother_LC_1053PKS_Ink_Cartridge_CyanMagentaYellow_1pack_Elastic_medium_upsampled.csv,540,"End-effector continue grasping the object, using moderate force, causing medium-deformation, with increasing force."
/home/mdxuser/Genesis/main/data/picked_up_4/upsampled/Brother_LC_1053PKS_Ink_Cartridge_CyanMagentaYellow_1pack_Elastic_medium_upsampled.csv,810,"End-effector lifting the object, using moderate force, causing medium-deformation, with increasing force."
/home/mdxuser/Genesis/main/data/picked_up_4/upsampled/Brother_LC_1053PKS_Ink_Cartridge_CyanMagentaYellow_1pack_Elastic_medium_upsampled.csv,1080,"End-effector rotating the object, by an angle of 45.0 degrees, using moderate force, causing medium-deformation, with constant force."
/home/mdxuser/Genesis/main/data/picked_up_4/upsampled/Brother_LC_1053PKS_Ink_Cartridge_CyanMagentaYellow_1pack_Elastic_medium_upsampled.csv,1350,"End-effector continue rotating the object, by an angle of 45.0 degrees, using moderate force, causing medium-deformation, with constant force."
/home/mdxuser/Genesis/main/data/picked_up_4/upsampled/Brother_LC_1053PKS_Ink_Cartridge_CyanMagentaYellow_1pack_Elastic_medium_upsampled.csv,1620,The object has been dropped.
/home/mdxuser/Genesis/main/data/picked_up_4/upsampled/Brother_LC_1053PKS_Ink_Cartridge_CyanMagentaYellow_1pack_Elastic_medium_upsampled.csv,1890,The object has been dropped.
/home/mdxuser/Genesis/main/data/picked_up_4/upsampled/Brother_LC_1053PKS_Ink_Cartridge_CyanMagentaYellow_1pack_Elastic_medium_upsampled.csv,2160,The object has been dropped.
/home/mdxuser/Genesis/main/data/picked_up_4/upsampled/Brother_LC_1053PKS_Ink_Cartridge_CyanMagentaYellow_1pack_Elastic_medium_upsampled.csv,2430,The object has been dropped.
/home/mdxuser/Genesis/main/data/picked_up_4/upsampled/Brother_LC_1053PKS_Ink_Cartridge_CyanMagentaYellow_1pack_Elastic_medium_upsampled.csv,2700,The object has been dropped.
/home/mdxuser/Genesis/main/data/picked_up_4/upsampled/ClimaCool_Aerate_2_W_Wide_Elastic_soft_upsampled.csv,0,"End-effector start towards the object, to begin the task."
/home/mdxuser/Genesis/main/data/picked_up_4/upsampled/ClimaCool_Aerate_2_W_Wide_Elastic_soft_upsampled.csv,270,"End-effector grasping the object, using gentle force, causing soft-deformation, with increasing force."
/home/mdxuser/Genesis/main/data/picked_up_4/upsampled/ClimaCool_Aerate_2_W_Wide_Elastic_soft_upsampled.csv,540,"End-effector continue grasping the object, using gentle force, causing soft-deformation, with increasing force."
/home/mdxuser/Genesis/main/data/picked_up_4/upsampled/ClimaCool_Aerate_2_W_Wide_Elastic_soft_upsampled.csv,810,"End-effector lifting the object, using gentle force, causing soft-deformation, with increasing force."
/home/mdxuser/Genesis/main/data/picked_up_4/upsampled/ClimaCool_Aerate_2_W_Wide_Elastic_soft_upsampled.csv,1080,"End-effector rotating the object, by an angle of 45.0 degrees, using gentle force, causing soft-deformation, with constant force."
/home/mdxuser/Genesis/main/data/picked_up_4/upsampled/ClimaCool_Aerate_2_W_Wide_Elastic_soft_upsampled.csv,1350,"End-effector continue rotating the object, by an angle of 45.0 degrees, using gentle force, causing soft-deformation, with constant force."
/home/mdxuser/Genesis/main/data/picked_up_4/upsampled/ClimaCool_Aerate_2_W_Wide_Elastic_soft_upsampled.csv,1620,"End-effector holding position of the object, maintaining a stable hold, using gentle force, causing soft-deformation."
/home/mdxuser/Genesis/main/data/picked_up_4/upsampled/ClimaCool_Aerate_2_W_Wide_Elastic_soft_upsampled.csv,1890,"End-effector rotating the object, by an angle of 45.0 degrees, using gentle force, causing soft-deformation, with constant force."
/home/mdxuser/Genesis/main/data/picked_up_4/upsampled/ClimaCool_Aerate_2_W_Wide_Elastic_soft_upsampled.csv,2160,"End-effector holding position of the object, maintaining a stable hold, using gentle force, causing soft-deformation."
/home/mdxuser/Genesis/main/data/picked_up_4/upsampled/ClimaCool_Aerate_2_W_Wide_Elastic_soft_upsampled.csv,2430,"End-effector continue holding position of the object, maintaining a stable hold, using gentle force, causing soft-deformation."
/home/mdxuser/Genesis/main/data/picked_up_4/upsampled/ClimaCool_Aerate_2_W_Wide_Elastic_soft_upsampled.csv,2700,"End-effector stopping the object, using zero-force, causing undeformed shape."
/home/mdxuser/Genesis/main/data/picked_up_4/upsampled/Beyonc_Life_is_But_a_Dream_DVD_Elastic_soft_upsampled.csv,0,"End-effector start towards the object, to begin the task."
/home/mdxuser/Genesis/main/data/picked_up_4/upsampled/Beyonc_Life_is_But_a_Dream_DVD_Elastic_soft_upsampled.csv,270,"End-effector grasping the object, using gentle force, causing soft-deformation, with increasing force."
/home/mdxuser/Genesis/main/data/picked_up_4/upsampled/Beyonc_Life_is_But_a_Dream_DVD_Elastic_soft_upsampled.csv,540,"End-effector continue grasping the object, using gentle force, causing soft-deformation, with increasing force."
/home/mdxuser/Genesis/main/data/picked_up_4/upsampled/Beyonc_Life_is_But_a_Dream_DVD_Elastic_soft_upsampled.csv,810,"End-effector lifting the object, using gentle force, causing soft-deformation, with increasing force."
/home/mdxuser/Genesis/main/data/picked_up_4/upsampled/Beyonc_Life_is_But_a_Dream_DVD_Elastic_soft_upsampled.csv,1080,"End-effector rotating the object, by an angle of 45.0 degrees, using gentle force, causing soft-deformation, with constant force."
/home/mdxuser/Genesis/main/data/picked_up_4/upsampled/Beyonc_Life_is_But_a_Dream_DVD_Elastic_soft_upsampled.csv,1350,The object has been dropped.
/home/mdxuser/Genesis/main/data/picked_up_4/upsampled/Beyonc_Life_is_But_a_Dream_DVD_Elastic_soft_upsampled.csv,1620,The object has been dropped.
/home/mdxuser/Genesis/main/data/picked_up_4/upsampled/Beyonc_Life_is_But_a_Dream_DVD_Elastic_soft_upsampled.csv,1890,The object has been dropped.
/home/mdxuser/Genesis/main/data/picked_up_4/upsampled/Beyonc_Life_is_But_a_Dream_DVD_Elastic_soft_upsampled.csv,2160,The object has been dropped.
/home/mdxuser/Genesis/main/data/picked_up_4/upsampled/Beyonc_Life_is_But_a_Dream_DVD_Elastic_soft_upsampled.csv,2430,The object has been dropped.
/home/mdxuser/Genesis/main/data/picked_up_4/upsampled/Beyonc_Life_is_But_a_Dream_DVD_Elastic_soft_upsampled.csv,2700,The object has been dropped.
/home/mdxuser/Genesis/main/data/picked_up_4/upsampled/Black_Decker_Stainless_Steel_Toaster_4_Slice_Elastic_medium_upsampled.csv,0,"End-effector start towards the object, to begin the task."
/home/mdxuser/Genesis/main/data/picked_up_4/upsampled/Black_Decker_Stainless_Steel_Toaster_4_Slice_Elastic_medium_upsampled.csv,270,"End-effector grasping the object, using moderate force, causing medium-deformation, with increasing force."
/home/mdxuser/Genesis/main/data/picked_up_4/upsampled/Black_Decker_Stainless_Steel_Toaster_4_Slice_Elastic_medium_upsampled.csv,540,"End-effector continue grasping the object, using moderate force, causing medium-deformation, with increasing force."
/home/mdxuser/Genesis/main/data/picked_up_4/upsampled/Black_Decker_Stainless_Steel_Toaster_4_Slice_Elastic_medium_upsampled.csv,810,"End-effector lifting the object, using moderate force, causing medium-deformation, with increasing force."
/home/mdxuser/Genesis/main/data/picked_up_4/upsampled/Black_Decker_Stainless_Steel_Toaster_4_Slice_Elastic_medium_upsampled.csv,1080,"End-effector rotating the object, by an angle of 45.0 degrees, using moderate force, causing medium-deformation, with constant force."
/home/mdxuser/Genesis/main/data/picked_up_4/upsampled/Black_Decker_Stainless_Steel_Toaster_4_Slice_Elastic_medium_upsampled.csv,1350,"End-effector holding position of the object, maintaining a stable hold, using moderate force, causing medium-deformation."
/home/mdxuser/Genesis/main/data/picked_up_4/upsampled/Black_Decker_Stainless_Steel_Toaster_4_Slice_Elastic_medium_upsampled.csv,1620,"End-effector continue holding position of the object, maintaining a stable hold, using moderate force, causing medium-deformation."
/home/mdxuser/Genesis/main/data/picked_up_4/upsampled/Black_Decker_Stainless_Steel_Toaster_4_Slice_Elastic_medium_upsampled.csv,1890,"End-effector rotating the object, by an angle of 30.0 degrees, using moderate force, causing medium-deformation, with constant force."
/home/mdxuser/Genesis/main/data/picked_up_4/upsampled/Black_Decker_Stainless_Steel_Toaster_4_Slice_Elastic_medium_upsampled.csv,2160,"End-effector continue rotating the object, by an angle of 30.0 degrees, using moderate force, causing medium-deformation, with constant force."
/home/mdxuser/Genesis/main/data/picked_up_4/upsampled/Black_Decker_Stainless_Steel_Toaster_4_Slice_Elastic_medium_upsampled.csv,2430,The object has been dropped.
/home/mdxuser/Genesis/main/data/picked_up_4/upsampled/Black_Decker_Stainless_Steel_Toaster_4_Slice_Elastic_medium_upsampled.csv,2700,The object has been dropped.
/home/mdxuser/Genesis/main/data/picked_up_4/upsampled/Android_Lego_Elastic_hard_upsampled.csv,0,"End-effector start towards the object, to begin the task."
/home/mdxuser/Genesis/main/data/picked_up_4/upsampled/Android_Lego_Elastic_hard_upsampled.csv,270,"End-effector grasping the object, using strong force, causing hard-deformation, with increasing force."
/home/mdxuser/Genesis/main/data/picked_up_4/upsampled/Android_Lego_Elastic_hard_upsampled.csv,540,"End-effector continue grasping the object, using strong force, causing hard-deformation, with increasing force."
/home/mdxuser/Genesis/main/data/picked_up_4/upsampled/Android_Lego_Elastic_hard_upsampled.csv,810,"End-effector lifting the object, using strong force, causing hard-deformation, with increasing force."
/home/mdxuser/Genesis/main/data/picked_up_4/upsampled/Android_Lego_Elastic_hard_upsampled.csv,1080,"End-effector rotating the object, by an angle of 30.0 degrees, using strong force, causing hard-deformation, with constant force."
/home/mdxuser/Genesis/main/data/picked_up_4/upsampled/Android_Lego_Elastic_hard_upsampled.csv,1350,"End-effector continue rotating the object, by an angle of 30.0 degrees, using strong force, causing hard-deformation, with constant force."
/home/mdxuser/Genesis/main/data/picked_up_4/upsampled/Android_Lego_Elastic_hard_upsampled.csv,1620,"End-effector holding position of the object, maintaining a stable hold, using strong force, causing hard-deformation."
/home/mdxuser/Genesis/main/data/picked_up_4/upsampled/Android_Lego_Elastic_hard_upsampled.csv,1890,"End-effector rotating the object, by an angle of 45.0 degrees, using strong force, causing hard-deformation, with constant force."
/home/mdxuser/Genesis/main/data/picked_up_4/upsampled/Android_Lego_Elastic_hard_upsampled.csv,2160,"End-effector continue rotating the object, by an angle of 45.0 degrees, using strong force, causing hard-deformation, with constant force."
/home/mdxuser/Genesis/main/data/picked_up_4/upsampled/Android_Lego_Elastic_hard_upsampled.csv,2430,"End-effector holding position of the object, maintaining a stable hold, using strong force, causing hard-deformation."
/home/mdxuser/Genesis/main/data/picked_up_4/upsampled/Android_Lego_Elastic_hard_upsampled.csv,2700,"End-effector stopping the object, using zero-force, causing undeformed shape."
/home/mdxuser/Genesis/main/data/picked_up_4/upsampled/Diet_Pepsi_Soda_Cola12_Pack_12_oz_Cans_Elastic_medium_upsampled.csv,0,"End-effector start towards the object, to begin the task."
/home/mdxuser/Genesis/main/data/picked_up_4/upsampled/Diet_Pepsi_Soda_Cola12_Pack_12_oz_Cans_Elastic_medium_upsampled.csv,270,"End-effector grasping the object, using moderate force, causing medium-deformation, with increasing force."
/home/mdxuser/Genesis/main/data/picked_up_4/upsampled/Diet_Pepsi_Soda_Cola12_Pack_12_oz_Cans_Elastic_medium_upsampled.csv,540,"End-effector continue grasping the object, using moderate force, causing medium-deformation, with increasing force."
/home/mdxuser/Genesis/main/data/picked_up_4/upsampled/Diet_Pepsi_Soda_Cola12_Pack_12_oz_Cans_Elastic_medium_upsampled.csv,810,"End-effector lifting the object, using moderate force, causing medium-deformation, with increasing force."
/home/mdxuser/Genesis/main/data/picked_up_4/upsampled/Diet_Pepsi_Soda_Cola12_Pack_12_oz_Cans_Elastic_medium_upsampled.csv,1080,"End-effector rotating the object, by an angle of 45.0 degrees, using moderate force, causing medium-deformation, with constant force."
/home/mdxuser/Genesis/main/data/picked_up_4/upsampled/Diet_Pepsi_Soda_Cola12_Pack_12_oz_Cans_Elastic_medium_upsampled.csv,1350,The object has been dropped.
/home/mdxuser/Genesis/main/data/picked_up_4/upsampled/Diet_Pepsi_Soda_Cola12_Pack_12_oz_Cans_Elastic_medium_upsampled.csv,1620,The object has been dropped.
/home/mdxuser/Genesis/main/data/picked_up_4/upsampled/Diet_Pepsi_Soda_Cola12_Pack_12_oz_Cans_Elastic_medium_upsampled.csv,1890,The object has been dropped.
/home/mdxuser/Genesis/main/data/picked_up_4/upsampled/Diet_Pepsi_Soda_Cola12_Pack_12_oz_Cans_Elastic_medium_upsampled.csv,2160,The object has been dropped.
/home/mdxuser/Genesis/main/data/picked_up_4/upsampled/Diet_Pepsi_Soda_Cola12_Pack_12_oz_Cans_Elastic_medium_upsampled.csv,2430,The object has been dropped.
/home/mdxuser/Genesis/main/data/picked_up_4/upsampled/Diet_Pepsi_Soda_Cola12_Pack_12_oz_Cans_Elastic_medium_upsampled.csv,2700,The object has been dropped.
/home/mdxuser/Genesis/main/data/picked_up_4/upsampled/Circo_Fish_Toothbrush_Holder_14995988_Elastic_soft_upsampled.csv,0,"End-effector start towards the object, to begin the task."
/home/mdxuser/Genesis/main/data/picked_up_4/upsampled/Circo_Fish_Toothbrush_Holder_14995988_Elastic_soft_upsampled.csv,270,"End-effector grasping the object, using gentle force, causing soft-deformation, with increasing force."
/home/mdxuser/Genesis/main/data/picked_up_4/upsampled/Circo_Fish_Toothbrush_Holder_14995988_Elastic_soft_upsampled.csv,540,"End-effector continue grasping the object, using gentle force, causing soft-deformation, with increasing force."
/home/mdxuser/Genesis/main/data/picked_up_4/upsampled/Circo_Fish_Toothbrush_Holder_14995988_Elastic_soft_upsampled.csv,810,"End-effector lifting the object, using gentle force, causing soft-deformation, with increasing force."
/home/mdxuser/Genesis/main/data/picked_up_4/upsampled/Circo_Fish_Toothbrush_Holder_14995988_Elastic_soft_upsampled.csv,1080,"End-effector rotating the object, by an angle of 45.0 degrees, using gentle force, causing soft-deformation, with constant force."
/home/mdxuser/Genesis/main/data/picked_up_4/upsampled/Circo_Fish_Toothbrush_Holder_14995988_Elastic_soft_upsampled.csv,1350,"End-effector continue rotating the object, by an angle of 45.0 degrees, using gentle force, causing soft-deformation, with constant force."
/home/mdxuser/Genesis/main/data/picked_up_4/upsampled/Circo_Fish_Toothbrush_Holder_14995988_Elastic_soft_upsampled.csv,1620,"End-effector holding position of the object, maintaining a stable hold, using gentle force, causing soft-deformation."
/home/mdxuser/Genesis/main/data/picked_up_4/upsampled/Circo_Fish_Toothbrush_Holder_14995988_Elastic_soft_upsampled.csv,1890,"End-effector rotating the object, by an angle of 45.0 degrees, using gentle force, causing soft-deformation, with constant force."
/home/mdxuser/Genesis/main/data/picked_up_4/upsampled/Circo_Fish_Toothbrush_Holder_14995988_Elastic_soft_upsampled.csv,2160,"End-effector holding position of the object, maintaining a stable hold, using gentle force, causing soft-deformation."
/home/mdxuser/Genesis/main/data/picked_up_4/upsampled/Circo_Fish_Toothbrush_Holder_14995988_Elastic_soft_upsampled.csv,2430,"End-effector continue holding position of the object, maintaining a stable hold, using gentle force, causing soft-deformation."
/home/mdxuser/Genesis/main/data/picked_up_4/upsampled/Circo_Fish_Toothbrush_Holder_14995988_Elastic_soft_upsampled.csv,2700,The object has been dropped.
/home/mdxuser/Genesis/main/data/picked_up_4/upsampled/Mens_Largo_Slip_On_in_Taupe_gooyS417q4R_Elastic_hard_upsampled.csv,0,"End-effector start towards the object, to begin the task."
/home/mdxuser/Genesis/main/data/picked_up_4/upsampled/Mens_Largo_Slip_On_in_Taupe_gooyS417q4R_Elastic_hard_upsampled.csv,270,"End-effector grasping the object, using strong force, causing hard-deformation, with increasing force."
/home/mdxuser/Genesis/main/data/picked_up_4/upsampled/Mens_Largo_Slip_On_in_Taupe_gooyS417q4R_Elastic_hard_upsampled.csv,540,"End-effector continue grasping the object, using strong force, causing hard-deformation, with increasing force."
/home/mdxuser/Genesis/main/data/picked_up_4/upsampled/Mens_Largo_Slip_On_in_Taupe_gooyS417q4R_Elastic_hard_upsampled.csv,810,"End-effector lifting the object, using strong force, causing hard-deformation, with increasing force."
/home/mdxuser/Genesis/main/data/picked_up_4/upsampled/Mens_Largo_Slip_On_in_Taupe_gooyS417q4R_Elastic_hard_upsampled.csv,1080,"End-effector rotating the object, by an angle of 45.0 degrees, using strong force, causing hard-deformation, with constant force."
/home/mdxuser/Genesis/main/data/picked_up_4/upsampled/Mens_Largo_Slip_On_in_Taupe_gooyS417q4R_Elastic_hard_upsampled.csv,1350,The object has been dropped.
/home/mdxuser/Genesis/main/data/picked_up_4/upsampled/Mens_Largo_Slip_On_in_Taupe_gooyS417q4R_Elastic_hard_upsampled.csv,1620,The object has been dropped.
/home/mdxuser/Genesis/main/data/picked_up_4/upsampled/Mens_Largo_Slip_On_in_Taupe_gooyS417q4R_Elastic_hard_upsampled.csv,1890,The object has been dropped.
/home/mdxuser/Genesis/main/data/picked_up_4/upsampled/Mens_Largo_Slip_On_in_Taupe_gooyS417q4R_Elastic_hard_upsampled.csv,2160,The object has been dropped.
/home/mdxuser/Genesis/main/data/picked_up_4/upsampled/Mens_Largo_Slip_On_in_Taupe_gooyS417q4R_Elastic_hard_upsampled.csv,2430,The object has been dropped.
/home/mdxuser/Genesis/main/data/picked_up_4/upsampled/Mens_Largo_Slip_On_in_Taupe_gooyS417q4R_Elastic_hard_upsampled.csv,2700,The object has been dropped.
/home/mdxuser/Genesis/main/data/picked_up_4/upsampled/Crayola_Bonus_64_Crayons_Elastic_hard_upsampled.csv,0,"End-effector start towards the object, to begin the task."
/home/mdxuser/Genesis/main/data/picked_up_4/upsampled/Crayola_Bonus_64_Crayons_Elastic_hard_upsampled.csv,270,"End-effector grasping the object, using strong force, causing hard-deformation, with increasing force."
/home/mdxuser/Genesis/main/data/picked_up_4/upsampled/Crayola_Bonus_64_Crayons_Elastic_hard_upsampled.csv,540,"End-effector continue grasping the object, using strong force, causing hard-deformation, with increasing force."
/home/mdxuser/Genesis/main/data/picked_up_4/upsampled/Crayola_Bonus_64_Crayons_Elastic_hard_upsampled.csv,810,"End-effector lifting the object, using strong force, causing hard-deformation, with increasing force."
/home/mdxuser/Genesis/main/data/picked_up_4/upsampled/Crayola_Bonus_64_Crayons_Elastic_hard_upsampled.csv,1080,"End-effector rotating the object, by an angle of 45.0 degrees, using strong force, causing hard-deformation, with constant force."
/home/mdxuser/Genesis/main/data/picked_up_4/upsampled/Crayola_Bonus_64_Crayons_Elastic_hard_upsampled.csv,1350,"End-effector holding position of the object, maintaining a stable hold, using strong force, causing hard-deformation."
/home/mdxuser/Genesis/main/data/picked_up_4/upsampled/Crayola_Bonus_64_Crayons_Elastic_hard_upsampled.csv,1620,"End-effector continue holding position of the object, maintaining a stable hold, using strong force, causing hard-deformation."
/home/mdxuser/Genesis/main/data/picked_up_4/upsampled/Crayola_Bonus_64_Crayons_Elastic_hard_upsampled.csv,1890,"End-effector rotating the object, by an angle of 45.0 degrees, using strong force, causing hard-deformation, with constant force."
/home/mdxuser/Genesis/main/data/picked_up_4/upsampled/Crayola_Bonus_64_Crayons_Elastic_hard_upsampled.csv,2160,"End-effector continue rotating the object, by an angle of 45.0 degrees, using strong force, causing hard-deformation, with constant force."
/home/mdxuser/Genesis/main/data/picked_up_4/upsampled/Crayola_Bonus_64_Crayons_Elastic_hard_upsampled.csv,2430,The object has been dropped.
/home/mdxuser/Genesis/main/data/picked_up_4/upsampled/Crayola_Bonus_64_Crayons_Elastic_hard_upsampled.csv,2700,The object has been dropped.
/home/mdxuser/Genesis/main/data/picked_up_4/upsampled/CREATIVE_BLOCKS_35_MM_Elastic_medium_upsampled.csv,0,"End-effector start towards the object, to begin the task."
/home/mdxuser/Genesis/main/data/picked_up_4/upsampled/CREATIVE_BLOCKS_35_MM_Elastic_medium_upsampled.csv,270,"End-effector grasping the object, using moderate force, causing medium-deformation, with increasing force."
/home/mdxuser/Genesis/main/data/picked_up_4/upsampled/CREATIVE_BLOCKS_35_MM_Elastic_medium_upsampled.csv,540,"End-effector continue grasping the object, using moderate force, causing medium-deformation, with increasing force."
/home/mdxuser/Genesis/main/data/picked_up_4/upsampled/CREATIVE_BLOCKS_35_MM_Elastic_medium_upsampled.csv,810,"End-effector lifting the object, using moderate force, causing medium-deformation, with increasing force."
/home/mdxuser/Genesis/main/data/picked_up_4/upsampled/CREATIVE_BLOCKS_35_MM_Elastic_medium_upsampled.csv,1080,"End-effector rotating the object, by an angle of 45.0 degrees, using moderate force, causing medium-deformation, with constant force."
/home/mdxuser/Genesis/main/data/picked_up_4/upsampled/CREATIVE_BLOCKS_35_MM_Elastic_medium_upsampled.csv,1350,"End-effector continue rotating the object, by an angle of 45.0 degrees, using moderate force, causing medium-deformation, with constant force."
/home/mdxuser/Genesis/main/data/picked_up_4/upsampled/CREATIVE_BLOCKS_35_MM_Elastic_medium_upsampled.csv,1620,"End-effector holding position of the object, maintaining a stable hold, using moderate force, causing medium-deformation."
/home/mdxuser/Genesis/main/data/picked_up_4/upsampled/CREATIVE_BLOCKS_35_MM_Elastic_medium_upsampled.csv,1890,"End-effector rotating the object, by an angle of 45.0 degrees, using moderate force, causing medium-deformation, with constant force."
/home/mdxuser/Genesis/main/data/picked_up_4/upsampled/CREATIVE_BLOCKS_35_MM_Elastic_medium_upsampled.csv,2160,"End-effector holding position of the object, maintaining a stable hold, using moderate force, causing medium-deformation."
/home/mdxuser/Genesis/main/data/picked_up_4/upsampled/CREATIVE_BLOCKS_35_MM_Elastic_medium_upsampled.csv,2430,"End-effector continue holding position of the object, maintaining a stable hold, using moderate force, causing medium-deformation."
/home/mdxuser/Genesis/main/data/picked_up_4/upsampled/CREATIVE_BLOCKS_35_MM_Elastic_medium_upsampled.csv,2700,"End-effector stopping the object, using zero-force, causing undeformed shape."
/home/mdxuser/Genesis/main/data/picked_up_4/upsampled/Animal_Crossing_New_Leaf_Nintendo_3DS_Game_Elastic_medium_upsampled.csv,0,"End-effector start towards the object, to begin the task."
/home/mdxuser/Genesis/main/data/picked_up_4/upsampled/Animal_Crossing_New_Leaf_Nintendo_3DS_Game_Elastic_medium_upsampled.csv,270,"End-effector grasping the object, using moderate force, causing medium-deformation, with increasing force."
/home/mdxuser/Genesis/main/data/picked_up_4/upsampled/Animal_Crossing_New_Leaf_Nintendo_3DS_Game_Elastic_medium_upsampled.csv,540,"End-effector continue grasping the object, using moderate force, causing medium-deformation, with increasing force."
/home/mdxuser/Genesis/main/data/picked_up_4/upsampled/Animal_Crossing_New_Leaf_Nintendo_3DS_Game_Elastic_medium_upsampled.csv,810,"End-effector lifting the object, using moderate force, causing medium-deformation, with increasing force."
/home/mdxuser/Genesis/main/data/picked_up_4/upsampled/Animal_Crossing_New_Leaf_Nintendo_3DS_Game_Elastic_medium_upsampled.csv,1080,"End-effector rotating the object, by an angle of 45.0 degrees, using moderate force, causing medium-deformation, with constant force."
/home/mdxuser/Genesis/main/data/picked_up_4/upsampled/Animal_Crossing_New_Leaf_Nintendo_3DS_Game_Elastic_medium_upsampled.csv,1350,"End-effector continue rotating the object, by an angle of 45.0 degrees, using moderate force, causing medium-deformation, with constant force."
/home/mdxuser/Genesis/main/data/picked_up_4/upsampled/Animal_Crossing_New_Leaf_Nintendo_3DS_Game_Elastic_medium_upsampled.csv,1620,The object has been dropped.
/home/mdxuser/Genesis/main/data/picked_up_4/upsampled/Animal_Crossing_New_Leaf_Nintendo_3DS_Game_Elastic_medium_upsampled.csv,1890,The object has been dropped.
/home/mdxuser/Genesis/main/data/picked_up_4/upsampled/Animal_Crossing_New_Leaf_Nintendo_3DS_Game_Elastic_medium_upsampled.csv,2160,The object has been dropped.
/home/mdxuser/Genesis/main/data/picked_up_4/upsampled/Animal_Crossing_New_Leaf_Nintendo_3DS_Game_Elastic_medium_upsampled.csv,2430,The object has been dropped.
/home/mdxuser/Genesis/main/data/picked_up_4/upsampled/Animal_Crossing_New_Leaf_Nintendo_3DS_Game_Elastic_medium_upsampled.csv,2700,The object has been dropped.
/home/mdxuser/Genesis/main/data/picked_up_4/upsampled/Office_Depot_HP_71_Remanufactured_Ink_Cartridge_Black_Elastic_hard_upsampled.csv,0,"End-effector start towards the object, to begin the task."
/home/mdxuser/Genesis/main/data/picked_up_4/upsampled/Office_Depot_HP_71_Remanufactured_Ink_Cartridge_Black_Elastic_hard_upsampled.csv,270,"End-effector grasping the object, using strong force, causing hard-deformation, with increasing force."
/home/mdxuser/Genesis/main/data/picked_up_4/upsampled/Office_Depot_HP_71_Remanufactured_Ink_Cartridge_Black_Elastic_hard_upsampled.csv,540,"End-effector continue grasping the object, using strong force, causing hard-deformation, with increasing force."
/home/mdxuser/Genesis/main/data/picked_up_4/upsampled/Office_Depot_HP_71_Remanufactured_Ink_Cartridge_Black_Elastic_hard_upsampled.csv,810,"End-effector lifting the object, using strong force, causing hard-deformation, with increasing force."
/home/mdxuser/Genesis/main/data/picked_up_4/upsampled/Office_Depot_HP_71_Remanufactured_Ink_Cartridge_Black_Elastic_hard_upsampled.csv,1080,"End-effector rotating the object, by an angle of 30.0 degrees, using strong force, causing hard-deformation, with constant force."
/home/mdxuser/Genesis/main/data/picked_up_4/upsampled/Office_Depot_HP_71_Remanufactured_Ink_Cartridge_Black_Elastic_hard_upsampled.csv,1350,"End-effector continue rotating the object, by an angle of 30.0 degrees, using strong force, causing hard-deformation, with constant force."
/home/mdxuser/Genesis/main/data/picked_up_4/upsampled/Office_Depot_HP_71_Remanufactured_Ink_Cartridge_Black_Elastic_hard_upsampled.csv,1620,"End-effector holding position of the object, maintaining a stable hold, using strong force, causing hard-deformation."
/home/mdxuser/Genesis/main/data/picked_up_4/upsampled/Office_Depot_HP_71_Remanufactured_Ink_Cartridge_Black_Elastic_hard_upsampled.csv,1890,"End-effector rotating the object, by an angle of 45.0 degrees, using strong force, causing hard-deformation, with constant force."
/home/mdxuser/Genesis/main/data/picked_up_4/upsampled/Office_Depot_HP_71_Remanufactured_Ink_Cartridge_Black_Elastic_hard_upsampled.csv,2160,"End-effector continue rotating the object, by an angle of 45.0 degrees, using strong force, causing hard-deformation, with constant force."
/home/mdxuser/Genesis/main/data/picked_up_4/upsampled/Office_Depot_HP_71_Remanufactured_Ink_Cartridge_Black_Elastic_hard_upsampled.csv,2430,The object has been dropped.
/home/mdxuser/Genesis/main/data/picked_up_4/upsampled/Office_Depot_HP_71_Remanufactured_Ink_Cartridge_Black_Elastic_hard_upsampled.csv,2700,The object has been dropped.
/home/mdxuser/Genesis/main/data/picked_up_4/upsampled/Big_Dot_Aqua_Pencil_Case_Elastic_hard_upsampled.csv,0,"End-effector start towards the object, to begin the task."
/home/mdxuser/Genesis/main/data/picked_up_4/upsampled/Big_Dot_Aqua_Pencil_Case_Elastic_hard_upsampled.csv,270,"End-effector grasping the object, using strong force, causing hard-deformation, with increasing force."
/home/mdxuser/Genesis/main/data/picked_up_4/upsampled/Big_Dot_Aqua_Pencil_Case_Elastic_hard_upsampled.csv,540,"End-effector continue grasping the object, using strong force, causing hard-deformation, with increasing force."
/home/mdxuser/Genesis/main/data/picked_up_4/upsampled/Big_Dot_Aqua_Pencil_Case_Elastic_hard_upsampled.csv,810,"End-effector lifting the object, using strong force, causing hard-deformation, with increasing force."
/home/mdxuser/Genesis/main/data/picked_up_4/upsampled/Big_Dot_Aqua_Pencil_Case_Elastic_hard_upsampled.csv,1080,"End-effector rotating the object, by an angle of 45.0 degrees, using strong force, causing hard-deformation, with constant force."
/home/mdxuser/Genesis/main/data/picked_up_4/upsampled/Big_Dot_Aqua_Pencil_Case_Elastic_hard_upsampled.csv,1350,"End-effector continue rotating the object, by an angle of 45.0 degrees, using strong force, causing hard-deformation, with constant force."
/home/mdxuser/Genesis/main/data/picked_up_4/upsampled/Big_Dot_Aqua_Pencil_Case_Elastic_hard_upsampled.csv,1620,The object has been dropped.
/home/mdxuser/Genesis/main/data/picked_up_4/upsampled/Big_Dot_Aqua_Pencil_Case_Elastic_hard_upsampled.csv,1890,The object has been dropped.
/home/mdxuser/Genesis/main/data/picked_up_4/upsampled/Big_Dot_Aqua_Pencil_Case_Elastic_hard_upsampled.csv,2160,The object has been dropped.
/home/mdxuser/Genesis/main/data/picked_up_4/upsampled/Big_Dot_Aqua_Pencil_Case_Elastic_hard_upsampled.csv,2430,The object has been dropped.
/home/mdxuser/Genesis/main/data/picked_up_4/upsampled/Big_Dot_Aqua_Pencil_Case_Elastic_hard_upsampled.csv,2700,The object has been dropped.
/home/mdxuser/Genesis/main/data/picked_up_4/upsampled/Cole_Hardware_Electric_Pot_Cabana_55_Elastic_medium_upsampled.csv,0,"End-effector start towards the object, to begin the task."
/home/mdxuser/Genesis/main/data/picked_up_4/upsampled/Cole_Hardware_Electric_Pot_Cabana_55_Elastic_medium_upsampled.csv,270,"End-effector grasping the object, using moderate force, causing medium-deformation, with increasing force."
/home/mdxuser/Genesis/main/data/picked_up_4/upsampled/Cole_Hardware_Electric_Pot_Cabana_55_Elastic_medium_upsampled.csv,540,"End-effector continue grasping the object, using moderate force, causing medium-deformation, with increasing force."
/home/mdxuser/Genesis/main/data/picked_up_4/upsampled/Cole_Hardware_Electric_Pot_Cabana_55_Elastic_medium_upsampled.csv,810,"End-effector lifting the object, using moderate force, causing medium-deformation, with increasing force."
/home/mdxuser/Genesis/main/data/picked_up_4/upsampled/Cole_Hardware_Electric_Pot_Cabana_55_Elastic_medium_upsampled.csv,1080,"End-effector rotating the object, by an angle of 30.0 degrees, using moderate force, causing medium-deformation, with constant force."
/home/mdxuser/Genesis/main/data/picked_up_4/upsampled/Cole_Hardware_Electric_Pot_Cabana_55_Elastic_medium_upsampled.csv,1350,"End-effector continue rotating the object, by an angle of 30.0 degrees, using moderate force, causing medium-deformation, with constant force."
/home/mdxuser/Genesis/main/data/picked_up_4/upsampled/Cole_Hardware_Electric_Pot_Cabana_55_Elastic_medium_upsampled.csv,1620,"End-effector holding position of the object, maintaining a stable hold, using moderate force, causing medium-deformation."
/home/mdxuser/Genesis/main/data/picked_up_4/upsampled/Cole_Hardware_Electric_Pot_Cabana_55_Elastic_medium_upsampled.csv,1890,"End-effector rotating the object, by an angle of 30.0 degrees, using moderate force, causing medium-deformation, with constant force."
/home/mdxuser/Genesis/main/data/picked_up_4/upsampled/Cole_Hardware_Electric_Pot_Cabana_55_Elastic_medium_upsampled.csv,2160,"End-effector continue rotating the object, by an angle of 30.0 degrees, using moderate force, causing medium-deformation, with constant force."
/home/mdxuser/Genesis/main/data/picked_up_4/upsampled/Cole_Hardware_Electric_Pot_Cabana_55_Elastic_medium_upsampled.csv,2430,"End-effector holding position of the object, maintaining a stable hold, using moderate force, causing medium-deformation."
/home/mdxuser/Genesis/main/data/picked_up_4/upsampled/Cole_Hardware_Electric_Pot_Cabana_55_Elastic_medium_upsampled.csv,2700,"End-effector stopping the object, using zero-force, causing undeformed shape."
/home/mdxuser/Genesis/main/data/picked_up_4/upsampled/Brother_LC_1053PKS_Ink_Cartridge_CyanMagentaYellow_1pack_Elastic_soft_upsampled.csv,0,"End-effector start towards the object, to begin the task."
/home/mdxuser/Genesis/main/data/picked_up_4/upsampled/Brother_LC_1053PKS_Ink_Cartridge_CyanMagentaYellow_1pack_Elastic_soft_upsampled.csv,270,"End-effector grasping the object, using gentle force, causing soft-deformation, with increasing force."
/home/mdxuser/Genesis/main/data/picked_up_4/upsampled/Brother_LC_1053PKS_Ink_Cartridge_CyanMagentaYellow_1pack_Elastic_soft_upsampled.csv,540,"End-effector continue grasping the object, using gentle force, causing soft-deformation, with increasing force."
/home/mdxuser/Genesis/main/data/picked_up_4/upsampled/Brother_LC_1053PKS_Ink_Cartridge_CyanMagentaYellow_1pack_Elastic_soft_upsampled.csv,810,"End-effector lifting the object, using gentle force, causing soft-deformation, with increasing force."
/home/mdxuser/Genesis/main/data/picked_up_4/upsampled/Brother_LC_1053PKS_Ink_Cartridge_CyanMagentaYellow_1pack_Elastic_soft_upsampled.csv,1080,"End-effector rotating the object, by an angle of 45.0 degrees, using gentle force, causing soft-deformation, with constant force."
/home/mdxuser/Genesis/main/data/picked_up_4/upsampled/Brother_LC_1053PKS_Ink_Cartridge_CyanMagentaYellow_1pack_Elastic_soft_upsampled.csv,1350,"End-effector continue rotating the object, by an angle of 45.0 degrees, using gentle force, causing soft-deformation, with constant force."
/home/mdxuser/Genesis/main/data/picked_up_4/upsampled/Brother_LC_1053PKS_Ink_Cartridge_CyanMagentaYellow_1pack_Elastic_soft_upsampled.csv,1620,"End-effector holding position of the object, maintaining a stable hold, using gentle force, causing soft-deformation."
/home/mdxuser/Genesis/main/data/picked_up_4/upsampled/Brother_LC_1053PKS_Ink_Cartridge_CyanMagentaYellow_1pack_Elastic_soft_upsampled.csv,1890,"End-effector rotating the object, by an angle of 45.0 degrees, using gentle force, causing soft-deformation, with constant force."
/home/mdxuser/Genesis/main/data/picked_up_4/upsampled/Brother_LC_1053PKS_Ink_Cartridge_CyanMagentaYellow_1pack_Elastic_soft_upsampled.csv,2160,"End-effector holding position of the object, maintaining a stable hold, using gentle force, causing soft-deformation."
/home/mdxuser/Genesis/main/data/picked_up_4/upsampled/Brother_LC_1053PKS_Ink_Cartridge_CyanMagentaYellow_1pack_Elastic_soft_upsampled.csv,2430,"End-effector continue holding position of the object, maintaining a stable hold, using gentle force, causing soft-deformation."
/home/mdxuser/Genesis/main/data/picked_up_4/upsampled/Brother_LC_1053PKS_Ink_Cartridge_CyanMagentaYellow_1pack_Elastic_soft_upsampled.csv,2700,The object has been dropped.
/home/mdxuser/Genesis/main/data/picked_up_4/upsampled/Big_Dot_Aqua_Pencil_Case_Elastic_medium_upsampled.csv,0,"End-effector start towards the object, to begin the task."
/home/mdxuser/Genesis/main/data/picked_up_4/upsampled/Big_Dot_Aqua_Pencil_Case_Elastic_medium_upsampled.csv,270,"End-effector grasping the object, using moderate force, causing medium-deformation, with increasing force."
/home/mdxuser/Genesis/main/data/picked_up_4/upsampled/Big_Dot_Aqua_Pencil_Case_Elastic_medium_upsampled.csv,540,"End-effector continue grasping the object, using moderate force, causing medium-deformation, with increasing force."
/home/mdxuser/Genesis/main/data/picked_up_4/upsampled/Big_Dot_Aqua_Pencil_Case_Elastic_medium_upsampled.csv,810,"End-effector lifting the object, using moderate force, causing medium-deformation, with increasing force."
/home/mdxuser/Genesis/main/data/picked_up_4/upsampled/Big_Dot_Aqua_Pencil_Case_Elastic_medium_upsampled.csv,1080,"End-effector rotating the object, by an angle of 30.0 degrees, using moderate force, causing medium-deformation, with constant force."
/home/mdxuser/Genesis/main/data/picked_up_4/upsampled/Big_Dot_Aqua_Pencil_Case_Elastic_medium_upsampled.csv,1350,"End-effector continue rotating the object, by an angle of 30.0 degrees, using moderate force, causing medium-deformation, with constant force."
/home/mdxuser/Genesis/main/data/picked_up_4/upsampled/Big_Dot_Aqua_Pencil_Case_Elastic_medium_upsampled.csv,1620,"End-effector holding position of the object, maintaining a stable hold, using moderate force, causing medium-deformation."
/home/mdxuser/Genesis/main/data/picked_up_4/upsampled/Big_Dot_Aqua_Pencil_Case_Elastic_medium_upsampled.csv,1890,"End-effector rotating the object, by an angle of 30.0 degrees, using moderate force, causing medium-deformation, with constant force."
/home/mdxuser/Genesis/main/data/picked_up_4/upsampled/Big_Dot_Aqua_Pencil_Case_Elastic_medium_upsampled.csv,2160,"End-effector continue rotating the object, by an angle of 30.0 degrees, using moderate force, causing medium-deformation, with constant force."
/home/mdxuser/Genesis/main/data/picked_up_4/upsampled/Big_Dot_Aqua_Pencil_Case_Elastic_medium_upsampled.csv,2430,The object has been dropped.
/home/mdxuser/Genesis/main/data/picked_up_4/upsampled/Big_Dot_Aqua_Pencil_Case_Elastic_medium_upsampled.csv,2700,The object has been dropped.
/home/mdxuser/Genesis/main/data/picked_up_4/upsampled/Olive_Kids_Mermaids_Pack_n_Snack_Backpack_Elastic_medium_upsampled.csv,0,"End-effector start towards the object, to begin the task."
/home/mdxuser/Genesis/main/data/picked_up_4/upsampled/Olive_Kids_Mermaids_Pack_n_Snack_Backpack_Elastic_medium_upsampled.csv,270,"End-effector grasping the object, using moderate force, causing medium-deformation, with increasing force."
/home/mdxuser/Genesis/main/data/picked_up_4/upsampled/Olive_Kids_Mermaids_Pack_n_Snack_Backpack_Elastic_medium_upsampled.csv,540,"End-effector continue grasping the object, using moderate force, causing medium-deformation, with increasing force."
/home/mdxuser/Genesis/main/data/picked_up_4/upsampled/Olive_Kids_Mermaids_Pack_n_Snack_Backpack_Elastic_medium_upsampled.csv,810,"End-effector lifting the object, using moderate force, causing medium-deformation, with increasing force."
/home/mdxuser/Genesis/main/data/picked_up_4/upsampled/Olive_Kids_Mermaids_Pack_n_Snack_Backpack_Elastic_medium_upsampled.csv,1080,"End-effector rotating the object, by an angle of 45.0 degrees, using moderate force, causing medium-deformation, with constant force."
/home/mdxuser/Genesis/main/data/picked_up_4/upsampled/Olive_Kids_Mermaids_Pack_n_Snack_Backpack_Elastic_medium_upsampled.csv,1350,"End-effector holding position of the object, maintaining a stable hold, using moderate force, causing medium-deformation."
/home/mdxuser/Genesis/main/data/picked_up_4/upsampled/Olive_Kids_Mermaids_Pack_n_Snack_Backpack_Elastic_medium_upsampled.csv,1620,"End-effector continue holding position of the object, maintaining a stable hold, using moderate force, causing medium-deformation."
/home/mdxuser/Genesis/main/data/picked_up_4/upsampled/Olive_Kids_Mermaids_Pack_n_Snack_Backpack_Elastic_medium_upsampled.csv,1890,"End-effector rotating the object, by an angle of 45.0 degrees, using moderate force, causing medium-deformation, with constant force."
/home/mdxuser/Genesis/main/data/picked_up_4/upsampled/Olive_Kids_Mermaids_Pack_n_Snack_Backpack_Elastic_medium_upsampled.csv,2160,"End-effector continue rotating the object, by an angle of 45.0 degrees, using moderate force, causing medium-deformation, with constant force."
/home/mdxuser/Genesis/main/data/picked_up_4/upsampled/Olive_Kids_Mermaids_Pack_n_Snack_Backpack_Elastic_medium_upsampled.csv,2430,"End-effector holding position of the object, maintaining a stable hold, using moderate force, causing medium-deformation."
/home/mdxuser/Genesis/main/data/picked_up_4/upsampled/Olive_Kids_Mermaids_Pack_n_Snack_Backpack_Elastic_medium_upsampled.csv,2700,The object has been dropped.
/home/mdxuser/Genesis/main/data/picked_up_4/upsampled/Mens_ASV_Shock_Light_Bungee_in_Light_Grey_xGCOvtLDnQJ_Elastic_hard_upsampled.csv,0,"End-effector start towards the object, to begin the task."
/home/mdxuser/Genesis/main/data/picked_up_4/upsampled/Mens_ASV_Shock_Light_Bungee_in_Light_Grey_xGCOvtLDnQJ_Elastic_hard_upsampled.csv,270,"End-effector grasping the object, using strong force, causing hard-deformation, with increasing force."
/home/mdxuser/Genesis/main/data/picked_up_4/upsampled/Mens_ASV_Shock_Light_Bungee_in_Light_Grey_xGCOvtLDnQJ_Elastic_hard_upsampled.csv,540,"End-effector continue grasping the object, using strong force, causing hard-deformation, with increasing force."
/home/mdxuser/Genesis/main/data/picked_up_4/upsampled/Mens_ASV_Shock_Light_Bungee_in_Light_Grey_xGCOvtLDnQJ_Elastic_hard_upsampled.csv,810,"End-effector lifting the object, using strong force, causing hard-deformation, with increasing force."
/home/mdxuser/Genesis/main/data/picked_up_4/upsampled/Mens_ASV_Shock_Light_Bungee_in_Light_Grey_xGCOvtLDnQJ_Elastic_hard_upsampled.csv,1080,"End-effector rotating the object, by an angle of 45.0 degrees, using strong force, causing hard-deformation, with constant force."
/home/mdxuser/Genesis/main/data/picked_up_4/upsampled/Mens_ASV_Shock_Light_Bungee_in_Light_Grey_xGCOvtLDnQJ_Elastic_hard_upsampled.csv,1350,"End-effector holding position of the object, maintaining a stable hold, using strong force, causing hard-deformation."
/home/mdxuser/Genesis/main/data/picked_up_4/upsampled/Mens_ASV_Shock_Light_Bungee_in_Light_Grey_xGCOvtLDnQJ_Elastic_hard_upsampled.csv,1620,"End-effector continue holding position of the object, maintaining a stable hold, using strong force, causing hard-deformation."
/home/mdxuser/Genesis/main/data/picked_up_4/upsampled/Mens_ASV_Shock_Light_Bungee_in_Light_Grey_xGCOvtLDnQJ_Elastic_hard_upsampled.csv,1890,"End-effector rotating the object, by an angle of 45.0 degrees, using strong force, causing hard-deformation, with constant force."
/home/mdxuser/Genesis/main/data/picked_up_4/upsampled/Mens_ASV_Shock_Light_Bungee_in_Light_Grey_xGCOvtLDnQJ_Elastic_hard_upsampled.csv,2160,The object has been dropped.
/home/mdxuser/Genesis/main/data/picked_up_4/upsampled/Mens_ASV_Shock_Light_Bungee_in_Light_Grey_xGCOvtLDnQJ_Elastic_hard_upsampled.csv,2430,The object has been dropped.
/home/mdxuser/Genesis/main/data/picked_up_4/upsampled/Mens_ASV_Shock_Light_Bungee_in_Light_Grey_xGCOvtLDnQJ_Elastic_hard_upsampled.csv,2700,The object has been dropped.
/home/mdxuser/Genesis/main/data/picked_up_4/upsampled/ASICS_GELDirt_Dog_4_SunFlameBlack_Elastic_soft_upsampled.csv,0,"End-effector start towards the object, to begin the task."
/home/mdxuser/Genesis/main/data/picked_up_4/upsampled/ASICS_GELDirt_Dog_4_SunFlameBlack_Elastic_soft_upsampled.csv,270,"End-effector grasping the object, using gentle force, causing soft-deformation, with increasing force."
/home/mdxuser/Genesis/main/data/picked_up_4/upsampled/ASICS_GELDirt_Dog_4_SunFlameBlack_Elastic_soft_upsampled.csv,540,"End-effector continue grasping the object, using gentle force, causing soft-deformation, with increasing force."
/home/mdxuser/Genesis/main/data/picked_up_4/upsampled/ASICS_GELDirt_Dog_4_SunFlameBlack_Elastic_soft_upsampled.csv,810,"End-effector lifting the object, using gentle force, causing soft-deformation, with increasing force."
/home/mdxuser/Genesis/main/data/picked_up_4/upsampled/ASICS_GELDirt_Dog_4_SunFlameBlack_Elastic_soft_upsampled.csv,1080,"End-effector rotating the object, by an angle of 30.0 degrees, using gentle force, causing soft-deformation, with constant force."
/home/mdxuser/Genesis/main/data/picked_up_4/upsampled/ASICS_GELDirt_Dog_4_SunFlameBlack_Elastic_soft_upsampled.csv,1350,"End-effector continue rotating the object, by an angle of 30.0 degrees, using gentle force, causing soft-deformation, with constant force."
/home/mdxuser/Genesis/main/data/picked_up_4/upsampled/ASICS_GELDirt_Dog_4_SunFlameBlack_Elastic_soft_upsampled.csv,1620,"End-effector holding position of the object, maintaining a stable hold, using gentle force, causing soft-deformation."
/home/mdxuser/Genesis/main/data/picked_up_4/upsampled/ASICS_GELDirt_Dog_4_SunFlameBlack_Elastic_soft_upsampled.csv,1890,"End-effector rotating the object, by an angle of 45.0 degrees, using gentle force, causing soft-deformation, with constant force."
/home/mdxuser/Genesis/main/data/picked_up_4/upsampled/ASICS_GELDirt_Dog_4_SunFlameBlack_Elastic_soft_upsampled.csv,2160,"End-effector holding position of the object, maintaining a stable hold, using gentle force, causing soft-deformation."
/home/mdxuser/Genesis/main/data/picked_up_4/upsampled/ASICS_GELDirt_Dog_4_SunFlameBlack_Elastic_soft_upsampled.csv,2430,"End-effector continue holding position of the object, maintaining a stable hold, using gentle force, causing soft-deformation."
/home/mdxuser/Genesis/main/data/picked_up_4/upsampled/ASICS_GELDirt_Dog_4_SunFlameBlack_Elastic_soft_upsampled.csv,2700,The object has been dropped.
/home/mdxuser/Genesis/main/data/picked_up_4/upsampled/Black_and_Decker_PBJ2000_FusionBlade_Blender_Jars_Elastic_hard_upsampled.csv,0,"End-effector start towards the object, to begin the task."
/home/mdxuser/Genesis/main/data/picked_up_4/upsampled/Black_and_Decker_PBJ2000_FusionBlade_Blender_Jars_Elastic_hard_upsampled.csv,270,"End-effector grasping the object, using strong force, causing hard-deformation, with increasing force."
/home/mdxuser/Genesis/main/data/picked_up_4/upsampled/Black_and_Decker_PBJ2000_FusionBlade_Blender_Jars_Elastic_hard_upsampled.csv,540,"End-effector continue grasping the object, using strong force, causing hard-deformation, with increasing force."
/home/mdxuser/Genesis/main/data/picked_up_4/upsampled/Black_and_Decker_PBJ2000_FusionBlade_Blender_Jars_Elastic_hard_upsampled.csv,810,"End-effector lifting the object, using strong force, causing hard-deformation, with increasing force."
/home/mdxuser/Genesis/main/data/picked_up_4/upsampled/Black_and_Decker_PBJ2000_FusionBlade_Blender_Jars_Elastic_hard_upsampled.csv,1080,"End-effector rotating the object, by an angle of 45.0 degrees, using strong force, causing hard-deformation, with constant force."
/home/mdxuser/Genesis/main/data/picked_up_4/upsampled/Black_and_Decker_PBJ2000_FusionBlade_Blender_Jars_Elastic_hard_upsampled.csv,1350,The object has been dropped.
/home/mdxuser/Genesis/main/data/picked_up_4/upsampled/Black_and_Decker_PBJ2000_FusionBlade_Blender_Jars_Elastic_hard_upsampled.csv,1620,The object has been dropped.
/home/mdxuser/Genesis/main/data/picked_up_4/upsampled/Black_and_Decker_PBJ2000_FusionBlade_Blender_Jars_Elastic_hard_upsampled.csv,1890,The object has been dropped.
/home/mdxuser/Genesis/main/data/picked_up_4/upsampled/Black_and_Decker_PBJ2000_FusionBlade_Blender_Jars_Elastic_hard_upsampled.csv,2160,The object has been dropped.
/home/mdxuser/Genesis/main/data/picked_up_4/upsampled/Black_and_Decker_PBJ2000_FusionBlade_Blender_Jars_Elastic_hard_upsampled.csv,2430,The object has been dropped.
/home/mdxuser/Genesis/main/data/picked_up_4/upsampled/Black_and_Decker_PBJ2000_FusionBlade_Blender_Jars_Elastic_hard_upsampled.csv,2700,The object has been dropped.
/home/mdxuser/Genesis/main/data/picked_up_4/upsampled/Pokémon_Omega_Ruby_Alpha_Sapphire_Dual_Pack_Nintendo_3DS_Elastic_medium_upsampled.csv,0,"End-effector start towards the object, to begin the task."
/home/mdxuser/Genesis/main/data/picked_up_4/upsampled/Pokémon_Omega_Ruby_Alpha_Sapphire_Dual_Pack_Nintendo_3DS_Elastic_medium_upsampled.csv,270,"End-effector grasping the object, using moderate force, causing medium-deformation, with increasing force."
/home/mdxuser/Genesis/main/data/picked_up_4/upsampled/Pokémon_Omega_Ruby_Alpha_Sapphire_Dual_Pack_Nintendo_3DS_Elastic_medium_upsampled.csv,540,"End-effector continue grasping the object, using moderate force, causing medium-deformation, with increasing force."
/home/mdxuser/Genesis/main/data/picked_up_4/upsampled/Pokémon_Omega_Ruby_Alpha_Sapphire_Dual_Pack_Nintendo_3DS_Elastic_medium_upsampled.csv,810,"End-effector lifting the object, using moderate force, causing medium-deformation, with increasing force."
/home/mdxuser/Genesis/main/data/picked_up_4/upsampled/Pokémon_Omega_Ruby_Alpha_Sapphire_Dual_Pack_Nintendo_3DS_Elastic_medium_upsampled.csv,1080,"End-effector rotating the object, by an angle of 45.0 degrees, using moderate force, causing medium-deformation, with constant force."
/home/mdxuser/Genesis/main/data/picked_up_4/upsampled/Pokémon_Omega_Ruby_Alpha_Sapphire_Dual_Pack_Nintendo_3DS_Elastic_medium_upsampled.csv,1350,"End-effector holding position of the object, maintaining a stable hold, using moderate force, causing medium-deformation."
/home/mdxuser/Genesis/main/data/picked_up_4/upsampled/Pokémon_Omega_Ruby_Alpha_Sapphire_Dual_Pack_Nintendo_3DS_Elastic_medium_upsampled.csv,1620,"End-effector continue holding position of the object, maintaining a stable hold, using moderate force, causing medium-deformation."
/home/mdxuser/Genesis/main/data/picked_up_4/upsampled/Pokémon_Omega_Ruby_Alpha_Sapphire_Dual_Pack_Nintendo_3DS_Elastic_medium_upsampled.csv,1890,"End-effector rotating the object, by an angle of 30.0 degrees, using moderate force, causing medium-deformation, with constant force."
/home/mdxuser/Genesis/main/data/picked_up_4/upsampled/Pokémon_Omega_Ruby_Alpha_Sapphire_Dual_Pack_Nintendo_3DS_Elastic_medium_upsampled.csv,2160,"End-effector continue rotating the object, by an angle of 30.0 degrees, using moderate force, causing medium-deformation, with constant force."
/home/mdxuser/Genesis/main/data/picked_up_4/upsampled/Pokémon_Omega_Ruby_Alpha_Sapphire_Dual_Pack_Nintendo_3DS_Elastic_medium_upsampled.csv,2430,"End-effector holding position of the object, maintaining a stable hold, using moderate force, causing medium-deformation."
/home/mdxuser/Genesis/main/data/picked_up_4/upsampled/Pokémon_Omega_Ruby_Alpha_Sapphire_Dual_Pack_Nintendo_3DS_Elastic_medium_upsampled.csv,2700,The object has been dropped.
/home/mdxuser/Genesis/main/data/picked_up_4/upsampled/Dog_Elastic_hard_upsampled.csv,0,"End-effector start towards the object, to begin the task."
/home/mdxuser/Genesis/main/data/picked_up_4/upsampled/Dog_Elastic_hard_upsampled.csv,270,"End-effector grasping the object, using strong force, causing hard-deformation, with increasing force."
/home/mdxuser/Genesis/main/data/picked_up_4/upsampled/Dog_Elastic_hard_upsampled.csv,540,"End-effector continue grasping the object, using strong force, causing hard-deformation, with increasing force."
/home/mdxuser/Genesis/main/data/picked_up_4/upsampled/Dog_Elastic_hard_upsampled.csv,810,"End-effector lifting the object, using strong force, causing hard-deformation, with increasing force."
/home/mdxuser/Genesis/main/data/picked_up_4/upsampled/Dog_Elastic_hard_upsampled.csv,1080,"End-effector rotating the object, by an angle of 30.0 degrees, using strong force, causing hard-deformation, with constant force."
/home/mdxuser/Genesis/main/data/picked_up_4/upsampled/Dog_Elastic_hard_upsampled.csv,1350,"End-effector continue rotating the object, by an angle of 30.0 degrees, using strong force, causing hard-deformation, with constant force."
/home/mdxuser/Genesis/main/data/picked_up_4/upsampled/Dog_Elastic_hard_upsampled.csv,1620,"End-effector holding position of the object, maintaining a stable hold, using strong force, causing hard-deformation."
/home/mdxuser/Genesis/main/data/picked_up_4/upsampled/Dog_Elastic_hard_upsampled.csv,1890,"End-effector rotating the object, by an angle of 45.0 degrees, using strong force, causing hard-deformation, with constant force."
/home/mdxuser/Genesis/main/data/picked_up_4/upsampled/Dog_Elastic_hard_upsampled.csv,2160,"End-effector holding position of the object, maintaining a stable hold, using strong force, causing hard-deformation."
/home/mdxuser/Genesis/main/data/picked_up_4/upsampled/Dog_Elastic_hard_upsampled.csv,2430,"End-effector continue holding position of the object, maintaining a stable hold, using strong force, causing hard-deformation."
/home/mdxuser/Genesis/main/data/picked_up_4/upsampled/Dog_Elastic_hard_upsampled.csv,2700,"End-effector stopping the object, using zero-force, causing undeformed shape."
/home/mdxuser/Genesis/main/data/picked_up_4/upsampled/Melissa_Doug_Pound_and_Roll_Elastic_soft_upsampled.csv,0,"End-effector start towards the object, to begin the task."
/home/mdxuser/Genesis/main/data/picked_up_4/upsampled/Melissa_Doug_Pound_and_Roll_Elastic_soft_upsampled.csv,270,"End-effector grasping the object, using gentle force, causing soft-deformation, with increasing force."
/home/mdxuser/Genesis/main/data/picked_up_4/upsampled/Melissa_Doug_Pound_and_Roll_Elastic_soft_upsampled.csv,540,"End-effector continue grasping the object, using gentle force, causing soft-deformation, with increasing force."
/home/mdxuser/Genesis/main/data/picked_up_4/upsampled/Melissa_Doug_Pound_and_Roll_Elastic_soft_upsampled.csv,810,"End-effector lifting the object, using gentle force, causing soft-deformation, with increasing force."
/home/mdxuser/Genesis/main/data/picked_up_4/upsampled/Melissa_Doug_Pound_and_Roll_Elastic_soft_upsampled.csv,1080,"End-effector rotating the object, by an angle of 30.0 degrees, using gentle force, causing soft-deformation, with constant force."
/home/mdxuser/Genesis/main/data/picked_up_4/upsampled/Melissa_Doug_Pound_and_Roll_Elastic_soft_upsampled.csv,1350,"End-effector continue rotating the object, by an angle of 30.0 degrees, using gentle force, causing soft-deformation, with constant force."
/home/mdxuser/Genesis/main/data/picked_up_4/upsampled/Melissa_Doug_Pound_and_Roll_Elastic_soft_upsampled.csv,1620,"End-effector holding position of the object, maintaining a stable hold, using gentle force, causing soft-deformation."
/home/mdxuser/Genesis/main/data/picked_up_4/upsampled/Melissa_Doug_Pound_and_Roll_Elastic_soft_upsampled.csv,1890,"End-effector rotating the object, by an angle of 30.0 degrees, using gentle force, causing soft-deformation, with constant force."
/home/mdxuser/Genesis/main/data/picked_up_4/upsampled/Melissa_Doug_Pound_and_Roll_Elastic_soft_upsampled.csv,2160,"End-effector continue rotating the object, by an angle of 30.0 degrees, using gentle force, causing soft-deformation, with constant force."
/home/mdxuser/Genesis/main/data/picked_up_4/upsampled/Melissa_Doug_Pound_and_Roll_Elastic_soft_upsampled.csv,2430,The object has been dropped.
/home/mdxuser/Genesis/main/data/picked_up_4/upsampled/Melissa_Doug_Pound_and_Roll_Elastic_soft_upsampled.csv,2700,The object has been dropped.
/home/mdxuser/Genesis/main/data/picked_up_4/upsampled/CoQ10_wSSVoxVppVD_Elastic_hard_upsampled.csv,0,"End-effector start towards the object, to begin the task."
/home/mdxuser/Genesis/main/data/picked_up_4/upsampled/CoQ10_wSSVoxVppVD_Elastic_hard_upsampled.csv,270,"End-effector grasping the object, using strong force, causing hard-deformation, with increasing force."
/home/mdxuser/Genesis/main/data/picked_up_4/upsampled/CoQ10_wSSVoxVppVD_Elastic_hard_upsampled.csv,540,"End-effector continue grasping the object, using strong force, causing hard-deformation, with increasing force."
/home/mdxuser/Genesis/main/data/picked_up_4/upsampled/CoQ10_wSSVoxVppVD_Elastic_hard_upsampled.csv,810,"End-effector lifting the object, using strong force, causing hard-deformation, with increasing force."
/home/mdxuser/Genesis/main/data/picked_up_4/upsampled/CoQ10_wSSVoxVppVD_Elastic_hard_upsampled.csv,1080,"End-effector rotating the object, by an angle of 45.0 degrees, using strong force, causing hard-deformation, with constant force."
/home/mdxuser/Genesis/main/data/picked_up_4/upsampled/CoQ10_wSSVoxVppVD_Elastic_hard_upsampled.csv,1350,"End-effector holding position of the object, maintaining a stable hold, using strong force, causing hard-deformation."
/home/mdxuser/Genesis/main/data/picked_up_4/upsampled/CoQ10_wSSVoxVppVD_Elastic_hard_upsampled.csv,1620,"End-effector continue holding position of the object, maintaining a stable hold, using strong force, causing hard-deformation."
/home/mdxuser/Genesis/main/data/picked_up_4/upsampled/CoQ10_wSSVoxVppVD_Elastic_hard_upsampled.csv,1890,"End-effector rotating the object, by an angle of 30.0 degrees, using strong force, causing hard-deformation, with constant force."
/home/mdxuser/Genesis/main/data/picked_up_4/upsampled/CoQ10_wSSVoxVppVD_Elastic_hard_upsampled.csv,2160,"End-effector continue rotating the object, by an angle of 30.0 degrees, using strong force, causing hard-deformation, with constant force."
/home/mdxuser/Genesis/main/data/picked_up_4/upsampled/CoQ10_wSSVoxVppVD_Elastic_hard_upsampled.csv,2430,"End-effector holding position of the object, maintaining a stable hold, using strong force, causing hard-deformation."
/home/mdxuser/Genesis/main/data/picked_up_4/upsampled/CoQ10_wSSVoxVppVD_Elastic_hard_upsampled.csv,2700,"End-effector stopping the object, using zero-force, causing undeformed shape."
/home/mdxuser/Genesis/main/data/picked_up_4/upsampled/CREATIVE_BLOCKS_35_MM_Elastic_soft_upsampled.csv,0,"End-effector start towards the object, to begin the task."
/home/mdxuser/Genesis/main/data/picked_up_4/upsampled/CREATIVE_BLOCKS_35_MM_Elastic_soft_upsampled.csv,270,"End-effector grasping the object, using gentle force, causing soft-deformation, with increasing force."
/home/mdxuser/Genesis/main/data/picked_up_4/upsampled/CREATIVE_BLOCKS_35_MM_Elastic_soft_upsampled.csv,540,"End-effector continue grasping the object, using gentle force, causing soft-deformation, with increasing force."
/home/mdxuser/Genesis/main/data/picked_up_4/upsampled/CREATIVE_BLOCKS_35_MM_Elastic_soft_upsampled.csv,810,"End-effector lifting the object, using gentle force, causing soft-deformation, with increasing force."
/home/mdxuser/Genesis/main/data/picked_up_4/upsampled/CREATIVE_BLOCKS_35_MM_Elastic_soft_upsampled.csv,1080,"End-effector rotating the object, by an angle of 45.0 degrees, using gentle force, causing soft-deformation, with constant force."
/home/mdxuser/Genesis/main/data/picked_up_4/upsampled/CREATIVE_BLOCKS_35_MM_Elastic_soft_upsampled.csv,1350,The object has been dropped.
/home/mdxuser/Genesis/main/data/picked_up_4/upsampled/CREATIVE_BLOCKS_35_MM_Elastic_soft_upsampled.csv,1620,The object has been dropped.
/home/mdxuser/Genesis/main/data/picked_up_4/upsampled/CREATIVE_BLOCKS_35_MM_Elastic_soft_upsampled.csv,1890,The object has been dropped.
/home/mdxuser/Genesis/main/data/picked_up_4/upsampled/CREATIVE_BLOCKS_35_MM_Elastic_soft_upsampled.csv,2160,The object has been dropped.
/home/mdxuser/Genesis/main/data/picked_up_4/upsampled/CREATIVE_BLOCKS_35_MM_Elastic_soft_upsampled.csv,2430,The object has been dropped.
/home/mdxuser/Genesis/main/data/picked_up_4/upsampled/CREATIVE_BLOCKS_35_MM_Elastic_soft_upsampled.csv,2700,The object has been dropped.
/home/mdxuser/Genesis/main/data/picked_up_4/upsampled/COAST_GUARD_BOAT_Elastic_medium_upsampled.csv,0,"End-effector start towards the object, to begin the task."
/home/mdxuser/Genesis/main/data/picked_up_4/upsampled/COAST_GUARD_BOAT_Elastic_medium_upsampled.csv,270,"End-effector grasping the object, using moderate force, causing medium-deformation, with increasing force."
/home/mdxuser/Genesis/main/data/picked_up_4/upsampled/COAST_GUARD_BOAT_Elastic_medium_upsampled.csv,540,"End-effector continue grasping the object, using moderate force, causing medium-deformation, with increasing force."
/home/mdxuser/Genesis/main/data/picked_up_4/upsampled/COAST_GUARD_BOAT_Elastic_medium_upsampled.csv,810,"End-effector lifting the object, using moderate force, causing medium-deformation, with increasing force."
/home/mdxuser/Genesis/main/data/picked_up_4/upsampled/COAST_GUARD_BOAT_Elastic_medium_upsampled.csv,1080,"End-effector rotating the object, by an angle of 45.0 degrees, using moderate force, causing medium-deformation, with constant force."
/home/mdxuser/Genesis/main/data/picked_up_4/upsampled/COAST_GUARD_BOAT_Elastic_medium_upsampled.csv,1350,"End-effector continue rotating the object, by an angle of 45.0 degrees, using moderate force, causing medium-deformation, with constant force."
/home/mdxuser/Genesis/main/data/picked_up_4/upsampled/COAST_GUARD_BOAT_Elastic_medium_upsampled.csv,1620,The object has been dropped.
/home/mdxuser/Genesis/main/data/picked_up_4/upsampled/COAST_GUARD_BOAT_Elastic_medium_upsampled.csv,1890,The object has been dropped.
/home/mdxuser/Genesis/main/data/picked_up_4/upsampled/COAST_GUARD_BOAT_Elastic_medium_upsampled.csv,2160,The object has been dropped.
/home/mdxuser/Genesis/main/data/picked_up_4/upsampled/COAST_GUARD_BOAT_Elastic_medium_upsampled.csv,2430,The object has been dropped.
/home/mdxuser/Genesis/main/data/picked_up_4/upsampled/COAST_GUARD_BOAT_Elastic_medium_upsampled.csv,2700,The object has been dropped.
/home/mdxuser/Genesis/main/data/picked_up_4/upsampled/ASICS_GELLinksmaster_WhiteSilverCarolina_Blue_Elastic_medium_upsampled.csv,0,"End-effector start towards the object, to begin the task."
/home/mdxuser/Genesis/main/data/picked_up_4/upsampled/ASICS_GELLinksmaster_WhiteSilverCarolina_Blue_Elastic_medium_upsampled.csv,270,"End-effector grasping the object, using moderate force, causing medium-deformation, with increasing force."
/home/mdxuser/Genesis/main/data/picked_up_4/upsampled/ASICS_GELLinksmaster_WhiteSilverCarolina_Blue_Elastic_medium_upsampled.csv,540,"End-effector continue grasping the object, using moderate force, causing medium-deformation, with increasing force."
/home/mdxuser/Genesis/main/data/picked_up_4/upsampled/ASICS_GELLinksmaster_WhiteSilverCarolina_Blue_Elastic_medium_upsampled.csv,810,"End-effector lifting the object, using moderate force, causing medium-deformation, with increasing force."
/home/mdxuser/Genesis/main/data/picked_up_4/upsampled/ASICS_GELLinksmaster_WhiteSilverCarolina_Blue_Elastic_medium_upsampled.csv,1080,"End-effector rotating the object, by an angle of 45.0 degrees, using moderate force, causing medium-deformation, with constant force."
/home/mdxuser/Genesis/main/data/picked_up_4/upsampled/ASICS_GELLinksmaster_WhiteSilverCarolina_Blue_Elastic_medium_upsampled.csv,1350,"End-effector continue rotating the object, by an angle of 45.0 degrees, using moderate force, causing medium-deformation, with constant force."
/home/mdxuser/Genesis/main/data/picked_up_4/upsampled/ASICS_GELLinksmaster_WhiteSilverCarolina_Blue_Elastic_medium_upsampled.csv,1620,The object has been dropped.
/home/mdxuser/Genesis/main/data/picked_up_4/upsampled/ASICS_GELLinksmaster_WhiteSilverCarolina_Blue_Elastic_medium_upsampled.csv,1890,The object has been dropped.
/home/mdxuser/Genesis/main/data/picked_up_4/upsampled/ASICS_GELLinksmaster_WhiteSilverCarolina_Blue_Elastic_medium_upsampled.csv,2160,The object has been dropped.
/home/mdxuser/Genesis/main/data/picked_up_4/upsampled/ASICS_GELLinksmaster_WhiteSilverCarolina_Blue_Elastic_medium_upsampled.csv,2430,The object has been dropped.
/home/mdxuser/Genesis/main/data/picked_up_4/upsampled/ASICS_GELLinksmaster_WhiteSilverCarolina_Blue_Elastic_medium_upsampled.csv,2700,The object has been dropped.
/home/mdxuser/Genesis/main/data/picked_up_4/upsampled/Nickelodeon_Teenage_Mutant_Ninja_Turtles_Raphael_Elastic_soft_upsampled.csv,0,"End-effector start towards the object, to begin the task."
/home/mdxuser/Genesis/main/data/picked_up_4/upsampled/Nickelodeon_Teenage_Mutant_Ninja_Turtles_Raphael_Elastic_soft_upsampled.csv,270,"End-effector grasping the object, using gentle force, causing soft-deformation, with increasing force."
/home/mdxuser/Genesis/main/data/picked_up_4/upsampled/Nickelodeon_Teenage_Mutant_Ninja_Turtles_Raphael_Elastic_soft_upsampled.csv,540,"End-effector continue grasping the object, using gentle force, causing soft-deformation, with increasing force."
/home/mdxuser/Genesis/main/data/picked_up_4/upsampled/Nickelodeon_Teenage_Mutant_Ninja_Turtles_Raphael_Elastic_soft_upsampled.csv,810,"End-effector lifting the object, using gentle force, causing soft-deformation, with increasing force."
/home/mdxuser/Genesis/main/data/picked_up_4/upsampled/Nickelodeon_Teenage_Mutant_Ninja_Turtles_Raphael_Elastic_soft_upsampled.csv,1080,"End-effector rotating the object, by an angle of 45.0 degrees, using gentle force, causing soft-deformation, with constant force."
/home/mdxuser/Genesis/main/data/picked_up_4/upsampled/Nickelodeon_Teenage_Mutant_Ninja_Turtles_Raphael_Elastic_soft_upsampled.csv,1350,"End-effector holding position of the object, maintaining a stable hold, using gentle force, causing soft-deformation."
/home/mdxuser/Genesis/main/data/picked_up_4/upsampled/Nickelodeon_Teenage_Mutant_Ninja_Turtles_Raphael_Elastic_soft_upsampled.csv,1620,"End-effector continue holding position of the object, maintaining a stable hold, using gentle force, causing soft-deformation."
/home/mdxuser/Genesis/main/data/picked_up_4/upsampled/Nickelodeon_Teenage_Mutant_Ninja_Turtles_Raphael_Elastic_soft_upsampled.csv,1890,"End-effector rotating the object, by an angle of 45.0 degrees, using gentle force, causing soft-deformation, with constant force."
/home/mdxuser/Genesis/main/data/picked_up_4/upsampled/Nickelodeon_Teenage_Mutant_Ninja_Turtles_Raphael_Elastic_soft_upsampled.csv,2160,"End-effector continue rotating the object, by an angle of 45.0 degrees, using gentle force, causing soft-deformation, with constant force."
/home/mdxuser/Genesis/main/data/picked_up_4/upsampled/Nickelodeon_Teenage_Mutant_Ninja_Turtles_Raphael_Elastic_soft_upsampled.csv,2430,The object has been dropped.
/home/mdxuser/Genesis/main/data/picked_up_4/upsampled/Nickelodeon_Teenage_Mutant_Ninja_Turtles_Raphael_Elastic_soft_upsampled.csv,2700,The object has been dropped.
/home/mdxuser/Genesis/main/data/picked_up_4/upsampled/Office_Depot_Canon_CLI_8Y_Ink_Cartridge_Yellow_0623B002_Elastic_soft_upsampled.csv,0,"End-effector start towards the object, to begin the task."
/home/mdxuser/Genesis/main/data/picked_up_4/upsampled/Office_Depot_Canon_CLI_8Y_Ink_Cartridge_Yellow_0623B002_Elastic_soft_upsampled.csv,270,"End-effector grasping the object, using gentle force, causing soft-deformation, with increasing force."
/home/mdxuser/Genesis/main/data/picked_up_4/upsampled/Office_Depot_Canon_CLI_8Y_Ink_Cartridge_Yellow_0623B002_Elastic_soft_upsampled.csv,540,"End-effector continue grasping the object, using gentle force, causing soft-deformation, with increasing force."
/home/mdxuser/Genesis/main/data/picked_up_4/upsampled/Office_Depot_Canon_CLI_8Y_Ink_Cartridge_Yellow_0623B002_Elastic_soft_upsampled.csv,810,"End-effector lifting the object, using gentle force, causing soft-deformation, with increasing force."
/home/mdxuser/Genesis/main/data/picked_up_4/upsampled/Office_Depot_Canon_CLI_8Y_Ink_Cartridge_Yellow_0623B002_Elastic_soft_upsampled.csv,1080,"End-effector rotating the object, by an angle of 30.0 degrees, using gentle force, causing soft-deformation, with constant force."
/home/mdxuser/Genesis/main/data/picked_up_4/upsampled/Office_Depot_Canon_CLI_8Y_Ink_Cartridge_Yellow_0623B002_Elastic_soft_upsampled.csv,1350,"End-effector continue rotating the object, by an angle of 30.0 degrees, using gentle force, causing soft-deformation, with constant force."
/home/mdxuser/Genesis/main/data/picked_up_4/upsampled/Office_Depot_Canon_CLI_8Y_Ink_Cartridge_Yellow_0623B002_Elastic_soft_upsampled.csv,1620,"End-effector holding position of the object, maintaining a stable hold, using gentle force, causing soft-deformation."
/home/mdxuser/Genesis/main/data/picked_up_4/upsampled/Office_Depot_Canon_CLI_8Y_Ink_Cartridge_Yellow_0623B002_Elastic_soft_upsampled.csv,1890,"End-effector rotating the object, by an angle of 45.0 degrees, using gentle force, causing soft-deformation, with constant force."
/home/mdxuser/Genesis/main/data/picked_up_4/upsampled/Office_Depot_Canon_CLI_8Y_Ink_Cartridge_Yellow_0623B002_Elastic_soft_upsampled.csv,2160,"End-effector continue rotating the object, by an angle of 45.0 degrees, using gentle force, causing soft-deformation, with constant force."
/home/mdxuser/Genesis/main/data/picked_up_4/upsampled/Office_Depot_Canon_CLI_8Y_Ink_Cartridge_Yellow_0623B002_Elastic_soft_upsampled.csv,2430,"End-effector holding position of the object, maintaining a stable hold, using gentle force, causing soft-deformation."
/home/mdxuser/Genesis/main/data/picked_up_4/upsampled/Office_Depot_Canon_CLI_8Y_Ink_Cartridge_Yellow_0623B002_Elastic_soft_upsampled.csv,2700,The object has been dropped.
/home/mdxuser/Genesis/main/data/picked_up_4/upsampled/Big_Dot_Pink_Pencil_Case_Elastic_soft_upsampled.csv,0,"End-effector start towards the object, to begin the task."
/home/mdxuser/Genesis/main/data/picked_up_4/upsampled/Big_Dot_Pink_Pencil_Case_Elastic_soft_upsampled.csv,270,"End-effector grasping the object, using gentle force, causing soft-deformation, with increasing force."
/home/mdxuser/Genesis/main/data/picked_up_4/upsampled/Big_Dot_Pink_Pencil_Case_Elastic_soft_upsampled.csv,540,"End-effector continue grasping the object, using gentle force, causing soft-deformation, with increasing force."
/home/mdxuser/Genesis/main/data/picked_up_4/upsampled/Big_Dot_Pink_Pencil_Case_Elastic_soft_upsampled.csv,810,"End-effector lifting the object, using gentle force, causing soft-deformation, with increasing force."
/home/mdxuser/Genesis/main/data/picked_up_4/upsampled/Big_Dot_Pink_Pencil_Case_Elastic_soft_upsampled.csv,1080,"End-effector rotating the object, by an angle of 45.0 degrees, using gentle force, causing soft-deformation, with constant force."
/home/mdxuser/Genesis/main/data/picked_up_4/upsampled/Big_Dot_Pink_Pencil_Case_Elastic_soft_upsampled.csv,1350,"End-effector holding position of the object, maintaining a stable hold, using gentle force, causing soft-deformation."
/home/mdxuser/Genesis/main/data/picked_up_4/upsampled/Big_Dot_Pink_Pencil_Case_Elastic_soft_upsampled.csv,1620,"End-effector continue holding position of the object, maintaining a stable hold, using gentle force, causing soft-deformation."
/home/mdxuser/Genesis/main/data/picked_up_4/upsampled/Big_Dot_Pink_Pencil_Case_Elastic_soft_upsampled.csv,1890,"End-effector rotating the object, by an angle of 45.0 degrees, using gentle force, causing soft-deformation, with constant force."
/home/mdxuser/Genesis/main/data/picked_up_4/upsampled/Big_Dot_Pink_Pencil_Case_Elastic_soft_upsampled.csv,2160,"End-effector continue rotating the object, by an angle of 45.0 degrees, using gentle force, causing soft-deformation, with constant force."
/home/mdxuser/Genesis/main/data/picked_up_4/upsampled/Big_Dot_Pink_Pencil_Case_Elastic_soft_upsampled.csv,2430,"End-effector holding position of the object, maintaining a stable hold, using gentle force, causing soft-deformation."
/home/mdxuser/Genesis/main/data/picked_up_4/upsampled/Big_Dot_Pink_Pencil_Case_Elastic_soft_upsampled.csv,2700,"End-effector stopping the object, using zero-force, causing undeformed shape."
/home/mdxuser/Genesis/main/data/picked_up_4/upsampled/ASICS_GELChallenger_9_Royal_BlueWhiteBlack_Elastic_soft_upsampled.csv,0,"End-effector start towards the object, to begin the task."
/home/mdxuser/Genesis/main/data/picked_up_4/upsampled/ASICS_GELChallenger_9_Royal_BlueWhiteBlack_Elastic_soft_upsampled.csv,270,"End-effector grasping the object, using gentle force, causing soft-deformation, with increasing force."
/home/mdxuser/Genesis/main/data/picked_up_4/upsampled/ASICS_GELChallenger_9_Royal_BlueWhiteBlack_Elastic_soft_upsampled.csv,540,"End-effector continue grasping the object, using gentle force, causing soft-deformation, with increasing force."
/home/mdxuser/Genesis/main/data/picked_up_4/upsampled/ASICS_GELChallenger_9_Royal_BlueWhiteBlack_Elastic_soft_upsampled.csv,810,"End-effector lifting the object, using gentle force, causing soft-deformation, with increasing force."
/home/mdxuser/Genesis/main/data/picked_up_4/upsampled/ASICS_GELChallenger_9_Royal_BlueWhiteBlack_Elastic_soft_upsampled.csv,1080,"End-effector rotating the object, by an angle of 45.0 degrees, using gentle force, causing soft-deformation, with constant force."
/home/mdxuser/Genesis/main/data/picked_up_4/upsampled/ASICS_GELChallenger_9_Royal_BlueWhiteBlack_Elastic_soft_upsampled.csv,1350,"End-effector holding position of the object, maintaining a stable hold, using gentle force, causing soft-deformation."
/home/mdxuser/Genesis/main/data/picked_up_4/upsampled/ASICS_GELChallenger_9_Royal_BlueWhiteBlack_Elastic_soft_upsampled.csv,1620,"End-effector continue holding position of the object, maintaining a stable hold, using gentle force, causing soft-deformation."
/home/mdxuser/Genesis/main/data/picked_up_4/upsampled/ASICS_GELChallenger_9_Royal_BlueWhiteBlack_Elastic_soft_upsampled.csv,1890,The object has been dropped.
/home/mdxuser/Genesis/main/data/picked_up_4/upsampled/ASICS_GELChallenger_9_Royal_BlueWhiteBlack_Elastic_soft_upsampled.csv,2160,The object has been dropped.
/home/mdxuser/Genesis/main/data/picked_up_4/upsampled/ASICS_GELChallenger_9_Royal_BlueWhiteBlack_Elastic_soft_upsampled.csv,2430,The object has been dropped.
/home/mdxuser/Genesis/main/data/picked_up_4/upsampled/ASICS_GELChallenger_9_Royal_BlueWhiteBlack_Elastic_soft_upsampled.csv,2700,The object has been dropped.
/home/mdxuser/Genesis/main/data/picked_up_4/upsampled/Little_Debbie_Donut_Sticks_6_cake_donuts_10_oz_total_Elastic_hard_upsampled.csv,0,"End-effector start towards the object, to begin the task."
/home/mdxuser/Genesis/main/data/picked_up_4/upsampled/Little_Debbie_Donut_Sticks_6_cake_donuts_10_oz_total_Elastic_hard_upsampled.csv,270,"End-effector grasping the object, using strong force, causing hard-deformation, with increasing force."
/home/mdxuser/Genesis/main/data/picked_up_4/upsampled/Little_Debbie_Donut_Sticks_6_cake_donuts_10_oz_total_Elastic_hard_upsampled.csv,540,"End-effector continue grasping the object, using strong force, causing hard-deformation, with increasing force."
/home/mdxuser/Genesis/main/data/picked_up_4/upsampled/Little_Debbie_Donut_Sticks_6_cake_donuts_10_oz_total_Elastic_hard_upsampled.csv,810,"End-effector lifting the object, using strong force, causing hard-deformation, with increasing force."
/home/mdxuser/Genesis/main/data/picked_up_4/upsampled/Little_Debbie_Donut_Sticks_6_cake_donuts_10_oz_total_Elastic_hard_upsampled.csv,1080,"End-effector rotating the object, by an angle of 45.0 degrees, using strong force, causing hard-deformation, with constant force."
/home/mdxuser/Genesis/main/data/picked_up_4/upsampled/Little_Debbie_Donut_Sticks_6_cake_donuts_10_oz_total_Elastic_hard_upsampled.csv,1350,"End-effector continue rotating the object, by an angle of 45.0 degrees, using strong force, causing hard-deformation, with constant force."
/home/mdxuser/Genesis/main/data/picked_up_4/upsampled/Little_Debbie_Donut_Sticks_6_cake_donuts_10_oz_total_Elastic_hard_upsampled.csv,1620,The object has been dropped.
/home/mdxuser/Genesis/main/data/picked_up_4/upsampled/Little_Debbie_Donut_Sticks_6_cake_donuts_10_oz_total_Elastic_hard_upsampled.csv,1890,The object has been dropped.
/home/mdxuser/Genesis/main/data/picked_up_4/upsampled/Little_Debbie_Donut_Sticks_6_cake_donuts_10_oz_total_Elastic_hard_upsampled.csv,2160,The object has been dropped.
/home/mdxuser/Genesis/main/data/picked_up_4/upsampled/Little_Debbie_Donut_Sticks_6_cake_donuts_10_oz_total_Elastic_hard_upsampled.csv,2430,The object has been dropped.
/home/mdxuser/Genesis/main/data/picked_up_4/upsampled/Little_Debbie_Donut_Sticks_6_cake_donuts_10_oz_total_Elastic_hard_upsampled.csv,2700,The object has been dropped.
/home/mdxuser/Genesis/main/data/picked_up_4/upsampled/ASICS_GELBlur33_20_GS_Flash_YellowHot_PunchSilver_Elastic_hard_upsampled.csv,0,"End-effector start towards the object, to begin the task."
/home/mdxuser/Genesis/main/data/picked_up_4/upsampled/ASICS_GELBlur33_20_GS_Flash_YellowHot_PunchSilver_Elastic_hard_upsampled.csv,270,"End-effector grasping the object, using strong force, causing hard-deformation, with increasing force."
/home/mdxuser/Genesis/main/data/picked_up_4/upsampled/ASICS_GELBlur33_20_GS_Flash_YellowHot_PunchSilver_Elastic_hard_upsampled.csv,540,"End-effector continue grasping the object, using strong force, causing hard-deformation, with increasing force."
/home/mdxuser/Genesis/main/data/picked_up_4/upsampled/ASICS_GELBlur33_20_GS_Flash_YellowHot_PunchSilver_Elastic_hard_upsampled.csv,810,"End-effector lifting the object, using strong force, causing hard-deformation, with increasing force."
/home/mdxuser/Genesis/main/data/picked_up_4/upsampled/ASICS_GELBlur33_20_GS_Flash_YellowHot_PunchSilver_Elastic_hard_upsampled.csv,1080,"End-effector rotating the object, by an angle of 45.0 degrees, using strong force, causing hard-deformation, with constant force."
/home/mdxuser/Genesis/main/data/picked_up_4/upsampled/ASICS_GELBlur33_20_GS_Flash_YellowHot_PunchSilver_Elastic_hard_upsampled.csv,1350,"End-effector continue rotating the object, by an angle of 45.0 degrees, using strong force, causing hard-deformation, with constant force."
/home/mdxuser/Genesis/main/data/picked_up_4/upsampled/ASICS_GELBlur33_20_GS_Flash_YellowHot_PunchSilver_Elastic_hard_upsampled.csv,1620,"End-effector holding position of the object, maintaining a stable hold, using strong force, causing hard-deformation."
/home/mdxuser/Genesis/main/data/picked_up_4/upsampled/ASICS_GELBlur33_20_GS_Flash_YellowHot_PunchSilver_Elastic_hard_upsampled.csv,1890,The object has been dropped.
/home/mdxuser/Genesis/main/data/picked_up_4/upsampled/ASICS_GELBlur33_20_GS_Flash_YellowHot_PunchSilver_Elastic_hard_upsampled.csv,2160,The object has been dropped.
/home/mdxuser/Genesis/main/data/picked_up_4/upsampled/ASICS_GELBlur33_20_GS_Flash_YellowHot_PunchSilver_Elastic_hard_upsampled.csv,2430,The object has been dropped.
/home/mdxuser/Genesis/main/data/picked_up_4/upsampled/ASICS_GELBlur33_20_GS_Flash_YellowHot_PunchSilver_Elastic_hard_upsampled.csv,2700,The object has been dropped.
/home/mdxuser/Genesis/main/data/picked_up_4/upsampled/Crayola_Model_Magic_Modeling_Material_White_3_oz_Elastic_hard_upsampled.csv,0,"End-effector start towards the object, to begin the task."
/home/mdxuser/Genesis/main/data/picked_up_4/upsampled/Crayola_Model_Magic_Modeling_Material_White_3_oz_Elastic_hard_upsampled.csv,270,"End-effector grasping the object, using strong force, causing hard-deformation, with increasing force."
/home/mdxuser/Genesis/main/data/picked_up_4/upsampled/Crayola_Model_Magic_Modeling_Material_White_3_oz_Elastic_hard_upsampled.csv,540,"End-effector continue grasping the object, using strong force, causing hard-deformation, with increasing force."
/home/mdxuser/Genesis/main/data/picked_up_4/upsampled/Crayola_Model_Magic_Modeling_Material_White_3_oz_Elastic_hard_upsampled.csv,810,"End-effector lifting the object, using strong force, causing hard-deformation, with increasing force."
/home/mdxuser/Genesis/main/data/picked_up_4/upsampled/Crayola_Model_Magic_Modeling_Material_White_3_oz_Elastic_hard_upsampled.csv,1080,"End-effector rotating the object, by an angle of 45.0 degrees, using strong force, causing hard-deformation, with constant force."
/home/mdxuser/Genesis/main/data/picked_up_4/upsampled/Crayola_Model_Magic_Modeling_Material_White_3_oz_Elastic_hard_upsampled.csv,1350,"End-effector continue rotating the object, by an angle of 45.0 degrees, using strong force, causing hard-deformation, with constant force."
/home/mdxuser/Genesis/main/data/picked_up_4/upsampled/Crayola_Model_Magic_Modeling_Material_White_3_oz_Elastic_hard_upsampled.csv,1620,The object has been dropped.
/home/mdxuser/Genesis/main/data/picked_up_4/upsampled/Crayola_Model_Magic_Modeling_Material_White_3_oz_Elastic_hard_upsampled.csv,1890,The object has been dropped.
/home/mdxuser/Genesis/main/data/picked_up_4/upsampled/Crayola_Model_Magic_Modeling_Material_White_3_oz_Elastic_hard_upsampled.csv,2160,The object has been dropped.
/home/mdxuser/Genesis/main/data/picked_up_4/upsampled/Crayola_Model_Magic_Modeling_Material_White_3_oz_Elastic_hard_upsampled.csv,2430,The object has been dropped.
/home/mdxuser/Genesis/main/data/picked_up_4/upsampled/Crayola_Model_Magic_Modeling_Material_White_3_oz_Elastic_hard_upsampled.csv,2700,The object has been dropped.
/home/mdxuser/Genesis/main/data/picked_up_4/upsampled/JarroDophilusFOS_Value_Size_Elastic_medium_upsampled.csv,0,"End-effector start towards the object, to begin the task."
/home/mdxuser/Genesis/main/data/picked_up_4/upsampled/JarroDophilusFOS_Value_Size_Elastic_medium_upsampled.csv,270,"End-effector grasping the object, using moderate force, causing medium-deformation, with increasing force."
/home/mdxuser/Genesis/main/data/picked_up_4/upsampled/JarroDophilusFOS_Value_Size_Elastic_medium_upsampled.csv,540,"End-effector continue grasping the object, using moderate force, causing medium-deformation, with increasing force."
/home/mdxuser/Genesis/main/data/picked_up_4/upsampled/JarroDophilusFOS_Value_Size_Elastic_medium_upsampled.csv,810,"End-effector lifting the object, using moderate force, causing medium-deformation, with increasing force."
/home/mdxuser/Genesis/main/data/picked_up_4/upsampled/JarroDophilusFOS_Value_Size_Elastic_medium_upsampled.csv,1080,"End-effector rotating the object, by an angle of 45.0 degrees, using moderate force, causing medium-deformation, with constant force."
/home/mdxuser/Genesis/main/data/picked_up_4/upsampled/JarroDophilusFOS_Value_Size_Elastic_medium_upsampled.csv,1350,"End-effector holding position of the object, maintaining a stable hold, using moderate force, causing medium-deformation."
/home/mdxuser/Genesis/main/data/picked_up_4/upsampled/JarroDophilusFOS_Value_Size_Elastic_medium_upsampled.csv,1620,"End-effector continue holding position of the object, maintaining a stable hold, using moderate force, causing medium-deformation."
/home/mdxuser/Genesis/main/data/picked_up_4/upsampled/JarroDophilusFOS_Value_Size_Elastic_medium_upsampled.csv,1890,"End-effector rotating the object, by an angle of 30.0 degrees, using moderate force, causing medium-deformation, with constant force."
/home/mdxuser/Genesis/main/data/picked_up_4/upsampled/JarroDophilusFOS_Value_Size_Elastic_medium_upsampled.csv,2160,"End-effector continue rotating the object, by an angle of 30.0 degrees, using moderate force, causing medium-deformation, with constant force."
/home/mdxuser/Genesis/main/data/picked_up_4/upsampled/JarroDophilusFOS_Value_Size_Elastic_medium_upsampled.csv,2430,"End-effector holding position of the object, maintaining a stable hold, using moderate force, causing medium-deformation."
/home/mdxuser/Genesis/main/data/picked_up_4/upsampled/JarroDophilusFOS_Value_Size_Elastic_medium_upsampled.csv,2700,"End-effector stopping the object, using zero-force, causing undeformed shape."
/home/mdxuser/Genesis/main/data/picked_up_4/upsampled/Asus_Z97IPLUS_Motherboard_Mini_ITX_LGA1150_Socket_Elastic_hard_upsampled.csv,0,"End-effector start towards the object, to begin the task."
/home/mdxuser/Genesis/main/data/picked_up_4/upsampled/Asus_Z97IPLUS_Motherboard_Mini_ITX_LGA1150_Socket_Elastic_hard_upsampled.csv,270,"End-effector grasping the object, using strong force, causing hard-deformation, with increasing force."
/home/mdxuser/Genesis/main/data/picked_up_4/upsampled/Asus_Z97IPLUS_Motherboard_Mini_ITX_LGA1150_Socket_Elastic_hard_upsampled.csv,540,"End-effector continue grasping the object, using strong force, causing hard-deformation, with increasing force."
/home/mdxuser/Genesis/main/data/picked_up_4/upsampled/Asus_Z97IPLUS_Motherboard_Mini_ITX_LGA1150_Socket_Elastic_hard_upsampled.csv,810,"End-effector lifting the object, using strong force, causing hard-deformation, with increasing force."
/home/mdxuser/Genesis/main/data/picked_up_4/upsampled/Asus_Z97IPLUS_Motherboard_Mini_ITX_LGA1150_Socket_Elastic_hard_upsampled.csv,1080,"End-effector rotating the object, by an angle of 45.0 degrees, using strong force, causing hard-deformation, with constant force."
/home/mdxuser/Genesis/main/data/picked_up_4/upsampled/Asus_Z97IPLUS_Motherboard_Mini_ITX_LGA1150_Socket_Elastic_hard_upsampled.csv,1350,"End-effector holding position of the object, maintaining a stable hold, using strong force, causing hard-deformation."
/home/mdxuser/Genesis/main/data/picked_up_4/upsampled/Asus_Z97IPLUS_Motherboard_Mini_ITX_LGA1150_Socket_Elastic_hard_upsampled.csv,1620,"End-effector continue holding position of the object, maintaining a stable hold, using strong force, causing hard-deformation."
/home/mdxuser/Genesis/main/data/picked_up_4/upsampled/Asus_Z97IPLUS_Motherboard_Mini_ITX_LGA1150_Socket_Elastic_hard_upsampled.csv,1890,"End-effector rotating the object, by an angle of 30.0 degrees, using strong force, causing hard-deformation, with constant force."
/home/mdxuser/Genesis/main/data/picked_up_4/upsampled/Asus_Z97IPLUS_Motherboard_Mini_ITX_LGA1150_Socket_Elastic_hard_upsampled.csv,2160,"End-effector continue rotating the object, by an angle of 30.0 degrees, using strong force, causing hard-deformation, with constant force."
/home/mdxuser/Genesis/main/data/picked_up_4/upsampled/Asus_Z97IPLUS_Motherboard_Mini_ITX_LGA1150_Socket_Elastic_hard_upsampled.csv,2430,"End-effector holding position of the object, maintaining a stable hold, using strong force, causing hard-deformation."
/home/mdxuser/Genesis/main/data/picked_up_4/upsampled/Asus_Z97IPLUS_Motherboard_Mini_ITX_LGA1150_Socket_Elastic_hard_upsampled.csv,2700,"End-effector stopping the object, using zero-force, causing undeformed shape."
/home/mdxuser/Genesis/main/data/picked_up_4/upsampled/Down_To_Earth_Ceramic_Orchid_Pot_Asst_Blue_Elastic_medium_upsampled.csv,0,"End-effector start towards the object, to begin the task."
/home/mdxuser/Genesis/main/data/picked_up_4/upsampled/Down_To_Earth_Ceramic_Orchid_Pot_Asst_Blue_Elastic_medium_upsampled.csv,270,"End-effector grasping the object, using moderate force, causing medium-deformation, with increasing force."
/home/mdxuser/Genesis/main/data/picked_up_4/upsampled/Down_To_Earth_Ceramic_Orchid_Pot_Asst_Blue_Elastic_medium_upsampled.csv,540,"End-effector continue grasping the object, using moderate force, causing medium-deformation, with increasing force."
/home/mdxuser/Genesis/main/data/picked_up_4/upsampled/Down_To_Earth_Ceramic_Orchid_Pot_Asst_Blue_Elastic_medium_upsampled.csv,810,"End-effector lifting the object, using moderate force, causing medium-deformation, with increasing force."
/home/mdxuser/Genesis/main/data/picked_up_4/upsampled/Down_To_Earth_Ceramic_Orchid_Pot_Asst_Blue_Elastic_medium_upsampled.csv,1080,"End-effector rotating the object, by an angle of 45.0 degrees, using moderate force, causing medium-deformation, with constant force."
/home/mdxuser/Genesis/main/data/picked_up_4/upsampled/Down_To_Earth_Ceramic_Orchid_Pot_Asst_Blue_Elastic_medium_upsampled.csv,1350,"End-effector continue rotating the object, by an angle of 45.0 degrees, using moderate force, causing medium-deformation, with constant force."
/home/mdxuser/Genesis/main/data/picked_up_4/upsampled/Down_To_Earth_Ceramic_Orchid_Pot_Asst_Blue_Elastic_medium_upsampled.csv,1620,"End-effector holding position of the object, maintaining a stable hold, using moderate force, causing medium-deformation."
/home/mdxuser/Genesis/main/data/picked_up_4/upsampled/Down_To_Earth_Ceramic_Orchid_Pot_Asst_Blue_Elastic_medium_upsampled.csv,1890,"End-effector rotating the object, by an angle of 30.0 degrees, using moderate force, causing medium-deformation, with constant force."
/home/mdxuser/Genesis/main/data/picked_up_4/upsampled/Down_To_Earth_Ceramic_Orchid_Pot_Asst_Blue_Elastic_medium_upsampled.csv,2160,"End-effector continue rotating the object, by an angle of 30.0 degrees, using moderate force, causing medium-deformation, with constant force."
/home/mdxuser/Genesis/main/data/picked_up_4/upsampled/Down_To_Earth_Ceramic_Orchid_Pot_Asst_Blue_Elastic_medium_upsampled.csv,2430,"End-effector holding position of the object, maintaining a stable hold, using moderate force, causing medium-deformation."
/home/mdxuser/Genesis/main/data/picked_up_4/upsampled/Down_To_Earth_Ceramic_Orchid_Pot_Asst_Blue_Elastic_medium_upsampled.csv,2700,The object has been dropped.
/home/mdxuser/Genesis/main/data/picked_up_4/upsampled/Office_Depot_HP_75_Remanufactured_Ink_Cartridge_TriColor_Elastic_hard_upsampled.csv,0,"End-effector start towards the object, to begin the task."
/home/mdxuser/Genesis/main/data/picked_up_4/upsampled/Office_Depot_HP_75_Remanufactured_Ink_Cartridge_TriColor_Elastic_hard_upsampled.csv,270,"End-effector grasping the object, using strong force, causing hard-deformation, with increasing force."
/home/mdxuser/Genesis/main/data/picked_up_4/upsampled/Office_Depot_HP_75_Remanufactured_Ink_Cartridge_TriColor_Elastic_hard_upsampled.csv,540,"End-effector continue grasping the object, using strong force, causing hard-deformation, with increasing force."
/home/mdxuser/Genesis/main/data/picked_up_4/upsampled/Office_Depot_HP_75_Remanufactured_Ink_Cartridge_TriColor_Elastic_hard_upsampled.csv,810,"End-effector lifting the object, using strong force, causing hard-deformation, with increasing force."
/home/mdxuser/Genesis/main/data/picked_up_4/upsampled/Office_Depot_HP_75_Remanufactured_Ink_Cartridge_TriColor_Elastic_hard_upsampled.csv,1080,"End-effector rotating the object, by an angle of 45.0 degrees, using strong force, causing hard-deformation, with constant force."
/home/mdxuser/Genesis/main/data/picked_up_4/upsampled/Office_Depot_HP_75_Remanufactured_Ink_Cartridge_TriColor_Elastic_hard_upsampled.csv,1350,"End-effector continue rotating the object, by an angle of 45.0 degrees, using strong force, causing hard-deformation, with constant force."
/home/mdxuser/Genesis/main/data/picked_up_4/upsampled/Office_Depot_HP_75_Remanufactured_Ink_Cartridge_TriColor_Elastic_hard_upsampled.csv,1620,The object has been dropped.
/home/mdxuser/Genesis/main/data/picked_up_4/upsampled/Office_Depot_HP_75_Remanufactured_Ink_Cartridge_TriColor_Elastic_hard_upsampled.csv,1890,The object has been dropped.
/home/mdxuser/Genesis/main/data/picked_up_4/upsampled/Office_Depot_HP_75_Remanufactured_Ink_Cartridge_TriColor_Elastic_hard_upsampled.csv,2160,The object has been dropped.
/home/mdxuser/Genesis/main/data/picked_up_4/upsampled/Office_Depot_HP_75_Remanufactured_Ink_Cartridge_TriColor_Elastic_hard_upsampled.csv,2430,The object has been dropped.
/home/mdxuser/Genesis/main/data/picked_up_4/upsampled/Office_Depot_HP_75_Remanufactured_Ink_Cartridge_TriColor_Elastic_hard_upsampled.csv,2700,The object has been dropped.
/home/mdxuser/Genesis/main/data/picked_up_4/upsampled/MK7_Elastic_hard_upsampled.csv,0,"End-effector start towards the object, to begin the task."
/home/mdxuser/Genesis/main/data/picked_up_4/upsampled/MK7_Elastic_hard_upsampled.csv,270,"End-effector grasping the object, using strong force, causing hard-deformation, with increasing force."
/home/mdxuser/Genesis/main/data/picked_up_4/upsampled/MK7_Elastic_hard_upsampled.csv,540,"End-effector continue grasping the object, using strong force, causing hard-deformation, with increasing force."
/home/mdxuser/Genesis/main/data/picked_up_4/upsampled/MK7_Elastic_hard_upsampled.csv,810,"End-effector lifting the object, using strong force, causing hard-deformation, with increasing force."
/home/mdxuser/Genesis/main/data/picked_up_4/upsampled/MK7_Elastic_hard_upsampled.csv,1080,"End-effector rotating the object, by an angle of 45.0 degrees, using strong force, causing hard-deformation, with constant force."
/home/mdxuser/Genesis/main/data/picked_up_4/upsampled/MK7_Elastic_hard_upsampled.csv,1350,"End-effector holding position of the object, maintaining a stable hold, using strong force, causing hard-deformation."
/home/mdxuser/Genesis/main/data/picked_up_4/upsampled/MK7_Elastic_hard_upsampled.csv,1620,"End-effector continue holding position of the object, maintaining a stable hold, using strong force, causing hard-deformation."
/home/mdxuser/Genesis/main/data/picked_up_4/upsampled/MK7_Elastic_hard_upsampled.csv,1890,"End-effector rotating the object, by an angle of 45.0 degrees, using strong force, causing hard-deformation, with constant force."
/home/mdxuser/Genesis/main/data/picked_up_4/upsampled/MK7_Elastic_hard_upsampled.csv,2160,"End-effector continue rotating the object, by an angle of 45.0 degrees, using strong force, causing hard-deformation, with constant force."
/home/mdxuser/Genesis/main/data/picked_up_4/upsampled/MK7_Elastic_hard_upsampled.csv,2430,"End-effector holding position of the object, maintaining a stable hold, using strong force, causing hard-deformation."
/home/mdxuser/Genesis/main/data/picked_up_4/upsampled/MK7_Elastic_hard_upsampled.csv,2700,"End-effector stopping the object, using zero-force, causing undeformed shape."
/home/mdxuser/Genesis/main/data/picked_up_4/upsampled/Perricone_MD_No_Foundation_Serum_Elastic_medium_upsampled.csv,0,"End-effector start towards the object, to begin the task."
/home/mdxuser/Genesis/main/data/picked_up_4/upsampled/Perricone_MD_No_Foundation_Serum_Elastic_medium_upsampled.csv,270,"End-effector grasping the object, using moderate force, causing medium-deformation, with increasing force."
/home/mdxuser/Genesis/main/data/picked_up_4/upsampled/Perricone_MD_No_Foundation_Serum_Elastic_medium_upsampled.csv,540,"End-effector continue grasping the object, using moderate force, causing medium-deformation, with increasing force."
/home/mdxuser/Genesis/main/data/picked_up_4/upsampled/Perricone_MD_No_Foundation_Serum_Elastic_medium_upsampled.csv,810,"End-effector lifting the object, using moderate force, causing medium-deformation, with increasing force."
/home/mdxuser/Genesis/main/data/picked_up_4/upsampled/Perricone_MD_No_Foundation_Serum_Elastic_medium_upsampled.csv,1080,"End-effector rotating the object, by an angle of 45.0 degrees, using moderate force, causing medium-deformation, with constant force."
/home/mdxuser/Genesis/main/data/picked_up_4/upsampled/Perricone_MD_No_Foundation_Serum_Elastic_medium_upsampled.csv,1350,"End-effector continue rotating the object, by an angle of 45.0 degrees, using moderate force, causing medium-deformation, with constant force."
/home/mdxuser/Genesis/main/data/picked_up_4/upsampled/Perricone_MD_No_Foundation_Serum_Elastic_medium_upsampled.csv,1620,"End-effector holding position of the object, maintaining a stable hold, using moderate force, causing medium-deformation."
/home/mdxuser/Genesis/main/data/picked_up_4/upsampled/Perricone_MD_No_Foundation_Serum_Elastic_medium_upsampled.csv,1890,"End-effector rotating the object, by an angle of 45.0 degrees, using moderate force, causing medium-deformation, with constant force."
/home/mdxuser/Genesis/main/data/picked_up_4/upsampled/Perricone_MD_No_Foundation_Serum_Elastic_medium_upsampled.csv,2160,"End-effector holding position of the object, maintaining a stable hold, using moderate force, causing medium-deformation."
/home/mdxuser/Genesis/main/data/picked_up_4/upsampled/Perricone_MD_No_Foundation_Serum_Elastic_medium_upsampled.csv,2430,"End-effector continue holding position of the object, maintaining a stable hold, using moderate force, causing medium-deformation."
/home/mdxuser/Genesis/main/data/picked_up_4/upsampled/Perricone_MD_No_Foundation_Serum_Elastic_medium_upsampled.csv,2700,"End-effector stopping the object, using zero-force, causing undeformed shape."
/home/mdxuser/Genesis/main/data/picked_up_4/upsampled/Crayola_Washable_Sidewalk_Chalk_16_pack_Elastic_soft_upsampled.csv,0,"End-effector start towards the object, to begin the task."
/home/mdxuser/Genesis/main/data/picked_up_4/upsampled/Crayola_Washable_Sidewalk_Chalk_16_pack_Elastic_soft_upsampled.csv,270,"End-effector grasping the object, using gentle force, causing soft-deformation, with increasing force."
/home/mdxuser/Genesis/main/data/picked_up_4/upsampled/Crayola_Washable_Sidewalk_Chalk_16_pack_Elastic_soft_upsampled.csv,540,"End-effector continue grasping the object, using gentle force, causing soft-deformation, with increasing force."
/home/mdxuser/Genesis/main/data/picked_up_4/upsampled/Crayola_Washable_Sidewalk_Chalk_16_pack_Elastic_soft_upsampled.csv,810,"End-effector lifting the object, using gentle force, causing soft-deformation, with increasing force."
/home/mdxuser/Genesis/main/data/picked_up_4/upsampled/Crayola_Washable_Sidewalk_Chalk_16_pack_Elastic_soft_upsampled.csv,1080,"End-effector rotating the object, by an angle of 45.0 degrees, using gentle force, causing soft-deformation, with constant force."
/home/mdxuser/Genesis/main/data/picked_up_4/upsampled/Crayola_Washable_Sidewalk_Chalk_16_pack_Elastic_soft_upsampled.csv,1350,"End-effector holding position of the object, maintaining a stable hold, using gentle force, causing soft-deformation."
/home/mdxuser/Genesis/main/data/picked_up_4/upsampled/Crayola_Washable_Sidewalk_Chalk_16_pack_Elastic_soft_upsampled.csv,1620,"End-effector continue holding position of the object, maintaining a stable hold, using gentle force, causing soft-deformation."
/home/mdxuser/Genesis/main/data/picked_up_4/upsampled/Crayola_Washable_Sidewalk_Chalk_16_pack_Elastic_soft_upsampled.csv,1890,"End-effector rotating the object, by an angle of 30.0 degrees, using gentle force, causing soft-deformation, with constant force."
/home/mdxuser/Genesis/main/data/picked_up_4/upsampled/Crayola_Washable_Sidewalk_Chalk_16_pack_Elastic_soft_upsampled.csv,2160,"End-effector continue rotating the object, by an angle of 30.0 degrees, using gentle force, causing soft-deformation, with constant force."
/home/mdxuser/Genesis/main/data/picked_up_4/upsampled/Crayola_Washable_Sidewalk_Chalk_16_pack_Elastic_soft_upsampled.csv,2430,"End-effector holding position of the object, maintaining a stable hold, using gentle force, causing soft-deformation."
/home/mdxuser/Genesis/main/data/picked_up_4/upsampled/Crayola_Washable_Sidewalk_Chalk_16_pack_Elastic_soft_upsampled.csv,2700,"End-effector stopping the object, using zero-force, causing undeformed shape."
/home/mdxuser/Genesis/main/data/picked_up_4/upsampled/Lactoferrin_Elastic_soft_upsampled.csv,0,"End-effector start towards the object, to begin the task."
/home/mdxuser/Genesis/main/data/picked_up_4/upsampled/Lactoferrin_Elastic_soft_upsampled.csv,270,"End-effector grasping the object, using gentle force, causing soft-deformation, with increasing force."
/home/mdxuser/Genesis/main/data/picked_up_4/upsampled/Lactoferrin_Elastic_soft_upsampled.csv,540,"End-effector continue grasping the object, using gentle force, causing soft-deformation, with increasing force."
/home/mdxuser/Genesis/main/data/picked_up_4/upsampled/Lactoferrin_Elastic_soft_upsampled.csv,810,"End-effector lifting the object, using gentle force, causing soft-deformation, with increasing force."
/home/mdxuser/Genesis/main/data/picked_up_4/upsampled/Lactoferrin_Elastic_soft_upsampled.csv,1080,"End-effector rotating the object, by an angle of 45.0 degrees, using gentle force, causing soft-deformation, with constant force."
/home/mdxuser/Genesis/main/data/picked_up_4/upsampled/Lactoferrin_Elastic_soft_upsampled.csv,1350,"End-effector holding position of the object, maintaining a stable hold, using gentle force, causing soft-deformation."
/home/mdxuser/Genesis/main/data/picked_up_4/upsampled/Lactoferrin_Elastic_soft_upsampled.csv,1620,"End-effector continue holding position of the object, maintaining a stable hold, using gentle force, causing soft-deformation."
/home/mdxuser/Genesis/main/data/picked_up_4/upsampled/Lactoferrin_Elastic_soft_upsampled.csv,1890,"End-effector rotating the object, by an angle of 45.0 degrees, using gentle force, causing soft-deformation, with constant force."
/home/mdxuser/Genesis/main/data/picked_up_4/upsampled/Lactoferrin_Elastic_soft_upsampled.csv,2160,"End-effector continue rotating the object, by an angle of 45.0 degrees, using gentle force, causing soft-deformation, with constant force."
/home/mdxuser/Genesis/main/data/picked_up_4/upsampled/Lactoferrin_Elastic_soft_upsampled.csv,2430,The object has been dropped.
/home/mdxuser/Genesis/main/data/picked_up_4/upsampled/Lactoferrin_Elastic_soft_upsampled.csv,2700,The object has been dropped.
/home/mdxuser/Genesis/main/data/picked_up_4/upsampled/Pepsi_Caffeine_Free_Diet_12_CT_Elastic_hard_upsampled.csv,0,"End-effector start towards the object, to begin the task."
/home/mdxuser/Genesis/main/data/picked_up_4/upsampled/Pepsi_Caffeine_Free_Diet_12_CT_Elastic_hard_upsampled.csv,270,"End-effector grasping the object, using strong force, causing hard-deformation, with increasing force."
/home/mdxuser/Genesis/main/data/picked_up_4/upsampled/Pepsi_Caffeine_Free_Diet_12_CT_Elastic_hard_upsampled.csv,540,"End-effector continue grasping the object, using strong force, causing hard-deformation, with increasing force."
/home/mdxuser/Genesis/main/data/picked_up_4/upsampled/Pepsi_Caffeine_Free_Diet_12_CT_Elastic_hard_upsampled.csv,810,"End-effector lifting the object, using strong force, causing hard-deformation, with increasing force."
/home/mdxuser/Genesis/main/data/picked_up_4/upsampled/Pepsi_Caffeine_Free_Diet_12_CT_Elastic_hard_upsampled.csv,1080,"End-effector rotating the object, by an angle of 30.0 degrees, using strong force, causing hard-deformation, with constant force."
/home/mdxuser/Genesis/main/data/picked_up_4/upsampled/Pepsi_Caffeine_Free_Diet_12_CT_Elastic_hard_upsampled.csv,1350,"End-effector continue rotating the object, by an angle of 30.0 degrees, using strong force, causing hard-deformation, with constant force."
/home/mdxuser/Genesis/main/data/picked_up_4/upsampled/Pepsi_Caffeine_Free_Diet_12_CT_Elastic_hard_upsampled.csv,1620,"End-effector holding position of the object, maintaining a stable hold, using strong force, causing hard-deformation."
/home/mdxuser/Genesis/main/data/picked_up_4/upsampled/Pepsi_Caffeine_Free_Diet_12_CT_Elastic_hard_upsampled.csv,1890,The object has been dropped.
/home/mdxuser/Genesis/main/data/picked_up_4/upsampled/Pepsi_Caffeine_Free_Diet_12_CT_Elastic_hard_upsampled.csv,2160,The object has been dropped.
/home/mdxuser/Genesis/main/data/picked_up_4/upsampled/Pepsi_Caffeine_Free_Diet_12_CT_Elastic_hard_upsampled.csv,2430,The object has been dropped.
/home/mdxuser/Genesis/main/data/picked_up_4/upsampled/Pepsi_Caffeine_Free_Diet_12_CT_Elastic_hard_upsampled.csv,2700,The object has been dropped.
/home/mdxuser/Genesis/main/data/picked_up_4/upsampled/Olive_Kids_Trains_Planes_Trucks_Bogo_Backpack_Elastic_medium_upsampled.csv,0,"End-effector start towards the object, to begin the task."
/home/mdxuser/Genesis/main/data/picked_up_4/upsampled/Olive_Kids_Trains_Planes_Trucks_Bogo_Backpack_Elastic_medium_upsampled.csv,270,"End-effector grasping the object, using moderate force, causing medium-deformation, with increasing force."
/home/mdxuser/Genesis/main/data/picked_up_4/upsampled/Olive_Kids_Trains_Planes_Trucks_Bogo_Backpack_Elastic_medium_upsampled.csv,540,"End-effector continue grasping the object, using moderate force, causing medium-deformation, with increasing force."
/home/mdxuser/Genesis/main/data/picked_up_4/upsampled/Olive_Kids_Trains_Planes_Trucks_Bogo_Backpack_Elastic_medium_upsampled.csv,810,"End-effector lifting the object, using moderate force, causing medium-deformation, with increasing force."
/home/mdxuser/Genesis/main/data/picked_up_4/upsampled/Olive_Kids_Trains_Planes_Trucks_Bogo_Backpack_Elastic_medium_upsampled.csv,1080,"End-effector rotating the object, by an angle of 30.0 degrees, using moderate force, causing medium-deformation, with constant force."
/home/mdxuser/Genesis/main/data/picked_up_4/upsampled/Olive_Kids_Trains_Planes_Trucks_Bogo_Backpack_Elastic_medium_upsampled.csv,1350,"End-effector continue rotating the object, by an angle of 30.0 degrees, using moderate force, causing medium-deformation, with constant force."
/home/mdxuser/Genesis/main/data/picked_up_4/upsampled/Olive_Kids_Trains_Planes_Trucks_Bogo_Backpack_Elastic_medium_upsampled.csv,1620,"End-effector holding position of the object, maintaining a stable hold, using moderate force, causing medium-deformation."
/home/mdxuser/Genesis/main/data/picked_up_4/upsampled/Olive_Kids_Trains_Planes_Trucks_Bogo_Backpack_Elastic_medium_upsampled.csv,1890,"End-effector rotating the object, by an angle of 30.0 degrees, using moderate force, causing medium-deformation, with constant force."
/home/mdxuser/Genesis/main/data/picked_up_4/upsampled/Olive_Kids_Trains_Planes_Trucks_Bogo_Backpack_Elastic_medium_upsampled.csv,2160,"End-effector continue rotating the object, by an angle of 30.0 degrees, using moderate force, causing medium-deformation, with constant force."
/home/mdxuser/Genesis/main/data/picked_up_4/upsampled/Olive_Kids_Trains_Planes_Trucks_Bogo_Backpack_Elastic_medium_upsampled.csv,2430,"End-effector holding position of the object, maintaining a stable hold, using moderate force, causing medium-deformation."
/home/mdxuser/Genesis/main/data/picked_up_4/upsampled/Olive_Kids_Trains_Planes_Trucks_Bogo_Backpack_Elastic_medium_upsampled.csv,2700,"End-effector stopping the object, using zero-force, causing undeformed shape."
/home/mdxuser/Genesis/main/data/picked_up_4/upsampled/ASICS_GELAce_Pro_Pearl_WhitePink_Elastic_soft_upsampled.csv,0,"End-effector start towards the object, to begin the task."
/home/mdxuser/Genesis/main/data/picked_up_4/upsampled/ASICS_GELAce_Pro_Pearl_WhitePink_Elastic_soft_upsampled.csv,270,"End-effector grasping the object, using gentle force, causing soft-deformation, with increasing force."
/home/mdxuser/Genesis/main/data/picked_up_4/upsampled/ASICS_GELAce_Pro_Pearl_WhitePink_Elastic_soft_upsampled.csv,540,"End-effector continue grasping the object, using gentle force, causing soft-deformation, with increasing force."
/home/mdxuser/Genesis/main/data/picked_up_4/upsampled/ASICS_GELAce_Pro_Pearl_WhitePink_Elastic_soft_upsampled.csv,810,"End-effector lifting the object, using gentle force, causing soft-deformation, with increasing force."
/home/mdxuser/Genesis/main/data/picked_up_4/upsampled/ASICS_GELAce_Pro_Pearl_WhitePink_Elastic_soft_upsampled.csv,1080,"End-effector rotating the object, by an angle of 45.0 degrees, using gentle force, causing soft-deformation, with constant force."
/home/mdxuser/Genesis/main/data/picked_up_4/upsampled/ASICS_GELAce_Pro_Pearl_WhitePink_Elastic_soft_upsampled.csv,1350,"End-effector continue rotating the object, by an angle of 45.0 degrees, using gentle force, causing soft-deformation, with constant force."
/home/mdxuser/Genesis/main/data/picked_up_4/upsampled/ASICS_GELAce_Pro_Pearl_WhitePink_Elastic_soft_upsampled.csv,1620,The object has been dropped.
/home/mdxuser/Genesis/main/data/picked_up_4/upsampled/ASICS_GELAce_Pro_Pearl_WhitePink_Elastic_soft_upsampled.csv,1890,The object has been dropped.
/home/mdxuser/Genesis/main/data/picked_up_4/upsampled/ASICS_GELAce_Pro_Pearl_WhitePink_Elastic_soft_upsampled.csv,2160,The object has been dropped.
/home/mdxuser/Genesis/main/data/picked_up_4/upsampled/ASICS_GELAce_Pro_Pearl_WhitePink_Elastic_soft_upsampled.csv,2430,The object has been dropped.
/home/mdxuser/Genesis/main/data/picked_up_4/upsampled/ASICS_GELAce_Pro_Pearl_WhitePink_Elastic_soft_upsampled.csv,2700,The object has been dropped.
/home/mdxuser/Genesis/main/data/picked_up_4/upsampled/CLIMACOOL_BOAT_BREEZE_IE6CyqSaDwN_Elastic_hard_upsampled.csv,0,"End-effector start towards the object, to begin the task."
/home/mdxuser/Genesis/main/data/picked_up_4/upsampled/CLIMACOOL_BOAT_BREEZE_IE6CyqSaDwN_Elastic_hard_upsampled.csv,270,"End-effector grasping the object, using strong force, causing hard-deformation, with increasing force."
/home/mdxuser/Genesis/main/data/picked_up_4/upsampled/CLIMACOOL_BOAT_BREEZE_IE6CyqSaDwN_Elastic_hard_upsampled.csv,540,"End-effector continue grasping the object, using strong force, causing hard-deformation, with increasing force."
/home/mdxuser/Genesis/main/data/picked_up_4/upsampled/CLIMACOOL_BOAT_BREEZE_IE6CyqSaDwN_Elastic_hard_upsampled.csv,810,"End-effector lifting the object, using strong force, causing hard-deformation, with increasing force."
/home/mdxuser/Genesis/main/data/picked_up_4/upsampled/CLIMACOOL_BOAT_BREEZE_IE6CyqSaDwN_Elastic_hard_upsampled.csv,1080,"End-effector rotating the object, by an angle of 30.0 degrees, using strong force, causing hard-deformation, with constant force."
/home/mdxuser/Genesis/main/data/picked_up_4/upsampled/CLIMACOOL_BOAT_BREEZE_IE6CyqSaDwN_Elastic_hard_upsampled.csv,1350,"End-effector continue rotating the object, by an angle of 30.0 degrees, using strong force, causing hard-deformation, with constant force."
/home/mdxuser/Genesis/main/data/picked_up_4/upsampled/CLIMACOOL_BOAT_BREEZE_IE6CyqSaDwN_Elastic_hard_upsampled.csv,1620,"End-effector holding position of the object, maintaining a stable hold, using strong force, causing hard-deformation."
/home/mdxuser/Genesis/main/data/picked_up_4/upsampled/CLIMACOOL_BOAT_BREEZE_IE6CyqSaDwN_Elastic_hard_upsampled.csv,1890,"End-effector rotating the object, by an angle of 45.0 degrees, using strong force, causing hard-deformation, with constant force."
/home/mdxuser/Genesis/main/data/picked_up_4/upsampled/CLIMACOOL_BOAT_BREEZE_IE6CyqSaDwN_Elastic_hard_upsampled.csv,2160,The object has been dropped.
/home/mdxuser/Genesis/main/data/picked_up_4/upsampled/CLIMACOOL_BOAT_BREEZE_IE6CyqSaDwN_Elastic_hard_upsampled.csv,2430,The object has been dropped.
/home/mdxuser/Genesis/main/data/picked_up_4/upsampled/CLIMACOOL_BOAT_BREEZE_IE6CyqSaDwN_Elastic_hard_upsampled.csv,2700,The object has been dropped.
/home/mdxuser/Genesis/main/data/picked_up_4/upsampled/Big_Dot_Pink_Pencil_Case_Elastic_hard_upsampled.csv,0,"End-effector start towards the object, to begin the task."
/home/mdxuser/Genesis/main/data/picked_up_4/upsampled/Big_Dot_Pink_Pencil_Case_Elastic_hard_upsampled.csv,270,"End-effector grasping the object, using strong force, causing hard-deformation, with increasing force."
/home/mdxuser/Genesis/main/data/picked_up_4/upsampled/Big_Dot_Pink_Pencil_Case_Elastic_hard_upsampled.csv,540,"End-effector continue grasping the object, using strong force, causing hard-deformation, with increasing force."
/home/mdxuser/Genesis/main/data/picked_up_4/upsampled/Big_Dot_Pink_Pencil_Case_Elastic_hard_upsampled.csv,810,"End-effector lifting the object, using strong force, causing hard-deformation, with increasing force."
/home/mdxuser/Genesis/main/data/picked_up_4/upsampled/Big_Dot_Pink_Pencil_Case_Elastic_hard_upsampled.csv,1080,"End-effector rotating the object, by an angle of 30.0 degrees, using strong force, causing hard-deformation, with constant force."
/home/mdxuser/Genesis/main/data/picked_up_4/upsampled/Big_Dot_Pink_Pencil_Case_Elastic_hard_upsampled.csv,1350,"End-effector continue rotating the object, by an angle of 30.0 degrees, using strong force, causing hard-deformation, with constant force."
/home/mdxuser/Genesis/main/data/picked_up_4/upsampled/Big_Dot_Pink_Pencil_Case_Elastic_hard_upsampled.csv,1620,"End-effector holding position of the object, maintaining a stable hold, using strong force, causing hard-deformation."
/home/mdxuser/Genesis/main/data/picked_up_4/upsampled/Big_Dot_Pink_Pencil_Case_Elastic_hard_upsampled.csv,1890,"End-effector rotating the object, by an angle of 30.0 degrees, using strong force, causing hard-deformation, with constant force."
/home/mdxuser/Genesis/main/data/picked_up_4/upsampled/Big_Dot_Pink_Pencil_Case_Elastic_hard_upsampled.csv,2160,"End-effector continue rotating the object, by an angle of 30.0 degrees, using strong force, causing hard-deformation, with constant force."
/home/mdxuser/Genesis/main/data/picked_up_4/upsampled/Big_Dot_Pink_Pencil_Case_Elastic_hard_upsampled.csv,2430,"End-effector holding position of the object, maintaining a stable hold, using strong force, causing hard-deformation."
/home/mdxuser/Genesis/main/data/picked_up_4/upsampled/Big_Dot_Pink_Pencil_Case_Elastic_hard_upsampled.csv,2700,"End-effector stopping the object, using zero-force, causing undeformed shape."
/home/mdxuser/Genesis/main/data/picked_up_4/upsampled/New_Super_Mario_BrosWii_Wii_Game_Elastic_soft_upsampled.csv,0,"End-effector start towards the object, to begin the task."
/home/mdxuser/Genesis/main/data/picked_up_4/upsampled/New_Super_Mario_BrosWii_Wii_Game_Elastic_soft_upsampled.csv,270,"End-effector grasping the object, using gentle force, causing soft-deformation, with increasing force."
/home/mdxuser/Genesis/main/data/picked_up_4/upsampled/New_Super_Mario_BrosWii_Wii_Game_Elastic_soft_upsampled.csv,540,"End-effector continue grasping the object, using gentle force, causing soft-deformation, with increasing force."
/home/mdxuser/Genesis/main/data/picked_up_4/upsampled/New_Super_Mario_BrosWii_Wii_Game_Elastic_soft_upsampled.csv,810,"End-effector lifting the object, using gentle force, causing soft-deformation, with increasing force."
/home/mdxuser/Genesis/main/data/picked_up_4/upsampled/New_Super_Mario_BrosWii_Wii_Game_Elastic_soft_upsampled.csv,1080,"End-effector rotating the object, by an angle of 45.0 degrees, using gentle force, causing soft-deformation, with constant force."
/home/mdxuser/Genesis/main/data/picked_up_4/upsampled/New_Super_Mario_BrosWii_Wii_Game_Elastic_soft_upsampled.csv,1350,"End-effector continue rotating the object, by an angle of 45.0 degrees, using gentle force, causing soft-deformation, with constant force."
/home/mdxuser/Genesis/main/data/picked_up_4/upsampled/New_Super_Mario_BrosWii_Wii_Game_Elastic_soft_upsampled.csv,1620,The object has been dropped.
/home/mdxuser/Genesis/main/data/picked_up_4/upsampled/New_Super_Mario_BrosWii_Wii_Game_Elastic_soft_upsampled.csv,1890,The object has been dropped.
/home/mdxuser/Genesis/main/data/picked_up_4/upsampled/New_Super_Mario_BrosWii_Wii_Game_Elastic_soft_upsampled.csv,2160,The object has been dropped.
/home/mdxuser/Genesis/main/data/picked_up_4/upsampled/New_Super_Mario_BrosWii_Wii_Game_Elastic_soft_upsampled.csv,2430,The object has been dropped.
/home/mdxuser/Genesis/main/data/picked_up_4/upsampled/New_Super_Mario_BrosWii_Wii_Game_Elastic_soft_upsampled.csv,2700,The object has been dropped.
/home/mdxuser/Genesis/main/data/picked_up_4/upsampled/Pepsi_Cola_Wild_Cherry_Diet_12_12_fl_oz_355_ml_cans_144_fl_oz_426_lt_Elastic_hard_upsampled.csv,0,"End-effector start towards the object, to begin the task."
/home/mdxuser/Genesis/main/data/picked_up_4/upsampled/Pepsi_Cola_Wild_Cherry_Diet_12_12_fl_oz_355_ml_cans_144_fl_oz_426_lt_Elastic_hard_upsampled.csv,270,"End-effector grasping the object, using strong force, causing hard-deformation, with increasing force."
/home/mdxuser/Genesis/main/data/picked_up_4/upsampled/Pepsi_Cola_Wild_Cherry_Diet_12_12_fl_oz_355_ml_cans_144_fl_oz_426_lt_Elastic_hard_upsampled.csv,540,"End-effector continue grasping the object, using strong force, causing hard-deformation, with increasing force."
/home/mdxuser/Genesis/main/data/picked_up_4/upsampled/Pepsi_Cola_Wild_Cherry_Diet_12_12_fl_oz_355_ml_cans_144_fl_oz_426_lt_Elastic_hard_upsampled.csv,810,"End-effector lifting the object, using strong force, causing hard-deformation, with increasing force."
/home/mdxuser/Genesis/main/data/picked_up_4/upsampled/Pepsi_Cola_Wild_Cherry_Diet_12_12_fl_oz_355_ml_cans_144_fl_oz_426_lt_Elastic_hard_upsampled.csv,1080,"End-effector rotating the object, by an angle of 45.0 degrees, using strong force, causing hard-deformation, with constant force."
/home/mdxuser/Genesis/main/data/picked_up_4/upsampled/Pepsi_Cola_Wild_Cherry_Diet_12_12_fl_oz_355_ml_cans_144_fl_oz_426_lt_Elastic_hard_upsampled.csv,1350,"End-effector continue rotating the object, by an angle of 45.0 degrees, using strong force, causing hard-deformation, with constant force."
/home/mdxuser/Genesis/main/data/picked_up_4/upsampled/Pepsi_Cola_Wild_Cherry_Diet_12_12_fl_oz_355_ml_cans_144_fl_oz_426_lt_Elastic_hard_upsampled.csv,1620,"End-effector holding position of the object, maintaining a stable hold, using strong force, causing hard-deformation."
/home/mdxuser/Genesis/main/data/picked_up_4/upsampled/Pepsi_Cola_Wild_Cherry_Diet_12_12_fl_oz_355_ml_cans_144_fl_oz_426_lt_Elastic_hard_upsampled.csv,1890,"End-effector rotating the object, by an angle of 45.0 degrees, using strong force, causing hard-deformation, with constant force."
/home/mdxuser/Genesis/main/data/picked_up_4/upsampled/Pepsi_Cola_Wild_Cherry_Diet_12_12_fl_oz_355_ml_cans_144_fl_oz_426_lt_Elastic_hard_upsampled.csv,2160,"End-effector holding position of the object, maintaining a stable hold, using strong force, causing hard-deformation."
/home/mdxuser/Genesis/main/data/picked_up_4/upsampled/Pepsi_Cola_Wild_Cherry_Diet_12_12_fl_oz_355_ml_cans_144_fl_oz_426_lt_Elastic_hard_upsampled.csv,2430,"End-effector continue holding position of the object, maintaining a stable hold, using strong force, causing hard-deformation."
/home/mdxuser/Genesis/main/data/picked_up_4/upsampled/Pepsi_Cola_Wild_Cherry_Diet_12_12_fl_oz_355_ml_cans_144_fl_oz_426_lt_Elastic_hard_upsampled.csv,2700,The object has been dropped.
/home/mdxuser/Genesis/main/data/picked_up_4/upsampled/3D_Dollhouse_Happy_Brother_Elastic_medium_upsampled.csv,0,"End-effector start towards the object, to begin the task."
/home/mdxuser/Genesis/main/data/picked_up_4/upsampled/3D_Dollhouse_Happy_Brother_Elastic_medium_upsampled.csv,270,"End-effector grasping the object, using moderate force, causing medium-deformation, with increasing force."
/home/mdxuser/Genesis/main/data/picked_up_4/upsampled/3D_Dollhouse_Happy_Brother_Elastic_medium_upsampled.csv,540,"End-effector continue grasping the object, using moderate force, causing medium-deformation, with increasing force."
/home/mdxuser/Genesis/main/data/picked_up_4/upsampled/3D_Dollhouse_Happy_Brother_Elastic_medium_upsampled.csv,810,"End-effector lifting the object, using moderate force, causing medium-deformation, with increasing force."
/home/mdxuser/Genesis/main/data/picked_up_4/upsampled/3D_Dollhouse_Happy_Brother_Elastic_medium_upsampled.csv,1080,"End-effector rotating the object, by an angle of 30.0 degrees, using moderate force, causing medium-deformation, with constant force."
/home/mdxuser/Genesis/main/data/picked_up_4/upsampled/3D_Dollhouse_Happy_Brother_Elastic_medium_upsampled.csv,1350,"End-effector continue rotating the object, by an angle of 30.0 degrees, using moderate force, causing medium-deformation, with constant force."
/home/mdxuser/Genesis/main/data/picked_up_4/upsampled/3D_Dollhouse_Happy_Brother_Elastic_medium_upsampled.csv,1620,"End-effector holding position of the object, maintaining a stable hold, using moderate force, causing medium-deformation."
/home/mdxuser/Genesis/main/data/picked_up_4/upsampled/3D_Dollhouse_Happy_Brother_Elastic_medium_upsampled.csv,1890,"End-effector rotating the object, by an angle of 45.0 degrees, using moderate force, causing medium-deformation, with constant force."
/home/mdxuser/Genesis/main/data/picked_up_4/upsampled/3D_Dollhouse_Happy_Brother_Elastic_medium_upsampled.csv,2160,"End-effector holding position of the object, maintaining a stable hold, using moderate force, causing medium-deformation."
/home/mdxuser/Genesis/main/data/picked_up_4/upsampled/3D_Dollhouse_Happy_Brother_Elastic_medium_upsampled.csv,2430,"End-effector continue holding position of the object, maintaining a stable hold, using moderate force, causing medium-deformation."
/home/mdxuser/Genesis/main/data/picked_up_4/upsampled/3D_Dollhouse_Happy_Brother_Elastic_medium_upsampled.csv,2700,"End-effector stopping the object, using zero-force, causing undeformed shape."
/home/mdxuser/Genesis/main/data/picked_up_4/upsampled/Crunch_Girl_Scouts_Candy_Bars_Peanut_Butter_Creme_78_oz_box_Elastic_hard_upsampled.csv,0,"End-effector start towards the object, to begin the task."
/home/mdxuser/Genesis/main/data/picked_up_4/upsampled/Crunch_Girl_Scouts_Candy_Bars_Peanut_Butter_Creme_78_oz_box_Elastic_hard_upsampled.csv,270,"End-effector grasping the object, using strong force, causing hard-deformation, with increasing force."
/home/mdxuser/Genesis/main/data/picked_up_4/upsampled/Crunch_Girl_Scouts_Candy_Bars_Peanut_Butter_Creme_78_oz_box_Elastic_hard_upsampled.csv,540,"End-effector continue grasping the object, using strong force, causing hard-deformation, with increasing force."
/home/mdxuser/Genesis/main/data/picked_up_4/upsampled/Crunch_Girl_Scouts_Candy_Bars_Peanut_Butter_Creme_78_oz_box_Elastic_hard_upsampled.csv,810,"End-effector lifting the object, using strong force, causing hard-deformation, with increasing force."
/home/mdxuser/Genesis/main/data/picked_up_4/upsampled/Crunch_Girl_Scouts_Candy_Bars_Peanut_Butter_Creme_78_oz_box_Elastic_hard_upsampled.csv,1080,"End-effector rotating the object, by an angle of 30.0 degrees, using strong force, causing hard-deformation, with constant force."
/home/mdxuser/Genesis/main/data/picked_up_4/upsampled/Crunch_Girl_Scouts_Candy_Bars_Peanut_Butter_Creme_78_oz_box_Elastic_hard_upsampled.csv,1350,"End-effector continue rotating the object, by an angle of 30.0 degrees, using strong force, causing hard-deformation, with constant force."
/home/mdxuser/Genesis/main/data/picked_up_4/upsampled/Crunch_Girl_Scouts_Candy_Bars_Peanut_Butter_Creme_78_oz_box_Elastic_hard_upsampled.csv,1620,"End-effector holding position of the object, maintaining a stable hold, using strong force, causing hard-deformation."
/home/mdxuser/Genesis/main/data/picked_up_4/upsampled/Crunch_Girl_Scouts_Candy_Bars_Peanut_Butter_Creme_78_oz_box_Elastic_hard_upsampled.csv,1890,"End-effector rotating the object, by an angle of 30.0 degrees, using strong force, causing hard-deformation, with constant force."
/home/mdxuser/Genesis/main/data/picked_up_4/upsampled/Crunch_Girl_Scouts_Candy_Bars_Peanut_Butter_Creme_78_oz_box_Elastic_hard_upsampled.csv,2160,"End-effector continue rotating the object, by an angle of 30.0 degrees, using strong force, causing hard-deformation, with constant force."
/home/mdxuser/Genesis/main/data/picked_up_4/upsampled/Crunch_Girl_Scouts_Candy_Bars_Peanut_Butter_Creme_78_oz_box_Elastic_hard_upsampled.csv,2430,"End-effector holding position of the object, maintaining a stable hold, using strong force, causing hard-deformation."
/home/mdxuser/Genesis/main/data/picked_up_4/upsampled/Crunch_Girl_Scouts_Candy_Bars_Peanut_Butter_Creme_78_oz_box_Elastic_hard_upsampled.csv,2700,"End-effector stopping the object, using zero-force, causing undeformed shape."
/home/mdxuser/Genesis/main/data/picked_up_4/upsampled/BABY_CAR_Elastic_medium_upsampled.csv,0,"End-effector start towards the object, to begin the task."
/home/mdxuser/Genesis/main/data/picked_up_4/upsampled/BABY_CAR_Elastic_medium_upsampled.csv,270,"End-effector grasping the object, using moderate force, causing medium-deformation, with increasing force."
/home/mdxuser/Genesis/main/data/picked_up_4/upsampled/BABY_CAR_Elastic_medium_upsampled.csv,540,"End-effector continue grasping the object, using moderate force, causing medium-deformation, with increasing force."
/home/mdxuser/Genesis/main/data/picked_up_4/upsampled/BABY_CAR_Elastic_medium_upsampled.csv,810,"End-effector lifting the object, using moderate force, causing medium-deformation, with increasing force."
/home/mdxuser/Genesis/main/data/picked_up_4/upsampled/BABY_CAR_Elastic_medium_upsampled.csv,1080,"End-effector rotating the object, by an angle of 30.0 degrees, using moderate force, causing medium-deformation, with constant force."
/home/mdxuser/Genesis/main/data/picked_up_4/upsampled/BABY_CAR_Elastic_medium_upsampled.csv,1350,"End-effector continue rotating the object, by an angle of 30.0 degrees, using moderate force, causing medium-deformation, with constant force."
/home/mdxuser/Genesis/main/data/picked_up_4/upsampled/BABY_CAR_Elastic_medium_upsampled.csv,1620,"End-effector holding position of the object, maintaining a stable hold, using moderate force, causing medium-deformation."
/home/mdxuser/Genesis/main/data/picked_up_4/upsampled/BABY_CAR_Elastic_medium_upsampled.csv,1890,"End-effector rotating the object, by an angle of 45.0 degrees, using moderate force, causing medium-deformation, with constant force."
/home/mdxuser/Genesis/main/data/picked_up_4/upsampled/BABY_CAR_Elastic_medium_upsampled.csv,2160,"End-effector continue rotating the object, by an angle of 45.0 degrees, using moderate force, causing medium-deformation, with constant force."
/home/mdxuser/Genesis/main/data/picked_up_4/upsampled/BABY_CAR_Elastic_medium_upsampled.csv,2430,The object has been dropped.
/home/mdxuser/Genesis/main/data/picked_up_4/upsampled/BABY_CAR_Elastic_medium_upsampled.csv,2700,The object has been dropped.
/home/mdxuser/Genesis/main/data/picked_up_4/upsampled/Pepsi_Cola_Wild_Cherry_Diet_12_12_fl_oz_355_ml_cans_144_fl_oz_426_lt_Elastic_medium_upsampled.csv,0,"End-effector start towards the object, to begin the task."
/home/mdxuser/Genesis/main/data/picked_up_4/upsampled/Pepsi_Cola_Wild_Cherry_Diet_12_12_fl_oz_355_ml_cans_144_fl_oz_426_lt_Elastic_medium_upsampled.csv,270,"End-effector grasping the object, using moderate force, causing medium-deformation, with increasing force."
/home/mdxuser/Genesis/main/data/picked_up_4/upsampled/Pepsi_Cola_Wild_Cherry_Diet_12_12_fl_oz_355_ml_cans_144_fl_oz_426_lt_Elastic_medium_upsampled.csv,540,"End-effector continue grasping the object, using moderate force, causing medium-deformation, with increasing force."
/home/mdxuser/Genesis/main/data/picked_up_4/upsampled/Pepsi_Cola_Wild_Cherry_Diet_12_12_fl_oz_355_ml_cans_144_fl_oz_426_lt_Elastic_medium_upsampled.csv,810,"End-effector lifting the object, using moderate force, causing medium-deformation, with increasing force."
/home/mdxuser/Genesis/main/data/picked_up_4/upsampled/Pepsi_Cola_Wild_Cherry_Diet_12_12_fl_oz_355_ml_cans_144_fl_oz_426_lt_Elastic_medium_upsampled.csv,1080,"End-effector rotating the object, by an angle of 30.0 degrees, using moderate force, causing medium-deformation, with constant force."
/home/mdxuser/Genesis/main/data/picked_up_4/upsampled/Pepsi_Cola_Wild_Cherry_Diet_12_12_fl_oz_355_ml_cans_144_fl_oz_426_lt_Elastic_medium_upsampled.csv,1350,"End-effector continue rotating the object, by an angle of 30.0 degrees, using moderate force, causing medium-deformation, with constant force."
/home/mdxuser/Genesis/main/data/picked_up_4/upsampled/Pepsi_Cola_Wild_Cherry_Diet_12_12_fl_oz_355_ml_cans_144_fl_oz_426_lt_Elastic_medium_upsampled.csv,1620,"End-effector holding position of the object, maintaining a stable hold, using moderate force, causing medium-deformation."
/home/mdxuser/Genesis/main/data/picked_up_4/upsampled/Pepsi_Cola_Wild_Cherry_Diet_12_12_fl_oz_355_ml_cans_144_fl_oz_426_lt_Elastic_medium_upsampled.csv,1890,"End-effector rotating the object, by an angle of 45.0 degrees, using moderate force, causing medium-deformation, with constant force."
/home/mdxuser/Genesis/main/data/picked_up_4/upsampled/Pepsi_Cola_Wild_Cherry_Diet_12_12_fl_oz_355_ml_cans_144_fl_oz_426_lt_Elastic_medium_upsampled.csv,2160,"End-effector holding position of the object, maintaining a stable hold, using moderate force, causing medium-deformation."
/home/mdxuser/Genesis/main/data/picked_up_4/upsampled/Pepsi_Cola_Wild_Cherry_Diet_12_12_fl_oz_355_ml_cans_144_fl_oz_426_lt_Elastic_medium_upsampled.csv,2430,"End-effector continue holding position of the object, maintaining a stable hold, using moderate force, causing medium-deformation."
/home/mdxuser/Genesis/main/data/picked_up_4/upsampled/Pepsi_Cola_Wild_Cherry_Diet_12_12_fl_oz_355_ml_cans_144_fl_oz_426_lt_Elastic_medium_upsampled.csv,2700,The object has been dropped.
/home/mdxuser/Genesis/main/data/picked_up_4/upsampled/Home_Fashions_Washcloth_Olive_Green_Elastic_medium_upsampled.csv,0,"End-effector start towards the object, to begin the task."
/home/mdxuser/Genesis/main/data/picked_up_4/upsampled/Home_Fashions_Washcloth_Olive_Green_Elastic_medium_upsampled.csv,270,"End-effector grasping the object, using moderate force, causing medium-deformation, with increasing force."
/home/mdxuser/Genesis/main/data/picked_up_4/upsampled/Home_Fashions_Washcloth_Olive_Green_Elastic_medium_upsampled.csv,540,"End-effector continue grasping the object, using moderate force, causing medium-deformation, with increasing force."
/home/mdxuser/Genesis/main/data/picked_up_4/upsampled/Home_Fashions_Washcloth_Olive_Green_Elastic_medium_upsampled.csv,810,"End-effector lifting the object, using moderate force, causing medium-deformation, with increasing force."
/home/mdxuser/Genesis/main/data/picked_up_4/upsampled/Home_Fashions_Washcloth_Olive_Green_Elastic_medium_upsampled.csv,1080,"End-effector rotating the object, by an angle of 45.0 degrees, using moderate force, causing medium-deformation, with constant force."
/home/mdxuser/Genesis/main/data/picked_up_4/upsampled/Home_Fashions_Washcloth_Olive_Green_Elastic_medium_upsampled.csv,1350,The object has been dropped.
/home/mdxuser/Genesis/main/data/picked_up_4/upsampled/Home_Fashions_Washcloth_Olive_Green_Elastic_medium_upsampled.csv,1620,The object has been dropped.
/home/mdxuser/Genesis/main/data/picked_up_4/upsampled/Home_Fashions_Washcloth_Olive_Green_Elastic_medium_upsampled.csv,1890,The object has been dropped.
/home/mdxuser/Genesis/main/data/picked_up_4/upsampled/Home_Fashions_Washcloth_Olive_Green_Elastic_medium_upsampled.csv,2160,The object has been dropped.
/home/mdxuser/Genesis/main/data/picked_up_4/upsampled/Home_Fashions_Washcloth_Olive_Green_Elastic_medium_upsampled.csv,2430,The object has been dropped.
/home/mdxuser/Genesis/main/data/picked_up_4/upsampled/Home_Fashions_Washcloth_Olive_Green_Elastic_medium_upsampled.csv,2700,The object has been dropped.
/home/mdxuser/Genesis/main/data/picked_up_4/upsampled/Cootie_Game_tDhURNbfU5J_Elastic_soft_upsampled.csv,0,"End-effector start towards the object, to begin the task."
/home/mdxuser/Genesis/main/data/picked_up_4/upsampled/Cootie_Game_tDhURNbfU5J_Elastic_soft_upsampled.csv,270,"End-effector grasping the object, using gentle force, causing soft-deformation, with increasing force."
/home/mdxuser/Genesis/main/data/picked_up_4/upsampled/Cootie_Game_tDhURNbfU5J_Elastic_soft_upsampled.csv,540,"End-effector continue grasping the object, using gentle force, causing soft-deformation, with increasing force."
/home/mdxuser/Genesis/main/data/picked_up_4/upsampled/Cootie_Game_tDhURNbfU5J_Elastic_soft_upsampled.csv,810,"End-effector lifting the object, using gentle force, causing soft-deformation, with increasing force."
/home/mdxuser/Genesis/main/data/picked_up_4/upsampled/Cootie_Game_tDhURNbfU5J_Elastic_soft_upsampled.csv,1080,"End-effector rotating the object, by an angle of 45.0 degrees, using gentle force, causing soft-deformation, with constant force."
/home/mdxuser/Genesis/main/data/picked_up_4/upsampled/Cootie_Game_tDhURNbfU5J_Elastic_soft_upsampled.csv,1350,"End-effector holding position of the object, maintaining a stable hold, using gentle force, causing soft-deformation."
/home/mdxuser/Genesis/main/data/picked_up_4/upsampled/Cootie_Game_tDhURNbfU5J_Elastic_soft_upsampled.csv,1620,"End-effector continue holding position of the object, maintaining a stable hold, using gentle force, causing soft-deformation."
/home/mdxuser/Genesis/main/data/picked_up_4/upsampled/Cootie_Game_tDhURNbfU5J_Elastic_soft_upsampled.csv,1890,"End-effector rotating the object, by an angle of 30.0 degrees, using gentle force, causing soft-deformation, with constant force."
/home/mdxuser/Genesis/main/data/picked_up_4/upsampled/Cootie_Game_tDhURNbfU5J_Elastic_soft_upsampled.csv,2160,"End-effector continue rotating the object, by an angle of 30.0 degrees, using gentle force, causing soft-deformation, with constant force."
/home/mdxuser/Genesis/main/data/picked_up_4/upsampled/Cootie_Game_tDhURNbfU5J_Elastic_soft_upsampled.csv,2430,"End-effector holding position of the object, maintaining a stable hold, using gentle force, causing soft-deformation."
/home/mdxuser/Genesis/main/data/picked_up_4/upsampled/Cootie_Game_tDhURNbfU5J_Elastic_soft_upsampled.csv,2700,The object has been dropped.
/home/mdxuser/Genesis/main/data/picked_up_4/upsampled/Crayola_Bonus_64_Crayons_Elastic_medium_upsampled.csv,0,"End-effector start towards the object, to begin the task."
/home/mdxuser/Genesis/main/data/picked_up_4/upsampled/Crayola_Bonus_64_Crayons_Elastic_medium_upsampled.csv,270,"End-effector grasping the object, using moderate force, causing medium-deformation, with increasing force."
/home/mdxuser/Genesis/main/data/picked_up_4/upsampled/Crayola_Bonus_64_Crayons_Elastic_medium_upsampled.csv,540,"End-effector continue grasping the object, using moderate force, causing medium-deformation, with increasing force."
/home/mdxuser/Genesis/main/data/picked_up_4/upsampled/Crayola_Bonus_64_Crayons_Elastic_medium_upsampled.csv,810,"End-effector lifting the object, using moderate force, causing medium-deformation, with increasing force."
/home/mdxuser/Genesis/main/data/picked_up_4/upsampled/Crayola_Bonus_64_Crayons_Elastic_medium_upsampled.csv,1080,"End-effector rotating the object, by an angle of 30.0 degrees, using moderate force, causing medium-deformation, with constant force."
/home/mdxuser/Genesis/main/data/picked_up_4/upsampled/Crayola_Bonus_64_Crayons_Elastic_medium_upsampled.csv,1350,"End-effector continue rotating the object, by an angle of 30.0 degrees, using moderate force, causing medium-deformation, with constant force."
/home/mdxuser/Genesis/main/data/picked_up_4/upsampled/Crayola_Bonus_64_Crayons_Elastic_medium_upsampled.csv,1620,"End-effector holding position of the object, maintaining a stable hold, using moderate force, causing medium-deformation."
/home/mdxuser/Genesis/main/data/picked_up_4/upsampled/Crayola_Bonus_64_Crayons_Elastic_medium_upsampled.csv,1890,"End-effector rotating the object, by an angle of 30.0 degrees, using moderate force, causing medium-deformation, with constant force."
/home/mdxuser/Genesis/main/data/picked_up_4/upsampled/Crayola_Bonus_64_Crayons_Elastic_medium_upsampled.csv,2160,"End-effector continue rotating the object, by an angle of 30.0 degrees, using moderate force, causing medium-deformation, with constant force."
/home/mdxuser/Genesis/main/data/picked_up_4/upsampled/Crayola_Bonus_64_Crayons_Elastic_medium_upsampled.csv,2430,"End-effector holding position of the object, maintaining a stable hold, using moderate force, causing medium-deformation."
/home/mdxuser/Genesis/main/data/picked_up_4/upsampled/Crayola_Bonus_64_Crayons_Elastic_medium_upsampled.csv,2700,"End-effector stopping the object, using zero-force, causing undeformed shape."
/home/mdxuser/Genesis/main/data/picked_up_4/upsampled/ClimaCool_Aerate_2_W_Wide_Elastic_hard_upsampled.csv,0,"End-effector start towards the object, to begin the task."
/home/mdxuser/Genesis/main/data/picked_up_4/upsampled/ClimaCool_Aerate_2_W_Wide_Elastic_hard_upsampled.csv,270,"End-effector grasping the object, using strong force, causing hard-deformation, with increasing force."
/home/mdxuser/Genesis/main/data/picked_up_4/upsampled/ClimaCool_Aerate_2_W_Wide_Elastic_hard_upsampled.csv,540,"End-effector continue grasping the object, using strong force, causing hard-deformation, with increasing force."
/home/mdxuser/Genesis/main/data/picked_up_4/upsampled/ClimaCool_Aerate_2_W_Wide_Elastic_hard_upsampled.csv,810,"End-effector lifting the object, using strong force, causing hard-deformation, with increasing force."
/home/mdxuser/Genesis/main/data/picked_up_4/upsampled/ClimaCool_Aerate_2_W_Wide_Elastic_hard_upsampled.csv,1080,"End-effector rotating the object, by an angle of 30.0 degrees, using strong force, causing hard-deformation, with constant force."
/home/mdxuser/Genesis/main/data/picked_up_4/upsampled/ClimaCool_Aerate_2_W_Wide_Elastic_hard_upsampled.csv,1350,"End-effector continue rotating the object, by an angle of 30.0 degrees, using strong force, causing hard-deformation, with constant force."
/home/mdxuser/Genesis/main/data/picked_up_4/upsampled/ClimaCool_Aerate_2_W_Wide_Elastic_hard_upsampled.csv,1620,"End-effector holding position of the object, maintaining a stable hold, using strong force, causing hard-deformation."
/home/mdxuser/Genesis/main/data/picked_up_4/upsampled/ClimaCool_Aerate_2_W_Wide_Elastic_hard_upsampled.csv,1890,"End-effector rotating the object, by an angle of 45.0 degrees, using strong force, causing hard-deformation, with constant force."
/home/mdxuser/Genesis/main/data/picked_up_4/upsampled/ClimaCool_Aerate_2_W_Wide_Elastic_hard_upsampled.csv,2160,"End-effector holding position of the object, maintaining a stable hold, using strong force, causing hard-deformation."
/home/mdxuser/Genesis/main/data/picked_up_4/upsampled/ClimaCool_Aerate_2_W_Wide_Elastic_hard_upsampled.csv,2430,"End-effector continue holding position of the object, maintaining a stable hold, using strong force, causing hard-deformation."
/home/mdxuser/Genesis/main/data/picked_up_4/upsampled/ClimaCool_Aerate_2_W_Wide_Elastic_hard_upsampled.csv,2700,The object has been dropped.
/home/mdxuser/Genesis/main/data/picked_up_4/upsampled/Cole_Hardware_Antislip_Surfacing_White_2_x_60_Elastic_medium_upsampled.csv,0,"End-effector start towards the object, to begin the task."
/home/mdxuser/Genesis/main/data/picked_up_4/upsampled/Cole_Hardware_Antislip_Surfacing_White_2_x_60_Elastic_medium_upsampled.csv,270,"End-effector grasping the object, using moderate force, causing medium-deformation, with increasing force."
/home/mdxuser/Genesis/main/data/picked_up_4/upsampled/Cole_Hardware_Antislip_Surfacing_White_2_x_60_Elastic_medium_upsampled.csv,540,"End-effector continue grasping the object, using moderate force, causing medium-deformation, with increasing force."
/home/mdxuser/Genesis/main/data/picked_up_4/upsampled/Cole_Hardware_Antislip_Surfacing_White_2_x_60_Elastic_medium_upsampled.csv,810,"End-effector lifting the object, using moderate force, causing medium-deformation, with increasing force."
/home/mdxuser/Genesis/main/data/picked_up_4/upsampled/Cole_Hardware_Antislip_Surfacing_White_2_x_60_Elastic_medium_upsampled.csv,1080,"End-effector rotating the object, by an angle of 45.0 degrees, using moderate force, causing medium-deformation, with constant force."
/home/mdxuser/Genesis/main/data/picked_up_4/upsampled/Cole_Hardware_Antislip_Surfacing_White_2_x_60_Elastic_medium_upsampled.csv,1350,"End-effector continue rotating the object, by an angle of 45.0 degrees, using moderate force, causing medium-deformation, with constant force."
/home/mdxuser/Genesis/main/data/picked_up_4/upsampled/Cole_Hardware_Antislip_Surfacing_White_2_x_60_Elastic_medium_upsampled.csv,1620,"End-effector holding position of the object, maintaining a stable hold, using moderate force, causing medium-deformation."
/home/mdxuser/Genesis/main/data/picked_up_4/upsampled/Cole_Hardware_Antislip_Surfacing_White_2_x_60_Elastic_medium_upsampled.csv,1890,"End-effector rotating the object, by an angle of 30.0 degrees, using moderate force, causing medium-deformation, with constant force."
/home/mdxuser/Genesis/main/data/picked_up_4/upsampled/Cole_Hardware_Antislip_Surfacing_White_2_x_60_Elastic_medium_upsampled.csv,2160,"End-effector continue rotating the object, by an angle of 30.0 degrees, using moderate force, causing medium-deformation, with constant force."
/home/mdxuser/Genesis/main/data/picked_up_4/upsampled/Cole_Hardware_Antislip_Surfacing_White_2_x_60_Elastic_medium_upsampled.csv,2430,"End-effector holding position of the object, maintaining a stable hold, using moderate force, causing medium-deformation."
/home/mdxuser/Genesis/main/data/picked_up_4/upsampled/Cole_Hardware_Antislip_Surfacing_White_2_x_60_Elastic_medium_upsampled.csv,2700,"End-effector stopping the object, using zero-force, causing undeformed shape."
/home/mdxuser/Genesis/main/data/picked_up_4/upsampled/BABY_CAR_Elastic_hard_upsampled.csv,0,"End-effector start towards the object, to begin the task."
/home/mdxuser/Genesis/main/data/picked_up_4/upsampled/BABY_CAR_Elastic_hard_upsampled.csv,270,"End-effector grasping the object, using strong force, causing hard-deformation, with increasing force."
/home/mdxuser/Genesis/main/data/picked_up_4/upsampled/BABY_CAR_Elastic_hard_upsampled.csv,540,"End-effector continue grasping the object, using strong force, causing hard-deformation, with increasing force."
/home/mdxuser/Genesis/main/data/picked_up_4/upsampled/BABY_CAR_Elastic_hard_upsampled.csv,810,"End-effector lifting the object, using strong force, causing hard-deformation, with increasing force."
/home/mdxuser/Genesis/main/data/picked_up_4/upsampled/BABY_CAR_Elastic_hard_upsampled.csv,1080,"End-effector rotating the object, by an angle of 45.0 degrees, using strong force, causing hard-deformation, with constant force."
/home/mdxuser/Genesis/main/data/picked_up_4/upsampled/BABY_CAR_Elastic_hard_upsampled.csv,1350,"End-effector holding position of the object, maintaining a stable hold, using strong force, causing hard-deformation."
/home/mdxuser/Genesis/main/data/picked_up_4/upsampled/BABY_CAR_Elastic_hard_upsampled.csv,1620,"End-effector continue holding position of the object, maintaining a stable hold, using strong force, causing hard-deformation."
/home/mdxuser/Genesis/main/data/picked_up_4/upsampled/BABY_CAR_Elastic_hard_upsampled.csv,1890,"End-effector rotating the object, by an angle of 45.0 degrees, using strong force, causing hard-deformation, with constant force."
/home/mdxuser/Genesis/main/data/picked_up_4/upsampled/BABY_CAR_Elastic_hard_upsampled.csv,2160,"End-effector continue rotating the object, by an angle of 45.0 degrees, using strong force, causing hard-deformation, with constant force."
/home/mdxuser/Genesis/main/data/picked_up_4/upsampled/BABY_CAR_Elastic_hard_upsampled.csv,2430,"End-effector holding position of the object, maintaining a stable hold, using strong force, causing hard-deformation."
/home/mdxuser/Genesis/main/data/picked_up_4/upsampled/BABY_CAR_Elastic_hard_upsampled.csv,2700,"End-effector stopping the object, using zero-force, causing undeformed shape."
