csv_path,timestep_start,annotation
/home/mdxuser/Genesis/main/data/picked_up_4/upsampled/Borage_GLA240Gamma_Tocopherol_Elastic_medium_upsampled.csv,0,"Gripper approaching towards item, to begin the task."
/home/mdxuser/Genesis/main/data/picked_up_4/upsampled/Borage_GLA240Gamma_Tocopherol_Elastic_medium_upsampled.csv,270,"Fingers pinching the object, using controlled pressure, causing balanced-yielding, with rising force."
/home/mdxuser/Genesis/main/data/picked_up_4/upsampled/Borage_GLA240Gamma_Tocopherol_Elastic_medium_upsampled.csv,540,"Gripping mechanism continue capturing target object, using firm contact, causing firm-contact, with rising force."
/home/mdxuser/Genesis/main/data/picked_up_4/upsampled/Borage_GLA240Gamma_Tocopherol_Elastic_medium_upsampled.csv,810,"End-effector raising target object, using balanced pressure, causing medium-deformation, with rising force."
/home/mdxuser/Genesis/main/data/picked_up_4/upsampled/Borage_GLA240Gamma_Tocopherol_Elastic_medium_upsampled.csv,1080,"Gripping mechanism turning the object, by an angle of 45.0 degrees, using moderate force, causing moderate-compression, with constant force."
/home/mdxuser/Genesis/main/data/picked_up_4/upsampled/Borage_GLA240Gamma_Tocopherol_Elastic_medium_upsampled.csv,1350,"Gripping mechanism continue turning target object, by an angle of 45.0 degrees, using firm contact, causing medium-deformation, with unchanging force."
/home/mdxuser/Genesis/main/data/picked_up_4/upsampled/Borage_GLA240Gamma_Tocopherol_Elastic_medium_upsampled.csv,1620,"Gripping mechanism maintaining hold of item, maintaining a stable hold, using moderate force, causing medium-deformation."
/home/mdxuser/Genesis/main/data/picked_up_4/upsampled/Borage_GLA240Gamma_Tocopherol_Elastic_medium_upsampled.csv,1890,"Gripper twisting the object, by an angle of 45.0 degrees, using firm contact, causing moderate-compression, with constant force."
/home/mdxuser/Genesis/main/data/picked_up_4/upsampled/Borage_GLA240Gamma_Tocopherol_Elastic_medium_upsampled.csv,2160,"End-effector pausing motion of item, maintaining a stable hold, using moderate force, causing balanced-yielding."
/home/mdxuser/Genesis/main/data/picked_up_4/upsampled/Borage_GLA240Gamma_Tocopherol_Elastic_medium_upsampled.csv,2430,"End-effector continue maintaining hold of the object, maintaining a stable hold, using balanced pressure, causing balanced-yielding."
/home/mdxuser/Genesis/main/data/picked_up_4/upsampled/Borage_GLA240Gamma_Tocopherol_Elastic_medium_upsampled.csv,2700,"Gripping mechanism decelerating motion of item, using forceless methods, causing form-conservation."
/home/mdxuser/Genesis/main/data/picked_up_4/upsampled/Cascadia_8_Color_AquariusHibscsBearingSeaBlk_Size_50_Elastic_medium_upsampled.csv,0,"Gripping mechanism initiating towards the object, to begin the task."
/home/mdxuser/Genesis/main/data/picked_up_4/upsampled/Cascadia_8_Color_AquariusHibscsBearingSeaBlk_Size_50_Elastic_medium_upsampled.csv,270,"Gripper grasping target object, using moderate force, causing firm-contact, with increasing force."
/home/mdxuser/Genesis/main/data/picked_up_4/upsampled/Cascadia_8_Color_AquariusHibscsBearingSeaBlk_Size_50_Elastic_medium_upsampled.csv,540,"End-effector continue clasping the object, using firm contact, causing firm-contact, with growing pressure."
/home/mdxuser/Genesis/main/data/picked_up_4/upsampled/Cascadia_8_Color_AquariusHibscsBearingSeaBlk_Size_50_Elastic_medium_upsampled.csv,810,"Fingers picking up the object, using balanced pressure, causing moderate-compression, with growing pressure."
/home/mdxuser/Genesis/main/data/picked_up_4/upsampled/Cascadia_8_Color_AquariusHibscsBearingSeaBlk_Size_50_Elastic_medium_upsampled.csv,1080,"Gripper rotating the object, by an angle of 30.0 degrees, using moderate force, causing medium-deformation, with steady pressure."
/home/mdxuser/Genesis/main/data/picked_up_4/upsampled/Cascadia_8_Color_AquariusHibscsBearingSeaBlk_Size_50_Elastic_medium_upsampled.csv,1350,"Fingers continue turning item, by an angle of 30.0 degrees, using steady force, causing steady-resistance, with steady pressure."
/home/mdxuser/Genesis/main/data/picked_up_4/upsampled/Cascadia_8_Color_AquariusHibscsBearingSeaBlk_Size_50_Elastic_medium_upsampled.csv,1620,"Gripping mechanism maintaining hold of the object, maintaining a stable hold, using controlled pressure, causing steady-resistance."
/home/mdxuser/Genesis/main/data/picked_up_4/upsampled/Cascadia_8_Color_AquariusHibscsBearingSeaBlk_Size_50_Elastic_medium_upsampled.csv,1890,"End-effector turning item, by an angle of 45.0 degrees, using firm contact, causing medium-deformation, with constant force."
/home/mdxuser/Genesis/main/data/picked_up_4/upsampled/Cascadia_8_Color_AquariusHibscsBearingSeaBlk_Size_50_Elastic_medium_upsampled.csv,2160,"Gripper continue twisting target object, by an angle of 45.0 degrees, using balanced pressure, causing controlled-yielding, with steady pressure."
/home/mdxuser/Genesis/main/data/picked_up_4/upsampled/Cascadia_8_Color_AquariusHibscsBearingSeaBlk_Size_50_Elastic_medium_upsampled.csv,2430,Target object has been released.
/home/mdxuser/Genesis/main/data/picked_up_4/upsampled/Cascadia_8_Color_AquariusHibscsBearingSeaBlk_Size_50_Elastic_medium_upsampled.csv,2700,Target object has been released.
/home/mdxuser/Genesis/main/data/picked_up_4/upsampled/Crayola_Crayons_24_count_Elastic_medium_upsampled.csv,0,"Fingers preparing towards item, to begin the task."
/home/mdxuser/Genesis/main/data/picked_up_4/upsampled/Crayola_Crayons_24_count_Elastic_medium_upsampled.csv,270,"Gripping mechanism clamping item, using moderate force, causing controlled-yielding, with growing pressure."
/home/mdxuser/Genesis/main/data/picked_up_4/upsampled/Crayola_Crayons_24_count_Elastic_medium_upsampled.csv,540,"Gripping mechanism continue grasping target object, using balanced pressure, causing firm-contact, with increasing force."
/home/mdxuser/Genesis/main/data/picked_up_4/upsampled/Crayola_Crayons_24_count_Elastic_medium_upsampled.csv,810,"Gripper picking up item, using balanced pressure, causing medium-deformation, with increasing force."
/home/mdxuser/Genesis/main/data/picked_up_4/upsampled/Crayola_Crayons_24_count_Elastic_medium_upsampled.csv,1080,"Gripping mechanism rotating the object, by an angle of 30.0 degrees, using steady force, causing medium-deformation, with unchanging force."
/home/mdxuser/Genesis/main/data/picked_up_4/upsampled/Crayola_Crayons_24_count_Elastic_medium_upsampled.csv,1350,"Fingers continue rotating the object, by an angle of 30.0 degrees, using balanced pressure, causing controlled-yielding, with unchanging force."
/home/mdxuser/Genesis/main/data/picked_up_4/upsampled/Crayola_Crayons_24_count_Elastic_medium_upsampled.csv,1620,"Gripper pausing motion of target object, maintaining a stable hold, using controlled pressure, causing balanced-yielding."
/home/mdxuser/Genesis/main/data/picked_up_4/upsampled/Crayola_Crayons_24_count_Elastic_medium_upsampled.csv,1890,"Gripper turning the object, by an angle of 45.0 degrees, using firm contact, causing moderate-compression, with unchanging force."
/home/mdxuser/Genesis/main/data/picked_up_4/upsampled/Crayola_Crayons_24_count_Elastic_medium_upsampled.csv,2160,"Fingers continue twisting the object, by an angle of 45.0 degrees, using moderate force, causing steady-resistance, with steady pressure."
/home/mdxuser/Genesis/main/data/picked_up_4/upsampled/Crayola_Crayons_24_count_Elastic_medium_upsampled.csv,2430,Target object has been dropped.
/home/mdxuser/Genesis/main/data/picked_up_4/upsampled/Crayola_Crayons_24_count_Elastic_medium_upsampled.csv,2700,Target object has been dropped.
/home/mdxuser/Genesis/main/data/picked_up_4/upsampled/Cole_Hardware_School_Bell_Solid_Brass_38_Elastic_medium_upsampled.csv,0,"End-effector advancing towards target object, to begin the task."
/home/mdxuser/Genesis/main/data/picked_up_4/upsampled/Cole_Hardware_School_Bell_Solid_Brass_38_Elastic_medium_upsampled.csv,270,"Gripping mechanism capturing target object, using moderate force, causing steady-resistance, with growing pressure."
/home/mdxuser/Genesis/main/data/picked_up_4/upsampled/Cole_Hardware_School_Bell_Solid_Brass_38_Elastic_medium_upsampled.csv,540,"Gripper continue grasping the object, using firm contact, causing steady-resistance, with increasing force."
/home/mdxuser/Genesis/main/data/picked_up_4/upsampled/Cole_Hardware_School_Bell_Solid_Brass_38_Elastic_medium_upsampled.csv,810,"End-effector picking up target object, using balanced pressure, causing controlled-yielding, with growing pressure."
/home/mdxuser/Genesis/main/data/picked_up_4/upsampled/Cole_Hardware_School_Bell_Solid_Brass_38_Elastic_medium_upsampled.csv,1080,"Gripping mechanism turning item, by an angle of 45.0 degrees, using firm contact, causing balanced-yielding, with constant force."
/home/mdxuser/Genesis/main/data/picked_up_4/upsampled/Cole_Hardware_School_Bell_Solid_Brass_38_Elastic_medium_upsampled.csv,1350,"Gripper holding position of target object, maintaining a stable hold, using balanced pressure, causing controlled-yielding."
/home/mdxuser/Genesis/main/data/picked_up_4/upsampled/Cole_Hardware_School_Bell_Solid_Brass_38_Elastic_medium_upsampled.csv,1620,"End-effector continue pausing motion of target object, maintaining a stable hold, using moderate force, causing firm-contact."
/home/mdxuser/Genesis/main/data/picked_up_4/upsampled/Cole_Hardware_School_Bell_Solid_Brass_38_Elastic_medium_upsampled.csv,1890,"Fingers twisting item, by an angle of 45.0 degrees, using balanced pressure, causing steady-resistance, with unchanging force."
/home/mdxuser/Genesis/main/data/picked_up_4/upsampled/Cole_Hardware_School_Bell_Solid_Brass_38_Elastic_medium_upsampled.csv,2160,"Gripper steadying target object, maintaining a stable hold, using moderate force, causing balanced-yielding."
/home/mdxuser/Genesis/main/data/picked_up_4/upsampled/Cole_Hardware_School_Bell_Solid_Brass_38_Elastic_medium_upsampled.csv,2430,"Fingers continue steadying target object, maintaining a stable hold, using firm contact, causing firm-contact."
/home/mdxuser/Genesis/main/data/picked_up_4/upsampled/Cole_Hardware_School_Bell_Solid_Brass_38_Elastic_medium_upsampled.csv,2700,Target object has been let go of.
/home/mdxuser/Genesis/main/data/picked_up_4/upsampled/Melissa_Doug_Pound_and_Roll_Elastic_medium_upsampled.csv,0,"Gripper initiating towards the object, to begin the task."
/home/mdxuser/Genesis/main/data/picked_up_4/upsampled/Melissa_Doug_Pound_and_Roll_Elastic_medium_upsampled.csv,270,"Gripping mechanism clasping the object, using controlled pressure, causing firm-contact, with growing pressure."
/home/mdxuser/Genesis/main/data/picked_up_4/upsampled/Melissa_Doug_Pound_and_Roll_Elastic_medium_upsampled.csv,540,"End-effector continue gripping item, using moderate force, causing firm-contact, with rising force."
/home/mdxuser/Genesis/main/data/picked_up_4/upsampled/Melissa_Doug_Pound_and_Roll_Elastic_medium_upsampled.csv,810,"Gripping mechanism lifting the object, using moderate force, causing moderate-compression, with growing pressure."
/home/mdxuser/Genesis/main/data/picked_up_4/upsampled/Melissa_Doug_Pound_and_Roll_Elastic_medium_upsampled.csv,1080,"Gripping mechanism rotating target object, by an angle of 30.0 degrees, using steady force, causing firm-contact, with unchanging force."
/home/mdxuser/Genesis/main/data/picked_up_4/upsampled/Melissa_Doug_Pound_and_Roll_Elastic_medium_upsampled.csv,1350,"End-effector continue twisting target object, by an angle of 30.0 degrees, using moderate force, causing steady-resistance, with constant force."
/home/mdxuser/Genesis/main/data/picked_up_4/upsampled/Melissa_Doug_Pound_and_Roll_Elastic_medium_upsampled.csv,1620,"Fingers pausing motion of item, maintaining a stable hold, using controlled pressure, causing balanced-yielding."
/home/mdxuser/Genesis/main/data/picked_up_4/upsampled/Melissa_Doug_Pound_and_Roll_Elastic_medium_upsampled.csv,1890,"Gripper twisting target object, by an angle of 45.0 degrees, using moderate force, causing moderate-compression, with unchanging force."
/home/mdxuser/Genesis/main/data/picked_up_4/upsampled/Melissa_Doug_Pound_and_Roll_Elastic_medium_upsampled.csv,2160,"Gripping mechanism continue turning target object, by an angle of 45.0 degrees, using steady force, causing medium-deformation, with unchanging force."
/home/mdxuser/Genesis/main/data/picked_up_4/upsampled/Melissa_Doug_Pound_and_Roll_Elastic_medium_upsampled.csv,2430,Target object has been dropped.
/home/mdxuser/Genesis/main/data/picked_up_4/upsampled/Melissa_Doug_Pound_and_Roll_Elastic_medium_upsampled.csv,2700,The object has been released.
/home/mdxuser/Genesis/main/data/picked_up_4/upsampled/Perricone_MD_Neuropeptide_Firming_Moisturizer_Elastic_hard_upsampled.csv,0,"Gripping mechanism initiating towards target object, to begin the task."
/home/mdxuser/Genesis/main/data/picked_up_4/upsampled/Perricone_MD_Neuropeptide_Firming_Moisturizer_Elastic_hard_upsampled.csv,270,"End-effector gripping the object, using strong contact, causing rigid-contact, with rising force."
/home/mdxuser/Genesis/main/data/picked_up_4/upsampled/Perricone_MD_Neuropeptide_Firming_Moisturizer_Elastic_hard_upsampled.csv,540,"Gripping mechanism continue capturing target object, using strong contact, causing strong-resistance, with increasing force."
/home/mdxuser/Genesis/main/data/picked_up_4/upsampled/Perricone_MD_Neuropeptide_Firming_Moisturizer_Elastic_hard_upsampled.csv,810,"Gripper raising target object, using significant force, causing hard-deformation, with growing pressure."
/home/mdxuser/Genesis/main/data/picked_up_4/upsampled/Perricone_MD_Neuropeptide_Firming_Moisturizer_Elastic_hard_upsampled.csv,1080,"Gripping mechanism turning item, by an angle of 45.0 degrees, using strong force, causing hard-deformation, with constant force."
/home/mdxuser/Genesis/main/data/picked_up_4/upsampled/Perricone_MD_Neuropeptide_Firming_Moisturizer_Elastic_hard_upsampled.csv,1350,"Gripper continue twisting the object, by an angle of 45.0 degrees, using firm pressure, causing significant-compression, with unchanging force."
/home/mdxuser/Genesis/main/data/picked_up_4/upsampled/Perricone_MD_Neuropeptide_Firming_Moisturizer_Elastic_hard_upsampled.csv,1620,"End-effector steadying the object, maintaining a stable hold, using strong contact, causing hard-deformation."
/home/mdxuser/Genesis/main/data/picked_up_4/upsampled/Perricone_MD_Neuropeptide_Firming_Moisturizer_Elastic_hard_upsampled.csv,1890,"Gripper twisting the object, by an angle of 30.0 degrees, using heavy force, causing significant-compression, with steady pressure."
/home/mdxuser/Genesis/main/data/picked_up_4/upsampled/Perricone_MD_Neuropeptide_Firming_Moisturizer_Elastic_hard_upsampled.csv,2160,"End-effector continue rotating target object, by an angle of 30.0 degrees, using intense pressure, causing firm-yielding, with constant force."
/home/mdxuser/Genesis/main/data/picked_up_4/upsampled/Perricone_MD_Neuropeptide_Firming_Moisturizer_Elastic_hard_upsampled.csv,2430,"Fingers steadying item, maintaining a stable hold, using intense pressure, causing firm-yielding."
/home/mdxuser/Genesis/main/data/picked_up_4/upsampled/Perricone_MD_Neuropeptide_Firming_Moisturizer_Elastic_hard_upsampled.csv,2700,Item has been released.
/home/mdxuser/Genesis/main/data/picked_up_4/upsampled/Jarrow_Glucosamine_Chondroitin_Combination_120_Caps_Elastic_soft_upsampled.csv,0,"Fingers preparing towards the object, to begin the task."
/home/mdxuser/Genesis/main/data/picked_up_4/upsampled/Jarrow_Glucosamine_Chondroitin_Combination_120_Caps_Elastic_soft_upsampled.csv,270,"Gripping mechanism gripping the object, using gentle force, causing cushioned-contact, with increasing force."
/home/mdxuser/Genesis/main/data/picked_up_4/upsampled/Jarrow_Glucosamine_Chondroitin_Combination_120_Caps_Elastic_soft_upsampled.csv,540,"Gripping mechanism continue grasping item, using cushioned pressure, causing cushioned-contact, with growing pressure."
/home/mdxuser/Genesis/main/data/picked_up_4/upsampled/Jarrow_Glucosamine_Chondroitin_Combination_120_Caps_Elastic_soft_upsampled.csv,810,"Gripping mechanism elevating target object, using soft contact, causing gentle-compression, with rising force."
/home/mdxuser/Genesis/main/data/picked_up_4/upsampled/Jarrow_Glucosamine_Chondroitin_Combination_120_Caps_Elastic_soft_upsampled.csv,1080,"Gripping mechanism rotating item, by an angle of 45.0 degrees, using gentle force, causing cushioned-contact, with unchanging force."
/home/mdxuser/Genesis/main/data/picked_up_4/upsampled/Jarrow_Glucosamine_Chondroitin_Combination_120_Caps_Elastic_soft_upsampled.csv,1350,"Gripping mechanism continue twisting item, by an angle of 45.0 degrees, using minimal force, causing slight-yielding, with steady pressure."
/home/mdxuser/Genesis/main/data/picked_up_4/upsampled/Jarrow_Glucosamine_Chondroitin_Combination_120_Caps_Elastic_soft_upsampled.csv,1620,"Gripping mechanism steadying the object, maintaining a stable hold, using subtle force, causing soft-deformation."
/home/mdxuser/Genesis/main/data/picked_up_4/upsampled/Jarrow_Glucosamine_Chondroitin_Combination_120_Caps_Elastic_soft_upsampled.csv,1890,"Fingers twisting item, by an angle of 30.0 degrees, using cushioned pressure, causing gentle-compression, with unchanging force."
/home/mdxuser/Genesis/main/data/picked_up_4/upsampled/Jarrow_Glucosamine_Chondroitin_Combination_120_Caps_Elastic_soft_upsampled.csv,2160,"End-effector continue turning target object, by an angle of 30.0 degrees, using gentle force, causing soft-deformation, with steady pressure."
/home/mdxuser/Genesis/main/data/picked_up_4/upsampled/Jarrow_Glucosamine_Chondroitin_Combination_120_Caps_Elastic_soft_upsampled.csv,2430,"End-effector maintaining hold of item, maintaining a stable hold, using cushioned pressure, causing minimal-resistance."
/home/mdxuser/Genesis/main/data/picked_up_4/upsampled/Jarrow_Glucosamine_Chondroitin_Combination_120_Caps_Elastic_soft_upsampled.csv,2700,Target object has been dropped.
/home/mdxuser/Genesis/main/data/picked_up_4/upsampled/Blackcurrant_Lutein_Elastic_medium_upsampled.csv,0,"End-effector approaching towards item, to begin the task."
/home/mdxuser/Genesis/main/data/picked_up_4/upsampled/Blackcurrant_Lutein_Elastic_medium_upsampled.csv,270,"Gripper holding the object, using balanced pressure, causing steady-resistance, with rising force."
/home/mdxuser/Genesis/main/data/picked_up_4/upsampled/Blackcurrant_Lutein_Elastic_medium_upsampled.csv,540,"Fingers continue squeezing item, using balanced pressure, causing moderate-compression, with growing pressure."
/home/mdxuser/Genesis/main/data/picked_up_4/upsampled/Blackcurrant_Lutein_Elastic_medium_upsampled.csv,810,"Fingers lifting item, using firm contact, causing balanced-yielding, with rising force."
/home/mdxuser/Genesis/main/data/picked_up_4/upsampled/Blackcurrant_Lutein_Elastic_medium_upsampled.csv,1080,"Fingers twisting the object, by an angle of 30.0 degrees, using moderate force, causing controlled-yielding, with constant force."
/home/mdxuser/Genesis/main/data/picked_up_4/upsampled/Blackcurrant_Lutein_Elastic_medium_upsampled.csv,1350,"Fingers continue twisting the object, by an angle of 30.0 degrees, using controlled pressure, causing firm-contact, with steady pressure."
/home/mdxuser/Genesis/main/data/picked_up_4/upsampled/Blackcurrant_Lutein_Elastic_medium_upsampled.csv,1620,"Gripping mechanism pausing motion of the object, maintaining a stable hold, using moderate force, causing steady-resistance."
/home/mdxuser/Genesis/main/data/picked_up_4/upsampled/Blackcurrant_Lutein_Elastic_medium_upsampled.csv,1890,"Gripping mechanism turning target object, by an angle of 45.0 degrees, using balanced pressure, causing controlled-yielding, with unchanging force."
/home/mdxuser/Genesis/main/data/picked_up_4/upsampled/Blackcurrant_Lutein_Elastic_medium_upsampled.csv,2160,"Gripper continue turning item, by an angle of 45.0 degrees, using balanced pressure, causing controlled-yielding, with steady pressure."
/home/mdxuser/Genesis/main/data/picked_up_4/upsampled/Blackcurrant_Lutein_Elastic_medium_upsampled.csv,2430,"Gripping mechanism steadying item, maintaining a stable hold, using moderate force, causing steady-resistance."
/home/mdxuser/Genesis/main/data/picked_up_4/upsampled/Blackcurrant_Lutein_Elastic_medium_upsampled.csv,2700,"Gripping mechanism coming to rest with the object, using zero-force, causing shape-conservation."
/home/mdxuser/Genesis/main/data/picked_up_4/upsampled/Diet_Pepsi_Soda_Cola12_Pack_12_oz_Cans_Elastic_hard_upsampled.csv,0,"Fingers aligning towards target object, to begin the task."
/home/mdxuser/Genesis/main/data/picked_up_4/upsampled/Diet_Pepsi_Soda_Cola12_Pack_12_oz_Cans_Elastic_hard_upsampled.csv,270,"Gripping mechanism grasping the object, using strong contact, causing substantial-yielding, with increasing force."
/home/mdxuser/Genesis/main/data/picked_up_4/upsampled/Diet_Pepsi_Soda_Cola12_Pack_12_oz_Cans_Elastic_hard_upsampled.csv,540,"Fingers continue grasping target object, using strong force, causing firm-yielding, with growing pressure."
/home/mdxuser/Genesis/main/data/picked_up_4/upsampled/Diet_Pepsi_Soda_Cola12_Pack_12_oz_Cans_Elastic_hard_upsampled.csv,810,"Gripping mechanism lifting target object, using intense pressure, causing strong-resistance, with rising force."
/home/mdxuser/Genesis/main/data/picked_up_4/upsampled/Diet_Pepsi_Soda_Cola12_Pack_12_oz_Cans_Elastic_hard_upsampled.csv,1080,"End-effector twisting item, by an angle of 45.0 degrees, using heavy force, causing hard-deformation, with constant force."
/home/mdxuser/Genesis/main/data/picked_up_4/upsampled/Diet_Pepsi_Soda_Cola12_Pack_12_oz_Cans_Elastic_hard_upsampled.csv,1350,"Gripper continue rotating item, by an angle of 45.0 degrees, using significant force, causing firm-yielding, with constant force."
/home/mdxuser/Genesis/main/data/picked_up_4/upsampled/Diet_Pepsi_Soda_Cola12_Pack_12_oz_Cans_Elastic_hard_upsampled.csv,1620,"Fingers steadying target object, maintaining a stable hold, using intense pressure, causing firm-yielding."
/home/mdxuser/Genesis/main/data/picked_up_4/upsampled/Diet_Pepsi_Soda_Cola12_Pack_12_oz_Cans_Elastic_hard_upsampled.csv,1890,"Fingers turning target object, by an angle of 45.0 degrees, using intense pressure, causing significant-compression, with unchanging force."
/home/mdxuser/Genesis/main/data/picked_up_4/upsampled/Diet_Pepsi_Soda_Cola12_Pack_12_oz_Cans_Elastic_hard_upsampled.csv,2160,"Gripping mechanism continue rotating the object, by an angle of 45.0 degrees, using strong force, causing firm-yielding, with constant force."
/home/mdxuser/Genesis/main/data/picked_up_4/upsampled/Diet_Pepsi_Soda_Cola12_Pack_12_oz_Cans_Elastic_hard_upsampled.csv,2430,"Fingers holding position of target object, maintaining a stable hold, using firm pressure, causing substantial-yielding."
/home/mdxuser/Genesis/main/data/picked_up_4/upsampled/Diet_Pepsi_Soda_Cola12_Pack_12_oz_Cans_Elastic_hard_upsampled.csv,2700,The object has been dropped.
/home/mdxuser/Genesis/main/data/picked_up_4/upsampled/Blackcurrant_Lutein_Elastic_hard_upsampled.csv,0,"Fingers starting movement towards item, to begin the task."
/home/mdxuser/Genesis/main/data/picked_up_4/upsampled/Blackcurrant_Lutein_Elastic_hard_upsampled.csv,270,"Gripper grasping item, using strong contact, causing strong-resistance, with rising force."
/home/mdxuser/Genesis/main/data/picked_up_4/upsampled/Blackcurrant_Lutein_Elastic_hard_upsampled.csv,540,"End-effector continue gripping the object, using intense pressure, causing substantial-yielding, with rising force."
/home/mdxuser/Genesis/main/data/picked_up_4/upsampled/Blackcurrant_Lutein_Elastic_hard_upsampled.csv,810,"Gripping mechanism picking up the object, using heavy force, causing strong-resistance, with increasing force."
/home/mdxuser/Genesis/main/data/picked_up_4/upsampled/Blackcurrant_Lutein_Elastic_hard_upsampled.csv,1080,"Gripping mechanism rotating item, by an angle of 45.0 degrees, using strong force, causing rigid-contact, with unchanging force."
/home/mdxuser/Genesis/main/data/picked_up_4/upsampled/Blackcurrant_Lutein_Elastic_hard_upsampled.csv,1350,"End-effector pausing motion of the object, maintaining a stable hold, using heavy force, causing substantial-yielding."
/home/mdxuser/Genesis/main/data/picked_up_4/upsampled/Blackcurrant_Lutein_Elastic_hard_upsampled.csv,1620,"Gripper continue holding position of target object, maintaining a stable hold, using firm pressure, causing firm-yielding."
/home/mdxuser/Genesis/main/data/picked_up_4/upsampled/Blackcurrant_Lutein_Elastic_hard_upsampled.csv,1890,"Gripping mechanism rotating item, by an angle of 45.0 degrees, using heavy force, causing significant-compression, with steady pressure."
/home/mdxuser/Genesis/main/data/picked_up_4/upsampled/Blackcurrant_Lutein_Elastic_hard_upsampled.csv,2160,"Gripping mechanism maintaining hold of target object, maintaining a stable hold, using heavy force, causing strong-resistance."
/home/mdxuser/Genesis/main/data/picked_up_4/upsampled/Blackcurrant_Lutein_Elastic_hard_upsampled.csv,2430,"End-effector continue holding position of item, maintaining a stable hold, using strong contact, causing rigid-contact."
/home/mdxuser/Genesis/main/data/picked_up_4/upsampled/Blackcurrant_Lutein_Elastic_hard_upsampled.csv,2700,"End-effector slowing down motion of the object, using contactless method, causing maintaining shape."
/home/mdxuser/Genesis/main/data/picked_up_4/upsampled/Office_Depot_HP_75_Remanufactured_Ink_Cartridge_TriColor_Elastic_soft_upsampled.csv,0,"Gripping mechanism starting movement towards item, to begin the task."
/home/mdxuser/Genesis/main/data/picked_up_4/upsampled/Office_Depot_HP_75_Remanufactured_Ink_Cartridge_TriColor_Elastic_soft_upsampled.csv,270,"Fingers squeezing item, using slight force, causing lightly-yielding, with rising force."
/home/mdxuser/Genesis/main/data/picked_up_4/upsampled/Office_Depot_HP_75_Remanufactured_Ink_Cartridge_TriColor_Elastic_soft_upsampled.csv,540,"End-effector continue holding item, using cushioned pressure, causing lightly-yielding, with growing pressure."
/home/mdxuser/Genesis/main/data/picked_up_4/upsampled/Office_Depot_HP_75_Remanufactured_Ink_Cartridge_TriColor_Elastic_soft_upsampled.csv,810,"Fingers elevating the object, using cushioned pressure, causing soft-deformation, with rising force."
/home/mdxuser/Genesis/main/data/picked_up_4/upsampled/Office_Depot_HP_75_Remanufactured_Ink_Cartridge_TriColor_Elastic_soft_upsampled.csv,1080,"End-effector rotating the object, by an angle of 30.0 degrees, using soft contact, causing soft-deformation, with steady pressure."
/home/mdxuser/Genesis/main/data/picked_up_4/upsampled/Office_Depot_HP_75_Remanufactured_Ink_Cartridge_TriColor_Elastic_soft_upsampled.csv,1350,"Gripper continue turning item, by an angle of 30.0 degrees, using subtle force, causing slight-yielding, with constant force."
/home/mdxuser/Genesis/main/data/picked_up_4/upsampled/Office_Depot_HP_75_Remanufactured_Ink_Cartridge_TriColor_Elastic_soft_upsampled.csv,1620,"Gripping mechanism maintaining hold of the object, maintaining a stable hold, using subtle force, causing lightly-yielding."
/home/mdxuser/Genesis/main/data/picked_up_4/upsampled/Office_Depot_HP_75_Remanufactured_Ink_Cartridge_TriColor_Elastic_soft_upsampled.csv,1890,Target object has been dropped.
/home/mdxuser/Genesis/main/data/picked_up_4/upsampled/Office_Depot_HP_75_Remanufactured_Ink_Cartridge_TriColor_Elastic_soft_upsampled.csv,2160,Target object has been dropped.
/home/mdxuser/Genesis/main/data/picked_up_4/upsampled/Office_Depot_HP_75_Remanufactured_Ink_Cartridge_TriColor_Elastic_soft_upsampled.csv,2430,The object has been let go of.
/home/mdxuser/Genesis/main/data/picked_up_4/upsampled/Office_Depot_HP_75_Remanufactured_Ink_Cartridge_TriColor_Elastic_soft_upsampled.csv,2700,Target object has been released.
/home/mdxuser/Genesis/main/data/picked_up_4/upsampled/BlackBlack_Nintendo_3DSXL_Elastic_medium_upsampled.csv,0,"Gripper preparing towards item, to begin the task."
/home/mdxuser/Genesis/main/data/picked_up_4/upsampled/BlackBlack_Nintendo_3DSXL_Elastic_medium_upsampled.csv,270,"Fingers capturing item, using balanced pressure, causing medium-deformation, with increasing force."
/home/mdxuser/Genesis/main/data/picked_up_4/upsampled/BlackBlack_Nintendo_3DSXL_Elastic_medium_upsampled.csv,540,"Fingers continue grasping item, using balanced pressure, causing firm-contact, with rising force."
/home/mdxuser/Genesis/main/data/picked_up_4/upsampled/BlackBlack_Nintendo_3DSXL_Elastic_medium_upsampled.csv,810,"Gripping mechanism elevating target object, using firm contact, causing controlled-yielding, with rising force."
/home/mdxuser/Genesis/main/data/picked_up_4/upsampled/BlackBlack_Nintendo_3DSXL_Elastic_medium_upsampled.csv,1080,"Fingers twisting item, by an angle of 45.0 degrees, using balanced pressure, causing medium-deformation, with unchanging force."
/home/mdxuser/Genesis/main/data/picked_up_4/upsampled/BlackBlack_Nintendo_3DSXL_Elastic_medium_upsampled.csv,1350,"Fingers holding position of target object, maintaining a stable hold, using controlled pressure, causing medium-deformation."
/home/mdxuser/Genesis/main/data/picked_up_4/upsampled/BlackBlack_Nintendo_3DSXL_Elastic_medium_upsampled.csv,1620,"End-effector continue steadying target object, maintaining a stable hold, using controlled pressure, causing medium-deformation."
/home/mdxuser/Genesis/main/data/picked_up_4/upsampled/BlackBlack_Nintendo_3DSXL_Elastic_medium_upsampled.csv,1890,The object has been let go of.
/home/mdxuser/Genesis/main/data/picked_up_4/upsampled/BlackBlack_Nintendo_3DSXL_Elastic_medium_upsampled.csv,2160,Target object has been released.
/home/mdxuser/Genesis/main/data/picked_up_4/upsampled/BlackBlack_Nintendo_3DSXL_Elastic_medium_upsampled.csv,2430,Target object has been let go of.
/home/mdxuser/Genesis/main/data/picked_up_4/upsampled/BlackBlack_Nintendo_3DSXL_Elastic_medium_upsampled.csv,2700,The object has been released.
/home/mdxuser/Genesis/main/data/picked_up_4/upsampled/Melissa_Doug_Pound_and_Roll_Elastic_hard_upsampled.csv,0,"Gripping mechanism reaching towards the object, to begin the task."
/home/mdxuser/Genesis/main/data/picked_up_4/upsampled/Melissa_Doug_Pound_and_Roll_Elastic_hard_upsampled.csv,270,"Gripper grasping target object, using heavy force, causing substantial-yielding, with increasing force."
/home/mdxuser/Genesis/main/data/picked_up_4/upsampled/Melissa_Doug_Pound_and_Roll_Elastic_hard_upsampled.csv,540,"Gripper continue clasping target object, using strong force, causing substantial-yielding, with increasing force."
/home/mdxuser/Genesis/main/data/picked_up_4/upsampled/Melissa_Doug_Pound_and_Roll_Elastic_hard_upsampled.csv,810,"Fingers lifting target object, using strong contact, causing significant-compression, with increasing force."
/home/mdxuser/Genesis/main/data/picked_up_4/upsampled/Melissa_Doug_Pound_and_Roll_Elastic_hard_upsampled.csv,1080,"Gripper turning item, by an angle of 30.0 degrees, using strong contact, causing strong-resistance, with unchanging force."
/home/mdxuser/Genesis/main/data/picked_up_4/upsampled/Melissa_Doug_Pound_and_Roll_Elastic_hard_upsampled.csv,1350,"Fingers continue rotating the object, by an angle of 30.0 degrees, using heavy force, causing rigid-contact, with unchanging force."
/home/mdxuser/Genesis/main/data/picked_up_4/upsampled/Melissa_Doug_Pound_and_Roll_Elastic_hard_upsampled.csv,1620,"Gripping mechanism holding position of the object, maintaining a stable hold, using strong contact, causing rigid-contact."
/home/mdxuser/Genesis/main/data/picked_up_4/upsampled/Melissa_Doug_Pound_and_Roll_Elastic_hard_upsampled.csv,1890,The object has been let go of.
/home/mdxuser/Genesis/main/data/picked_up_4/upsampled/Melissa_Doug_Pound_and_Roll_Elastic_hard_upsampled.csv,2160,Item has been released.
/home/mdxuser/Genesis/main/data/picked_up_4/upsampled/Melissa_Doug_Pound_and_Roll_Elastic_hard_upsampled.csv,2430,Item has been dropped.
/home/mdxuser/Genesis/main/data/picked_up_4/upsampled/Melissa_Doug_Pound_and_Roll_Elastic_hard_upsampled.csv,2700,Target object has been dropped.
/home/mdxuser/Genesis/main/data/picked_up_4/upsampled/ASICS_GELBlur33_20_GS_Flash_YellowHot_PunchSilver_Elastic_soft_upsampled.csv,0,"End-effector advancing towards the object, to begin the task."
/home/mdxuser/Genesis/main/data/picked_up_4/upsampled/ASICS_GELBlur33_20_GS_Flash_YellowHot_PunchSilver_Elastic_soft_upsampled.csv,270,"Gripper capturing the object, using soft contact, causing soft-deformation, with growing pressure."
/home/mdxuser/Genesis/main/data/picked_up_4/upsampled/ASICS_GELBlur33_20_GS_Flash_YellowHot_PunchSilver_Elastic_soft_upsampled.csv,540,"Gripping mechanism continue gripping the object, using minimal force, causing soft-deformation, with increasing force."
/home/mdxuser/Genesis/main/data/picked_up_4/upsampled/ASICS_GELBlur33_20_GS_Flash_YellowHot_PunchSilver_Elastic_soft_upsampled.csv,810,"End-effector lifting item, using slight force, causing cushioned-contact, with growing pressure."
/home/mdxuser/Genesis/main/data/picked_up_4/upsampled/ASICS_GELBlur33_20_GS_Flash_YellowHot_PunchSilver_Elastic_soft_upsampled.csv,1080,"End-effector rotating the object, by an angle of 45.0 degrees, using gentle force, causing cushioned-contact, with constant force."
/home/mdxuser/Genesis/main/data/picked_up_4/upsampled/ASICS_GELBlur33_20_GS_Flash_YellowHot_PunchSilver_Elastic_soft_upsampled.csv,1350,"End-effector continue rotating item, by an angle of 45.0 degrees, using soft contact, causing soft-deformation, with steady pressure."
/home/mdxuser/Genesis/main/data/picked_up_4/upsampled/ASICS_GELBlur33_20_GS_Flash_YellowHot_PunchSilver_Elastic_soft_upsampled.csv,1620,Target object has been let go of.
/home/mdxuser/Genesis/main/data/picked_up_4/upsampled/ASICS_GELBlur33_20_GS_Flash_YellowHot_PunchSilver_Elastic_soft_upsampled.csv,1890,Item has been released.
/home/mdxuser/Genesis/main/data/picked_up_4/upsampled/ASICS_GELBlur33_20_GS_Flash_YellowHot_PunchSilver_Elastic_soft_upsampled.csv,2160,Item has been dropped.
/home/mdxuser/Genesis/main/data/picked_up_4/upsampled/ASICS_GELBlur33_20_GS_Flash_YellowHot_PunchSilver_Elastic_soft_upsampled.csv,2430,Item has been released.
/home/mdxuser/Genesis/main/data/picked_up_4/upsampled/ASICS_GELBlur33_20_GS_Flash_YellowHot_PunchSilver_Elastic_soft_upsampled.csv,2700,The object has been released.
/home/mdxuser/Genesis/main/data/picked_up_4/upsampled/Crayola_Model_Magic_Modeling_Material_White_3_oz_Elastic_medium_upsampled.csv,0,"Gripper positioning towards item, to begin the task."
/home/mdxuser/Genesis/main/data/picked_up_4/upsampled/Crayola_Model_Magic_Modeling_Material_White_3_oz_Elastic_medium_upsampled.csv,270,"End-effector capturing the object, using steady force, causing moderate-compression, with increasing force."
/home/mdxuser/Genesis/main/data/picked_up_4/upsampled/Crayola_Model_Magic_Modeling_Material_White_3_oz_Elastic_medium_upsampled.csv,540,"Fingers continue clamping item, using steady force, causing balanced-yielding, with increasing force."
/home/mdxuser/Genesis/main/data/picked_up_4/upsampled/Crayola_Model_Magic_Modeling_Material_White_3_oz_Elastic_medium_upsampled.csv,810,"Gripping mechanism lifting item, using moderate force, causing steady-resistance, with growing pressure."
/home/mdxuser/Genesis/main/data/picked_up_4/upsampled/Crayola_Model_Magic_Modeling_Material_White_3_oz_Elastic_medium_upsampled.csv,1080,"End-effector twisting item, by an angle of 30.0 degrees, using moderate force, causing medium-deformation, with steady pressure."
/home/mdxuser/Genesis/main/data/picked_up_4/upsampled/Crayola_Model_Magic_Modeling_Material_White_3_oz_Elastic_medium_upsampled.csv,1350,"Gripper continue turning target object, by an angle of 30.0 degrees, using balanced pressure, causing controlled-yielding, with unchanging force."
/home/mdxuser/Genesis/main/data/picked_up_4/upsampled/Crayola_Model_Magic_Modeling_Material_White_3_oz_Elastic_medium_upsampled.csv,1620,Target object has been released.
/home/mdxuser/Genesis/main/data/picked_up_4/upsampled/Crayola_Model_Magic_Modeling_Material_White_3_oz_Elastic_medium_upsampled.csv,1890,Item has been let go of.
/home/mdxuser/Genesis/main/data/picked_up_4/upsampled/Crayola_Model_Magic_Modeling_Material_White_3_oz_Elastic_medium_upsampled.csv,2160,Target object has been dropped.
/home/mdxuser/Genesis/main/data/picked_up_4/upsampled/Crayola_Model_Magic_Modeling_Material_White_3_oz_Elastic_medium_upsampled.csv,2430,Target object has been dropped.
/home/mdxuser/Genesis/main/data/picked_up_4/upsampled/Crayola_Model_Magic_Modeling_Material_White_3_oz_Elastic_medium_upsampled.csv,2700,The object has been let go of.
/home/mdxuser/Genesis/main/data/picked_up_4/upsampled/BAGEL_WITH_CHEESE_Elastic_medium_upsampled.csv,0,"End-effector preparing towards target object, to begin the task."
/home/mdxuser/Genesis/main/data/picked_up_4/upsampled/BAGEL_WITH_CHEESE_Elastic_medium_upsampled.csv,270,"End-effector securing the object, using steady force, causing moderate-compression, with rising force."
/home/mdxuser/Genesis/main/data/picked_up_4/upsampled/BAGEL_WITH_CHEESE_Elastic_medium_upsampled.csv,540,"End-effector continue securing target object, using controlled pressure, causing medium-deformation, with increasing force."
/home/mdxuser/Genesis/main/data/picked_up_4/upsampled/BAGEL_WITH_CHEESE_Elastic_medium_upsampled.csv,810,"Fingers elevating item, using firm contact, causing moderate-compression, with increasing force."
/home/mdxuser/Genesis/main/data/picked_up_4/upsampled/BAGEL_WITH_CHEESE_Elastic_medium_upsampled.csv,1080,"Gripping mechanism twisting the object, by an angle of 45.0 degrees, using steady force, causing moderate-compression, with steady pressure."
/home/mdxuser/Genesis/main/data/picked_up_4/upsampled/BAGEL_WITH_CHEESE_Elastic_medium_upsampled.csv,1350,The object has been dropped.
/home/mdxuser/Genesis/main/data/picked_up_4/upsampled/BAGEL_WITH_CHEESE_Elastic_medium_upsampled.csv,1620,The object has been dropped.
/home/mdxuser/Genesis/main/data/picked_up_4/upsampled/BAGEL_WITH_CHEESE_Elastic_medium_upsampled.csv,1890,The object has been let go of.
/home/mdxuser/Genesis/main/data/picked_up_4/upsampled/BAGEL_WITH_CHEESE_Elastic_medium_upsampled.csv,2160,The object has been dropped.
/home/mdxuser/Genesis/main/data/picked_up_4/upsampled/BAGEL_WITH_CHEESE_Elastic_medium_upsampled.csv,2430,Target object has been let go of.
/home/mdxuser/Genesis/main/data/picked_up_4/upsampled/BAGEL_WITH_CHEESE_Elastic_medium_upsampled.csv,2700,Item has been let go of.
/home/mdxuser/Genesis/main/data/picked_up_4/upsampled/CoQ10_BjTLbuRVt1t_Elastic_soft_upsampled.csv,0,"End-effector aligning towards item, to begin the task."
/home/mdxuser/Genesis/main/data/picked_up_4/upsampled/CoQ10_BjTLbuRVt1t_Elastic_soft_upsampled.csv,270,"Gripping mechanism capturing item, using cushioned pressure, causing gentle-compression, with increasing force."
/home/mdxuser/Genesis/main/data/picked_up_4/upsampled/CoQ10_BjTLbuRVt1t_Elastic_soft_upsampled.csv,540,"Gripping mechanism continue holding item, using light pressure, causing lightly-yielding, with rising force."
/home/mdxuser/Genesis/main/data/picked_up_4/upsampled/CoQ10_BjTLbuRVt1t_Elastic_soft_upsampled.csv,810,"Gripper lifting item, using soft contact, causing slight-yielding, with rising force."
/home/mdxuser/Genesis/main/data/picked_up_4/upsampled/CoQ10_BjTLbuRVt1t_Elastic_soft_upsampled.csv,1080,"Gripper rotating item, by an angle of 30.0 degrees, using subtle force, causing gentle-compression, with steady pressure."
/home/mdxuser/Genesis/main/data/picked_up_4/upsampled/CoQ10_BjTLbuRVt1t_Elastic_soft_upsampled.csv,1350,"Fingers continue rotating item, by an angle of 30.0 degrees, using gentle force, causing slight-yielding, with steady pressure."
/home/mdxuser/Genesis/main/data/picked_up_4/upsampled/CoQ10_BjTLbuRVt1t_Elastic_soft_upsampled.csv,1620,"End-effector pausing motion of item, maintaining a stable hold, using gentle force, causing soft-deformation."
/home/mdxuser/Genesis/main/data/picked_up_4/upsampled/CoQ10_BjTLbuRVt1t_Elastic_soft_upsampled.csv,1890,"Gripper turning item, by an angle of 30.0 degrees, using light pressure, causing soft-deformation, with constant force."
/home/mdxuser/Genesis/main/data/picked_up_4/upsampled/CoQ10_BjTLbuRVt1t_Elastic_soft_upsampled.csv,2160,"Gripper continue rotating item, by an angle of 30.0 degrees, using minimal force, causing gentle-compression, with unchanging force."
/home/mdxuser/Genesis/main/data/picked_up_4/upsampled/CoQ10_BjTLbuRVt1t_Elastic_soft_upsampled.csv,2430,The object has been released.
/home/mdxuser/Genesis/main/data/picked_up_4/upsampled/CoQ10_BjTLbuRVt1t_Elastic_soft_upsampled.csv,2700,Item has been released.
/home/mdxuser/Genesis/main/data/picked_up_4/upsampled/Office_Depot_Canon_CL_41_Remanufactured_Ink_Cartridge_TriColor_Elastic_soft_upsampled.csv,0,"Gripping mechanism initiating towards target object, to begin the task."
/home/mdxuser/Genesis/main/data/picked_up_4/upsampled/Office_Depot_Canon_CL_41_Remanufactured_Ink_Cartridge_TriColor_Elastic_soft_upsampled.csv,270,"Gripping mechanism securing target object, using light pressure, causing gentle-compression, with rising force."
/home/mdxuser/Genesis/main/data/picked_up_4/upsampled/Office_Depot_Canon_CL_41_Remanufactured_Ink_Cartridge_TriColor_Elastic_soft_upsampled.csv,540,"Gripper continue securing the object, using slight force, causing slight-yielding, with growing pressure."
/home/mdxuser/Genesis/main/data/picked_up_4/upsampled/Office_Depot_Canon_CL_41_Remanufactured_Ink_Cartridge_TriColor_Elastic_soft_upsampled.csv,810,"Gripping mechanism picking up target object, using soft contact, causing minimal-resistance, with rising force."
/home/mdxuser/Genesis/main/data/picked_up_4/upsampled/Office_Depot_Canon_CL_41_Remanufactured_Ink_Cartridge_TriColor_Elastic_soft_upsampled.csv,1080,"Fingers turning item, by an angle of 45.0 degrees, using minimal force, causing lightly-yielding, with unchanging force."
/home/mdxuser/Genesis/main/data/picked_up_4/upsampled/Office_Depot_Canon_CL_41_Remanufactured_Ink_Cartridge_TriColor_Elastic_soft_upsampled.csv,1350,"Gripper holding position of target object, maintaining a stable hold, using light pressure, causing gentle-compression."
/home/mdxuser/Genesis/main/data/picked_up_4/upsampled/Office_Depot_Canon_CL_41_Remanufactured_Ink_Cartridge_TriColor_Elastic_soft_upsampled.csv,1620,"Gripper continue maintaining hold of item, maintaining a stable hold, using subtle force, causing gentle-compression."
/home/mdxuser/Genesis/main/data/picked_up_4/upsampled/Office_Depot_Canon_CL_41_Remanufactured_Ink_Cartridge_TriColor_Elastic_soft_upsampled.csv,1890,"Gripping mechanism rotating the object, by an angle of 45.0 degrees, using gentle force, causing gentle-compression, with unchanging force."
/home/mdxuser/Genesis/main/data/picked_up_4/upsampled/Office_Depot_Canon_CL_41_Remanufactured_Ink_Cartridge_TriColor_Elastic_soft_upsampled.csv,2160,"Fingers continue turning item, by an angle of 45.0 degrees, using subtle force, causing soft-deformation, with unchanging force."
/home/mdxuser/Genesis/main/data/picked_up_4/upsampled/Office_Depot_Canon_CL_41_Remanufactured_Ink_Cartridge_TriColor_Elastic_soft_upsampled.csv,2430,"End-effector maintaining hold of target object, maintaining a stable hold, using slight force, causing minimal-resistance."
/home/mdxuser/Genesis/main/data/picked_up_4/upsampled/Office_Depot_Canon_CL_41_Remanufactured_Ink_Cartridge_TriColor_Elastic_soft_upsampled.csv,2700,"Gripping mechanism coming to rest with item, using contactless method, causing form-conservation."
/home/mdxuser/Genesis/main/data/picked_up_4/upsampled/BAGEL_WITH_CHEESE_Elastic_soft_upsampled.csv,0,"End-effector aligning towards the object, to begin the task."
/home/mdxuser/Genesis/main/data/picked_up_4/upsampled/BAGEL_WITH_CHEESE_Elastic_soft_upsampled.csv,270,"End-effector clamping target object, using cushioned pressure, causing slight-yielding, with rising force."
/home/mdxuser/Genesis/main/data/picked_up_4/upsampled/BAGEL_WITH_CHEESE_Elastic_soft_upsampled.csv,540,"End-effector continue gripping the object, using slight force, causing minimal-resistance, with growing pressure."
/home/mdxuser/Genesis/main/data/picked_up_4/upsampled/BAGEL_WITH_CHEESE_Elastic_soft_upsampled.csv,810,"Gripper lifting target object, using cushioned pressure, causing soft-deformation, with growing pressure."
/home/mdxuser/Genesis/main/data/picked_up_4/upsampled/BAGEL_WITH_CHEESE_Elastic_soft_upsampled.csv,1080,"Gripping mechanism turning item, by an angle of 45.0 degrees, using light pressure, causing soft-deformation, with constant force."
/home/mdxuser/Genesis/main/data/picked_up_4/upsampled/BAGEL_WITH_CHEESE_Elastic_soft_upsampled.csv,1350,"Gripping mechanism pausing motion of item, maintaining a stable hold, using minimal force, causing soft-deformation."
/home/mdxuser/Genesis/main/data/picked_up_4/upsampled/BAGEL_WITH_CHEESE_Elastic_soft_upsampled.csv,1620,"Gripper continue steadying target object, maintaining a stable hold, using light pressure, causing minimal-resistance."
/home/mdxuser/Genesis/main/data/picked_up_4/upsampled/BAGEL_WITH_CHEESE_Elastic_soft_upsampled.csv,1890,Item has been released.
/home/mdxuser/Genesis/main/data/picked_up_4/upsampled/BAGEL_WITH_CHEESE_Elastic_soft_upsampled.csv,2160,Target object has been let go of.
/home/mdxuser/Genesis/main/data/picked_up_4/upsampled/BAGEL_WITH_CHEESE_Elastic_soft_upsampled.csv,2430,Target object has been dropped.
/home/mdxuser/Genesis/main/data/picked_up_4/upsampled/BAGEL_WITH_CHEESE_Elastic_soft_upsampled.csv,2700,The object has been dropped.
/home/mdxuser/Genesis/main/data/picked_up_4/upsampled/Android_Lego_Elastic_soft_upsampled.csv,0,"End-effector initiating towards target object, to begin the task."
/home/mdxuser/Genesis/main/data/picked_up_4/upsampled/Android_Lego_Elastic_soft_upsampled.csv,270,"Gripping mechanism squeezing the object, using slight force, causing slight-yielding, with growing pressure."
/home/mdxuser/Genesis/main/data/picked_up_4/upsampled/Android_Lego_Elastic_soft_upsampled.csv,540,"Gripping mechanism continue securing the object, using light pressure, causing soft-deformation, with increasing force."
/home/mdxuser/Genesis/main/data/picked_up_4/upsampled/Android_Lego_Elastic_soft_upsampled.csv,810,"End-effector raising target object, using soft contact, causing cushioned-contact, with rising force."
/home/mdxuser/Genesis/main/data/picked_up_4/upsampled/Android_Lego_Elastic_soft_upsampled.csv,1080,"Fingers rotating the object, by an angle of 30.0 degrees, using gentle force, causing gentle-compression, with steady pressure."
/home/mdxuser/Genesis/main/data/picked_up_4/upsampled/Android_Lego_Elastic_soft_upsampled.csv,1350,"Gripper continue twisting target object, by an angle of 30.0 degrees, using minimal force, causing cushioned-contact, with constant force."
/home/mdxuser/Genesis/main/data/picked_up_4/upsampled/Android_Lego_Elastic_soft_upsampled.csv,1620,"Gripping mechanism pausing motion of item, maintaining a stable hold, using cushioned pressure, causing cushioned-contact."
/home/mdxuser/Genesis/main/data/picked_up_4/upsampled/Android_Lego_Elastic_soft_upsampled.csv,1890,"End-effector rotating item, by an angle of 30.0 degrees, using soft contact, causing cushioned-contact, with unchanging force."
/home/mdxuser/Genesis/main/data/picked_up_4/upsampled/Android_Lego_Elastic_soft_upsampled.csv,2160,"End-effector continue turning item, by an angle of 30.0 degrees, using slight force, causing lightly-yielding, with constant force."
/home/mdxuser/Genesis/main/data/picked_up_4/upsampled/Android_Lego_Elastic_soft_upsampled.csv,2430,"Gripper maintaining hold of the object, maintaining a stable hold, using gentle force, causing lightly-yielding."
/home/mdxuser/Genesis/main/data/picked_up_4/upsampled/Android_Lego_Elastic_soft_upsampled.csv,2700,"Gripping mechanism coming to rest with item, using zero-force, causing contactless."
/home/mdxuser/Genesis/main/data/picked_up_4/upsampled/Cole_Hardware_Electric_Pot_Cabana_55_Elastic_hard_upsampled.csv,0,"End-effector positioning towards item, to begin the task."
/home/mdxuser/Genesis/main/data/picked_up_4/upsampled/Cole_Hardware_Electric_Pot_Cabana_55_Elastic_hard_upsampled.csv,270,"Gripper squeezing item, using heavy force, causing significant-compression, with growing pressure."
/home/mdxuser/Genesis/main/data/picked_up_4/upsampled/Cole_Hardware_Electric_Pot_Cabana_55_Elastic_hard_upsampled.csv,540,"End-effector continue clasping item, using significant force, causing rigid-contact, with growing pressure."
/home/mdxuser/Genesis/main/data/picked_up_4/upsampled/Cole_Hardware_Electric_Pot_Cabana_55_Elastic_hard_upsampled.csv,810,"Gripping mechanism lifting target object, using strong force, causing hard-deformation, with growing pressure."
/home/mdxuser/Genesis/main/data/picked_up_4/upsampled/Cole_Hardware_Electric_Pot_Cabana_55_Elastic_hard_upsampled.csv,1080,"Gripping mechanism turning target object, by an angle of 30.0 degrees, using strong force, causing substantial-yielding, with unchanging force."
/home/mdxuser/Genesis/main/data/picked_up_4/upsampled/Cole_Hardware_Electric_Pot_Cabana_55_Elastic_hard_upsampled.csv,1350,"Fingers continue rotating the object, by an angle of 30.0 degrees, using firm pressure, causing significant-compression, with steady pressure."
/home/mdxuser/Genesis/main/data/picked_up_4/upsampled/Cole_Hardware_Electric_Pot_Cabana_55_Elastic_hard_upsampled.csv,1620,"End-effector maintaining hold of the object, maintaining a stable hold, using significant force, causing significant-compression."
/home/mdxuser/Genesis/main/data/picked_up_4/upsampled/Cole_Hardware_Electric_Pot_Cabana_55_Elastic_hard_upsampled.csv,1890,"Fingers turning target object, by an angle of 30.0 degrees, using strong contact, causing substantial-yielding, with steady pressure."
/home/mdxuser/Genesis/main/data/picked_up_4/upsampled/Cole_Hardware_Electric_Pot_Cabana_55_Elastic_hard_upsampled.csv,2160,"Fingers continue rotating target object, by an angle of 30.0 degrees, using strong contact, causing hard-deformation, with constant force."
/home/mdxuser/Genesis/main/data/picked_up_4/upsampled/Cole_Hardware_Electric_Pot_Cabana_55_Elastic_hard_upsampled.csv,2430,"Gripper pausing motion of target object, maintaining a stable hold, using strong contact, causing hard-deformation."
/home/mdxuser/Genesis/main/data/picked_up_4/upsampled/Cole_Hardware_Electric_Pot_Cabana_55_Elastic_hard_upsampled.csv,2700,Item has been released.
/home/mdxuser/Genesis/main/data/picked_up_4/upsampled/Perricone_MD_Neuropeptide_Firming_Moisturizer_Elastic_medium_upsampled.csv,0,"Fingers approaching towards target object, to begin the task."
/home/mdxuser/Genesis/main/data/picked_up_4/upsampled/Perricone_MD_Neuropeptide_Firming_Moisturizer_Elastic_medium_upsampled.csv,270,"Gripper grasping target object, using moderate force, causing firm-contact, with growing pressure."
/home/mdxuser/Genesis/main/data/picked_up_4/upsampled/Perricone_MD_Neuropeptide_Firming_Moisturizer_Elastic_medium_upsampled.csv,540,"Gripping mechanism continue clasping item, using moderate force, causing controlled-yielding, with growing pressure."
/home/mdxuser/Genesis/main/data/picked_up_4/upsampled/Perricone_MD_Neuropeptide_Firming_Moisturizer_Elastic_medium_upsampled.csv,810,"End-effector elevating the object, using steady force, causing steady-resistance, with growing pressure."
/home/mdxuser/Genesis/main/data/picked_up_4/upsampled/Perricone_MD_Neuropeptide_Firming_Moisturizer_Elastic_medium_upsampled.csv,1080,"Fingers twisting the object, by an angle of 45.0 degrees, using balanced pressure, causing firm-contact, with unchanging force."
/home/mdxuser/Genesis/main/data/picked_up_4/upsampled/Perricone_MD_Neuropeptide_Firming_Moisturizer_Elastic_medium_upsampled.csv,1350,"Gripper holding position of item, maintaining a stable hold, using controlled pressure, causing controlled-yielding."
/home/mdxuser/Genesis/main/data/picked_up_4/upsampled/Perricone_MD_Neuropeptide_Firming_Moisturizer_Elastic_medium_upsampled.csv,1620,"Gripper continue steadying target object, maintaining a stable hold, using firm contact, causing moderate-compression."
/home/mdxuser/Genesis/main/data/picked_up_4/upsampled/Perricone_MD_Neuropeptide_Firming_Moisturizer_Elastic_medium_upsampled.csv,1890,"Fingers twisting target object, by an angle of 45.0 degrees, using controlled pressure, causing controlled-yielding, with steady pressure."
/home/mdxuser/Genesis/main/data/picked_up_4/upsampled/Perricone_MD_Neuropeptide_Firming_Moisturizer_Elastic_medium_upsampled.csv,2160,"Gripper maintaining hold of item, maintaining a stable hold, using firm contact, causing firm-contact."
/home/mdxuser/Genesis/main/data/picked_up_4/upsampled/Perricone_MD_Neuropeptide_Firming_Moisturizer_Elastic_medium_upsampled.csv,2430,"Fingers continue pausing motion of item, maintaining a stable hold, using moderate force, causing steady-resistance."
/home/mdxuser/Genesis/main/data/picked_up_4/upsampled/Perricone_MD_Neuropeptide_Firming_Moisturizer_Elastic_medium_upsampled.csv,2700,"Fingers slowing down motion of item, using forceless methods, causing form-conservation."
/home/mdxuser/Genesis/main/data/picked_up_4/upsampled/Dog_Elastic_medium_upsampled.csv,0,"Gripper reaching towards target object, to begin the task."
/home/mdxuser/Genesis/main/data/picked_up_4/upsampled/Dog_Elastic_medium_upsampled.csv,270,"End-effector securing target object, using steady force, causing moderate-compression, with increasing force."
/home/mdxuser/Genesis/main/data/picked_up_4/upsampled/Dog_Elastic_medium_upsampled.csv,540,"Fingers continue capturing target object, using balanced pressure, causing balanced-yielding, with growing pressure."
/home/mdxuser/Genesis/main/data/picked_up_4/upsampled/Dog_Elastic_medium_upsampled.csv,810,"Gripper picking up target object, using controlled pressure, causing moderate-compression, with growing pressure."
/home/mdxuser/Genesis/main/data/picked_up_4/upsampled/Dog_Elastic_medium_upsampled.csv,1080,"Gripper twisting the object, by an angle of 45.0 degrees, using firm contact, causing controlled-yielding, with steady pressure."
/home/mdxuser/Genesis/main/data/picked_up_4/upsampled/Dog_Elastic_medium_upsampled.csv,1350,"Fingers holding position of item, maintaining a stable hold, using balanced pressure, causing steady-resistance."
/home/mdxuser/Genesis/main/data/picked_up_4/upsampled/Dog_Elastic_medium_upsampled.csv,1620,"Gripping mechanism continue pausing motion of item, maintaining a stable hold, using controlled pressure, causing firm-contact."
/home/mdxuser/Genesis/main/data/picked_up_4/upsampled/Dog_Elastic_medium_upsampled.csv,1890,"Gripper twisting item, by an angle of 45.0 degrees, using moderate force, causing medium-deformation, with unchanging force."
/home/mdxuser/Genesis/main/data/picked_up_4/upsampled/Dog_Elastic_medium_upsampled.csv,2160,"Gripper continue rotating item, by an angle of 45.0 degrees, using steady force, causing balanced-yielding, with unchanging force."
/home/mdxuser/Genesis/main/data/picked_up_4/upsampled/Dog_Elastic_medium_upsampled.csv,2430,"End-effector pausing motion of item, maintaining a stable hold, using firm contact, causing balanced-yielding."
/home/mdxuser/Genesis/main/data/picked_up_4/upsampled/Dog_Elastic_medium_upsampled.csv,2700,"Gripping mechanism decelerating motion of the object, using forceless methods, causing unyielding."
/home/mdxuser/Genesis/main/data/picked_up_4/upsampled/AllergenFree_JarroDophilus_Elastic_soft_upsampled.csv,0,"Gripper aligning towards item, to begin the task."
/home/mdxuser/Genesis/main/data/picked_up_4/upsampled/AllergenFree_JarroDophilus_Elastic_soft_upsampled.csv,270,"Fingers holding target object, using light pressure, causing minimal-resistance, with increasing force."
/home/mdxuser/Genesis/main/data/picked_up_4/upsampled/AllergenFree_JarroDophilus_Elastic_soft_upsampled.csv,540,"End-effector continue securing item, using minimal force, causing slight-yielding, with rising force."
/home/mdxuser/Genesis/main/data/picked_up_4/upsampled/AllergenFree_JarroDophilus_Elastic_soft_upsampled.csv,810,"Fingers raising the object, using soft contact, causing lightly-yielding, with increasing force."
/home/mdxuser/Genesis/main/data/picked_up_4/upsampled/AllergenFree_JarroDophilus_Elastic_soft_upsampled.csv,1080,"Gripping mechanism twisting item, by an angle of 45.0 degrees, using minimal force, causing cushioned-contact, with constant force."
/home/mdxuser/Genesis/main/data/picked_up_4/upsampled/AllergenFree_JarroDophilus_Elastic_soft_upsampled.csv,1350,"Gripping mechanism steadying the object, maintaining a stable hold, using subtle force, causing soft-deformation."
/home/mdxuser/Genesis/main/data/picked_up_4/upsampled/AllergenFree_JarroDophilus_Elastic_soft_upsampled.csv,1620,"Gripper continue holding position of target object, maintaining a stable hold, using light pressure, causing gentle-compression."
/home/mdxuser/Genesis/main/data/picked_up_4/upsampled/AllergenFree_JarroDophilus_Elastic_soft_upsampled.csv,1890,"Fingers turning item, by an angle of 45.0 degrees, using slight force, causing slight-yielding, with steady pressure."
/home/mdxuser/Genesis/main/data/picked_up_4/upsampled/AllergenFree_JarroDophilus_Elastic_soft_upsampled.csv,2160,"End-effector continue rotating the object, by an angle of 45.0 degrees, using gentle force, causing gentle-compression, with constant force."
/home/mdxuser/Genesis/main/data/picked_up_4/upsampled/AllergenFree_JarroDophilus_Elastic_soft_upsampled.csv,2430,Item has been dropped.
/home/mdxuser/Genesis/main/data/picked_up_4/upsampled/AllergenFree_JarroDophilus_Elastic_soft_upsampled.csv,2700,The object has been released.
/home/mdxuser/Genesis/main/data/picked_up_4/upsampled/Crayola_Crayons_Washable_24_crayons_Elastic_medium_upsampled.csv,0,"Fingers preparing towards target object, to begin the task."
/home/mdxuser/Genesis/main/data/picked_up_4/upsampled/Crayola_Crayons_Washable_24_crayons_Elastic_medium_upsampled.csv,270,"Gripping mechanism holding item, using balanced pressure, causing controlled-yielding, with rising force."
/home/mdxuser/Genesis/main/data/picked_up_4/upsampled/Crayola_Crayons_Washable_24_crayons_Elastic_medium_upsampled.csv,540,"End-effector continue clamping the object, using moderate force, causing moderate-compression, with increasing force."
/home/mdxuser/Genesis/main/data/picked_up_4/upsampled/Crayola_Crayons_Washable_24_crayons_Elastic_medium_upsampled.csv,810,"Fingers raising target object, using balanced pressure, causing medium-deformation, with growing pressure."
/home/mdxuser/Genesis/main/data/picked_up_4/upsampled/Crayola_Crayons_Washable_24_crayons_Elastic_medium_upsampled.csv,1080,"End-effector rotating the object, by an angle of 45.0 degrees, using moderate force, causing firm-contact, with constant force."
/home/mdxuser/Genesis/main/data/picked_up_4/upsampled/Crayola_Crayons_Washable_24_crayons_Elastic_medium_upsampled.csv,1350,"End-effector continue rotating target object, by an angle of 45.0 degrees, using moderate force, causing balanced-yielding, with steady pressure."
/home/mdxuser/Genesis/main/data/picked_up_4/upsampled/Crayola_Crayons_Washable_24_crayons_Elastic_medium_upsampled.csv,1620,"Gripping mechanism steadying the object, maintaining a stable hold, using steady force, causing firm-contact."
/home/mdxuser/Genesis/main/data/picked_up_4/upsampled/Crayola_Crayons_Washable_24_crayons_Elastic_medium_upsampled.csv,1890,"Gripper rotating item, by an angle of 30.0 degrees, using balanced pressure, causing balanced-yielding, with unchanging force."
/home/mdxuser/Genesis/main/data/picked_up_4/upsampled/Crayola_Crayons_Washable_24_crayons_Elastic_medium_upsampled.csv,2160,"Gripping mechanism continue twisting item, by an angle of 30.0 degrees, using moderate force, causing balanced-yielding, with steady pressure."
/home/mdxuser/Genesis/main/data/picked_up_4/upsampled/Crayola_Crayons_Washable_24_crayons_Elastic_medium_upsampled.csv,2430,"Fingers pausing motion of target object, maintaining a stable hold, using controlled pressure, causing controlled-yielding."
/home/mdxuser/Genesis/main/data/picked_up_4/upsampled/Crayola_Crayons_Washable_24_crayons_Elastic_medium_upsampled.csv,2700,"Fingers decelerating motion of target object, using zero-pressure, causing shape-conservation."
/home/mdxuser/Genesis/main/data/picked_up_4/upsampled/3D_Dollhouse_Sink_Elastic_medium_upsampled.csv,0,"Fingers starting movement towards target object, to begin the task."
/home/mdxuser/Genesis/main/data/picked_up_4/upsampled/3D_Dollhouse_Sink_Elastic_medium_upsampled.csv,270,"Gripping mechanism clamping item, using controlled pressure, causing medium-deformation, with increasing force."
/home/mdxuser/Genesis/main/data/picked_up_4/upsampled/3D_Dollhouse_Sink_Elastic_medium_upsampled.csv,540,"Fingers continue grasping item, using firm contact, causing controlled-yielding, with rising force."
/home/mdxuser/Genesis/main/data/picked_up_4/upsampled/3D_Dollhouse_Sink_Elastic_medium_upsampled.csv,810,"Gripping mechanism lifting item, using firm contact, causing controlled-yielding, with growing pressure."
/home/mdxuser/Genesis/main/data/picked_up_4/upsampled/3D_Dollhouse_Sink_Elastic_medium_upsampled.csv,1080,"Gripper twisting target object, by an angle of 45.0 degrees, using balanced pressure, causing balanced-yielding, with unchanging force."
/home/mdxuser/Genesis/main/data/picked_up_4/upsampled/3D_Dollhouse_Sink_Elastic_medium_upsampled.csv,1350,"End-effector holding position of the object, maintaining a stable hold, using steady force, causing firm-contact."
/home/mdxuser/Genesis/main/data/picked_up_4/upsampled/3D_Dollhouse_Sink_Elastic_medium_upsampled.csv,1620,"Fingers continue steadying item, maintaining a stable hold, using firm contact, causing moderate-compression."
/home/mdxuser/Genesis/main/data/picked_up_4/upsampled/3D_Dollhouse_Sink_Elastic_medium_upsampled.csv,1890,Target object has been dropped.
/home/mdxuser/Genesis/main/data/picked_up_4/upsampled/3D_Dollhouse_Sink_Elastic_medium_upsampled.csv,2160,Item has been let go of.
/home/mdxuser/Genesis/main/data/picked_up_4/upsampled/3D_Dollhouse_Sink_Elastic_medium_upsampled.csv,2430,Target object has been released.
/home/mdxuser/Genesis/main/data/picked_up_4/upsampled/3D_Dollhouse_Sink_Elastic_medium_upsampled.csv,2700,The object has been let go of.
/home/mdxuser/Genesis/main/data/picked_up_4/upsampled/Cascadia_8_Color_AquariusHibscsBearingSeaBlk_Size_50_Elastic_hard_upsampled.csv,0,"Fingers starting movement towards item, to begin the task."
/home/mdxuser/Genesis/main/data/picked_up_4/upsampled/Cascadia_8_Color_AquariusHibscsBearingSeaBlk_Size_50_Elastic_hard_upsampled.csv,270,"End-effector clasping item, using heavy force, causing rigid-contact, with rising force."
/home/mdxuser/Genesis/main/data/picked_up_4/upsampled/Cascadia_8_Color_AquariusHibscsBearingSeaBlk_Size_50_Elastic_hard_upsampled.csv,540,"Gripper continue gripping the object, using firm pressure, causing strong-resistance, with rising force."
/home/mdxuser/Genesis/main/data/picked_up_4/upsampled/Cascadia_8_Color_AquariusHibscsBearingSeaBlk_Size_50_Elastic_hard_upsampled.csv,810,"End-effector elevating item, using strong force, causing rigid-contact, with rising force."
/home/mdxuser/Genesis/main/data/picked_up_4/upsampled/Cascadia_8_Color_AquariusHibscsBearingSeaBlk_Size_50_Elastic_hard_upsampled.csv,1080,"Gripper twisting target object, by an angle of 45.0 degrees, using significant force, causing firm-yielding, with constant force."
/home/mdxuser/Genesis/main/data/picked_up_4/upsampled/Cascadia_8_Color_AquariusHibscsBearingSeaBlk_Size_50_Elastic_hard_upsampled.csv,1350,"Fingers maintaining hold of target object, maintaining a stable hold, using firm pressure, causing hard-deformation."
/home/mdxuser/Genesis/main/data/picked_up_4/upsampled/Cascadia_8_Color_AquariusHibscsBearingSeaBlk_Size_50_Elastic_hard_upsampled.csv,1620,"End-effector continue steadying item, maintaining a stable hold, using strong contact, causing firm-yielding."
/home/mdxuser/Genesis/main/data/picked_up_4/upsampled/Cascadia_8_Color_AquariusHibscsBearingSeaBlk_Size_50_Elastic_hard_upsampled.csv,1890,"Gripper turning item, by an angle of 30.0 degrees, using significant force, causing substantial-yielding, with constant force."
/home/mdxuser/Genesis/main/data/picked_up_4/upsampled/Cascadia_8_Color_AquariusHibscsBearingSeaBlk_Size_50_Elastic_hard_upsampled.csv,2160,"Gripping mechanism continue rotating item, by an angle of 30.0 degrees, using significant force, causing strong-resistance, with unchanging force."
/home/mdxuser/Genesis/main/data/picked_up_4/upsampled/Cascadia_8_Color_AquariusHibscsBearingSeaBlk_Size_50_Elastic_hard_upsampled.csv,2430,"Fingers holding position of target object, maintaining a stable hold, using heavy force, causing firm-yielding."
/home/mdxuser/Genesis/main/data/picked_up_4/upsampled/Cascadia_8_Color_AquariusHibscsBearingSeaBlk_Size_50_Elastic_hard_upsampled.csv,2700,Target object has been released.
/home/mdxuser/Genesis/main/data/picked_up_4/upsampled/ASICS_GELDirt_Dog_4_SunFlameBlack_Elastic_hard_upsampled.csv,0,"Gripping mechanism reaching towards the object, to begin the task."
/home/mdxuser/Genesis/main/data/picked_up_4/upsampled/ASICS_GELDirt_Dog_4_SunFlameBlack_Elastic_hard_upsampled.csv,270,"Fingers squeezing the object, using firm pressure, causing firm-yielding, with rising force."
/home/mdxuser/Genesis/main/data/picked_up_4/upsampled/ASICS_GELDirt_Dog_4_SunFlameBlack_Elastic_hard_upsampled.csv,540,"End-effector continue grasping item, using strong contact, causing firm-yielding, with growing pressure."
/home/mdxuser/Genesis/main/data/picked_up_4/upsampled/ASICS_GELDirt_Dog_4_SunFlameBlack_Elastic_hard_upsampled.csv,810,"Fingers elevating item, using significant force, causing substantial-yielding, with increasing force."
/home/mdxuser/Genesis/main/data/picked_up_4/upsampled/ASICS_GELDirt_Dog_4_SunFlameBlack_Elastic_hard_upsampled.csv,1080,"End-effector twisting item, by an angle of 30.0 degrees, using strong contact, causing firm-yielding, with unchanging force."
/home/mdxuser/Genesis/main/data/picked_up_4/upsampled/ASICS_GELDirt_Dog_4_SunFlameBlack_Elastic_hard_upsampled.csv,1350,"Gripper continue turning target object, by an angle of 30.0 degrees, using strong force, causing significant-compression, with unchanging force."
/home/mdxuser/Genesis/main/data/picked_up_4/upsampled/ASICS_GELDirt_Dog_4_SunFlameBlack_Elastic_hard_upsampled.csv,1620,"Gripping mechanism steadying target object, maintaining a stable hold, using firm pressure, causing firm-yielding."
/home/mdxuser/Genesis/main/data/picked_up_4/upsampled/ASICS_GELDirt_Dog_4_SunFlameBlack_Elastic_hard_upsampled.csv,1890,"Fingers rotating the object, by an angle of 45.0 degrees, using strong contact, causing substantial-yielding, with unchanging force."
/home/mdxuser/Genesis/main/data/picked_up_4/upsampled/ASICS_GELDirt_Dog_4_SunFlameBlack_Elastic_hard_upsampled.csv,2160,"Fingers continue twisting the object, by an angle of 45.0 degrees, using heavy force, causing rigid-contact, with steady pressure."
/home/mdxuser/Genesis/main/data/picked_up_4/upsampled/ASICS_GELDirt_Dog_4_SunFlameBlack_Elastic_hard_upsampled.csv,2430,Target object has been dropped.
/home/mdxuser/Genesis/main/data/picked_up_4/upsampled/ASICS_GELDirt_Dog_4_SunFlameBlack_Elastic_hard_upsampled.csv,2700,Target object has been dropped.
/home/mdxuser/Genesis/main/data/picked_up_4/upsampled/Just_For_Men_ShampooIn_Haircolor_Jet_Black_60_Elastic_hard_upsampled.csv,0,"Gripping mechanism aligning towards item, to begin the task."
/home/mdxuser/Genesis/main/data/picked_up_4/upsampled/Just_For_Men_ShampooIn_Haircolor_Jet_Black_60_Elastic_hard_upsampled.csv,270,"Fingers grasping item, using strong contact, causing substantial-yielding, with increasing force."
/home/mdxuser/Genesis/main/data/picked_up_4/upsampled/Just_For_Men_ShampooIn_Haircolor_Jet_Black_60_Elastic_hard_upsampled.csv,540,"Gripper continue gripping the object, using heavy force, causing significant-compression, with rising force."
/home/mdxuser/Genesis/main/data/picked_up_4/upsampled/Just_For_Men_ShampooIn_Haircolor_Jet_Black_60_Elastic_hard_upsampled.csv,810,"Fingers picking up target object, using significant force, causing firm-yielding, with rising force."
/home/mdxuser/Genesis/main/data/picked_up_4/upsampled/Just_For_Men_ShampooIn_Haircolor_Jet_Black_60_Elastic_hard_upsampled.csv,1080,"Gripping mechanism rotating item, by an angle of 45.0 degrees, using strong force, causing rigid-contact, with constant force."
/home/mdxuser/Genesis/main/data/picked_up_4/upsampled/Just_For_Men_ShampooIn_Haircolor_Jet_Black_60_Elastic_hard_upsampled.csv,1350,"Fingers maintaining hold of item, maintaining a stable hold, using strong force, causing rigid-contact."
/home/mdxuser/Genesis/main/data/picked_up_4/upsampled/Just_For_Men_ShampooIn_Haircolor_Jet_Black_60_Elastic_hard_upsampled.csv,1620,"Gripping mechanism continue steadying item, maintaining a stable hold, using intense pressure, causing hard-deformation."
/home/mdxuser/Genesis/main/data/picked_up_4/upsampled/Just_For_Men_ShampooIn_Haircolor_Jet_Black_60_Elastic_hard_upsampled.csv,1890,"End-effector rotating item, by an angle of 45.0 degrees, using significant force, causing hard-deformation, with steady pressure."
/home/mdxuser/Genesis/main/data/picked_up_4/upsampled/Just_For_Men_ShampooIn_Haircolor_Jet_Black_60_Elastic_hard_upsampled.csv,2160,"Fingers continue turning target object, by an angle of 45.0 degrees, using significant force, causing significant-compression, with unchanging force."
/home/mdxuser/Genesis/main/data/picked_up_4/upsampled/Just_For_Men_ShampooIn_Haircolor_Jet_Black_60_Elastic_hard_upsampled.csv,2430,"Gripping mechanism steadying item, maintaining a stable hold, using strong contact, causing strong-resistance."
/home/mdxuser/Genesis/main/data/picked_up_4/upsampled/Just_For_Men_ShampooIn_Haircolor_Jet_Black_60_Elastic_hard_upsampled.csv,2700,"Gripper decelerating motion of target object, using zero-pressure, causing unyielding."
/home/mdxuser/Genesis/main/data/picked_up_4/upsampled/Borage_GLA240Gamma_Tocopherol_Elastic_soft_upsampled.csv,0,"Gripper reaching towards target object, to begin the task."
/home/mdxuser/Genesis/main/data/picked_up_4/upsampled/Borage_GLA240Gamma_Tocopherol_Elastic_soft_upsampled.csv,270,"Gripper pinching target object, using cushioned pressure, causing cushioned-contact, with increasing force."
/home/mdxuser/Genesis/main/data/picked_up_4/upsampled/Borage_GLA240Gamma_Tocopherol_Elastic_soft_upsampled.csv,540,"End-effector continue gripping item, using subtle force, causing cushioned-contact, with rising force."
/home/mdxuser/Genesis/main/data/picked_up_4/upsampled/Borage_GLA240Gamma_Tocopherol_Elastic_soft_upsampled.csv,810,"Fingers lifting item, using slight force, causing slight-yielding, with growing pressure."
/home/mdxuser/Genesis/main/data/picked_up_4/upsampled/Borage_GLA240Gamma_Tocopherol_Elastic_soft_upsampled.csv,1080,"Fingers rotating the object, by an angle of 45.0 degrees, using cushioned pressure, causing minimal-resistance, with constant force."
/home/mdxuser/Genesis/main/data/picked_up_4/upsampled/Borage_GLA240Gamma_Tocopherol_Elastic_soft_upsampled.csv,1350,"End-effector steadying the object, maintaining a stable hold, using slight force, causing slight-yielding."
/home/mdxuser/Genesis/main/data/picked_up_4/upsampled/Borage_GLA240Gamma_Tocopherol_Elastic_soft_upsampled.csv,1620,"Gripping mechanism continue steadying target object, maintaining a stable hold, using slight force, causing soft-deformation."
/home/mdxuser/Genesis/main/data/picked_up_4/upsampled/Borage_GLA240Gamma_Tocopherol_Elastic_soft_upsampled.csv,1890,"Gripping mechanism twisting item, by an angle of 30.0 degrees, using slight force, causing cushioned-contact, with unchanging force."
/home/mdxuser/Genesis/main/data/picked_up_4/upsampled/Borage_GLA240Gamma_Tocopherol_Elastic_soft_upsampled.csv,2160,"Gripper continue rotating target object, by an angle of 30.0 degrees, using gentle force, causing cushioned-contact, with unchanging force."
/home/mdxuser/Genesis/main/data/picked_up_4/upsampled/Borage_GLA240Gamma_Tocopherol_Elastic_soft_upsampled.csv,2430,"Fingers steadying item, maintaining a stable hold, using soft contact, causing slight-yielding."
/home/mdxuser/Genesis/main/data/picked_up_4/upsampled/Borage_GLA240Gamma_Tocopherol_Elastic_soft_upsampled.csv,2700,"Gripping mechanism coming to rest with the object, using zero-force, causing undeformed shape."
/home/mdxuser/Genesis/main/data/picked_up_4/upsampled/Crayola_Washable_Fingerpaint_Red_Blue_Yellow_3_count_8_fl_oz_bottes_each_Elastic_hard_upsampled.csv,0,"Gripping mechanism approaching towards target object, to begin the task."
/home/mdxuser/Genesis/main/data/picked_up_4/upsampled/Crayola_Washable_Fingerpaint_Red_Blue_Yellow_3_count_8_fl_oz_bottes_each_Elastic_hard_upsampled.csv,270,"Gripping mechanism grasping target object, using firm pressure, causing substantial-yielding, with increasing force."
/home/mdxuser/Genesis/main/data/picked_up_4/upsampled/Crayola_Washable_Fingerpaint_Red_Blue_Yellow_3_count_8_fl_oz_bottes_each_Elastic_hard_upsampled.csv,540,"Gripper continue pinching the object, using strong force, causing strong-resistance, with rising force."
/home/mdxuser/Genesis/main/data/picked_up_4/upsampled/Crayola_Washable_Fingerpaint_Red_Blue_Yellow_3_count_8_fl_oz_bottes_each_Elastic_hard_upsampled.csv,810,"Fingers elevating target object, using heavy force, causing firm-yielding, with growing pressure."
/home/mdxuser/Genesis/main/data/picked_up_4/upsampled/Crayola_Washable_Fingerpaint_Red_Blue_Yellow_3_count_8_fl_oz_bottes_each_Elastic_hard_upsampled.csv,1080,"Gripper rotating the object, by an angle of 30.0 degrees, using firm pressure, causing hard-deformation, with constant force."
/home/mdxuser/Genesis/main/data/picked_up_4/upsampled/Crayola_Washable_Fingerpaint_Red_Blue_Yellow_3_count_8_fl_oz_bottes_each_Elastic_hard_upsampled.csv,1350,"Gripper continue twisting item, by an angle of 30.0 degrees, using strong contact, causing significant-compression, with steady pressure."
/home/mdxuser/Genesis/main/data/picked_up_4/upsampled/Crayola_Washable_Fingerpaint_Red_Blue_Yellow_3_count_8_fl_oz_bottes_each_Elastic_hard_upsampled.csv,1620,"Fingers holding position of target object, maintaining a stable hold, using strong contact, causing substantial-yielding."
/home/mdxuser/Genesis/main/data/picked_up_4/upsampled/Crayola_Washable_Fingerpaint_Red_Blue_Yellow_3_count_8_fl_oz_bottes_each_Elastic_hard_upsampled.csv,1890,"Gripper turning item, by an angle of 45.0 degrees, using heavy force, causing significant-compression, with unchanging force."
/home/mdxuser/Genesis/main/data/picked_up_4/upsampled/Crayola_Washable_Fingerpaint_Red_Blue_Yellow_3_count_8_fl_oz_bottes_each_Elastic_hard_upsampled.csv,2160,"End-effector continue turning the object, by an angle of 45.0 degrees, using firm pressure, causing substantial-yielding, with constant force."
/home/mdxuser/Genesis/main/data/picked_up_4/upsampled/Crayola_Washable_Fingerpaint_Red_Blue_Yellow_3_count_8_fl_oz_bottes_each_Elastic_hard_upsampled.csv,2430,"Gripper holding position of item, maintaining a stable hold, using significant force, causing rigid-contact."
/home/mdxuser/Genesis/main/data/picked_up_4/upsampled/Crayola_Washable_Fingerpaint_Red_Blue_Yellow_3_count_8_fl_oz_bottes_each_Elastic_hard_upsampled.csv,2700,Target object has been let go of.
/home/mdxuser/Genesis/main/data/picked_up_4/upsampled/Cole_Hardware_Mug_Classic_Blue_Elastic_soft_upsampled.csv,0,"End-effector approaching towards target object, to begin the task."
/home/mdxuser/Genesis/main/data/picked_up_4/upsampled/Cole_Hardware_Mug_Classic_Blue_Elastic_soft_upsampled.csv,270,"End-effector pinching target object, using light pressure, causing soft-deformation, with growing pressure."
/home/mdxuser/Genesis/main/data/picked_up_4/upsampled/Cole_Hardware_Mug_Classic_Blue_Elastic_soft_upsampled.csv,540,"Fingers continue pinching target object, using cushioned pressure, causing gentle-compression, with rising force."
/home/mdxuser/Genesis/main/data/picked_up_4/upsampled/Cole_Hardware_Mug_Classic_Blue_Elastic_soft_upsampled.csv,810,"Fingers lifting the object, using minimal force, causing cushioned-contact, with growing pressure."
/home/mdxuser/Genesis/main/data/picked_up_4/upsampled/Cole_Hardware_Mug_Classic_Blue_Elastic_soft_upsampled.csv,1080,"Gripping mechanism turning target object, by an angle of 45.0 degrees, using light pressure, causing cushioned-contact, with steady pressure."
/home/mdxuser/Genesis/main/data/picked_up_4/upsampled/Cole_Hardware_Mug_Classic_Blue_Elastic_soft_upsampled.csv,1350,"Fingers continue rotating the object, by an angle of 45.0 degrees, using slight force, causing cushioned-contact, with unchanging force."
/home/mdxuser/Genesis/main/data/picked_up_4/upsampled/Cole_Hardware_Mug_Classic_Blue_Elastic_soft_upsampled.csv,1620,Target object has been released.
/home/mdxuser/Genesis/main/data/picked_up_4/upsampled/Cole_Hardware_Mug_Classic_Blue_Elastic_soft_upsampled.csv,1890,The object has been dropped.
/home/mdxuser/Genesis/main/data/picked_up_4/upsampled/Cole_Hardware_Mug_Classic_Blue_Elastic_soft_upsampled.csv,2160,The object has been let go of.
/home/mdxuser/Genesis/main/data/picked_up_4/upsampled/Cole_Hardware_Mug_Classic_Blue_Elastic_soft_upsampled.csv,2430,Item has been dropped.
/home/mdxuser/Genesis/main/data/picked_up_4/upsampled/Cole_Hardware_Mug_Classic_Blue_Elastic_soft_upsampled.csv,2700,Target object has been released.
/home/mdxuser/Genesis/main/data/picked_up_4/upsampled/Just_For_Men_ShampooIn_Haircolor_Jet_Black_60_Elastic_medium_upsampled.csv,0,"Gripping mechanism positioning towards item, to begin the task."
/home/mdxuser/Genesis/main/data/picked_up_4/upsampled/Just_For_Men_ShampooIn_Haircolor_Jet_Black_60_Elastic_medium_upsampled.csv,270,"Gripper pinching the object, using firm contact, causing steady-resistance, with rising force."
/home/mdxuser/Genesis/main/data/picked_up_4/upsampled/Just_For_Men_ShampooIn_Haircolor_Jet_Black_60_Elastic_medium_upsampled.csv,540,"Gripper continue pinching target object, using controlled pressure, causing balanced-yielding, with increasing force."
/home/mdxuser/Genesis/main/data/picked_up_4/upsampled/Just_For_Men_ShampooIn_Haircolor_Jet_Black_60_Elastic_medium_upsampled.csv,810,"Fingers lifting target object, using controlled pressure, causing moderate-compression, with growing pressure."
/home/mdxuser/Genesis/main/data/picked_up_4/upsampled/Just_For_Men_ShampooIn_Haircolor_Jet_Black_60_Elastic_medium_upsampled.csv,1080,"Gripping mechanism twisting target object, by an angle of 30.0 degrees, using moderate force, causing firm-contact, with steady pressure."
/home/mdxuser/Genesis/main/data/picked_up_4/upsampled/Just_For_Men_ShampooIn_Haircolor_Jet_Black_60_Elastic_medium_upsampled.csv,1350,"Gripping mechanism continue rotating item, by an angle of 30.0 degrees, using moderate force, causing medium-deformation, with steady pressure."
/home/mdxuser/Genesis/main/data/picked_up_4/upsampled/Just_For_Men_ShampooIn_Haircolor_Jet_Black_60_Elastic_medium_upsampled.csv,1620,"End-effector pausing motion of item, maintaining a stable hold, using moderate force, causing moderate-compression."
/home/mdxuser/Genesis/main/data/picked_up_4/upsampled/Just_For_Men_ShampooIn_Haircolor_Jet_Black_60_Elastic_medium_upsampled.csv,1890,"Gripper twisting item, by an angle of 30.0 degrees, using controlled pressure, causing controlled-yielding, with steady pressure."
/home/mdxuser/Genesis/main/data/picked_up_4/upsampled/Just_For_Men_ShampooIn_Haircolor_Jet_Black_60_Elastic_medium_upsampled.csv,2160,"End-effector continue twisting the object, by an angle of 30.0 degrees, using balanced pressure, causing moderate-compression, with steady pressure."
/home/mdxuser/Genesis/main/data/picked_up_4/upsampled/Just_For_Men_ShampooIn_Haircolor_Jet_Black_60_Elastic_medium_upsampled.csv,2430,"Gripper pausing motion of the object, maintaining a stable hold, using balanced pressure, causing firm-contact."
/home/mdxuser/Genesis/main/data/picked_up_4/upsampled/Just_For_Men_ShampooIn_Haircolor_Jet_Black_60_Elastic_medium_upsampled.csv,2700,"End-effector decelerating motion of the object, using forceless methods, causing unyielding."
/home/mdxuser/Genesis/main/data/picked_up_4/upsampled/Circo_Fish_Toothbrush_Holder_14995988_Elastic_hard_upsampled.csv,0,"Gripping mechanism starting movement towards target object, to begin the task."
/home/mdxuser/Genesis/main/data/picked_up_4/upsampled/Circo_Fish_Toothbrush_Holder_14995988_Elastic_hard_upsampled.csv,270,"Fingers grasping target object, using firm pressure, causing significant-compression, with rising force."
/home/mdxuser/Genesis/main/data/picked_up_4/upsampled/Circo_Fish_Toothbrush_Holder_14995988_Elastic_hard_upsampled.csv,540,"Gripper continue clamping item, using firm pressure, causing substantial-yielding, with growing pressure."
/home/mdxuser/Genesis/main/data/picked_up_4/upsampled/Circo_Fish_Toothbrush_Holder_14995988_Elastic_hard_upsampled.csv,810,"Gripping mechanism lifting the object, using strong force, causing substantial-yielding, with growing pressure."
/home/mdxuser/Genesis/main/data/picked_up_4/upsampled/Circo_Fish_Toothbrush_Holder_14995988_Elastic_hard_upsampled.csv,1080,"Fingers turning item, by an angle of 30.0 degrees, using firm pressure, causing strong-resistance, with steady pressure."
/home/mdxuser/Genesis/main/data/picked_up_4/upsampled/Circo_Fish_Toothbrush_Holder_14995988_Elastic_hard_upsampled.csv,1350,"Fingers continue turning the object, by an angle of 30.0 degrees, using strong contact, causing rigid-contact, with unchanging force."
/home/mdxuser/Genesis/main/data/picked_up_4/upsampled/Circo_Fish_Toothbrush_Holder_14995988_Elastic_hard_upsampled.csv,1620,"Gripping mechanism maintaining hold of target object, maintaining a stable hold, using significant force, causing significant-compression."
/home/mdxuser/Genesis/main/data/picked_up_4/upsampled/Circo_Fish_Toothbrush_Holder_14995988_Elastic_hard_upsampled.csv,1890,"Fingers rotating target object, by an angle of 45.0 degrees, using firm pressure, causing hard-deformation, with unchanging force."
/home/mdxuser/Genesis/main/data/picked_up_4/upsampled/Circo_Fish_Toothbrush_Holder_14995988_Elastic_hard_upsampled.csv,2160,"Fingers continue twisting target object, by an angle of 45.0 degrees, using heavy force, causing firm-yielding, with steady pressure."
/home/mdxuser/Genesis/main/data/picked_up_4/upsampled/Circo_Fish_Toothbrush_Holder_14995988_Elastic_hard_upsampled.csv,2430,Item has been released.
/home/mdxuser/Genesis/main/data/picked_up_4/upsampled/Circo_Fish_Toothbrush_Holder_14995988_Elastic_hard_upsampled.csv,2700,Target object has been released.
/home/mdxuser/Genesis/main/data/picked_up_4/upsampled/Cole_Hardware_Butter_Dish_Square_Red_Elastic_medium_upsampled.csv,0,"End-effector aligning towards item, to begin the task."
/home/mdxuser/Genesis/main/data/picked_up_4/upsampled/Cole_Hardware_Butter_Dish_Square_Red_Elastic_medium_upsampled.csv,270,"End-effector clamping target object, using controlled pressure, causing controlled-yielding, with growing pressure."
/home/mdxuser/Genesis/main/data/picked_up_4/upsampled/Cole_Hardware_Butter_Dish_Square_Red_Elastic_medium_upsampled.csv,540,"Fingers continue grasping item, using moderate force, causing steady-resistance, with increasing force."
/home/mdxuser/Genesis/main/data/picked_up_4/upsampled/Cole_Hardware_Butter_Dish_Square_Red_Elastic_medium_upsampled.csv,810,"Gripping mechanism picking up the object, using controlled pressure, causing medium-deformation, with increasing force."
/home/mdxuser/Genesis/main/data/picked_up_4/upsampled/Cole_Hardware_Butter_Dish_Square_Red_Elastic_medium_upsampled.csv,1080,"Fingers twisting the object, by an angle of 30.0 degrees, using firm contact, causing medium-deformation, with constant force."
/home/mdxuser/Genesis/main/data/picked_up_4/upsampled/Cole_Hardware_Butter_Dish_Square_Red_Elastic_medium_upsampled.csv,1350,"Gripper continue turning item, by an angle of 30.0 degrees, using controlled pressure, causing moderate-compression, with steady pressure."
/home/mdxuser/Genesis/main/data/picked_up_4/upsampled/Cole_Hardware_Butter_Dish_Square_Red_Elastic_medium_upsampled.csv,1620,"Gripping mechanism pausing motion of target object, maintaining a stable hold, using balanced pressure, causing balanced-yielding."
/home/mdxuser/Genesis/main/data/picked_up_4/upsampled/Cole_Hardware_Butter_Dish_Square_Red_Elastic_medium_upsampled.csv,1890,"End-effector twisting target object, by an angle of 45.0 degrees, using balanced pressure, causing balanced-yielding, with constant force."
/home/mdxuser/Genesis/main/data/picked_up_4/upsampled/Cole_Hardware_Butter_Dish_Square_Red_Elastic_medium_upsampled.csv,2160,"Gripper continue turning item, by an angle of 45.0 degrees, using controlled pressure, causing firm-contact, with steady pressure."
/home/mdxuser/Genesis/main/data/picked_up_4/upsampled/Cole_Hardware_Butter_Dish_Square_Red_Elastic_medium_upsampled.csv,2430,"Fingers steadying target object, maintaining a stable hold, using balanced pressure, causing moderate-compression."
/home/mdxuser/Genesis/main/data/picked_up_4/upsampled/Cole_Hardware_Butter_Dish_Square_Red_Elastic_medium_upsampled.csv,2700,The object has been let go of.
/home/mdxuser/Genesis/main/data/picked_up_4/upsampled/Dixie_10_ounce_Bowls_35_ct_Elastic_soft_upsampled.csv,0,"Fingers starting movement towards target object, to begin the task."
/home/mdxuser/Genesis/main/data/picked_up_4/upsampled/Dixie_10_ounce_Bowls_35_ct_Elastic_soft_upsampled.csv,270,"Gripping mechanism squeezing item, using slight force, causing cushioned-contact, with increasing force."
/home/mdxuser/Genesis/main/data/picked_up_4/upsampled/Dixie_10_ounce_Bowls_35_ct_Elastic_soft_upsampled.csv,540,"End-effector continue clamping item, using slight force, causing soft-deformation, with rising force."
/home/mdxuser/Genesis/main/data/picked_up_4/upsampled/Dixie_10_ounce_Bowls_35_ct_Elastic_soft_upsampled.csv,810,"End-effector elevating the object, using light pressure, causing minimal-resistance, with increasing force."
/home/mdxuser/Genesis/main/data/picked_up_4/upsampled/Dixie_10_ounce_Bowls_35_ct_Elastic_soft_upsampled.csv,1080,"End-effector twisting the object, by an angle of 45.0 degrees, using gentle force, causing cushioned-contact, with constant force."
/home/mdxuser/Genesis/main/data/picked_up_4/upsampled/Dixie_10_ounce_Bowls_35_ct_Elastic_soft_upsampled.csv,1350,"End-effector continue turning item, by an angle of 45.0 degrees, using light pressure, causing cushioned-contact, with constant force."
/home/mdxuser/Genesis/main/data/picked_up_4/upsampled/Dixie_10_ounce_Bowls_35_ct_Elastic_soft_upsampled.csv,1620,Item has been dropped.
/home/mdxuser/Genesis/main/data/picked_up_4/upsampled/Dixie_10_ounce_Bowls_35_ct_Elastic_soft_upsampled.csv,1890,Target object has been released.
/home/mdxuser/Genesis/main/data/picked_up_4/upsampled/Dixie_10_ounce_Bowls_35_ct_Elastic_soft_upsampled.csv,2160,Item has been dropped.
/home/mdxuser/Genesis/main/data/picked_up_4/upsampled/Dixie_10_ounce_Bowls_35_ct_Elastic_soft_upsampled.csv,2430,The object has been released.
/home/mdxuser/Genesis/main/data/picked_up_4/upsampled/Dixie_10_ounce_Bowls_35_ct_Elastic_soft_upsampled.csv,2700,Target object has been released.
/home/mdxuser/Genesis/main/data/picked_up_4/upsampled/Android_Figure_Orange_Elastic_soft_upsampled.csv,0,"Gripper preparing towards target object, to begin the task."
/home/mdxuser/Genesis/main/data/picked_up_4/upsampled/Android_Figure_Orange_Elastic_soft_upsampled.csv,270,"End-effector gripping item, using minimal force, causing minimal-resistance, with rising force."
/home/mdxuser/Genesis/main/data/picked_up_4/upsampled/Android_Figure_Orange_Elastic_soft_upsampled.csv,540,"End-effector continue capturing the object, using slight force, causing minimal-resistance, with growing pressure."
/home/mdxuser/Genesis/main/data/picked_up_4/upsampled/Android_Figure_Orange_Elastic_soft_upsampled.csv,810,"Gripper elevating item, using soft contact, causing minimal-resistance, with rising force."
/home/mdxuser/Genesis/main/data/picked_up_4/upsampled/Android_Figure_Orange_Elastic_soft_upsampled.csv,1080,"Gripping mechanism turning item, by an angle of 45.0 degrees, using soft contact, causing minimal-resistance, with unchanging force."
/home/mdxuser/Genesis/main/data/picked_up_4/upsampled/Android_Figure_Orange_Elastic_soft_upsampled.csv,1350,"Gripper continue rotating target object, by an angle of 45.0 degrees, using subtle force, causing slight-yielding, with constant force."
/home/mdxuser/Genesis/main/data/picked_up_4/upsampled/Android_Figure_Orange_Elastic_soft_upsampled.csv,1620,"Fingers pausing motion of item, maintaining a stable hold, using gentle force, causing lightly-yielding."
/home/mdxuser/Genesis/main/data/picked_up_4/upsampled/Android_Figure_Orange_Elastic_soft_upsampled.csv,1890,"End-effector rotating item, by an angle of 45.0 degrees, using subtle force, causing slight-yielding, with unchanging force."
/home/mdxuser/Genesis/main/data/picked_up_4/upsampled/Android_Figure_Orange_Elastic_soft_upsampled.csv,2160,"Gripping mechanism maintaining hold of the object, maintaining a stable hold, using minimal force, causing gentle-compression."
/home/mdxuser/Genesis/main/data/picked_up_4/upsampled/Android_Figure_Orange_Elastic_soft_upsampled.csv,2430,"End-effector continue steadying the object, maintaining a stable hold, using light pressure, causing cushioned-contact."
/home/mdxuser/Genesis/main/data/picked_up_4/upsampled/Android_Figure_Orange_Elastic_soft_upsampled.csv,2700,"End-effector slowing down motion of the object, using zero-force, causing undeformed shape."
/home/mdxuser/Genesis/main/data/picked_up_4/upsampled/adizero_F50_TRX_FG_LEA_Elastic_medium_upsampled.csv,0,"Gripper reaching towards target object, to begin the task."
/home/mdxuser/Genesis/main/data/picked_up_4/upsampled/adizero_F50_TRX_FG_LEA_Elastic_medium_upsampled.csv,270,"End-effector pinching target object, using balanced pressure, causing medium-deformation, with increasing force."
/home/mdxuser/Genesis/main/data/picked_up_4/upsampled/adizero_F50_TRX_FG_LEA_Elastic_medium_upsampled.csv,540,"Gripper continue squeezing the object, using moderate force, causing medium-deformation, with rising force."
/home/mdxuser/Genesis/main/data/picked_up_4/upsampled/adizero_F50_TRX_FG_LEA_Elastic_medium_upsampled.csv,810,"Gripper lifting item, using moderate force, causing moderate-compression, with growing pressure."
/home/mdxuser/Genesis/main/data/picked_up_4/upsampled/adizero_F50_TRX_FG_LEA_Elastic_medium_upsampled.csv,1080,"Gripping mechanism turning the object, by an angle of 30.0 degrees, using moderate force, causing controlled-yielding, with steady pressure."
/home/mdxuser/Genesis/main/data/picked_up_4/upsampled/adizero_F50_TRX_FG_LEA_Elastic_medium_upsampled.csv,1350,"Gripper continue rotating item, by an angle of 30.0 degrees, using steady force, causing steady-resistance, with unchanging force."
/home/mdxuser/Genesis/main/data/picked_up_4/upsampled/adizero_F50_TRX_FG_LEA_Elastic_medium_upsampled.csv,1620,"Gripper holding position of the object, maintaining a stable hold, using moderate force, causing medium-deformation."
/home/mdxuser/Genesis/main/data/picked_up_4/upsampled/adizero_F50_TRX_FG_LEA_Elastic_medium_upsampled.csv,1890,"End-effector twisting the object, by an angle of 45.0 degrees, using moderate force, causing controlled-yielding, with constant force."
/home/mdxuser/Genesis/main/data/picked_up_4/upsampled/adizero_F50_TRX_FG_LEA_Elastic_medium_upsampled.csv,2160,"Gripper continue rotating item, by an angle of 45.0 degrees, using moderate force, causing firm-contact, with unchanging force."
/home/mdxuser/Genesis/main/data/picked_up_4/upsampled/adizero_F50_TRX_FG_LEA_Elastic_medium_upsampled.csv,2430,Item has been released.
/home/mdxuser/Genesis/main/data/picked_up_4/upsampled/adizero_F50_TRX_FG_LEA_Elastic_medium_upsampled.csv,2700,Target object has been released.
/home/mdxuser/Genesis/main/data/picked_up_4/upsampled/Beyonc_Life_is_But_a_Dream_DVD_Elastic_medium_upsampled.csv,0,"End-effector initiating towards target object, to begin the task."
/home/mdxuser/Genesis/main/data/picked_up_4/upsampled/Beyonc_Life_is_But_a_Dream_DVD_Elastic_medium_upsampled.csv,270,"Fingers securing target object, using balanced pressure, causing firm-contact, with rising force."
/home/mdxuser/Genesis/main/data/picked_up_4/upsampled/Beyonc_Life_is_But_a_Dream_DVD_Elastic_medium_upsampled.csv,540,"End-effector continue gripping item, using firm contact, causing steady-resistance, with rising force."
/home/mdxuser/Genesis/main/data/picked_up_4/upsampled/Beyonc_Life_is_But_a_Dream_DVD_Elastic_medium_upsampled.csv,810,"End-effector elevating item, using steady force, causing controlled-yielding, with increasing force."
/home/mdxuser/Genesis/main/data/picked_up_4/upsampled/Beyonc_Life_is_But_a_Dream_DVD_Elastic_medium_upsampled.csv,1080,"Fingers turning target object, by an angle of 45.0 degrees, using firm contact, causing controlled-yielding, with steady pressure."
/home/mdxuser/Genesis/main/data/picked_up_4/upsampled/Beyonc_Life_is_But_a_Dream_DVD_Elastic_medium_upsampled.csv,1350,Target object has been let go of.
/home/mdxuser/Genesis/main/data/picked_up_4/upsampled/Beyonc_Life_is_But_a_Dream_DVD_Elastic_medium_upsampled.csv,1620,Target object has been let go of.
/home/mdxuser/Genesis/main/data/picked_up_4/upsampled/Beyonc_Life_is_But_a_Dream_DVD_Elastic_medium_upsampled.csv,1890,Item has been dropped.
/home/mdxuser/Genesis/main/data/picked_up_4/upsampled/Beyonc_Life_is_But_a_Dream_DVD_Elastic_medium_upsampled.csv,2160,The object has been released.
/home/mdxuser/Genesis/main/data/picked_up_4/upsampled/Beyonc_Life_is_But_a_Dream_DVD_Elastic_medium_upsampled.csv,2430,The object has been let go of.
/home/mdxuser/Genesis/main/data/picked_up_4/upsampled/Beyonc_Life_is_But_a_Dream_DVD_Elastic_medium_upsampled.csv,2700,The object has been let go of.
/home/mdxuser/Genesis/main/data/picked_up_4/upsampled/ASICS_GEL1140V_WhiteBlackSilver_Elastic_hard_upsampled.csv,0,"End-effector advancing towards target object, to begin the task."
/home/mdxuser/Genesis/main/data/picked_up_4/upsampled/ASICS_GEL1140V_WhiteBlackSilver_Elastic_hard_upsampled.csv,270,"Gripping mechanism grasping item, using significant force, causing rigid-contact, with rising force."
/home/mdxuser/Genesis/main/data/picked_up_4/upsampled/ASICS_GEL1140V_WhiteBlackSilver_Elastic_hard_upsampled.csv,540,"Fingers continue holding item, using significant force, causing strong-resistance, with rising force."
/home/mdxuser/Genesis/main/data/picked_up_4/upsampled/ASICS_GEL1140V_WhiteBlackSilver_Elastic_hard_upsampled.csv,810,"Gripper elevating target object, using firm pressure, causing firm-yielding, with increasing force."
/home/mdxuser/Genesis/main/data/picked_up_4/upsampled/ASICS_GEL1140V_WhiteBlackSilver_Elastic_hard_upsampled.csv,1080,"Gripping mechanism rotating item, by an angle of 45.0 degrees, using firm pressure, causing strong-resistance, with constant force."
/home/mdxuser/Genesis/main/data/picked_up_4/upsampled/ASICS_GEL1140V_WhiteBlackSilver_Elastic_hard_upsampled.csv,1350,"Gripper steadying the object, maintaining a stable hold, using firm pressure, causing hard-deformation."
/home/mdxuser/Genesis/main/data/picked_up_4/upsampled/ASICS_GEL1140V_WhiteBlackSilver_Elastic_hard_upsampled.csv,1620,"Gripper continue holding position of target object, maintaining a stable hold, using intense pressure, causing significant-compression."
/home/mdxuser/Genesis/main/data/picked_up_4/upsampled/ASICS_GEL1140V_WhiteBlackSilver_Elastic_hard_upsampled.csv,1890,"Gripping mechanism twisting target object, by an angle of 30.0 degrees, using intense pressure, causing rigid-contact, with steady pressure."
/home/mdxuser/Genesis/main/data/picked_up_4/upsampled/ASICS_GEL1140V_WhiteBlackSilver_Elastic_hard_upsampled.csv,2160,"End-effector continue twisting target object, by an angle of 30.0 degrees, using strong contact, causing strong-resistance, with steady pressure."
/home/mdxuser/Genesis/main/data/picked_up_4/upsampled/ASICS_GEL1140V_WhiteBlackSilver_Elastic_hard_upsampled.csv,2430,"End-effector steadying item, maintaining a stable hold, using significant force, causing hard-deformation."
/home/mdxuser/Genesis/main/data/picked_up_4/upsampled/ASICS_GEL1140V_WhiteBlackSilver_Elastic_hard_upsampled.csv,2700,"Gripper slowing down motion of item, using forceless methods, causing undeformed shape."
/home/mdxuser/Genesis/main/data/picked_up_4/upsampled/Office_Depot_Canon_CL_41_Remanufactured_Ink_Cartridge_TriColor_Elastic_hard_upsampled.csv,0,"Gripper approaching towards item, to begin the task."
/home/mdxuser/Genesis/main/data/picked_up_4/upsampled/Office_Depot_Canon_CL_41_Remanufactured_Ink_Cartridge_TriColor_Elastic_hard_upsampled.csv,270,"Gripper gripping target object, using heavy force, causing substantial-yielding, with increasing force."
/home/mdxuser/Genesis/main/data/picked_up_4/upsampled/Office_Depot_Canon_CL_41_Remanufactured_Ink_Cartridge_TriColor_Elastic_hard_upsampled.csv,540,"Fingers continue securing target object, using significant force, causing rigid-contact, with increasing force."
/home/mdxuser/Genesis/main/data/picked_up_4/upsampled/Office_Depot_Canon_CL_41_Remanufactured_Ink_Cartridge_TriColor_Elastic_hard_upsampled.csv,810,"Fingers raising target object, using firm pressure, causing firm-yielding, with rising force."
/home/mdxuser/Genesis/main/data/picked_up_4/upsampled/Office_Depot_Canon_CL_41_Remanufactured_Ink_Cartridge_TriColor_Elastic_hard_upsampled.csv,1080,"Gripper rotating target object, by an angle of 45.0 degrees, using firm pressure, causing substantial-yielding, with constant force."
/home/mdxuser/Genesis/main/data/picked_up_4/upsampled/Office_Depot_Canon_CL_41_Remanufactured_Ink_Cartridge_TriColor_Elastic_hard_upsampled.csv,1350,"Fingers continue rotating target object, by an angle of 45.0 degrees, using strong contact, causing firm-yielding, with unchanging force."
/home/mdxuser/Genesis/main/data/picked_up_4/upsampled/Office_Depot_Canon_CL_41_Remanufactured_Ink_Cartridge_TriColor_Elastic_hard_upsampled.csv,1620,"Gripping mechanism steadying the object, maintaining a stable hold, using firm pressure, causing hard-deformation."
/home/mdxuser/Genesis/main/data/picked_up_4/upsampled/Office_Depot_Canon_CL_41_Remanufactured_Ink_Cartridge_TriColor_Elastic_hard_upsampled.csv,1890,"Gripping mechanism twisting target object, by an angle of 45.0 degrees, using significant force, causing substantial-yielding, with constant force."
/home/mdxuser/Genesis/main/data/picked_up_4/upsampled/Office_Depot_Canon_CL_41_Remanufactured_Ink_Cartridge_TriColor_Elastic_hard_upsampled.csv,2160,"Gripping mechanism holding position of target object, maintaining a stable hold, using heavy force, causing hard-deformation."
/home/mdxuser/Genesis/main/data/picked_up_4/upsampled/Office_Depot_Canon_CL_41_Remanufactured_Ink_Cartridge_TriColor_Elastic_hard_upsampled.csv,2430,"Fingers continue steadying the object, maintaining a stable hold, using intense pressure, causing significant-compression."
/home/mdxuser/Genesis/main/data/picked_up_4/upsampled/Office_Depot_Canon_CL_41_Remanufactured_Ink_Cartridge_TriColor_Elastic_hard_upsampled.csv,2700,"Gripper decelerating motion of item, using forceless methods, causing shape-conservation."
/home/mdxuser/Genesis/main/data/picked_up_4/upsampled/CoQ10_Elastic_soft_upsampled.csv,0,"End-effector reaching towards the object, to begin the task."
/home/mdxuser/Genesis/main/data/picked_up_4/upsampled/CoQ10_Elastic_soft_upsampled.csv,270,"End-effector gripping item, using minimal force, causing cushioned-contact, with rising force."
/home/mdxuser/Genesis/main/data/picked_up_4/upsampled/CoQ10_Elastic_soft_upsampled.csv,540,"Gripping mechanism continue gripping the object, using slight force, causing gentle-compression, with growing pressure."
/home/mdxuser/Genesis/main/data/picked_up_4/upsampled/CoQ10_Elastic_soft_upsampled.csv,810,"End-effector lifting item, using gentle force, causing soft-deformation, with increasing force."
/home/mdxuser/Genesis/main/data/picked_up_4/upsampled/CoQ10_Elastic_soft_upsampled.csv,1080,"Fingers rotating the object, by an angle of 45.0 degrees, using slight force, causing cushioned-contact, with unchanging force."
/home/mdxuser/Genesis/main/data/picked_up_4/upsampled/CoQ10_Elastic_soft_upsampled.csv,1350,"End-effector pausing motion of the object, maintaining a stable hold, using light pressure, causing slight-yielding."
/home/mdxuser/Genesis/main/data/picked_up_4/upsampled/CoQ10_Elastic_soft_upsampled.csv,1620,"Gripper continue steadying item, maintaining a stable hold, using light pressure, causing lightly-yielding."
/home/mdxuser/Genesis/main/data/picked_up_4/upsampled/CoQ10_Elastic_soft_upsampled.csv,1890,"Gripper twisting target object, by an angle of 30.0 degrees, using slight force, causing gentle-compression, with constant force."
/home/mdxuser/Genesis/main/data/picked_up_4/upsampled/CoQ10_Elastic_soft_upsampled.csv,2160,"Fingers continue twisting target object, by an angle of 30.0 degrees, using minimal force, causing soft-deformation, with constant force."
/home/mdxuser/Genesis/main/data/picked_up_4/upsampled/CoQ10_Elastic_soft_upsampled.csv,2430,"End-effector steadying the object, maintaining a stable hold, using cushioned pressure, causing soft-deformation."
/home/mdxuser/Genesis/main/data/picked_up_4/upsampled/CoQ10_Elastic_soft_upsampled.csv,2700,The object has been dropped.
/home/mdxuser/Genesis/main/data/picked_up_4/upsampled/3D_Dollhouse_Sofa_Elastic_hard_upsampled.csv,0,"End-effector advancing towards item, to begin the task."
/home/mdxuser/Genesis/main/data/picked_up_4/upsampled/3D_Dollhouse_Sofa_Elastic_hard_upsampled.csv,270,"Fingers clamping the object, using heavy force, causing strong-resistance, with rising force."
/home/mdxuser/Genesis/main/data/picked_up_4/upsampled/3D_Dollhouse_Sofa_Elastic_hard_upsampled.csv,540,"End-effector continue clamping target object, using strong force, causing strong-resistance, with increasing force."
/home/mdxuser/Genesis/main/data/picked_up_4/upsampled/3D_Dollhouse_Sofa_Elastic_hard_upsampled.csv,810,"Gripping mechanism picking up item, using intense pressure, causing substantial-yielding, with increasing force."
/home/mdxuser/Genesis/main/data/picked_up_4/upsampled/3D_Dollhouse_Sofa_Elastic_hard_upsampled.csv,1080,"Gripping mechanism turning the object, by an angle of 30.0 degrees, using strong contact, causing significant-compression, with unchanging force."
/home/mdxuser/Genesis/main/data/picked_up_4/upsampled/3D_Dollhouse_Sofa_Elastic_hard_upsampled.csv,1350,"Gripper continue twisting item, by an angle of 30.0 degrees, using heavy force, causing hard-deformation, with constant force."
/home/mdxuser/Genesis/main/data/picked_up_4/upsampled/3D_Dollhouse_Sofa_Elastic_hard_upsampled.csv,1620,"Fingers maintaining hold of the object, maintaining a stable hold, using strong contact, causing significant-compression."
/home/mdxuser/Genesis/main/data/picked_up_4/upsampled/3D_Dollhouse_Sofa_Elastic_hard_upsampled.csv,1890,Target object has been let go of.
/home/mdxuser/Genesis/main/data/picked_up_4/upsampled/3D_Dollhouse_Sofa_Elastic_hard_upsampled.csv,2160,The object has been released.
/home/mdxuser/Genesis/main/data/picked_up_4/upsampled/3D_Dollhouse_Sofa_Elastic_hard_upsampled.csv,2430,The object has been dropped.
/home/mdxuser/Genesis/main/data/picked_up_4/upsampled/3D_Dollhouse_Sofa_Elastic_hard_upsampled.csv,2700,Target object has been dropped.
/home/mdxuser/Genesis/main/data/picked_up_4/upsampled/Circo_Fish_Toothbrush_Holder_14995988_Elastic_medium_upsampled.csv,0,"Gripper approaching towards item, to begin the task."
/home/mdxuser/Genesis/main/data/picked_up_4/upsampled/Circo_Fish_Toothbrush_Holder_14995988_Elastic_medium_upsampled.csv,270,"Fingers gripping the object, using controlled pressure, causing firm-contact, with rising force."
/home/mdxuser/Genesis/main/data/picked_up_4/upsampled/Circo_Fish_Toothbrush_Holder_14995988_Elastic_medium_upsampled.csv,540,"Fingers continue gripping the object, using moderate force, causing controlled-yielding, with rising force."
/home/mdxuser/Genesis/main/data/picked_up_4/upsampled/Circo_Fish_Toothbrush_Holder_14995988_Elastic_medium_upsampled.csv,810,"Fingers lifting target object, using steady force, causing medium-deformation, with growing pressure."
/home/mdxuser/Genesis/main/data/picked_up_4/upsampled/Circo_Fish_Toothbrush_Holder_14995988_Elastic_medium_upsampled.csv,1080,"Gripping mechanism turning item, by an angle of 45.0 degrees, using moderate force, causing controlled-yielding, with constant force."
/home/mdxuser/Genesis/main/data/picked_up_4/upsampled/Circo_Fish_Toothbrush_Holder_14995988_Elastic_medium_upsampled.csv,1350,"Gripping mechanism continue turning target object, by an angle of 45.0 degrees, using firm contact, causing steady-resistance, with steady pressure."
/home/mdxuser/Genesis/main/data/picked_up_4/upsampled/Circo_Fish_Toothbrush_Holder_14995988_Elastic_medium_upsampled.csv,1620,"End-effector steadying target object, maintaining a stable hold, using controlled pressure, causing firm-contact."
/home/mdxuser/Genesis/main/data/picked_up_4/upsampled/Circo_Fish_Toothbrush_Holder_14995988_Elastic_medium_upsampled.csv,1890,"Gripping mechanism twisting target object, by an angle of 30.0 degrees, using moderate force, causing controlled-yielding, with constant force."
/home/mdxuser/Genesis/main/data/picked_up_4/upsampled/Circo_Fish_Toothbrush_Holder_14995988_Elastic_medium_upsampled.csv,2160,"Gripping mechanism continue twisting target object, by an angle of 30.0 degrees, using firm contact, causing steady-resistance, with unchanging force."
/home/mdxuser/Genesis/main/data/picked_up_4/upsampled/Circo_Fish_Toothbrush_Holder_14995988_Elastic_medium_upsampled.csv,2430,Target object has been released.
/home/mdxuser/Genesis/main/data/picked_up_4/upsampled/Circo_Fish_Toothbrush_Holder_14995988_Elastic_medium_upsampled.csv,2700,Item has been let go of.
/home/mdxuser/Genesis/main/data/picked_up_4/upsampled/JarroDophilusFOS_Value_Size_Elastic_soft_upsampled.csv,0,"Fingers aligning towards item, to begin the task."
/home/mdxuser/Genesis/main/data/picked_up_4/upsampled/JarroDophilusFOS_Value_Size_Elastic_soft_upsampled.csv,270,"Gripping mechanism capturing item, using soft contact, causing cushioned-contact, with rising force."
/home/mdxuser/Genesis/main/data/picked_up_4/upsampled/JarroDophilusFOS_Value_Size_Elastic_soft_upsampled.csv,540,"Gripper continue capturing target object, using cushioned pressure, causing soft-deformation, with rising force."
/home/mdxuser/Genesis/main/data/picked_up_4/upsampled/JarroDophilusFOS_Value_Size_Elastic_soft_upsampled.csv,810,"Gripper picking up item, using minimal force, causing cushioned-contact, with rising force."
/home/mdxuser/Genesis/main/data/picked_up_4/upsampled/JarroDophilusFOS_Value_Size_Elastic_soft_upsampled.csv,1080,"Fingers turning the object, by an angle of 45.0 degrees, using cushioned pressure, causing soft-deformation, with steady pressure."
/home/mdxuser/Genesis/main/data/picked_up_4/upsampled/JarroDophilusFOS_Value_Size_Elastic_soft_upsampled.csv,1350,"Gripping mechanism pausing motion of item, maintaining a stable hold, using gentle force, causing cushioned-contact."
/home/mdxuser/Genesis/main/data/picked_up_4/upsampled/JarroDophilusFOS_Value_Size_Elastic_soft_upsampled.csv,1620,"Gripper continue pausing motion of the object, maintaining a stable hold, using gentle force, causing minimal-resistance."
/home/mdxuser/Genesis/main/data/picked_up_4/upsampled/JarroDophilusFOS_Value_Size_Elastic_soft_upsampled.csv,1890,"Gripper rotating item, by an angle of 45.0 degrees, using soft contact, causing soft-deformation, with steady pressure."
/home/mdxuser/Genesis/main/data/picked_up_4/upsampled/JarroDophilusFOS_Value_Size_Elastic_soft_upsampled.csv,2160,"Gripping mechanism steadying target object, maintaining a stable hold, using cushioned pressure, causing gentle-compression."
/home/mdxuser/Genesis/main/data/picked_up_4/upsampled/JarroDophilusFOS_Value_Size_Elastic_soft_upsampled.csv,2430,"Gripping mechanism continue maintaining hold of target object, maintaining a stable hold, using cushioned pressure, causing gentle-compression."
/home/mdxuser/Genesis/main/data/picked_up_4/upsampled/JarroDophilusFOS_Value_Size_Elastic_soft_upsampled.csv,2700,The object has been let go of.
/home/mdxuser/Genesis/main/data/picked_up_4/upsampled/3D_Dollhouse_Sink_Elastic_hard_upsampled.csv,0,"Fingers positioning towards target object, to begin the task."
/home/mdxuser/Genesis/main/data/picked_up_4/upsampled/3D_Dollhouse_Sink_Elastic_hard_upsampled.csv,270,"End-effector clasping target object, using heavy force, causing firm-yielding, with increasing force."
/home/mdxuser/Genesis/main/data/picked_up_4/upsampled/3D_Dollhouse_Sink_Elastic_hard_upsampled.csv,540,"Gripper continue squeezing target object, using firm pressure, causing rigid-contact, with rising force."
/home/mdxuser/Genesis/main/data/picked_up_4/upsampled/3D_Dollhouse_Sink_Elastic_hard_upsampled.csv,810,"End-effector elevating target object, using firm pressure, causing significant-compression, with increasing force."
/home/mdxuser/Genesis/main/data/picked_up_4/upsampled/3D_Dollhouse_Sink_Elastic_hard_upsampled.csv,1080,"Fingers rotating the object, by an angle of 45.0 degrees, using significant force, causing substantial-yielding, with unchanging force."
/home/mdxuser/Genesis/main/data/picked_up_4/upsampled/3D_Dollhouse_Sink_Elastic_hard_upsampled.csv,1350,"End-effector continue twisting the object, by an angle of 45.0 degrees, using significant force, causing hard-deformation, with steady pressure."
/home/mdxuser/Genesis/main/data/picked_up_4/upsampled/3D_Dollhouse_Sink_Elastic_hard_upsampled.csv,1620,"End-effector steadying item, maintaining a stable hold, using strong force, causing hard-deformation."
/home/mdxuser/Genesis/main/data/picked_up_4/upsampled/3D_Dollhouse_Sink_Elastic_hard_upsampled.csv,1890,"Gripping mechanism twisting item, by an angle of 30.0 degrees, using heavy force, causing hard-deformation, with steady pressure."
/home/mdxuser/Genesis/main/data/picked_up_4/upsampled/3D_Dollhouse_Sink_Elastic_hard_upsampled.csv,2160,"End-effector continue rotating the object, by an angle of 30.0 degrees, using firm pressure, causing firm-yielding, with steady pressure."
/home/mdxuser/Genesis/main/data/picked_up_4/upsampled/3D_Dollhouse_Sink_Elastic_hard_upsampled.csv,2430,"Gripper pausing motion of item, maintaining a stable hold, using heavy force, causing hard-deformation."
/home/mdxuser/Genesis/main/data/picked_up_4/upsampled/3D_Dollhouse_Sink_Elastic_hard_upsampled.csv,2700,The object has been let go of.
/home/mdxuser/Genesis/main/data/picked_up_4/upsampled/ASICS_GELLinksmaster_WhiteSilverCarolina_Blue_Elastic_hard_upsampled.csv,0,"Gripper starting movement towards the object, to begin the task."
/home/mdxuser/Genesis/main/data/picked_up_4/upsampled/ASICS_GELLinksmaster_WhiteSilverCarolina_Blue_Elastic_hard_upsampled.csv,270,"Fingers gripping item, using strong contact, causing rigid-contact, with increasing force."
/home/mdxuser/Genesis/main/data/picked_up_4/upsampled/ASICS_GELLinksmaster_WhiteSilverCarolina_Blue_Elastic_hard_upsampled.csv,540,"Gripping mechanism continue clasping target object, using strong contact, causing rigid-contact, with growing pressure."
/home/mdxuser/Genesis/main/data/picked_up_4/upsampled/ASICS_GELLinksmaster_WhiteSilverCarolina_Blue_Elastic_hard_upsampled.csv,810,"Gripping mechanism elevating item, using significant force, causing firm-yielding, with growing pressure."
/home/mdxuser/Genesis/main/data/picked_up_4/upsampled/ASICS_GELLinksmaster_WhiteSilverCarolina_Blue_Elastic_hard_upsampled.csv,1080,"Gripping mechanism rotating the object, by an angle of 30.0 degrees, using significant force, causing firm-yielding, with constant force."
/home/mdxuser/Genesis/main/data/picked_up_4/upsampled/ASICS_GELLinksmaster_WhiteSilverCarolina_Blue_Elastic_hard_upsampled.csv,1350,"Fingers continue rotating item, by an angle of 30.0 degrees, using heavy force, causing rigid-contact, with steady pressure."
/home/mdxuser/Genesis/main/data/picked_up_4/upsampled/ASICS_GELLinksmaster_WhiteSilverCarolina_Blue_Elastic_hard_upsampled.csv,1620,"Gripper steadying the object, maintaining a stable hold, using strong force, causing firm-yielding."
/home/mdxuser/Genesis/main/data/picked_up_4/upsampled/ASICS_GELLinksmaster_WhiteSilverCarolina_Blue_Elastic_hard_upsampled.csv,1890,"End-effector twisting item, by an angle of 45.0 degrees, using intense pressure, causing firm-yielding, with unchanging force."
/home/mdxuser/Genesis/main/data/picked_up_4/upsampled/ASICS_GELLinksmaster_WhiteSilverCarolina_Blue_Elastic_hard_upsampled.csv,2160,Item has been dropped.
/home/mdxuser/Genesis/main/data/picked_up_4/upsampled/ASICS_GELLinksmaster_WhiteSilverCarolina_Blue_Elastic_hard_upsampled.csv,2430,Item has been dropped.
/home/mdxuser/Genesis/main/data/picked_up_4/upsampled/ASICS_GELLinksmaster_WhiteSilverCarolina_Blue_Elastic_hard_upsampled.csv,2700,Target object has been dropped.
/home/mdxuser/Genesis/main/data/picked_up_4/upsampled/Office_Depot_Dell_Series_1_Remanufactured_Ink_Cartridge_TriColor_Elastic_soft_upsampled.csv,0,"Gripping mechanism preparing towards the object, to begin the task."
/home/mdxuser/Genesis/main/data/picked_up_4/upsampled/Office_Depot_Dell_Series_1_Remanufactured_Ink_Cartridge_TriColor_Elastic_soft_upsampled.csv,270,"Gripping mechanism gripping target object, using gentle force, causing slight-yielding, with rising force."
/home/mdxuser/Genesis/main/data/picked_up_4/upsampled/Office_Depot_Dell_Series_1_Remanufactured_Ink_Cartridge_TriColor_Elastic_soft_upsampled.csv,540,"Gripping mechanism continue squeezing item, using cushioned pressure, causing slight-yielding, with rising force."
/home/mdxuser/Genesis/main/data/picked_up_4/upsampled/Office_Depot_Dell_Series_1_Remanufactured_Ink_Cartridge_TriColor_Elastic_soft_upsampled.csv,810,"End-effector lifting item, using soft contact, causing lightly-yielding, with increasing force."
/home/mdxuser/Genesis/main/data/picked_up_4/upsampled/Office_Depot_Dell_Series_1_Remanufactured_Ink_Cartridge_TriColor_Elastic_soft_upsampled.csv,1080,"Gripping mechanism rotating target object, by an angle of 30.0 degrees, using subtle force, causing soft-deformation, with steady pressure."
/home/mdxuser/Genesis/main/data/picked_up_4/upsampled/Office_Depot_Dell_Series_1_Remanufactured_Ink_Cartridge_TriColor_Elastic_soft_upsampled.csv,1350,"End-effector continue twisting target object, by an angle of 30.0 degrees, using gentle force, causing soft-deformation, with unchanging force."
/home/mdxuser/Genesis/main/data/picked_up_4/upsampled/Office_Depot_Dell_Series_1_Remanufactured_Ink_Cartridge_TriColor_Elastic_soft_upsampled.csv,1620,"Fingers pausing motion of target object, maintaining a stable hold, using subtle force, causing gentle-compression."
/home/mdxuser/Genesis/main/data/picked_up_4/upsampled/Office_Depot_Dell_Series_1_Remanufactured_Ink_Cartridge_TriColor_Elastic_soft_upsampled.csv,1890,The object has been let go of.
/home/mdxuser/Genesis/main/data/picked_up_4/upsampled/Office_Depot_Dell_Series_1_Remanufactured_Ink_Cartridge_TriColor_Elastic_soft_upsampled.csv,2160,Item has been let go of.
/home/mdxuser/Genesis/main/data/picked_up_4/upsampled/Office_Depot_Dell_Series_1_Remanufactured_Ink_Cartridge_TriColor_Elastic_soft_upsampled.csv,2430,Target object has been let go of.
/home/mdxuser/Genesis/main/data/picked_up_4/upsampled/Office_Depot_Dell_Series_1_Remanufactured_Ink_Cartridge_TriColor_Elastic_soft_upsampled.csv,2700,The object has been released.
/home/mdxuser/Genesis/main/data/picked_up_4/upsampled/Don_Franciscos_Gourmet_Coffee_Medium_Decaf_100_Colombian_12_oz_340_g_Elastic_medium_upsampled.csv,0,"Gripping mechanism initiating towards the object, to begin the task."
/home/mdxuser/Genesis/main/data/picked_up_4/upsampled/Don_Franciscos_Gourmet_Coffee_Medium_Decaf_100_Colombian_12_oz_340_g_Elastic_medium_upsampled.csv,270,"Fingers holding the object, using balanced pressure, causing medium-deformation, with increasing force."
/home/mdxuser/Genesis/main/data/picked_up_4/upsampled/Don_Franciscos_Gourmet_Coffee_Medium_Decaf_100_Colombian_12_oz_340_g_Elastic_medium_upsampled.csv,540,"Fingers continue gripping target object, using moderate force, causing firm-contact, with growing pressure."
/home/mdxuser/Genesis/main/data/picked_up_4/upsampled/Don_Franciscos_Gourmet_Coffee_Medium_Decaf_100_Colombian_12_oz_340_g_Elastic_medium_upsampled.csv,810,"Fingers elevating the object, using moderate force, causing firm-contact, with increasing force."
/home/mdxuser/Genesis/main/data/picked_up_4/upsampled/Don_Franciscos_Gourmet_Coffee_Medium_Decaf_100_Colombian_12_oz_340_g_Elastic_medium_upsampled.csv,1080,"End-effector turning target object, by an angle of 45.0 degrees, using controlled pressure, causing steady-resistance, with steady pressure."
/home/mdxuser/Genesis/main/data/picked_up_4/upsampled/Don_Franciscos_Gourmet_Coffee_Medium_Decaf_100_Colombian_12_oz_340_g_Elastic_medium_upsampled.csv,1350,"Gripping mechanism maintaining hold of the object, maintaining a stable hold, using steady force, causing medium-deformation."
/home/mdxuser/Genesis/main/data/picked_up_4/upsampled/Don_Franciscos_Gourmet_Coffee_Medium_Decaf_100_Colombian_12_oz_340_g_Elastic_medium_upsampled.csv,1620,"Gripper continue holding position of item, maintaining a stable hold, using firm contact, causing firm-contact."
/home/mdxuser/Genesis/main/data/picked_up_4/upsampled/Don_Franciscos_Gourmet_Coffee_Medium_Decaf_100_Colombian_12_oz_340_g_Elastic_medium_upsampled.csv,1890,"Gripping mechanism turning target object, by an angle of 45.0 degrees, using controlled pressure, causing controlled-yielding, with unchanging force."
/home/mdxuser/Genesis/main/data/picked_up_4/upsampled/Don_Franciscos_Gourmet_Coffee_Medium_Decaf_100_Colombian_12_oz_340_g_Elastic_medium_upsampled.csv,2160,"Fingers continue rotating target object, by an angle of 45.0 degrees, using moderate force, causing moderate-compression, with constant force."
/home/mdxuser/Genesis/main/data/picked_up_4/upsampled/Don_Franciscos_Gourmet_Coffee_Medium_Decaf_100_Colombian_12_oz_340_g_Elastic_medium_upsampled.csv,2430,"Fingers pausing motion of target object, maintaining a stable hold, using firm contact, causing steady-resistance."
/home/mdxuser/Genesis/main/data/picked_up_4/upsampled/Don_Franciscos_Gourmet_Coffee_Medium_Decaf_100_Colombian_12_oz_340_g_Elastic_medium_upsampled.csv,2700,"End-effector decelerating motion of the object, using contactless method, causing form-conservation."
/home/mdxuser/Genesis/main/data/picked_up_4/upsampled/BIRD_RATTLE_Elastic_hard_upsampled.csv,0,"End-effector advancing towards the object, to begin the task."
/home/mdxuser/Genesis/main/data/picked_up_4/upsampled/BIRD_RATTLE_Elastic_hard_upsampled.csv,270,"Gripping mechanism gripping target object, using intense pressure, causing hard-deformation, with rising force."
/home/mdxuser/Genesis/main/data/picked_up_4/upsampled/BIRD_RATTLE_Elastic_hard_upsampled.csv,540,"End-effector elevating item, using significant force, causing substantial-yielding, with rising force."
/home/mdxuser/Genesis/main/data/picked_up_4/upsampled/BIRD_RATTLE_Elastic_hard_upsampled.csv,810,"Gripper rotating the object, by an angle of 45.0 degrees, using intense pressure, causing hard-deformation, with unchanging force."
/home/mdxuser/Genesis/main/data/picked_up_4/upsampled/BIRD_RATTLE_Elastic_hard_upsampled.csv,1080,Item has been released.
/home/mdxuser/Genesis/main/data/picked_up_4/upsampled/BIRD_RATTLE_Elastic_hard_upsampled.csv,1350,The object has been released.
/home/mdxuser/Genesis/main/data/picked_up_4/upsampled/BIRD_RATTLE_Elastic_hard_upsampled.csv,1620,The object has been dropped.
/home/mdxuser/Genesis/main/data/picked_up_4/upsampled/BIRD_RATTLE_Elastic_hard_upsampled.csv,1890,Item has been released.
/home/mdxuser/Genesis/main/data/picked_up_4/upsampled/BIRD_RATTLE_Elastic_hard_upsampled.csv,2160,The object has been let go of.
/home/mdxuser/Genesis/main/data/picked_up_4/upsampled/BIRD_RATTLE_Elastic_hard_upsampled.csv,2430,Item has been let go of.
/home/mdxuser/Genesis/main/data/picked_up_4/upsampled/BRAILLE_ALPHABET_AZ_Elastic_soft_upsampled.csv,0,"Fingers aligning towards item, to begin the task."
/home/mdxuser/Genesis/main/data/picked_up_4/upsampled/BRAILLE_ALPHABET_AZ_Elastic_soft_upsampled.csv,270,"End-effector securing the object, using slight force, causing soft-deformation, with increasing force."
/home/mdxuser/Genesis/main/data/picked_up_4/upsampled/BRAILLE_ALPHABET_AZ_Elastic_soft_upsampled.csv,540,"Gripping mechanism raising target object, using minimal force, causing lightly-yielding, with increasing force."
/home/mdxuser/Genesis/main/data/picked_up_4/upsampled/BRAILLE_ALPHABET_AZ_Elastic_soft_upsampled.csv,810,"End-effector turning item, by an angle of 30.0 degrees, using minimal force, causing cushioned-contact, with constant force."
/home/mdxuser/Genesis/main/data/picked_up_4/upsampled/BRAILLE_ALPHABET_AZ_Elastic_soft_upsampled.csv,1080,"Gripper continue turning item, by an angle of 30.0 degrees, using gentle force, causing slight-yielding, with steady pressure."
/home/mdxuser/Genesis/main/data/picked_up_4/upsampled/BRAILLE_ALPHABET_AZ_Elastic_soft_upsampled.csv,1350,Item has been let go of.
/home/mdxuser/Genesis/main/data/picked_up_4/upsampled/BRAILLE_ALPHABET_AZ_Elastic_soft_upsampled.csv,1620,Target object has been dropped.
/home/mdxuser/Genesis/main/data/picked_up_4/upsampled/BRAILLE_ALPHABET_AZ_Elastic_soft_upsampled.csv,1890,Item has been dropped.
/home/mdxuser/Genesis/main/data/picked_up_4/upsampled/BRAILLE_ALPHABET_AZ_Elastic_soft_upsampled.csv,2160,The object has been dropped.
/home/mdxuser/Genesis/main/data/picked_up_4/upsampled/BRAILLE_ALPHABET_AZ_Elastic_soft_upsampled.csv,2430,Target object has been dropped.
/home/mdxuser/Genesis/main/data/picked_up_4/upsampled/Granimals_20_Wooden_ABC_Blocks_Wagon_g2TinmUGGHI_Elastic_soft_upsampled.csv,0,"Gripper starting movement towards the object, to begin the task."
/home/mdxuser/Genesis/main/data/picked_up_4/upsampled/Granimals_20_Wooden_ABC_Blocks_Wagon_g2TinmUGGHI_Elastic_soft_upsampled.csv,270,"Gripping mechanism pinching item, using soft contact, causing slight-yielding, with rising force."
/home/mdxuser/Genesis/main/data/picked_up_4/upsampled/Granimals_20_Wooden_ABC_Blocks_Wagon_g2TinmUGGHI_Elastic_soft_upsampled.csv,540,"Fingers continue clasping target object, using minimal force, causing lightly-yielding, with increasing force."
/home/mdxuser/Genesis/main/data/picked_up_4/upsampled/Granimals_20_Wooden_ABC_Blocks_Wagon_g2TinmUGGHI_Elastic_soft_upsampled.csv,810,"End-effector raising the object, using gentle force, causing lightly-yielding, with increasing force."
/home/mdxuser/Genesis/main/data/picked_up_4/upsampled/Granimals_20_Wooden_ABC_Blocks_Wagon_g2TinmUGGHI_Elastic_soft_upsampled.csv,1080,"Gripper turning target object, by an angle of 45.0 degrees, using light pressure, causing minimal-resistance, with unchanging force."
/home/mdxuser/Genesis/main/data/picked_up_4/upsampled/Granimals_20_Wooden_ABC_Blocks_Wagon_g2TinmUGGHI_Elastic_soft_upsampled.csv,1350,"End-effector maintaining hold of the object, maintaining a stable hold, using slight force, causing minimal-resistance."
/home/mdxuser/Genesis/main/data/picked_up_4/upsampled/Granimals_20_Wooden_ABC_Blocks_Wagon_g2TinmUGGHI_Elastic_soft_upsampled.csv,1620,"End-effector continue holding position of the object, maintaining a stable hold, using gentle force, causing cushioned-contact."
/home/mdxuser/Genesis/main/data/picked_up_4/upsampled/Granimals_20_Wooden_ABC_Blocks_Wagon_g2TinmUGGHI_Elastic_soft_upsampled.csv,1890,"Gripping mechanism rotating target object, by an angle of 30.0 degrees, using soft contact, causing soft-deformation, with constant force."
/home/mdxuser/Genesis/main/data/picked_up_4/upsampled/Granimals_20_Wooden_ABC_Blocks_Wagon_g2TinmUGGHI_Elastic_soft_upsampled.csv,2160,"End-effector continue rotating item, by an angle of 30.0 degrees, using subtle force, causing slight-yielding, with constant force."
/home/mdxuser/Genesis/main/data/picked_up_4/upsampled/Granimals_20_Wooden_ABC_Blocks_Wagon_g2TinmUGGHI_Elastic_soft_upsampled.csv,2430,Item has been dropped.
/home/mdxuser/Genesis/main/data/picked_up_4/upsampled/Granimals_20_Wooden_ABC_Blocks_Wagon_g2TinmUGGHI_Elastic_soft_upsampled.csv,2700,The object has been dropped.
/home/mdxuser/Genesis/main/data/picked_up_4/upsampled/CLIMACOOL_BOAT_BREEZE_IE6CyqSaDwN_Elastic_soft_upsampled.csv,0,"Gripper positioning towards the object, to begin the task."
/home/mdxuser/Genesis/main/data/picked_up_4/upsampled/CLIMACOOL_BOAT_BREEZE_IE6CyqSaDwN_Elastic_soft_upsampled.csv,270,"End-effector squeezing target object, using cushioned pressure, causing lightly-yielding, with increasing force."
/home/mdxuser/Genesis/main/data/picked_up_4/upsampled/CLIMACOOL_BOAT_BREEZE_IE6CyqSaDwN_Elastic_soft_upsampled.csv,540,"Gripping mechanism continue squeezing item, using light pressure, causing gentle-compression, with growing pressure."
/home/mdxuser/Genesis/main/data/picked_up_4/upsampled/CLIMACOOL_BOAT_BREEZE_IE6CyqSaDwN_Elastic_soft_upsampled.csv,810,"Fingers picking up the object, using gentle force, causing gentle-compression, with growing pressure."
/home/mdxuser/Genesis/main/data/picked_up_4/upsampled/CLIMACOOL_BOAT_BREEZE_IE6CyqSaDwN_Elastic_soft_upsampled.csv,1080,"Fingers rotating item, by an angle of 45.0 degrees, using light pressure, causing soft-deformation, with constant force."
/home/mdxuser/Genesis/main/data/picked_up_4/upsampled/CLIMACOOL_BOAT_BREEZE_IE6CyqSaDwN_Elastic_soft_upsampled.csv,1350,"Gripping mechanism continue rotating item, by an angle of 45.0 degrees, using gentle force, causing slight-yielding, with unchanging force."
/home/mdxuser/Genesis/main/data/picked_up_4/upsampled/CLIMACOOL_BOAT_BREEZE_IE6CyqSaDwN_Elastic_soft_upsampled.csv,1620,The object has been let go of.
/home/mdxuser/Genesis/main/data/picked_up_4/upsampled/CLIMACOOL_BOAT_BREEZE_IE6CyqSaDwN_Elastic_soft_upsampled.csv,1890,Item has been let go of.
/home/mdxuser/Genesis/main/data/picked_up_4/upsampled/CLIMACOOL_BOAT_BREEZE_IE6CyqSaDwN_Elastic_soft_upsampled.csv,2160,The object has been let go of.
/home/mdxuser/Genesis/main/data/picked_up_4/upsampled/CLIMACOOL_BOAT_BREEZE_IE6CyqSaDwN_Elastic_soft_upsampled.csv,2430,Target object has been let go of.
/home/mdxuser/Genesis/main/data/picked_up_4/upsampled/CLIMACOOL_BOAT_BREEZE_IE6CyqSaDwN_Elastic_soft_upsampled.csv,2700,The object has been dropped.
/home/mdxuser/Genesis/main/data/picked_up_4/upsampled/Asus_80211ac_DualBand_Gigabit_Wireless_Router_RTAC68R_Elastic_hard_upsampled.csv,0,"Gripper preparing towards item, to begin the task."
/home/mdxuser/Genesis/main/data/picked_up_4/upsampled/Asus_80211ac_DualBand_Gigabit_Wireless_Router_RTAC68R_Elastic_hard_upsampled.csv,270,"End-effector squeezing target object, using heavy force, causing firm-yielding, with rising force."
/home/mdxuser/Genesis/main/data/picked_up_4/upsampled/Asus_80211ac_DualBand_Gigabit_Wireless_Router_RTAC68R_Elastic_hard_upsampled.csv,540,"Fingers continue gripping the object, using strong contact, causing rigid-contact, with increasing force."
/home/mdxuser/Genesis/main/data/picked_up_4/upsampled/Asus_80211ac_DualBand_Gigabit_Wireless_Router_RTAC68R_Elastic_hard_upsampled.csv,810,"Gripper picking up target object, using firm pressure, causing significant-compression, with growing pressure."
/home/mdxuser/Genesis/main/data/picked_up_4/upsampled/Asus_80211ac_DualBand_Gigabit_Wireless_Router_RTAC68R_Elastic_hard_upsampled.csv,1080,"Gripping mechanism rotating the object, by an angle of 45.0 degrees, using significant force, causing substantial-yielding, with steady pressure."
/home/mdxuser/Genesis/main/data/picked_up_4/upsampled/Asus_80211ac_DualBand_Gigabit_Wireless_Router_RTAC68R_Elastic_hard_upsampled.csv,1350,"End-effector continue twisting item, by an angle of 45.0 degrees, using intense pressure, causing firm-yielding, with unchanging force."
/home/mdxuser/Genesis/main/data/picked_up_4/upsampled/Asus_80211ac_DualBand_Gigabit_Wireless_Router_RTAC68R_Elastic_hard_upsampled.csv,1620,Item has been dropped.
/home/mdxuser/Genesis/main/data/picked_up_4/upsampled/Asus_80211ac_DualBand_Gigabit_Wireless_Router_RTAC68R_Elastic_hard_upsampled.csv,1890,Item has been dropped.
/home/mdxuser/Genesis/main/data/picked_up_4/upsampled/Asus_80211ac_DualBand_Gigabit_Wireless_Router_RTAC68R_Elastic_hard_upsampled.csv,2160,Item has been released.
/home/mdxuser/Genesis/main/data/picked_up_4/upsampled/Asus_80211ac_DualBand_Gigabit_Wireless_Router_RTAC68R_Elastic_hard_upsampled.csv,2430,Target object has been released.
/home/mdxuser/Genesis/main/data/picked_up_4/upsampled/Asus_80211ac_DualBand_Gigabit_Wireless_Router_RTAC68R_Elastic_hard_upsampled.csv,2700,Target object has been released.
/home/mdxuser/Genesis/main/data/picked_up_4/upsampled/Brisk_Iced_Tea_Lemon_12_12_fl_oz_355_ml_cans_144_fl_oz_426_lt_Elastic_medium_upsampled.csv,0,"Gripping mechanism reaching towards target object, to begin the task."
/home/mdxuser/Genesis/main/data/picked_up_4/upsampled/Brisk_Iced_Tea_Lemon_12_12_fl_oz_355_ml_cans_144_fl_oz_426_lt_Elastic_medium_upsampled.csv,270,"Gripping mechanism gripping the object, using balanced pressure, causing steady-resistance, with rising force."
/home/mdxuser/Genesis/main/data/picked_up_4/upsampled/Brisk_Iced_Tea_Lemon_12_12_fl_oz_355_ml_cans_144_fl_oz_426_lt_Elastic_medium_upsampled.csv,540,"Gripper continue clasping the object, using moderate force, causing balanced-yielding, with rising force."
/home/mdxuser/Genesis/main/data/picked_up_4/upsampled/Brisk_Iced_Tea_Lemon_12_12_fl_oz_355_ml_cans_144_fl_oz_426_lt_Elastic_medium_upsampled.csv,810,"Gripping mechanism elevating target object, using moderate force, causing firm-contact, with growing pressure."
/home/mdxuser/Genesis/main/data/picked_up_4/upsampled/Brisk_Iced_Tea_Lemon_12_12_fl_oz_355_ml_cans_144_fl_oz_426_lt_Elastic_medium_upsampled.csv,1080,"End-effector twisting target object, by an angle of 45.0 degrees, using moderate force, causing firm-contact, with steady pressure."
/home/mdxuser/Genesis/main/data/picked_up_4/upsampled/Brisk_Iced_Tea_Lemon_12_12_fl_oz_355_ml_cans_144_fl_oz_426_lt_Elastic_medium_upsampled.csv,1350,"Gripper continue rotating target object, by an angle of 45.0 degrees, using firm contact, causing firm-contact, with unchanging force."
/home/mdxuser/Genesis/main/data/picked_up_4/upsampled/Brisk_Iced_Tea_Lemon_12_12_fl_oz_355_ml_cans_144_fl_oz_426_lt_Elastic_medium_upsampled.csv,1620,Item has been released.
/home/mdxuser/Genesis/main/data/picked_up_4/upsampled/Brisk_Iced_Tea_Lemon_12_12_fl_oz_355_ml_cans_144_fl_oz_426_lt_Elastic_medium_upsampled.csv,1890,Target object has been let go of.
/home/mdxuser/Genesis/main/data/picked_up_4/upsampled/Brisk_Iced_Tea_Lemon_12_12_fl_oz_355_ml_cans_144_fl_oz_426_lt_Elastic_medium_upsampled.csv,2160,Item has been dropped.
/home/mdxuser/Genesis/main/data/picked_up_4/upsampled/Brisk_Iced_Tea_Lemon_12_12_fl_oz_355_ml_cans_144_fl_oz_426_lt_Elastic_medium_upsampled.csv,2430,Item has been dropped.
/home/mdxuser/Genesis/main/data/picked_up_4/upsampled/Brisk_Iced_Tea_Lemon_12_12_fl_oz_355_ml_cans_144_fl_oz_426_lt_Elastic_medium_upsampled.csv,2700,Target object has been dropped.
/home/mdxuser/Genesis/main/data/picked_up_4/upsampled/BAGEL_WITH_CHEESE_Elastic_hard_upsampled.csv,0,"End-effector approaching towards the object, to begin the task."
/home/mdxuser/Genesis/main/data/picked_up_4/upsampled/BAGEL_WITH_CHEESE_Elastic_hard_upsampled.csv,270,"Fingers clamping target object, using intense pressure, causing substantial-yielding, with increasing force."
/home/mdxuser/Genesis/main/data/picked_up_4/upsampled/BAGEL_WITH_CHEESE_Elastic_hard_upsampled.csv,540,"End-effector continue capturing target object, using intense pressure, causing rigid-contact, with growing pressure."
/home/mdxuser/Genesis/main/data/picked_up_4/upsampled/BAGEL_WITH_CHEESE_Elastic_hard_upsampled.csv,810,"Gripping mechanism raising target object, using intense pressure, causing substantial-yielding, with rising force."
/home/mdxuser/Genesis/main/data/picked_up_4/upsampled/BAGEL_WITH_CHEESE_Elastic_hard_upsampled.csv,1080,"End-effector rotating item, by an angle of 30.0 degrees, using firm pressure, causing significant-compression, with constant force."
/home/mdxuser/Genesis/main/data/picked_up_4/upsampled/BAGEL_WITH_CHEESE_Elastic_hard_upsampled.csv,1350,"End-effector continue twisting target object, by an angle of 30.0 degrees, using heavy force, causing strong-resistance, with unchanging force."
/home/mdxuser/Genesis/main/data/picked_up_4/upsampled/BAGEL_WITH_CHEESE_Elastic_hard_upsampled.csv,1620,Item has been released.
/home/mdxuser/Genesis/main/data/picked_up_4/upsampled/BAGEL_WITH_CHEESE_Elastic_hard_upsampled.csv,1890,The object has been let go of.
/home/mdxuser/Genesis/main/data/picked_up_4/upsampled/BAGEL_WITH_CHEESE_Elastic_hard_upsampled.csv,2160,The object has been let go of.
/home/mdxuser/Genesis/main/data/picked_up_4/upsampled/BAGEL_WITH_CHEESE_Elastic_hard_upsampled.csv,2430,Target object has been dropped.
/home/mdxuser/Genesis/main/data/picked_up_4/upsampled/BAGEL_WITH_CHEESE_Elastic_hard_upsampled.csv,2700,Item has been dropped.
/home/mdxuser/Genesis/main/data/picked_up_4/upsampled/Crayola_Washable_Sidewalk_Chalk_16_pack_wDZECiw7J6s_Elastic_medium_upsampled.csv,0,"Fingers reaching towards target object, to begin the task."
/home/mdxuser/Genesis/main/data/picked_up_4/upsampled/Crayola_Washable_Sidewalk_Chalk_16_pack_wDZECiw7J6s_Elastic_medium_upsampled.csv,270,"End-effector squeezing the object, using balanced pressure, causing steady-resistance, with increasing force."
/home/mdxuser/Genesis/main/data/picked_up_4/upsampled/Crayola_Washable_Sidewalk_Chalk_16_pack_wDZECiw7J6s_Elastic_medium_upsampled.csv,540,"End-effector continue holding item, using controlled pressure, causing firm-contact, with growing pressure."
/home/mdxuser/Genesis/main/data/picked_up_4/upsampled/Crayola_Washable_Sidewalk_Chalk_16_pack_wDZECiw7J6s_Elastic_medium_upsampled.csv,810,"End-effector picking up item, using controlled pressure, causing firm-contact, with growing pressure."
/home/mdxuser/Genesis/main/data/picked_up_4/upsampled/Crayola_Washable_Sidewalk_Chalk_16_pack_wDZECiw7J6s_Elastic_medium_upsampled.csv,1080,"Gripping mechanism twisting item, by an angle of 30.0 degrees, using controlled pressure, causing balanced-yielding, with constant force."
/home/mdxuser/Genesis/main/data/picked_up_4/upsampled/Crayola_Washable_Sidewalk_Chalk_16_pack_wDZECiw7J6s_Elastic_medium_upsampled.csv,1350,"End-effector continue twisting the object, by an angle of 30.0 degrees, using steady force, causing balanced-yielding, with constant force."
/home/mdxuser/Genesis/main/data/picked_up_4/upsampled/Crayola_Washable_Sidewalk_Chalk_16_pack_wDZECiw7J6s_Elastic_medium_upsampled.csv,1620,"Gripping mechanism maintaining hold of target object, maintaining a stable hold, using balanced pressure, causing moderate-compression."
/home/mdxuser/Genesis/main/data/picked_up_4/upsampled/Crayola_Washable_Sidewalk_Chalk_16_pack_wDZECiw7J6s_Elastic_medium_upsampled.csv,1890,"Gripping mechanism twisting the object, by an angle of 45.0 degrees, using firm contact, causing firm-contact, with unchanging force."
/home/mdxuser/Genesis/main/data/picked_up_4/upsampled/Crayola_Washable_Sidewalk_Chalk_16_pack_wDZECiw7J6s_Elastic_medium_upsampled.csv,2160,"Gripping mechanism continue rotating item, by an angle of 45.0 degrees, using moderate force, causing balanced-yielding, with steady pressure."
/home/mdxuser/Genesis/main/data/picked_up_4/upsampled/Crayola_Washable_Sidewalk_Chalk_16_pack_wDZECiw7J6s_Elastic_medium_upsampled.csv,2430,"Gripping mechanism holding position of the object, maintaining a stable hold, using firm contact, causing controlled-yielding."
/home/mdxuser/Genesis/main/data/picked_up_4/upsampled/Crayola_Washable_Sidewalk_Chalk_16_pack_wDZECiw7J6s_Elastic_medium_upsampled.csv,2700,"Gripper slowing down motion of target object, using zero-pressure, causing contactless."
/home/mdxuser/Genesis/main/data/picked_up_4/upsampled/Cole_Hardware_Antislip_Surfacing_White_2_x_60_Elastic_soft_upsampled.csv,0,"Gripping mechanism advancing towards the object, to begin the task."
/home/mdxuser/Genesis/main/data/picked_up_4/upsampled/Cole_Hardware_Antislip_Surfacing_White_2_x_60_Elastic_soft_upsampled.csv,270,"Fingers gripping item, using gentle force, causing gentle-compression, with rising force."
/home/mdxuser/Genesis/main/data/picked_up_4/upsampled/Cole_Hardware_Antislip_Surfacing_White_2_x_60_Elastic_soft_upsampled.csv,540,"End-effector continue clamping the object, using light pressure, causing gentle-compression, with increasing force."
/home/mdxuser/Genesis/main/data/picked_up_4/upsampled/Cole_Hardware_Antislip_Surfacing_White_2_x_60_Elastic_soft_upsampled.csv,810,"Fingers elevating item, using gentle force, causing cushioned-contact, with growing pressure."
/home/mdxuser/Genesis/main/data/picked_up_4/upsampled/Cole_Hardware_Antislip_Surfacing_White_2_x_60_Elastic_soft_upsampled.csv,1080,"End-effector twisting item, by an angle of 30.0 degrees, using gentle force, causing minimal-resistance, with constant force."
/home/mdxuser/Genesis/main/data/picked_up_4/upsampled/Cole_Hardware_Antislip_Surfacing_White_2_x_60_Elastic_soft_upsampled.csv,1350,"Gripping mechanism continue turning the object, by an angle of 30.0 degrees, using slight force, causing lightly-yielding, with unchanging force."
/home/mdxuser/Genesis/main/data/picked_up_4/upsampled/Cole_Hardware_Antislip_Surfacing_White_2_x_60_Elastic_soft_upsampled.csv,1620,"Gripping mechanism holding position of target object, maintaining a stable hold, using subtle force, causing lightly-yielding."
/home/mdxuser/Genesis/main/data/picked_up_4/upsampled/Cole_Hardware_Antislip_Surfacing_White_2_x_60_Elastic_soft_upsampled.csv,1890,"Fingers turning the object, by an angle of 45.0 degrees, using subtle force, causing lightly-yielding, with constant force."
/home/mdxuser/Genesis/main/data/picked_up_4/upsampled/Cole_Hardware_Antislip_Surfacing_White_2_x_60_Elastic_soft_upsampled.csv,2160,"Gripper continue turning the object, by an angle of 45.0 degrees, using minimal force, causing lightly-yielding, with constant force."
/home/mdxuser/Genesis/main/data/picked_up_4/upsampled/Cole_Hardware_Antislip_Surfacing_White_2_x_60_Elastic_soft_upsampled.csv,2430,Target object has been dropped.
/home/mdxuser/Genesis/main/data/picked_up_4/upsampled/Cole_Hardware_Antislip_Surfacing_White_2_x_60_Elastic_soft_upsampled.csv,2700,Item has been dropped.
/home/mdxuser/Genesis/main/data/picked_up_4/upsampled/Crayola_Crayons_24_count_Elastic_hard_upsampled.csv,0,"Gripping mechanism reaching towards the object, to begin the task."
/home/mdxuser/Genesis/main/data/picked_up_4/upsampled/Crayola_Crayons_24_count_Elastic_hard_upsampled.csv,270,"Gripper grasping the object, using significant force, causing rigid-contact, with increasing force."
/home/mdxuser/Genesis/main/data/picked_up_4/upsampled/Crayola_Crayons_24_count_Elastic_hard_upsampled.csv,540,"End-effector continue holding the object, using significant force, causing rigid-contact, with growing pressure."
/home/mdxuser/Genesis/main/data/picked_up_4/upsampled/Crayola_Crayons_24_count_Elastic_hard_upsampled.csv,810,"End-effector raising the object, using strong contact, causing firm-yielding, with increasing force."
/home/mdxuser/Genesis/main/data/picked_up_4/upsampled/Crayola_Crayons_24_count_Elastic_hard_upsampled.csv,1080,"Fingers twisting item, by an angle of 45.0 degrees, using strong force, causing strong-resistance, with steady pressure."
/home/mdxuser/Genesis/main/data/picked_up_4/upsampled/Crayola_Crayons_24_count_Elastic_hard_upsampled.csv,1350,"Fingers continue turning item, by an angle of 45.0 degrees, using heavy force, causing hard-deformation, with steady pressure."
/home/mdxuser/Genesis/main/data/picked_up_4/upsampled/Crayola_Crayons_24_count_Elastic_hard_upsampled.csv,1620,Item has been released.
/home/mdxuser/Genesis/main/data/picked_up_4/upsampled/Crayola_Crayons_24_count_Elastic_hard_upsampled.csv,1890,Item has been dropped.
/home/mdxuser/Genesis/main/data/picked_up_4/upsampled/Crayola_Crayons_24_count_Elastic_hard_upsampled.csv,2160,The object has been let go of.
/home/mdxuser/Genesis/main/data/picked_up_4/upsampled/Crayola_Crayons_24_count_Elastic_hard_upsampled.csv,2430,Item has been dropped.
/home/mdxuser/Genesis/main/data/picked_up_4/upsampled/Crayola_Crayons_24_count_Elastic_hard_upsampled.csv,2700,Item has been let go of.
/home/mdxuser/Genesis/main/data/picked_up_4/upsampled/Crayola_Washable_Sidewalk_Chalk_16_pack_wDZECiw7J6s_Elastic_soft_upsampled.csv,0,"Gripping mechanism preparing towards the object, to begin the task."
/home/mdxuser/Genesis/main/data/picked_up_4/upsampled/Crayola_Washable_Sidewalk_Chalk_16_pack_wDZECiw7J6s_Elastic_soft_upsampled.csv,270,"Gripping mechanism squeezing target object, using subtle force, causing gentle-compression, with rising force."
/home/mdxuser/Genesis/main/data/picked_up_4/upsampled/Crayola_Washable_Sidewalk_Chalk_16_pack_wDZECiw7J6s_Elastic_soft_upsampled.csv,540,"Gripping mechanism continue securing item, using subtle force, causing lightly-yielding, with growing pressure."
/home/mdxuser/Genesis/main/data/picked_up_4/upsampled/Crayola_Washable_Sidewalk_Chalk_16_pack_wDZECiw7J6s_Elastic_soft_upsampled.csv,810,"Gripping mechanism elevating item, using soft contact, causing slight-yielding, with growing pressure."
/home/mdxuser/Genesis/main/data/picked_up_4/upsampled/Crayola_Washable_Sidewalk_Chalk_16_pack_wDZECiw7J6s_Elastic_soft_upsampled.csv,1080,"Gripping mechanism rotating item, by an angle of 45.0 degrees, using cushioned pressure, causing soft-deformation, with steady pressure."
/home/mdxuser/Genesis/main/data/picked_up_4/upsampled/Crayola_Washable_Sidewalk_Chalk_16_pack_wDZECiw7J6s_Elastic_soft_upsampled.csv,1350,"Gripper steadying target object, maintaining a stable hold, using minimal force, causing slight-yielding."
/home/mdxuser/Genesis/main/data/picked_up_4/upsampled/Crayola_Washable_Sidewalk_Chalk_16_pack_wDZECiw7J6s_Elastic_soft_upsampled.csv,1620,"Gripper continue maintaining hold of target object, maintaining a stable hold, using gentle force, causing gentle-compression."
/home/mdxuser/Genesis/main/data/picked_up_4/upsampled/Crayola_Washable_Sidewalk_Chalk_16_pack_wDZECiw7J6s_Elastic_soft_upsampled.csv,1890,"Fingers twisting target object, by an angle of 45.0 degrees, using light pressure, causing soft-deformation, with unchanging force."
/home/mdxuser/Genesis/main/data/picked_up_4/upsampled/Crayola_Washable_Sidewalk_Chalk_16_pack_wDZECiw7J6s_Elastic_soft_upsampled.csv,2160,"Gripper holding position of the object, maintaining a stable hold, using light pressure, causing slight-yielding."
/home/mdxuser/Genesis/main/data/picked_up_4/upsampled/Crayola_Washable_Sidewalk_Chalk_16_pack_wDZECiw7J6s_Elastic_soft_upsampled.csv,2430,"Gripper continue pausing motion of item, maintaining a stable hold, using subtle force, causing soft-deformation."
/home/mdxuser/Genesis/main/data/picked_up_4/upsampled/Crayola_Washable_Sidewalk_Chalk_16_pack_wDZECiw7J6s_Elastic_soft_upsampled.csv,2700,Item has been released.
/home/mdxuser/Genesis/main/data/picked_up_4/upsampled/Pass_The_Popcorn_Movie_Guessing_Game_Elastic_hard_upsampled.csv,0,"Fingers reaching towards target object, to begin the task."
/home/mdxuser/Genesis/main/data/picked_up_4/upsampled/Pass_The_Popcorn_Movie_Guessing_Game_Elastic_hard_upsampled.csv,270,"Fingers holding the object, using strong force, causing significant-compression, with growing pressure."
/home/mdxuser/Genesis/main/data/picked_up_4/upsampled/Pass_The_Popcorn_Movie_Guessing_Game_Elastic_hard_upsampled.csv,540,"End-effector continue squeezing the object, using significant force, causing strong-resistance, with rising force."
/home/mdxuser/Genesis/main/data/picked_up_4/upsampled/Pass_The_Popcorn_Movie_Guessing_Game_Elastic_hard_upsampled.csv,810,"Fingers lifting item, using strong contact, causing firm-yielding, with rising force."
/home/mdxuser/Genesis/main/data/picked_up_4/upsampled/Pass_The_Popcorn_Movie_Guessing_Game_Elastic_hard_upsampled.csv,1080,"Fingers twisting item, by an angle of 45.0 degrees, using heavy force, causing firm-yielding, with constant force."
/home/mdxuser/Genesis/main/data/picked_up_4/upsampled/Pass_The_Popcorn_Movie_Guessing_Game_Elastic_hard_upsampled.csv,1350,"End-effector continue turning target object, by an angle of 45.0 degrees, using strong force, causing rigid-contact, with constant force."
/home/mdxuser/Genesis/main/data/picked_up_4/upsampled/Pass_The_Popcorn_Movie_Guessing_Game_Elastic_hard_upsampled.csv,1620,"End-effector maintaining hold of the object, maintaining a stable hold, using strong contact, causing substantial-yielding."
/home/mdxuser/Genesis/main/data/picked_up_4/upsampled/Pass_The_Popcorn_Movie_Guessing_Game_Elastic_hard_upsampled.csv,1890,"End-effector twisting the object, by an angle of 30.0 degrees, using strong contact, causing substantial-yielding, with constant force."
/home/mdxuser/Genesis/main/data/picked_up_4/upsampled/Pass_The_Popcorn_Movie_Guessing_Game_Elastic_hard_upsampled.csv,2160,"Gripper continue rotating target object, by an angle of 30.0 degrees, using heavy force, causing strong-resistance, with steady pressure."
/home/mdxuser/Genesis/main/data/picked_up_4/upsampled/Pass_The_Popcorn_Movie_Guessing_Game_Elastic_hard_upsampled.csv,2430,Target object has been dropped.
/home/mdxuser/Genesis/main/data/picked_up_4/upsampled/Pass_The_Popcorn_Movie_Guessing_Game_Elastic_hard_upsampled.csv,2700,Target object has been dropped.
/home/mdxuser/Genesis/main/data/picked_up_4/upsampled/Perricone_MD_No_Lipstick_Lipstick_Elastic_hard_upsampled.csv,0,"Gripping mechanism reaching towards item, to begin the task."
/home/mdxuser/Genesis/main/data/picked_up_4/upsampled/Perricone_MD_No_Lipstick_Lipstick_Elastic_hard_upsampled.csv,270,"Gripping mechanism clasping the object, using firm pressure, causing substantial-yielding, with rising force."
/home/mdxuser/Genesis/main/data/picked_up_4/upsampled/Perricone_MD_No_Lipstick_Lipstick_Elastic_hard_upsampled.csv,540,"Gripper continue clasping target object, using strong contact, causing rigid-contact, with increasing force."
/home/mdxuser/Genesis/main/data/picked_up_4/upsampled/Perricone_MD_No_Lipstick_Lipstick_Elastic_hard_upsampled.csv,810,"End-effector picking up the object, using firm pressure, causing strong-resistance, with rising force."
/home/mdxuser/Genesis/main/data/picked_up_4/upsampled/Perricone_MD_No_Lipstick_Lipstick_Elastic_hard_upsampled.csv,1080,"Fingers twisting target object, by an angle of 45.0 degrees, using strong contact, causing significant-compression, with unchanging force."
/home/mdxuser/Genesis/main/data/picked_up_4/upsampled/Perricone_MD_No_Lipstick_Lipstick_Elastic_hard_upsampled.csv,1350,"End-effector holding position of target object, maintaining a stable hold, using significant force, causing significant-compression."
/home/mdxuser/Genesis/main/data/picked_up_4/upsampled/Perricone_MD_No_Lipstick_Lipstick_Elastic_hard_upsampled.csv,1620,"Gripper continue steadying the object, maintaining a stable hold, using strong force, causing rigid-contact."
/home/mdxuser/Genesis/main/data/picked_up_4/upsampled/Perricone_MD_No_Lipstick_Lipstick_Elastic_hard_upsampled.csv,1890,"Gripping mechanism rotating target object, by an angle of 45.0 degrees, using heavy force, causing hard-deformation, with unchanging force."
/home/mdxuser/Genesis/main/data/picked_up_4/upsampled/Perricone_MD_No_Lipstick_Lipstick_Elastic_hard_upsampled.csv,2160,"Fingers continue rotating target object, by an angle of 45.0 degrees, using heavy force, causing significant-compression, with unchanging force."
/home/mdxuser/Genesis/main/data/picked_up_4/upsampled/Perricone_MD_No_Lipstick_Lipstick_Elastic_hard_upsampled.csv,2430,Target object has been dropped.
/home/mdxuser/Genesis/main/data/picked_up_4/upsampled/Perricone_MD_No_Lipstick_Lipstick_Elastic_hard_upsampled.csv,2700,The object has been released.
/home/mdxuser/Genesis/main/data/picked_up_4/upsampled/Cole_Hardware_Antislip_Surfacing_White_2_x_60_Elastic_hard_upsampled.csv,0,"End-effector initiating towards item, to begin the task."
/home/mdxuser/Genesis/main/data/picked_up_4/upsampled/Cole_Hardware_Antislip_Surfacing_White_2_x_60_Elastic_hard_upsampled.csv,270,"Gripping mechanism clamping target object, using intense pressure, causing rigid-contact, with growing pressure."
/home/mdxuser/Genesis/main/data/picked_up_4/upsampled/Cole_Hardware_Antislip_Surfacing_White_2_x_60_Elastic_hard_upsampled.csv,540,"Gripper continue holding the object, using heavy force, causing strong-resistance, with growing pressure."
/home/mdxuser/Genesis/main/data/picked_up_4/upsampled/Cole_Hardware_Antislip_Surfacing_White_2_x_60_Elastic_hard_upsampled.csv,810,"Fingers elevating the object, using strong contact, causing hard-deformation, with rising force."
/home/mdxuser/Genesis/main/data/picked_up_4/upsampled/Cole_Hardware_Antislip_Surfacing_White_2_x_60_Elastic_hard_upsampled.csv,1080,"Gripping mechanism rotating item, by an angle of 45.0 degrees, using significant force, causing strong-resistance, with unchanging force."
/home/mdxuser/Genesis/main/data/picked_up_4/upsampled/Cole_Hardware_Antislip_Surfacing_White_2_x_60_Elastic_hard_upsampled.csv,1350,"Gripper continue rotating item, by an angle of 45.0 degrees, using strong contact, causing hard-deformation, with steady pressure."
/home/mdxuser/Genesis/main/data/picked_up_4/upsampled/Cole_Hardware_Antislip_Surfacing_White_2_x_60_Elastic_hard_upsampled.csv,1620,Item has been dropped.
/home/mdxuser/Genesis/main/data/picked_up_4/upsampled/Cole_Hardware_Antislip_Surfacing_White_2_x_60_Elastic_hard_upsampled.csv,1890,The object has been dropped.
/home/mdxuser/Genesis/main/data/picked_up_4/upsampled/Cole_Hardware_Antislip_Surfacing_White_2_x_60_Elastic_hard_upsampled.csv,2160,Target object has been dropped.
/home/mdxuser/Genesis/main/data/picked_up_4/upsampled/Cole_Hardware_Antislip_Surfacing_White_2_x_60_Elastic_hard_upsampled.csv,2430,Item has been released.
/home/mdxuser/Genesis/main/data/picked_up_4/upsampled/Cole_Hardware_Antislip_Surfacing_White_2_x_60_Elastic_hard_upsampled.csv,2700,Target object has been dropped.
/home/mdxuser/Genesis/main/data/picked_up_4/upsampled/AllergenFree_JarroDophilus_Elastic_hard_upsampled.csv,0,"End-effector preparing towards the object, to begin the task."
/home/mdxuser/Genesis/main/data/picked_up_4/upsampled/AllergenFree_JarroDophilus_Elastic_hard_upsampled.csv,270,"Gripping mechanism clasping the object, using intense pressure, causing strong-resistance, with rising force."
/home/mdxuser/Genesis/main/data/picked_up_4/upsampled/AllergenFree_JarroDophilus_Elastic_hard_upsampled.csv,540,"Fingers continue capturing the object, using strong force, causing substantial-yielding, with increasing force."
/home/mdxuser/Genesis/main/data/picked_up_4/upsampled/AllergenFree_JarroDophilus_Elastic_hard_upsampled.csv,810,"Gripping mechanism picking up target object, using strong contact, causing significant-compression, with increasing force."
/home/mdxuser/Genesis/main/data/picked_up_4/upsampled/AllergenFree_JarroDophilus_Elastic_hard_upsampled.csv,1080,"Fingers turning target object, by an angle of 45.0 degrees, using heavy force, causing rigid-contact, with unchanging force."
/home/mdxuser/Genesis/main/data/picked_up_4/upsampled/AllergenFree_JarroDophilus_Elastic_hard_upsampled.csv,1350,"Gripping mechanism steadying item, maintaining a stable hold, using significant force, causing significant-compression."
/home/mdxuser/Genesis/main/data/picked_up_4/upsampled/AllergenFree_JarroDophilus_Elastic_hard_upsampled.csv,1620,"Fingers continue holding position of target object, maintaining a stable hold, using strong contact, causing rigid-contact."
/home/mdxuser/Genesis/main/data/picked_up_4/upsampled/AllergenFree_JarroDophilus_Elastic_hard_upsampled.csv,1890,"Gripper twisting target object, by an angle of 30.0 degrees, using intense pressure, causing substantial-yielding, with constant force."
/home/mdxuser/Genesis/main/data/picked_up_4/upsampled/AllergenFree_JarroDophilus_Elastic_hard_upsampled.csv,2160,"End-effector continue twisting the object, by an angle of 30.0 degrees, using strong force, causing substantial-yielding, with steady pressure."
/home/mdxuser/Genesis/main/data/picked_up_4/upsampled/AllergenFree_JarroDophilus_Elastic_hard_upsampled.csv,2430,"Fingers maintaining hold of item, maintaining a stable hold, using heavy force, causing rigid-contact."
/home/mdxuser/Genesis/main/data/picked_up_4/upsampled/AllergenFree_JarroDophilus_Elastic_hard_upsampled.csv,2700,"Fingers slowing down motion of the object, using forceless methods, causing maintaining shape."
/home/mdxuser/Genesis/main/data/picked_up_4/upsampled/ASICS_GELBlur33_20_GS_Flash_YellowHot_PunchSilver_Elastic_medium_upsampled.csv,0,"Gripping mechanism positioning towards the object, to begin the task."
/home/mdxuser/Genesis/main/data/picked_up_4/upsampled/ASICS_GELBlur33_20_GS_Flash_YellowHot_PunchSilver_Elastic_medium_upsampled.csv,270,"End-effector securing item, using moderate force, causing controlled-yielding, with increasing force."
/home/mdxuser/Genesis/main/data/picked_up_4/upsampled/ASICS_GELBlur33_20_GS_Flash_YellowHot_PunchSilver_Elastic_medium_upsampled.csv,540,"Gripping mechanism continue squeezing item, using moderate force, causing balanced-yielding, with growing pressure."
/home/mdxuser/Genesis/main/data/picked_up_4/upsampled/ASICS_GELBlur33_20_GS_Flash_YellowHot_PunchSilver_Elastic_medium_upsampled.csv,810,"Fingers picking up the object, using controlled pressure, causing medium-deformation, with rising force."
/home/mdxuser/Genesis/main/data/picked_up_4/upsampled/ASICS_GELBlur33_20_GS_Flash_YellowHot_PunchSilver_Elastic_medium_upsampled.csv,1080,"End-effector twisting the object, by an angle of 45.0 degrees, using balanced pressure, causing firm-contact, with steady pressure."
/home/mdxuser/Genesis/main/data/picked_up_4/upsampled/ASICS_GELBlur33_20_GS_Flash_YellowHot_PunchSilver_Elastic_medium_upsampled.csv,1350,"Gripper continue turning the object, by an angle of 45.0 degrees, using moderate force, causing firm-contact, with constant force."
/home/mdxuser/Genesis/main/data/picked_up_4/upsampled/ASICS_GELBlur33_20_GS_Flash_YellowHot_PunchSilver_Elastic_medium_upsampled.csv,1620,Item has been let go of.
/home/mdxuser/Genesis/main/data/picked_up_4/upsampled/ASICS_GELBlur33_20_GS_Flash_YellowHot_PunchSilver_Elastic_medium_upsampled.csv,1890,The object has been released.
/home/mdxuser/Genesis/main/data/picked_up_4/upsampled/ASICS_GELBlur33_20_GS_Flash_YellowHot_PunchSilver_Elastic_medium_upsampled.csv,2160,The object has been let go of.
/home/mdxuser/Genesis/main/data/picked_up_4/upsampled/ASICS_GELBlur33_20_GS_Flash_YellowHot_PunchSilver_Elastic_medium_upsampled.csv,2430,The object has been released.
/home/mdxuser/Genesis/main/data/picked_up_4/upsampled/ASICS_GELBlur33_20_GS_Flash_YellowHot_PunchSilver_Elastic_medium_upsampled.csv,2700,Target object has been released.
/home/mdxuser/Genesis/main/data/picked_up_4/upsampled/Perricone_MD_No_Foundation_Serum_Elastic_soft_upsampled.csv,0,"Gripping mechanism aligning towards target object, to begin the task."
/home/mdxuser/Genesis/main/data/picked_up_4/upsampled/Perricone_MD_No_Foundation_Serum_Elastic_soft_upsampled.csv,270,"Gripper gripping item, using soft contact, causing soft-deformation, with rising force."
/home/mdxuser/Genesis/main/data/picked_up_4/upsampled/Perricone_MD_No_Foundation_Serum_Elastic_soft_upsampled.csv,540,"Fingers continue holding item, using gentle force, causing soft-deformation, with growing pressure."
/home/mdxuser/Genesis/main/data/picked_up_4/upsampled/Perricone_MD_No_Foundation_Serum_Elastic_soft_upsampled.csv,810,"Gripping mechanism lifting the object, using subtle force, causing soft-deformation, with growing pressure."
/home/mdxuser/Genesis/main/data/picked_up_4/upsampled/Perricone_MD_No_Foundation_Serum_Elastic_soft_upsampled.csv,1080,"End-effector twisting item, by an angle of 45.0 degrees, using light pressure, causing minimal-resistance, with steady pressure."
/home/mdxuser/Genesis/main/data/picked_up_4/upsampled/Perricone_MD_No_Foundation_Serum_Elastic_soft_upsampled.csv,1350,"End-effector holding position of the object, maintaining a stable hold, using light pressure, causing cushioned-contact."
/home/mdxuser/Genesis/main/data/picked_up_4/upsampled/Perricone_MD_No_Foundation_Serum_Elastic_soft_upsampled.csv,1620,"Fingers continue pausing motion of item, maintaining a stable hold, using light pressure, causing lightly-yielding."
/home/mdxuser/Genesis/main/data/picked_up_4/upsampled/Perricone_MD_No_Foundation_Serum_Elastic_soft_upsampled.csv,1890,"Gripping mechanism rotating target object, by an angle of 45.0 degrees, using gentle force, causing cushioned-contact, with constant force."
/home/mdxuser/Genesis/main/data/picked_up_4/upsampled/Perricone_MD_No_Foundation_Serum_Elastic_soft_upsampled.csv,2160,"Gripping mechanism holding position of target object, maintaining a stable hold, using minimal force, causing soft-deformation."
/home/mdxuser/Genesis/main/data/picked_up_4/upsampled/Perricone_MD_No_Foundation_Serum_Elastic_soft_upsampled.csv,2430,"Gripper continue steadying item, maintaining a stable hold, using gentle force, causing minimal-resistance."
/home/mdxuser/Genesis/main/data/picked_up_4/upsampled/Perricone_MD_No_Foundation_Serum_Elastic_soft_upsampled.csv,2700,"End-effector slowing down motion of the object, using contactless method, causing shape-conservation."
/home/mdxuser/Genesis/main/data/picked_up_4/upsampled/Lactoferrin_Elastic_hard_upsampled.csv,0,"Gripping mechanism aligning towards target object, to begin the task."
/home/mdxuser/Genesis/main/data/picked_up_4/upsampled/Lactoferrin_Elastic_hard_upsampled.csv,270,"Gripping mechanism grasping the object, using strong force, causing rigid-contact, with increasing force."
/home/mdxuser/Genesis/main/data/picked_up_4/upsampled/Lactoferrin_Elastic_hard_upsampled.csv,540,"Gripper continue pinching target object, using significant force, causing hard-deformation, with rising force."
/home/mdxuser/Genesis/main/data/picked_up_4/upsampled/Lactoferrin_Elastic_hard_upsampled.csv,810,"Gripping mechanism picking up the object, using firm pressure, causing rigid-contact, with rising force."
/home/mdxuser/Genesis/main/data/picked_up_4/upsampled/Lactoferrin_Elastic_hard_upsampled.csv,1080,"End-effector rotating target object, by an angle of 30.0 degrees, using intense pressure, causing hard-deformation, with unchanging force."
/home/mdxuser/Genesis/main/data/picked_up_4/upsampled/Lactoferrin_Elastic_hard_upsampled.csv,1350,"Fingers continue rotating item, by an angle of 30.0 degrees, using heavy force, causing substantial-yielding, with unchanging force."
/home/mdxuser/Genesis/main/data/picked_up_4/upsampled/Lactoferrin_Elastic_hard_upsampled.csv,1620,"Fingers holding position of item, maintaining a stable hold, using firm pressure, causing rigid-contact."
/home/mdxuser/Genesis/main/data/picked_up_4/upsampled/Lactoferrin_Elastic_hard_upsampled.csv,1890,"Gripper rotating the object, by an angle of 30.0 degrees, using strong force, causing significant-compression, with constant force."
/home/mdxuser/Genesis/main/data/picked_up_4/upsampled/Lactoferrin_Elastic_hard_upsampled.csv,2160,"Gripper continue rotating the object, by an angle of 30.0 degrees, using firm pressure, causing substantial-yielding, with constant force."
/home/mdxuser/Genesis/main/data/picked_up_4/upsampled/Lactoferrin_Elastic_hard_upsampled.csv,2430,"Fingers pausing motion of the object, maintaining a stable hold, using heavy force, causing significant-compression."
/home/mdxuser/Genesis/main/data/picked_up_4/upsampled/Lactoferrin_Elastic_hard_upsampled.csv,2700,"Gripping mechanism decelerating motion of item, using zero-force, causing unyielding."
/home/mdxuser/Genesis/main/data/picked_up_4/upsampled/MK7_Elastic_medium_upsampled.csv,0,"Gripper positioning towards target object, to begin the task."
/home/mdxuser/Genesis/main/data/picked_up_4/upsampled/MK7_Elastic_medium_upsampled.csv,270,"Gripping mechanism grasping item, using steady force, causing medium-deformation, with increasing force."
/home/mdxuser/Genesis/main/data/picked_up_4/upsampled/MK7_Elastic_medium_upsampled.csv,540,"Gripper continue clasping target object, using firm contact, causing balanced-yielding, with increasing force."
/home/mdxuser/Genesis/main/data/picked_up_4/upsampled/MK7_Elastic_medium_upsampled.csv,810,"End-effector raising item, using balanced pressure, causing balanced-yielding, with increasing force."
/home/mdxuser/Genesis/main/data/picked_up_4/upsampled/MK7_Elastic_medium_upsampled.csv,1080,"End-effector rotating the object, by an angle of 45.0 degrees, using firm contact, causing medium-deformation, with constant force."
/home/mdxuser/Genesis/main/data/picked_up_4/upsampled/MK7_Elastic_medium_upsampled.csv,1350,"Gripper continue twisting the object, by an angle of 45.0 degrees, using balanced pressure, causing controlled-yielding, with constant force."
/home/mdxuser/Genesis/main/data/picked_up_4/upsampled/MK7_Elastic_medium_upsampled.csv,1620,"Fingers pausing motion of item, maintaining a stable hold, using balanced pressure, causing firm-contact."
/home/mdxuser/Genesis/main/data/picked_up_4/upsampled/MK7_Elastic_medium_upsampled.csv,1890,"Gripper twisting item, by an angle of 45.0 degrees, using moderate force, causing moderate-compression, with unchanging force."
/home/mdxuser/Genesis/main/data/picked_up_4/upsampled/MK7_Elastic_medium_upsampled.csv,2160,"Fingers continue rotating item, by an angle of 45.0 degrees, using moderate force, causing controlled-yielding, with steady pressure."
/home/mdxuser/Genesis/main/data/picked_up_4/upsampled/MK7_Elastic_medium_upsampled.csv,2430,"Gripper steadying item, maintaining a stable hold, using controlled pressure, causing moderate-compression."
/home/mdxuser/Genesis/main/data/picked_up_4/upsampled/MK7_Elastic_medium_upsampled.csv,2700,"Fingers slowing down motion of item, using zero-pressure, causing maintaining shape."
/home/mdxuser/Genesis/main/data/picked_up_4/upsampled/Pinwheel_Pencil_Case_Elastic_hard_upsampled.csv,0,"Gripping mechanism positioning towards the object, to begin the task."
/home/mdxuser/Genesis/main/data/picked_up_4/upsampled/Pinwheel_Pencil_Case_Elastic_hard_upsampled.csv,270,"Fingers securing target object, using intense pressure, causing hard-deformation, with rising force."
/home/mdxuser/Genesis/main/data/picked_up_4/upsampled/Pinwheel_Pencil_Case_Elastic_hard_upsampled.csv,540,"Fingers continue pinching the object, using significant force, causing firm-yielding, with increasing force."
/home/mdxuser/Genesis/main/data/picked_up_4/upsampled/Pinwheel_Pencil_Case_Elastic_hard_upsampled.csv,810,"Gripper elevating the object, using strong contact, causing rigid-contact, with increasing force."
/home/mdxuser/Genesis/main/data/picked_up_4/upsampled/Pinwheel_Pencil_Case_Elastic_hard_upsampled.csv,1080,"Gripper rotating the object, by an angle of 45.0 degrees, using strong force, causing substantial-yielding, with steady pressure."
/home/mdxuser/Genesis/main/data/picked_up_4/upsampled/Pinwheel_Pencil_Case_Elastic_hard_upsampled.csv,1350,"Gripping mechanism continue turning the object, by an angle of 45.0 degrees, using significant force, causing substantial-yielding, with steady pressure."
/home/mdxuser/Genesis/main/data/picked_up_4/upsampled/Pinwheel_Pencil_Case_Elastic_hard_upsampled.csv,1620,"Fingers steadying target object, maintaining a stable hold, using strong force, causing firm-yielding."
/home/mdxuser/Genesis/main/data/picked_up_4/upsampled/Pinwheel_Pencil_Case_Elastic_hard_upsampled.csv,1890,"Fingers twisting target object, by an angle of 45.0 degrees, using strong force, causing substantial-yielding, with constant force."
/home/mdxuser/Genesis/main/data/picked_up_4/upsampled/Pinwheel_Pencil_Case_Elastic_hard_upsampled.csv,2160,"Gripper steadying item, maintaining a stable hold, using strong contact, causing rigid-contact."
/home/mdxuser/Genesis/main/data/picked_up_4/upsampled/Pinwheel_Pencil_Case_Elastic_hard_upsampled.csv,2430,"End-effector continue holding position of the object, maintaining a stable hold, using heavy force, causing rigid-contact."
/home/mdxuser/Genesis/main/data/picked_up_4/upsampled/Pinwheel_Pencil_Case_Elastic_hard_upsampled.csv,2700,Target object has been dropped.
/home/mdxuser/Genesis/main/data/picked_up_4/upsampled/Crayola_Washable_Sidewalk_Chalk_16_pack_Elastic_hard_upsampled.csv,0,"End-effector positioning towards the object, to begin the task."
/home/mdxuser/Genesis/main/data/picked_up_4/upsampled/Crayola_Washable_Sidewalk_Chalk_16_pack_Elastic_hard_upsampled.csv,270,"Gripping mechanism squeezing target object, using heavy force, causing firm-yielding, with rising force."
/home/mdxuser/Genesis/main/data/picked_up_4/upsampled/Crayola_Washable_Sidewalk_Chalk_16_pack_Elastic_hard_upsampled.csv,540,"End-effector continue capturing target object, using firm pressure, causing hard-deformation, with increasing force."
/home/mdxuser/Genesis/main/data/picked_up_4/upsampled/Crayola_Washable_Sidewalk_Chalk_16_pack_Elastic_hard_upsampled.csv,810,"Gripper picking up item, using heavy force, causing strong-resistance, with growing pressure."
/home/mdxuser/Genesis/main/data/picked_up_4/upsampled/Crayola_Washable_Sidewalk_Chalk_16_pack_Elastic_hard_upsampled.csv,1080,"End-effector twisting target object, by an angle of 30.0 degrees, using intense pressure, causing firm-yielding, with constant force."
/home/mdxuser/Genesis/main/data/picked_up_4/upsampled/Crayola_Washable_Sidewalk_Chalk_16_pack_Elastic_hard_upsampled.csv,1350,"Gripping mechanism continue rotating item, by an angle of 30.0 degrees, using firm pressure, causing hard-deformation, with constant force."
/home/mdxuser/Genesis/main/data/picked_up_4/upsampled/Crayola_Washable_Sidewalk_Chalk_16_pack_Elastic_hard_upsampled.csv,1620,"Fingers maintaining hold of the object, maintaining a stable hold, using strong force, causing hard-deformation."
/home/mdxuser/Genesis/main/data/picked_up_4/upsampled/Crayola_Washable_Sidewalk_Chalk_16_pack_Elastic_hard_upsampled.csv,1890,"Gripper turning item, by an angle of 45.0 degrees, using heavy force, causing firm-yielding, with steady pressure."
/home/mdxuser/Genesis/main/data/picked_up_4/upsampled/Crayola_Washable_Sidewalk_Chalk_16_pack_Elastic_hard_upsampled.csv,2160,Item has been let go of.
/home/mdxuser/Genesis/main/data/picked_up_4/upsampled/Crayola_Washable_Sidewalk_Chalk_16_pack_Elastic_hard_upsampled.csv,2430,Item has been dropped.
/home/mdxuser/Genesis/main/data/picked_up_4/upsampled/Crayola_Washable_Sidewalk_Chalk_16_pack_Elastic_hard_upsampled.csv,2700,The object has been let go of.
/home/mdxuser/Genesis/main/data/picked_up_4/upsampled/Mens_Mako_Canoe_Moc_2Eye_Boat_Shoe_in_OysterTaupe_otyRrfvPMiA_Elastic_hard_upsampled.csv,0,"Gripper starting movement towards item, to begin the task."
/home/mdxuser/Genesis/main/data/picked_up_4/upsampled/Mens_Mako_Canoe_Moc_2Eye_Boat_Shoe_in_OysterTaupe_otyRrfvPMiA_Elastic_hard_upsampled.csv,270,"Fingers clasping target object, using intense pressure, causing rigid-contact, with growing pressure."
/home/mdxuser/Genesis/main/data/picked_up_4/upsampled/Mens_Mako_Canoe_Moc_2Eye_Boat_Shoe_in_OysterTaupe_otyRrfvPMiA_Elastic_hard_upsampled.csv,540,"End-effector continue clasping item, using intense pressure, causing strong-resistance, with rising force."
/home/mdxuser/Genesis/main/data/picked_up_4/upsampled/Mens_Mako_Canoe_Moc_2Eye_Boat_Shoe_in_OysterTaupe_otyRrfvPMiA_Elastic_hard_upsampled.csv,810,"Fingers elevating the object, using firm pressure, causing significant-compression, with increasing force."
/home/mdxuser/Genesis/main/data/picked_up_4/upsampled/Mens_Mako_Canoe_Moc_2Eye_Boat_Shoe_in_OysterTaupe_otyRrfvPMiA_Elastic_hard_upsampled.csv,1080,"Gripper turning item, by an angle of 30.0 degrees, using strong force, causing significant-compression, with unchanging force."
/home/mdxuser/Genesis/main/data/picked_up_4/upsampled/Mens_Mako_Canoe_Moc_2Eye_Boat_Shoe_in_OysterTaupe_otyRrfvPMiA_Elastic_hard_upsampled.csv,1350,"End-effector continue rotating target object, by an angle of 30.0 degrees, using intense pressure, causing hard-deformation, with unchanging force."
/home/mdxuser/Genesis/main/data/picked_up_4/upsampled/Mens_Mako_Canoe_Moc_2Eye_Boat_Shoe_in_OysterTaupe_otyRrfvPMiA_Elastic_hard_upsampled.csv,1620,"Fingers holding position of item, maintaining a stable hold, using firm pressure, causing substantial-yielding."
/home/mdxuser/Genesis/main/data/picked_up_4/upsampled/Mens_Mako_Canoe_Moc_2Eye_Boat_Shoe_in_OysterTaupe_otyRrfvPMiA_Elastic_hard_upsampled.csv,1890,"Gripper turning target object, by an angle of 45.0 degrees, using significant force, causing significant-compression, with constant force."
/home/mdxuser/Genesis/main/data/picked_up_4/upsampled/Mens_Mako_Canoe_Moc_2Eye_Boat_Shoe_in_OysterTaupe_otyRrfvPMiA_Elastic_hard_upsampled.csv,2160,"Fingers holding position of target object, maintaining a stable hold, using strong force, causing hard-deformation."
/home/mdxuser/Genesis/main/data/picked_up_4/upsampled/Mens_Mako_Canoe_Moc_2Eye_Boat_Shoe_in_OysterTaupe_otyRrfvPMiA_Elastic_hard_upsampled.csv,2430,"Fingers continue maintaining hold of item, maintaining a stable hold, using strong force, causing substantial-yielding."
/home/mdxuser/Genesis/main/data/picked_up_4/upsampled/Mens_Mako_Canoe_Moc_2Eye_Boat_Shoe_in_OysterTaupe_otyRrfvPMiA_Elastic_hard_upsampled.csv,2700,The object has been dropped.
/home/mdxuser/Genesis/main/data/picked_up_4/upsampled/CONE_SORTING_Elastic_soft_upsampled.csv,0,"Gripper positioning towards the object, to begin the task."
/home/mdxuser/Genesis/main/data/picked_up_4/upsampled/CONE_SORTING_Elastic_soft_upsampled.csv,270,"Gripper holding item, using soft contact, causing cushioned-contact, with rising force."
/home/mdxuser/Genesis/main/data/picked_up_4/upsampled/CONE_SORTING_Elastic_soft_upsampled.csv,540,"Gripper continue squeezing target object, using light pressure, causing cushioned-contact, with increasing force."
/home/mdxuser/Genesis/main/data/picked_up_4/upsampled/CONE_SORTING_Elastic_soft_upsampled.csv,810,"Gripping mechanism lifting target object, using minimal force, causing lightly-yielding, with increasing force."
/home/mdxuser/Genesis/main/data/picked_up_4/upsampled/CONE_SORTING_Elastic_soft_upsampled.csv,1080,"Fingers turning item, by an angle of 45.0 degrees, using gentle force, causing slight-yielding, with steady pressure."
/home/mdxuser/Genesis/main/data/picked_up_4/upsampled/CONE_SORTING_Elastic_soft_upsampled.csv,1350,Target object has been released.
/home/mdxuser/Genesis/main/data/picked_up_4/upsampled/CONE_SORTING_Elastic_soft_upsampled.csv,1620,Item has been let go of.
/home/mdxuser/Genesis/main/data/picked_up_4/upsampled/CONE_SORTING_Elastic_soft_upsampled.csv,1890,Item has been dropped.
/home/mdxuser/Genesis/main/data/picked_up_4/upsampled/CONE_SORTING_Elastic_soft_upsampled.csv,2160,Item has been dropped.
/home/mdxuser/Genesis/main/data/picked_up_4/upsampled/CONE_SORTING_Elastic_soft_upsampled.csv,2430,Target object has been let go of.
/home/mdxuser/Genesis/main/data/picked_up_4/upsampled/CONE_SORTING_Elastic_soft_upsampled.csv,2700,Target object has been let go of.
/home/mdxuser/Genesis/main/data/picked_up_4/upsampled/Animal_Crossing_New_Leaf_Nintendo_3DS_Game_Elastic_hard_upsampled.csv,0,"End-effector starting movement towards item, to begin the task."
/home/mdxuser/Genesis/main/data/picked_up_4/upsampled/Animal_Crossing_New_Leaf_Nintendo_3DS_Game_Elastic_hard_upsampled.csv,270,"End-effector securing the object, using strong contact, causing strong-resistance, with increasing force."
/home/mdxuser/Genesis/main/data/picked_up_4/upsampled/Animal_Crossing_New_Leaf_Nintendo_3DS_Game_Elastic_hard_upsampled.csv,540,"End-effector continue grasping the object, using strong contact, causing significant-compression, with growing pressure."
/home/mdxuser/Genesis/main/data/picked_up_4/upsampled/Animal_Crossing_New_Leaf_Nintendo_3DS_Game_Elastic_hard_upsampled.csv,810,"Gripping mechanism elevating the object, using firm pressure, causing firm-yielding, with increasing force."
/home/mdxuser/Genesis/main/data/picked_up_4/upsampled/Animal_Crossing_New_Leaf_Nintendo_3DS_Game_Elastic_hard_upsampled.csv,1080,"Gripping mechanism rotating target object, by an angle of 30.0 degrees, using firm pressure, causing firm-yielding, with unchanging force."
/home/mdxuser/Genesis/main/data/picked_up_4/upsampled/Animal_Crossing_New_Leaf_Nintendo_3DS_Game_Elastic_hard_upsampled.csv,1350,"Gripper continue turning target object, by an angle of 30.0 degrees, using intense pressure, causing rigid-contact, with constant force."
/home/mdxuser/Genesis/main/data/picked_up_4/upsampled/Animal_Crossing_New_Leaf_Nintendo_3DS_Game_Elastic_hard_upsampled.csv,1620,Item has been let go of.
/home/mdxuser/Genesis/main/data/picked_up_4/upsampled/Animal_Crossing_New_Leaf_Nintendo_3DS_Game_Elastic_hard_upsampled.csv,1890,The object has been let go of.
/home/mdxuser/Genesis/main/data/picked_up_4/upsampled/Animal_Crossing_New_Leaf_Nintendo_3DS_Game_Elastic_hard_upsampled.csv,2160,The object has been dropped.
/home/mdxuser/Genesis/main/data/picked_up_4/upsampled/Animal_Crossing_New_Leaf_Nintendo_3DS_Game_Elastic_hard_upsampled.csv,2430,Target object has been released.
/home/mdxuser/Genesis/main/data/picked_up_4/upsampled/Animal_Crossing_New_Leaf_Nintendo_3DS_Game_Elastic_hard_upsampled.csv,2700,Item has been dropped.
/home/mdxuser/Genesis/main/data/picked_up_4/upsampled/50_BLOCKS_Elastic_medium_upsampled.csv,0,"Gripper initiating towards the object, to begin the task."
/home/mdxuser/Genesis/main/data/picked_up_4/upsampled/50_BLOCKS_Elastic_medium_upsampled.csv,270,"End-effector clamping target object, using controlled pressure, causing controlled-yielding, with growing pressure."
/home/mdxuser/Genesis/main/data/picked_up_4/upsampled/50_BLOCKS_Elastic_medium_upsampled.csv,540,"Fingers continue gripping target object, using moderate force, causing balanced-yielding, with increasing force."
/home/mdxuser/Genesis/main/data/picked_up_4/upsampled/50_BLOCKS_Elastic_medium_upsampled.csv,810,"Fingers raising item, using moderate force, causing steady-resistance, with rising force."
/home/mdxuser/Genesis/main/data/picked_up_4/upsampled/50_BLOCKS_Elastic_medium_upsampled.csv,1080,"End-effector rotating the object, by an angle of 45.0 degrees, using moderate force, causing moderate-compression, with unchanging force."
/home/mdxuser/Genesis/main/data/picked_up_4/upsampled/50_BLOCKS_Elastic_medium_upsampled.csv,1350,"Gripping mechanism steadying item, maintaining a stable hold, using steady force, causing steady-resistance."
/home/mdxuser/Genesis/main/data/picked_up_4/upsampled/50_BLOCKS_Elastic_medium_upsampled.csv,1620,"Gripping mechanism continue holding position of the object, maintaining a stable hold, using controlled pressure, causing medium-deformation."
/home/mdxuser/Genesis/main/data/picked_up_4/upsampled/50_BLOCKS_Elastic_medium_upsampled.csv,1890,"Gripper rotating target object, by an angle of 45.0 degrees, using moderate force, causing balanced-yielding, with constant force."
/home/mdxuser/Genesis/main/data/picked_up_4/upsampled/50_BLOCKS_Elastic_medium_upsampled.csv,2160,"Fingers steadying the object, maintaining a stable hold, using moderate force, causing steady-resistance."
/home/mdxuser/Genesis/main/data/picked_up_4/upsampled/50_BLOCKS_Elastic_medium_upsampled.csv,2430,"Gripping mechanism continue maintaining hold of the object, maintaining a stable hold, using firm contact, causing moderate-compression."
/home/mdxuser/Genesis/main/data/picked_up_4/upsampled/50_BLOCKS_Elastic_medium_upsampled.csv,2700,Item has been let go of.
/home/mdxuser/Genesis/main/data/picked_up_4/upsampled/CoQ10_wSSVoxVppVD_Elastic_medium_upsampled.csv,0,"Fingers preparing towards target object, to begin the task."
/home/mdxuser/Genesis/main/data/picked_up_4/upsampled/CoQ10_wSSVoxVppVD_Elastic_medium_upsampled.csv,270,"Fingers grasping item, using moderate force, causing steady-resistance, with rising force."
/home/mdxuser/Genesis/main/data/picked_up_4/upsampled/CoQ10_wSSVoxVppVD_Elastic_medium_upsampled.csv,540,"Gripping mechanism continue squeezing item, using steady force, causing moderate-compression, with increasing force."
/home/mdxuser/Genesis/main/data/picked_up_4/upsampled/CoQ10_wSSVoxVppVD_Elastic_medium_upsampled.csv,810,"Gripper picking up item, using controlled pressure, causing moderate-compression, with rising force."
/home/mdxuser/Genesis/main/data/picked_up_4/upsampled/CoQ10_wSSVoxVppVD_Elastic_medium_upsampled.csv,1080,"Fingers turning item, by an angle of 45.0 degrees, using balanced pressure, causing controlled-yielding, with constant force."
/home/mdxuser/Genesis/main/data/picked_up_4/upsampled/CoQ10_wSSVoxVppVD_Elastic_medium_upsampled.csv,1350,"Fingers continue rotating target object, by an angle of 45.0 degrees, using steady force, causing balanced-yielding, with constant force."
/home/mdxuser/Genesis/main/data/picked_up_4/upsampled/CoQ10_wSSVoxVppVD_Elastic_medium_upsampled.csv,1620,"Gripping mechanism holding position of target object, maintaining a stable hold, using controlled pressure, causing controlled-yielding."
/home/mdxuser/Genesis/main/data/picked_up_4/upsampled/CoQ10_wSSVoxVppVD_Elastic_medium_upsampled.csv,1890,"Fingers rotating item, by an angle of 45.0 degrees, using controlled pressure, causing controlled-yielding, with constant force."
/home/mdxuser/Genesis/main/data/picked_up_4/upsampled/CoQ10_wSSVoxVppVD_Elastic_medium_upsampled.csv,2160,"Gripper pausing motion of item, maintaining a stable hold, using moderate force, causing moderate-compression."
/home/mdxuser/Genesis/main/data/picked_up_4/upsampled/CoQ10_wSSVoxVppVD_Elastic_medium_upsampled.csv,2430,"End-effector continue holding position of item, maintaining a stable hold, using balanced pressure, causing controlled-yielding."
/home/mdxuser/Genesis/main/data/picked_up_4/upsampled/CoQ10_wSSVoxVppVD_Elastic_medium_upsampled.csv,2700,"End-effector slowing down motion of the object, using zero-force, causing undeformed shape."
/home/mdxuser/Genesis/main/data/picked_up_4/upsampled/Android_Lego_Elastic_medium_upsampled.csv,0,"Fingers starting movement towards target object, to begin the task."
/home/mdxuser/Genesis/main/data/picked_up_4/upsampled/Android_Lego_Elastic_medium_upsampled.csv,270,"Fingers clamping target object, using controlled pressure, causing medium-deformation, with growing pressure."
/home/mdxuser/Genesis/main/data/picked_up_4/upsampled/Android_Lego_Elastic_medium_upsampled.csv,540,"Fingers continue securing item, using moderate force, causing steady-resistance, with rising force."
/home/mdxuser/Genesis/main/data/picked_up_4/upsampled/Android_Lego_Elastic_medium_upsampled.csv,810,"Gripping mechanism raising target object, using controlled pressure, causing moderate-compression, with growing pressure."
/home/mdxuser/Genesis/main/data/picked_up_4/upsampled/Android_Lego_Elastic_medium_upsampled.csv,1080,"Gripper rotating the object, by an angle of 30.0 degrees, using moderate force, causing controlled-yielding, with constant force."
/home/mdxuser/Genesis/main/data/picked_up_4/upsampled/Android_Lego_Elastic_medium_upsampled.csv,1350,"Gripper continue rotating target object, by an angle of 30.0 degrees, using balanced pressure, causing moderate-compression, with unchanging force."
/home/mdxuser/Genesis/main/data/picked_up_4/upsampled/Android_Lego_Elastic_medium_upsampled.csv,1620,"Gripping mechanism maintaining hold of the object, maintaining a stable hold, using moderate force, causing medium-deformation."
/home/mdxuser/Genesis/main/data/picked_up_4/upsampled/Android_Lego_Elastic_medium_upsampled.csv,1890,Item has been let go of.
/home/mdxuser/Genesis/main/data/picked_up_4/upsampled/Android_Lego_Elastic_medium_upsampled.csv,2160,Item has been dropped.
/home/mdxuser/Genesis/main/data/picked_up_4/upsampled/Android_Lego_Elastic_medium_upsampled.csv,2430,The object has been dropped.
/home/mdxuser/Genesis/main/data/picked_up_4/upsampled/Android_Lego_Elastic_medium_upsampled.csv,2700,Target object has been dropped.
/home/mdxuser/Genesis/main/data/picked_up_4/upsampled/Black_and_Decker_TR3500SD_2Slice_Toaster_Elastic_hard_upsampled.csv,0,"Gripping mechanism approaching towards the object, to begin the task."
/home/mdxuser/Genesis/main/data/picked_up_4/upsampled/Black_and_Decker_TR3500SD_2Slice_Toaster_Elastic_hard_upsampled.csv,270,"End-effector gripping the object, using strong force, causing firm-yielding, with growing pressure."
/home/mdxuser/Genesis/main/data/picked_up_4/upsampled/Black_and_Decker_TR3500SD_2Slice_Toaster_Elastic_hard_upsampled.csv,540,"End-effector continue clasping the object, using intense pressure, causing firm-yielding, with increasing force."
/home/mdxuser/Genesis/main/data/picked_up_4/upsampled/Black_and_Decker_TR3500SD_2Slice_Toaster_Elastic_hard_upsampled.csv,810,"Gripping mechanism lifting target object, using significant force, causing rigid-contact, with increasing force."
/home/mdxuser/Genesis/main/data/picked_up_4/upsampled/Black_and_Decker_TR3500SD_2Slice_Toaster_Elastic_hard_upsampled.csv,1080,"Gripper twisting target object, by an angle of 45.0 degrees, using significant force, causing rigid-contact, with constant force."
/home/mdxuser/Genesis/main/data/picked_up_4/upsampled/Black_and_Decker_TR3500SD_2Slice_Toaster_Elastic_hard_upsampled.csv,1350,"End-effector pausing motion of item, maintaining a stable hold, using firm pressure, causing hard-deformation."
/home/mdxuser/Genesis/main/data/picked_up_4/upsampled/Black_and_Decker_TR3500SD_2Slice_Toaster_Elastic_hard_upsampled.csv,1620,"Fingers continue pausing motion of the object, maintaining a stable hold, using firm pressure, causing significant-compression."
/home/mdxuser/Genesis/main/data/picked_up_4/upsampled/Black_and_Decker_TR3500SD_2Slice_Toaster_Elastic_hard_upsampled.csv,1890,"Gripping mechanism turning the object, by an angle of 45.0 degrees, using heavy force, causing strong-resistance, with steady pressure."
/home/mdxuser/Genesis/main/data/picked_up_4/upsampled/Black_and_Decker_TR3500SD_2Slice_Toaster_Elastic_hard_upsampled.csv,2160,"Fingers steadying item, maintaining a stable hold, using significant force, causing rigid-contact."
/home/mdxuser/Genesis/main/data/picked_up_4/upsampled/Black_and_Decker_TR3500SD_2Slice_Toaster_Elastic_hard_upsampled.csv,2430,"End-effector continue holding position of the object, maintaining a stable hold, using significant force, causing significant-compression."
/home/mdxuser/Genesis/main/data/picked_up_4/upsampled/Black_and_Decker_TR3500SD_2Slice_Toaster_Elastic_hard_upsampled.csv,2700,"Gripper coming to rest with item, using zero-pressure, causing form-conservation."
/home/mdxuser/Genesis/main/data/picked_up_4/upsampled/Phillips_Colon_Health_Probiotic_Capsule_Elastic_medium_upsampled.csv,0,"Gripping mechanism positioning towards item, to begin the task."
/home/mdxuser/Genesis/main/data/picked_up_4/upsampled/Phillips_Colon_Health_Probiotic_Capsule_Elastic_medium_upsampled.csv,270,"Gripping mechanism clasping item, using steady force, causing medium-deformation, with rising force."
/home/mdxuser/Genesis/main/data/picked_up_4/upsampled/Phillips_Colon_Health_Probiotic_Capsule_Elastic_medium_upsampled.csv,540,"Gripper continue gripping item, using moderate force, causing steady-resistance, with growing pressure."
/home/mdxuser/Genesis/main/data/picked_up_4/upsampled/Phillips_Colon_Health_Probiotic_Capsule_Elastic_medium_upsampled.csv,810,"Gripper raising target object, using firm contact, causing steady-resistance, with growing pressure."
/home/mdxuser/Genesis/main/data/picked_up_4/upsampled/Phillips_Colon_Health_Probiotic_Capsule_Elastic_medium_upsampled.csv,1080,"Fingers rotating target object, by an angle of 45.0 degrees, using controlled pressure, causing controlled-yielding, with unchanging force."
/home/mdxuser/Genesis/main/data/picked_up_4/upsampled/Phillips_Colon_Health_Probiotic_Capsule_Elastic_medium_upsampled.csv,1350,"Fingers pausing motion of the object, maintaining a stable hold, using moderate force, causing balanced-yielding."
/home/mdxuser/Genesis/main/data/picked_up_4/upsampled/Phillips_Colon_Health_Probiotic_Capsule_Elastic_medium_upsampled.csv,1620,"Gripper continue steadying target object, maintaining a stable hold, using firm contact, causing balanced-yielding."
/home/mdxuser/Genesis/main/data/picked_up_4/upsampled/Phillips_Colon_Health_Probiotic_Capsule_Elastic_medium_upsampled.csv,1890,"Fingers twisting item, by an angle of 30.0 degrees, using moderate force, causing balanced-yielding, with constant force."
/home/mdxuser/Genesis/main/data/picked_up_4/upsampled/Phillips_Colon_Health_Probiotic_Capsule_Elastic_medium_upsampled.csv,2160,"Fingers continue twisting the object, by an angle of 30.0 degrees, using balanced pressure, causing controlled-yielding, with steady pressure."
/home/mdxuser/Genesis/main/data/picked_up_4/upsampled/Phillips_Colon_Health_Probiotic_Capsule_Elastic_medium_upsampled.csv,2430,"Fingers steadying the object, maintaining a stable hold, using steady force, causing moderate-compression."
/home/mdxuser/Genesis/main/data/picked_up_4/upsampled/Phillips_Colon_Health_Probiotic_Capsule_Elastic_medium_upsampled.csv,2700,The object has been released.
/home/mdxuser/Genesis/main/data/picked_up_4/upsampled/Diet_Pepsi_Soda_Cola12_Pack_12_oz_Cans_Elastic_soft_upsampled.csv,0,"Gripping mechanism reaching towards target object, to begin the task."
/home/mdxuser/Genesis/main/data/picked_up_4/upsampled/Diet_Pepsi_Soda_Cola12_Pack_12_oz_Cans_Elastic_soft_upsampled.csv,270,"End-effector pinching the object, using slight force, causing minimal-resistance, with increasing force."
/home/mdxuser/Genesis/main/data/picked_up_4/upsampled/Diet_Pepsi_Soda_Cola12_Pack_12_oz_Cans_Elastic_soft_upsampled.csv,540,"End-effector continue clasping item, using subtle force, causing soft-deformation, with rising force."
/home/mdxuser/Genesis/main/data/picked_up_4/upsampled/Diet_Pepsi_Soda_Cola12_Pack_12_oz_Cans_Elastic_soft_upsampled.csv,810,"Gripping mechanism picking up the object, using gentle force, causing minimal-resistance, with growing pressure."
/home/mdxuser/Genesis/main/data/picked_up_4/upsampled/Diet_Pepsi_Soda_Cola12_Pack_12_oz_Cans_Elastic_soft_upsampled.csv,1080,"Gripper turning item, by an angle of 30.0 degrees, using light pressure, causing lightly-yielding, with steady pressure."
/home/mdxuser/Genesis/main/data/picked_up_4/upsampled/Diet_Pepsi_Soda_Cola12_Pack_12_oz_Cans_Elastic_soft_upsampled.csv,1350,"End-effector continue rotating target object, by an angle of 30.0 degrees, using subtle force, causing slight-yielding, with unchanging force."
/home/mdxuser/Genesis/main/data/picked_up_4/upsampled/Diet_Pepsi_Soda_Cola12_Pack_12_oz_Cans_Elastic_soft_upsampled.csv,1620,The object has been released.
/home/mdxuser/Genesis/main/data/picked_up_4/upsampled/Diet_Pepsi_Soda_Cola12_Pack_12_oz_Cans_Elastic_soft_upsampled.csv,1890,Item has been let go of.
/home/mdxuser/Genesis/main/data/picked_up_4/upsampled/Diet_Pepsi_Soda_Cola12_Pack_12_oz_Cans_Elastic_soft_upsampled.csv,2160,Target object has been dropped.
/home/mdxuser/Genesis/main/data/picked_up_4/upsampled/Diet_Pepsi_Soda_Cola12_Pack_12_oz_Cans_Elastic_soft_upsampled.csv,2430,Target object has been dropped.
/home/mdxuser/Genesis/main/data/picked_up_4/upsampled/Diet_Pepsi_Soda_Cola12_Pack_12_oz_Cans_Elastic_soft_upsampled.csv,2700,The object has been dropped.
/home/mdxuser/Genesis/main/data/picked_up_4/upsampled/Brother_Printing_Cartridge_PC501_Elastic_medium_upsampled.csv,0,"Gripping mechanism initiating towards the object, to begin the task."
/home/mdxuser/Genesis/main/data/picked_up_4/upsampled/Brother_Printing_Cartridge_PC501_Elastic_medium_upsampled.csv,270,"Gripper securing item, using moderate force, causing medium-deformation, with rising force."
/home/mdxuser/Genesis/main/data/picked_up_4/upsampled/Brother_Printing_Cartridge_PC501_Elastic_medium_upsampled.csv,540,"Gripper continue pinching target object, using moderate force, causing moderate-compression, with increasing force."
/home/mdxuser/Genesis/main/data/picked_up_4/upsampled/Brother_Printing_Cartridge_PC501_Elastic_medium_upsampled.csv,810,"End-effector elevating the object, using moderate force, causing firm-contact, with growing pressure."
/home/mdxuser/Genesis/main/data/picked_up_4/upsampled/Brother_Printing_Cartridge_PC501_Elastic_medium_upsampled.csv,1080,"Fingers twisting item, by an angle of 45.0 degrees, using moderate force, causing firm-contact, with steady pressure."
/home/mdxuser/Genesis/main/data/picked_up_4/upsampled/Brother_Printing_Cartridge_PC501_Elastic_medium_upsampled.csv,1350,"Gripper continue rotating target object, by an angle of 45.0 degrees, using moderate force, causing moderate-compression, with constant force."
/home/mdxuser/Genesis/main/data/picked_up_4/upsampled/Brother_Printing_Cartridge_PC501_Elastic_medium_upsampled.csv,1620,Target object has been released.
/home/mdxuser/Genesis/main/data/picked_up_4/upsampled/Brother_Printing_Cartridge_PC501_Elastic_medium_upsampled.csv,1890,The object has been let go of.
/home/mdxuser/Genesis/main/data/picked_up_4/upsampled/Brother_Printing_Cartridge_PC501_Elastic_medium_upsampled.csv,2160,Target object has been dropped.
/home/mdxuser/Genesis/main/data/picked_up_4/upsampled/Brother_Printing_Cartridge_PC501_Elastic_medium_upsampled.csv,2430,Item has been released.
/home/mdxuser/Genesis/main/data/picked_up_4/upsampled/Brother_Printing_Cartridge_PC501_Elastic_medium_upsampled.csv,2700,Target object has been released.
/home/mdxuser/Genesis/main/data/picked_up_4/upsampled/Black_Forest_Fruit_Snacks_Juicy_Filled_Centers_10_pouches_9_oz_total_Elastic_hard_upsampled.csv,0,"End-effector reaching towards item, to begin the task."
/home/mdxuser/Genesis/main/data/picked_up_4/upsampled/Black_Forest_Fruit_Snacks_Juicy_Filled_Centers_10_pouches_9_oz_total_Elastic_hard_upsampled.csv,270,"Gripper capturing item, using firm pressure, causing firm-yielding, with rising force."
/home/mdxuser/Genesis/main/data/picked_up_4/upsampled/Black_Forest_Fruit_Snacks_Juicy_Filled_Centers_10_pouches_9_oz_total_Elastic_hard_upsampled.csv,540,"Fingers continue clamping the object, using significant force, causing significant-compression, with increasing force."
/home/mdxuser/Genesis/main/data/picked_up_4/upsampled/Black_Forest_Fruit_Snacks_Juicy_Filled_Centers_10_pouches_9_oz_total_Elastic_hard_upsampled.csv,810,"End-effector elevating item, using intense pressure, causing strong-resistance, with increasing force."
/home/mdxuser/Genesis/main/data/picked_up_4/upsampled/Black_Forest_Fruit_Snacks_Juicy_Filled_Centers_10_pouches_9_oz_total_Elastic_hard_upsampled.csv,1080,"Fingers turning target object, by an angle of 45.0 degrees, using intense pressure, causing strong-resistance, with steady pressure."
/home/mdxuser/Genesis/main/data/picked_up_4/upsampled/Black_Forest_Fruit_Snacks_Juicy_Filled_Centers_10_pouches_9_oz_total_Elastic_hard_upsampled.csv,1350,"Gripper continue twisting item, by an angle of 45.0 degrees, using strong contact, causing hard-deformation, with unchanging force."
/home/mdxuser/Genesis/main/data/picked_up_4/upsampled/Black_Forest_Fruit_Snacks_Juicy_Filled_Centers_10_pouches_9_oz_total_Elastic_hard_upsampled.csv,1620,"Gripper steadying the object, maintaining a stable hold, using strong contact, causing hard-deformation."
/home/mdxuser/Genesis/main/data/picked_up_4/upsampled/Black_Forest_Fruit_Snacks_Juicy_Filled_Centers_10_pouches_9_oz_total_Elastic_hard_upsampled.csv,1890,"Fingers turning the object, by an angle of 30.0 degrees, using strong contact, causing significant-compression, with steady pressure."
/home/mdxuser/Genesis/main/data/picked_up_4/upsampled/Black_Forest_Fruit_Snacks_Juicy_Filled_Centers_10_pouches_9_oz_total_Elastic_hard_upsampled.csv,2160,"Fingers continue twisting the object, by an angle of 30.0 degrees, using significant force, causing hard-deformation, with unchanging force."
/home/mdxuser/Genesis/main/data/picked_up_4/upsampled/Black_Forest_Fruit_Snacks_Juicy_Filled_Centers_10_pouches_9_oz_total_Elastic_hard_upsampled.csv,2430,"End-effector holding position of the object, maintaining a stable hold, using intense pressure, causing rigid-contact."
/home/mdxuser/Genesis/main/data/picked_up_4/upsampled/Black_Forest_Fruit_Snacks_Juicy_Filled_Centers_10_pouches_9_oz_total_Elastic_hard_upsampled.csv,2700,Item has been let go of.
/home/mdxuser/Genesis/main/data/picked_up_4/upsampled/BlueBlack_Nintendo_3DSXL_Elastic_medium_upsampled.csv,0,"Gripping mechanism starting movement towards target object, to begin the task."
/home/mdxuser/Genesis/main/data/picked_up_4/upsampled/BlueBlack_Nintendo_3DSXL_Elastic_medium_upsampled.csv,270,"End-effector holding item, using steady force, causing controlled-yielding, with growing pressure."
/home/mdxuser/Genesis/main/data/picked_up_4/upsampled/BlueBlack_Nintendo_3DSXL_Elastic_medium_upsampled.csv,540,"Gripping mechanism continue clasping item, using firm contact, causing firm-contact, with increasing force."
/home/mdxuser/Genesis/main/data/picked_up_4/upsampled/BlueBlack_Nintendo_3DSXL_Elastic_medium_upsampled.csv,810,"Fingers lifting target object, using firm contact, causing balanced-yielding, with growing pressure."
/home/mdxuser/Genesis/main/data/picked_up_4/upsampled/BlueBlack_Nintendo_3DSXL_Elastic_medium_upsampled.csv,1080,"Gripping mechanism rotating item, by an angle of 30.0 degrees, using balanced pressure, causing medium-deformation, with constant force."
/home/mdxuser/Genesis/main/data/picked_up_4/upsampled/BlueBlack_Nintendo_3DSXL_Elastic_medium_upsampled.csv,1350,"Gripping mechanism continue turning item, by an angle of 30.0 degrees, using moderate force, causing balanced-yielding, with unchanging force."
/home/mdxuser/Genesis/main/data/picked_up_4/upsampled/BlueBlack_Nintendo_3DSXL_Elastic_medium_upsampled.csv,1620,"Gripping mechanism pausing motion of target object, maintaining a stable hold, using firm contact, causing steady-resistance."
/home/mdxuser/Genesis/main/data/picked_up_4/upsampled/BlueBlack_Nintendo_3DSXL_Elastic_medium_upsampled.csv,1890,"Fingers turning the object, by an angle of 45.0 degrees, using firm contact, causing moderate-compression, with unchanging force."
/home/mdxuser/Genesis/main/data/picked_up_4/upsampled/BlueBlack_Nintendo_3DSXL_Elastic_medium_upsampled.csv,2160,"End-effector continue turning target object, by an angle of 45.0 degrees, using balanced pressure, causing firm-contact, with unchanging force."
/home/mdxuser/Genesis/main/data/picked_up_4/upsampled/BlueBlack_Nintendo_3DSXL_Elastic_medium_upsampled.csv,2430,Item has been released.
/home/mdxuser/Genesis/main/data/picked_up_4/upsampled/BlueBlack_Nintendo_3DSXL_Elastic_medium_upsampled.csv,2700,Item has been dropped.
/home/mdxuser/Genesis/main/data/picked_up_4/upsampled/Granimals_20_Wooden_ABC_Blocks_Wagon_g2TinmUGGHI_Elastic_hard_upsampled.csv,0,"Gripping mechanism reaching towards target object, to begin the task."
/home/mdxuser/Genesis/main/data/picked_up_4/upsampled/Granimals_20_Wooden_ABC_Blocks_Wagon_g2TinmUGGHI_Elastic_hard_upsampled.csv,270,"Gripping mechanism securing target object, using significant force, causing rigid-contact, with rising force."
/home/mdxuser/Genesis/main/data/picked_up_4/upsampled/Granimals_20_Wooden_ABC_Blocks_Wagon_g2TinmUGGHI_Elastic_hard_upsampled.csv,540,"Fingers continue clamping target object, using significant force, causing firm-yielding, with increasing force."
/home/mdxuser/Genesis/main/data/picked_up_4/upsampled/Granimals_20_Wooden_ABC_Blocks_Wagon_g2TinmUGGHI_Elastic_hard_upsampled.csv,810,"End-effector elevating target object, using firm pressure, causing hard-deformation, with growing pressure."
/home/mdxuser/Genesis/main/data/picked_up_4/upsampled/Granimals_20_Wooden_ABC_Blocks_Wagon_g2TinmUGGHI_Elastic_hard_upsampled.csv,1080,"Gripping mechanism turning target object, by an angle of 30.0 degrees, using significant force, causing significant-compression, with unchanging force."
/home/mdxuser/Genesis/main/data/picked_up_4/upsampled/Granimals_20_Wooden_ABC_Blocks_Wagon_g2TinmUGGHI_Elastic_hard_upsampled.csv,1350,"Gripping mechanism continue turning item, by an angle of 30.0 degrees, using heavy force, causing significant-compression, with constant force."
/home/mdxuser/Genesis/main/data/picked_up_4/upsampled/Granimals_20_Wooden_ABC_Blocks_Wagon_g2TinmUGGHI_Elastic_hard_upsampled.csv,1620,"End-effector maintaining hold of item, maintaining a stable hold, using significant force, causing firm-yielding."
/home/mdxuser/Genesis/main/data/picked_up_4/upsampled/Granimals_20_Wooden_ABC_Blocks_Wagon_g2TinmUGGHI_Elastic_hard_upsampled.csv,1890,Item has been released.
/home/mdxuser/Genesis/main/data/picked_up_4/upsampled/Granimals_20_Wooden_ABC_Blocks_Wagon_g2TinmUGGHI_Elastic_hard_upsampled.csv,2160,Target object has been dropped.
/home/mdxuser/Genesis/main/data/picked_up_4/upsampled/Granimals_20_Wooden_ABC_Blocks_Wagon_g2TinmUGGHI_Elastic_hard_upsampled.csv,2430,Target object has been released.
/home/mdxuser/Genesis/main/data/picked_up_4/upsampled/Granimals_20_Wooden_ABC_Blocks_Wagon_g2TinmUGGHI_Elastic_hard_upsampled.csv,2700,Item has been dropped.
/home/mdxuser/Genesis/main/data/picked_up_4/upsampled/Pepsi_Caffeine_Free_Diet_12_CT_Elastic_medium_upsampled.csv,0,"Gripping mechanism positioning towards target object, to begin the task."
/home/mdxuser/Genesis/main/data/picked_up_4/upsampled/Pepsi_Caffeine_Free_Diet_12_CT_Elastic_medium_upsampled.csv,270,"Gripper capturing target object, using steady force, causing moderate-compression, with growing pressure."
/home/mdxuser/Genesis/main/data/picked_up_4/upsampled/Pepsi_Caffeine_Free_Diet_12_CT_Elastic_medium_upsampled.csv,540,"End-effector continue squeezing item, using moderate force, causing steady-resistance, with rising force."
/home/mdxuser/Genesis/main/data/picked_up_4/upsampled/Pepsi_Caffeine_Free_Diet_12_CT_Elastic_medium_upsampled.csv,810,"Gripping mechanism elevating item, using firm contact, causing steady-resistance, with rising force."
/home/mdxuser/Genesis/main/data/picked_up_4/upsampled/Pepsi_Caffeine_Free_Diet_12_CT_Elastic_medium_upsampled.csv,1080,"Gripping mechanism turning item, by an angle of 45.0 degrees, using moderate force, causing controlled-yielding, with unchanging force."
/home/mdxuser/Genesis/main/data/picked_up_4/upsampled/Pepsi_Caffeine_Free_Diet_12_CT_Elastic_medium_upsampled.csv,1350,"Gripper steadying target object, maintaining a stable hold, using balanced pressure, causing medium-deformation."
/home/mdxuser/Genesis/main/data/picked_up_4/upsampled/Pepsi_Caffeine_Free_Diet_12_CT_Elastic_medium_upsampled.csv,1620,"Fingers continue maintaining hold of target object, maintaining a stable hold, using controlled pressure, causing steady-resistance."
/home/mdxuser/Genesis/main/data/picked_up_4/upsampled/Pepsi_Caffeine_Free_Diet_12_CT_Elastic_medium_upsampled.csv,1890,"Gripping mechanism rotating the object, by an angle of 45.0 degrees, using moderate force, causing balanced-yielding, with unchanging force."
/home/mdxuser/Genesis/main/data/picked_up_4/upsampled/Pepsi_Caffeine_Free_Diet_12_CT_Elastic_medium_upsampled.csv,2160,Target object has been dropped.
/home/mdxuser/Genesis/main/data/picked_up_4/upsampled/Pepsi_Caffeine_Free_Diet_12_CT_Elastic_medium_upsampled.csv,2430,Target object has been dropped.
/home/mdxuser/Genesis/main/data/picked_up_4/upsampled/Pepsi_Caffeine_Free_Diet_12_CT_Elastic_medium_upsampled.csv,2700,Target object has been released.
/home/mdxuser/Genesis/main/data/picked_up_4/upsampled/ASICS_GELLinksmaster_WhiteSilverCarolina_Blue_Elastic_soft_upsampled.csv,0,"Gripper approaching towards item, to begin the task."
/home/mdxuser/Genesis/main/data/picked_up_4/upsampled/ASICS_GELLinksmaster_WhiteSilverCarolina_Blue_Elastic_soft_upsampled.csv,270,"End-effector squeezing the object, using gentle force, causing slight-yielding, with growing pressure."
/home/mdxuser/Genesis/main/data/picked_up_4/upsampled/ASICS_GELLinksmaster_WhiteSilverCarolina_Blue_Elastic_soft_upsampled.csv,540,"Gripper continue pinching the object, using cushioned pressure, causing lightly-yielding, with rising force."
/home/mdxuser/Genesis/main/data/picked_up_4/upsampled/ASICS_GELLinksmaster_WhiteSilverCarolina_Blue_Elastic_soft_upsampled.csv,810,"End-effector raising the object, using slight force, causing minimal-resistance, with rising force."
/home/mdxuser/Genesis/main/data/picked_up_4/upsampled/ASICS_GELLinksmaster_WhiteSilverCarolina_Blue_Elastic_soft_upsampled.csv,1080,"Gripping mechanism rotating target object, by an angle of 30.0 degrees, using light pressure, causing gentle-compression, with steady pressure."
/home/mdxuser/Genesis/main/data/picked_up_4/upsampled/ASICS_GELLinksmaster_WhiteSilverCarolina_Blue_Elastic_soft_upsampled.csv,1350,"End-effector continue rotating target object, by an angle of 30.0 degrees, using soft contact, causing lightly-yielding, with constant force."
/home/mdxuser/Genesis/main/data/picked_up_4/upsampled/ASICS_GELLinksmaster_WhiteSilverCarolina_Blue_Elastic_soft_upsampled.csv,1620,Target object has been released.
/home/mdxuser/Genesis/main/data/picked_up_4/upsampled/ASICS_GELLinksmaster_WhiteSilverCarolina_Blue_Elastic_soft_upsampled.csv,1890,The object has been let go of.
/home/mdxuser/Genesis/main/data/picked_up_4/upsampled/ASICS_GELLinksmaster_WhiteSilverCarolina_Blue_Elastic_soft_upsampled.csv,2160,Target object has been released.
/home/mdxuser/Genesis/main/data/picked_up_4/upsampled/ASICS_GELLinksmaster_WhiteSilverCarolina_Blue_Elastic_soft_upsampled.csv,2430,The object has been dropped.
/home/mdxuser/Genesis/main/data/picked_up_4/upsampled/ASICS_GELLinksmaster_WhiteSilverCarolina_Blue_Elastic_soft_upsampled.csv,2700,The object has been let go of.
/home/mdxuser/Genesis/main/data/picked_up_4/upsampled/Office_Depot_Dell_Series_11_Remanufactured_Ink_Cartridge_TriColor_Elastic_soft_upsampled.csv,0,"Gripping mechanism positioning towards the object, to begin the task."
/home/mdxuser/Genesis/main/data/picked_up_4/upsampled/Office_Depot_Dell_Series_11_Remanufactured_Ink_Cartridge_TriColor_Elastic_soft_upsampled.csv,270,"Gripper clasping target object, using soft contact, causing lightly-yielding, with rising force."
/home/mdxuser/Genesis/main/data/picked_up_4/upsampled/Office_Depot_Dell_Series_11_Remanufactured_Ink_Cartridge_TriColor_Elastic_soft_upsampled.csv,540,"End-effector continue grasping target object, using subtle force, causing gentle-compression, with growing pressure."
/home/mdxuser/Genesis/main/data/picked_up_4/upsampled/Office_Depot_Dell_Series_11_Remanufactured_Ink_Cartridge_TriColor_Elastic_soft_upsampled.csv,810,"End-effector lifting the object, using minimal force, causing cushioned-contact, with rising force."
/home/mdxuser/Genesis/main/data/picked_up_4/upsampled/Office_Depot_Dell_Series_11_Remanufactured_Ink_Cartridge_TriColor_Elastic_soft_upsampled.csv,1080,"Fingers turning item, by an angle of 45.0 degrees, using gentle force, causing gentle-compression, with constant force."
/home/mdxuser/Genesis/main/data/picked_up_4/upsampled/Office_Depot_Dell_Series_11_Remanufactured_Ink_Cartridge_TriColor_Elastic_soft_upsampled.csv,1350,"Fingers steadying item, maintaining a stable hold, using soft contact, causing lightly-yielding."
/home/mdxuser/Genesis/main/data/picked_up_4/upsampled/Office_Depot_Dell_Series_11_Remanufactured_Ink_Cartridge_TriColor_Elastic_soft_upsampled.csv,1620,"End-effector continue holding position of the object, maintaining a stable hold, using slight force, causing minimal-resistance."
/home/mdxuser/Genesis/main/data/picked_up_4/upsampled/Office_Depot_Dell_Series_11_Remanufactured_Ink_Cartridge_TriColor_Elastic_soft_upsampled.csv,1890,Target object has been let go of.
/home/mdxuser/Genesis/main/data/picked_up_4/upsampled/Office_Depot_Dell_Series_11_Remanufactured_Ink_Cartridge_TriColor_Elastic_soft_upsampled.csv,2160,The object has been released.
/home/mdxuser/Genesis/main/data/picked_up_4/upsampled/Office_Depot_Dell_Series_11_Remanufactured_Ink_Cartridge_TriColor_Elastic_soft_upsampled.csv,2430,Target object has been released.
/home/mdxuser/Genesis/main/data/picked_up_4/upsampled/Office_Depot_Dell_Series_11_Remanufactured_Ink_Cartridge_TriColor_Elastic_soft_upsampled.csv,2700,Item has been let go of.
/home/mdxuser/Genesis/main/data/picked_up_4/upsampled/Balderdash_Game_Elastic_hard_upsampled.csv,0,"Gripping mechanism positioning towards the object, to begin the task."
/home/mdxuser/Genesis/main/data/picked_up_4/upsampled/Balderdash_Game_Elastic_hard_upsampled.csv,270,"Gripping mechanism clamping the object, using heavy force, causing significant-compression, with growing pressure."
/home/mdxuser/Genesis/main/data/picked_up_4/upsampled/Balderdash_Game_Elastic_hard_upsampled.csv,540,"Gripping mechanism continue pinching item, using strong force, causing firm-yielding, with increasing force."
/home/mdxuser/Genesis/main/data/picked_up_4/upsampled/Balderdash_Game_Elastic_hard_upsampled.csv,810,"Fingers elevating target object, using intense pressure, causing strong-resistance, with increasing force."
/home/mdxuser/Genesis/main/data/picked_up_4/upsampled/Balderdash_Game_Elastic_hard_upsampled.csv,1080,"Fingers twisting item, by an angle of 45.0 degrees, using intense pressure, causing substantial-yielding, with steady pressure."
/home/mdxuser/Genesis/main/data/picked_up_4/upsampled/Balderdash_Game_Elastic_hard_upsampled.csv,1350,"Gripper pausing motion of target object, maintaining a stable hold, using strong contact, causing firm-yielding."
/home/mdxuser/Genesis/main/data/picked_up_4/upsampled/Balderdash_Game_Elastic_hard_upsampled.csv,1620,"Gripper continue maintaining hold of the object, maintaining a stable hold, using strong force, causing firm-yielding."
/home/mdxuser/Genesis/main/data/picked_up_4/upsampled/Balderdash_Game_Elastic_hard_upsampled.csv,1890,Target object has been dropped.
/home/mdxuser/Genesis/main/data/picked_up_4/upsampled/Balderdash_Game_Elastic_hard_upsampled.csv,2160,Item has been let go of.
/home/mdxuser/Genesis/main/data/picked_up_4/upsampled/Balderdash_Game_Elastic_hard_upsampled.csv,2430,Target object has been let go of.
/home/mdxuser/Genesis/main/data/picked_up_4/upsampled/Balderdash_Game_Elastic_hard_upsampled.csv,2700,Item has been dropped.
/home/mdxuser/Genesis/main/data/picked_up_4/upsampled/Crayola_Washable_Sidewalk_Chalk_16_pack_wDZECiw7J6s_Elastic_hard_upsampled.csv,0,"Gripper initiating towards item, to begin the task."
/home/mdxuser/Genesis/main/data/picked_up_4/upsampled/Crayola_Washable_Sidewalk_Chalk_16_pack_wDZECiw7J6s_Elastic_hard_upsampled.csv,270,"Gripper grasping item, using heavy force, causing rigid-contact, with rising force."
/home/mdxuser/Genesis/main/data/picked_up_4/upsampled/Crayola_Washable_Sidewalk_Chalk_16_pack_wDZECiw7J6s_Elastic_hard_upsampled.csv,540,"End-effector continue grasping item, using strong contact, causing hard-deformation, with growing pressure."
/home/mdxuser/Genesis/main/data/picked_up_4/upsampled/Crayola_Washable_Sidewalk_Chalk_16_pack_wDZECiw7J6s_Elastic_hard_upsampled.csv,810,"Gripper raising the object, using firm pressure, causing hard-deformation, with growing pressure."
/home/mdxuser/Genesis/main/data/picked_up_4/upsampled/Crayola_Washable_Sidewalk_Chalk_16_pack_wDZECiw7J6s_Elastic_hard_upsampled.csv,1080,"Fingers rotating item, by an angle of 45.0 degrees, using firm pressure, causing rigid-contact, with constant force."
/home/mdxuser/Genesis/main/data/picked_up_4/upsampled/Crayola_Washable_Sidewalk_Chalk_16_pack_wDZECiw7J6s_Elastic_hard_upsampled.csv,1350,"Gripping mechanism continue rotating the object, by an angle of 45.0 degrees, using significant force, causing rigid-contact, with steady pressure."
/home/mdxuser/Genesis/main/data/picked_up_4/upsampled/Crayola_Washable_Sidewalk_Chalk_16_pack_wDZECiw7J6s_Elastic_hard_upsampled.csv,1620,"End-effector holding position of target object, maintaining a stable hold, using intense pressure, causing firm-yielding."
/home/mdxuser/Genesis/main/data/picked_up_4/upsampled/Crayola_Washable_Sidewalk_Chalk_16_pack_wDZECiw7J6s_Elastic_hard_upsampled.csv,1890,"Fingers rotating the object, by an angle of 30.0 degrees, using intense pressure, causing strong-resistance, with unchanging force."
/home/mdxuser/Genesis/main/data/picked_up_4/upsampled/Crayola_Washable_Sidewalk_Chalk_16_pack_wDZECiw7J6s_Elastic_hard_upsampled.csv,2160,"Gripper continue rotating target object, by an angle of 30.0 degrees, using significant force, causing significant-compression, with steady pressure."
/home/mdxuser/Genesis/main/data/picked_up_4/upsampled/Crayola_Washable_Sidewalk_Chalk_16_pack_wDZECiw7J6s_Elastic_hard_upsampled.csv,2430,Target object has been dropped.
/home/mdxuser/Genesis/main/data/picked_up_4/upsampled/Crayola_Washable_Sidewalk_Chalk_16_pack_wDZECiw7J6s_Elastic_hard_upsampled.csv,2700,The object has been let go of.
/home/mdxuser/Genesis/main/data/picked_up_4/upsampled/Central_Garden_Flower_Pot_Goo_425_Elastic_medium_upsampled.csv,0,"End-effector reaching towards item, to begin the task."
/home/mdxuser/Genesis/main/data/picked_up_4/upsampled/Central_Garden_Flower_Pot_Goo_425_Elastic_medium_upsampled.csv,270,"Fingers pinching item, using balanced pressure, causing firm-contact, with increasing force."
/home/mdxuser/Genesis/main/data/picked_up_4/upsampled/Central_Garden_Flower_Pot_Goo_425_Elastic_medium_upsampled.csv,540,"Gripping mechanism continue gripping target object, using moderate force, causing moderate-compression, with rising force."
/home/mdxuser/Genesis/main/data/picked_up_4/upsampled/Central_Garden_Flower_Pot_Goo_425_Elastic_medium_upsampled.csv,810,"Gripping mechanism elevating target object, using controlled pressure, causing balanced-yielding, with growing pressure."
/home/mdxuser/Genesis/main/data/picked_up_4/upsampled/Central_Garden_Flower_Pot_Goo_425_Elastic_medium_upsampled.csv,1080,"End-effector twisting target object, by an angle of 45.0 degrees, using controlled pressure, causing moderate-compression, with unchanging force."
/home/mdxuser/Genesis/main/data/picked_up_4/upsampled/Central_Garden_Flower_Pot_Goo_425_Elastic_medium_upsampled.csv,1350,"Fingers continue turning the object, by an angle of 45.0 degrees, using moderate force, causing steady-resistance, with constant force."
/home/mdxuser/Genesis/main/data/picked_up_4/upsampled/Central_Garden_Flower_Pot_Goo_425_Elastic_medium_upsampled.csv,1620,"Fingers maintaining hold of item, maintaining a stable hold, using moderate force, causing medium-deformation."
/home/mdxuser/Genesis/main/data/picked_up_4/upsampled/Central_Garden_Flower_Pot_Goo_425_Elastic_medium_upsampled.csv,1890,"Gripping mechanism rotating the object, by an angle of 45.0 degrees, using moderate force, causing moderate-compression, with constant force."
/home/mdxuser/Genesis/main/data/picked_up_4/upsampled/Central_Garden_Flower_Pot_Goo_425_Elastic_medium_upsampled.csv,2160,"Gripping mechanism continue rotating the object, by an angle of 45.0 degrees, using controlled pressure, causing firm-contact, with steady pressure."
/home/mdxuser/Genesis/main/data/picked_up_4/upsampled/Central_Garden_Flower_Pot_Goo_425_Elastic_medium_upsampled.csv,2430,"Gripper maintaining hold of target object, maintaining a stable hold, using moderate force, causing moderate-compression."
/home/mdxuser/Genesis/main/data/picked_up_4/upsampled/Central_Garden_Flower_Pot_Goo_425_Elastic_medium_upsampled.csv,2700,Item has been released.
/home/mdxuser/Genesis/main/data/picked_up_4/upsampled/Black_Decker_Stainless_Steel_Toaster_4_Slice_Elastic_hard_upsampled.csv,0,"End-effector positioning towards item, to begin the task."
/home/mdxuser/Genesis/main/data/picked_up_4/upsampled/Black_Decker_Stainless_Steel_Toaster_4_Slice_Elastic_hard_upsampled.csv,270,"Gripper capturing the object, using firm pressure, causing strong-resistance, with growing pressure."
/home/mdxuser/Genesis/main/data/picked_up_4/upsampled/Black_Decker_Stainless_Steel_Toaster_4_Slice_Elastic_hard_upsampled.csv,540,"Fingers continue clamping the object, using strong force, causing rigid-contact, with growing pressure."
/home/mdxuser/Genesis/main/data/picked_up_4/upsampled/Black_Decker_Stainless_Steel_Toaster_4_Slice_Elastic_hard_upsampled.csv,810,"Gripper raising the object, using intense pressure, causing firm-yielding, with growing pressure."
/home/mdxuser/Genesis/main/data/picked_up_4/upsampled/Black_Decker_Stainless_Steel_Toaster_4_Slice_Elastic_hard_upsampled.csv,1080,"Gripping mechanism turning the object, by an angle of 30.0 degrees, using firm pressure, causing rigid-contact, with steady pressure."
/home/mdxuser/Genesis/main/data/picked_up_4/upsampled/Black_Decker_Stainless_Steel_Toaster_4_Slice_Elastic_hard_upsampled.csv,1350,"End-effector continue turning target object, by an angle of 30.0 degrees, using firm pressure, causing firm-yielding, with unchanging force."
/home/mdxuser/Genesis/main/data/picked_up_4/upsampled/Black_Decker_Stainless_Steel_Toaster_4_Slice_Elastic_hard_upsampled.csv,1620,"End-effector steadying item, maintaining a stable hold, using strong contact, causing rigid-contact."
/home/mdxuser/Genesis/main/data/picked_up_4/upsampled/Black_Decker_Stainless_Steel_Toaster_4_Slice_Elastic_hard_upsampled.csv,1890,Target object has been released.
/home/mdxuser/Genesis/main/data/picked_up_4/upsampled/Black_Decker_Stainless_Steel_Toaster_4_Slice_Elastic_hard_upsampled.csv,2160,The object has been dropped.
/home/mdxuser/Genesis/main/data/picked_up_4/upsampled/Black_Decker_Stainless_Steel_Toaster_4_Slice_Elastic_hard_upsampled.csv,2430,The object has been let go of.
/home/mdxuser/Genesis/main/data/picked_up_4/upsampled/Black_Decker_Stainless_Steel_Toaster_4_Slice_Elastic_hard_upsampled.csv,2700,Target object has been dropped.
/home/mdxuser/Genesis/main/data/picked_up_4/upsampled/Olive_Kids_Trains_Planes_Trucks_Bogo_Backpack_Elastic_hard_upsampled.csv,0,"Gripper starting movement towards target object, to begin the task."
/home/mdxuser/Genesis/main/data/picked_up_4/upsampled/Olive_Kids_Trains_Planes_Trucks_Bogo_Backpack_Elastic_hard_upsampled.csv,270,"End-effector gripping item, using strong force, causing substantial-yielding, with rising force."
/home/mdxuser/Genesis/main/data/picked_up_4/upsampled/Olive_Kids_Trains_Planes_Trucks_Bogo_Backpack_Elastic_hard_upsampled.csv,540,"Gripping mechanism continue grasping target object, using significant force, causing significant-compression, with increasing force."
/home/mdxuser/Genesis/main/data/picked_up_4/upsampled/Olive_Kids_Trains_Planes_Trucks_Bogo_Backpack_Elastic_hard_upsampled.csv,810,"End-effector lifting the object, using significant force, causing rigid-contact, with growing pressure."
/home/mdxuser/Genesis/main/data/picked_up_4/upsampled/Olive_Kids_Trains_Planes_Trucks_Bogo_Backpack_Elastic_hard_upsampled.csv,1080,"Gripper twisting the object, by an angle of 45.0 degrees, using strong contact, causing hard-deformation, with steady pressure."
/home/mdxuser/Genesis/main/data/picked_up_4/upsampled/Olive_Kids_Trains_Planes_Trucks_Bogo_Backpack_Elastic_hard_upsampled.csv,1350,"Fingers holding position of the object, maintaining a stable hold, using intense pressure, causing significant-compression."
/home/mdxuser/Genesis/main/data/picked_up_4/upsampled/Olive_Kids_Trains_Planes_Trucks_Bogo_Backpack_Elastic_hard_upsampled.csv,1620,"End-effector continue pausing motion of item, maintaining a stable hold, using significant force, causing firm-yielding."
/home/mdxuser/Genesis/main/data/picked_up_4/upsampled/Olive_Kids_Trains_Planes_Trucks_Bogo_Backpack_Elastic_hard_upsampled.csv,1890,"Gripping mechanism rotating item, by an angle of 45.0 degrees, using strong contact, causing hard-deformation, with constant force."
/home/mdxuser/Genesis/main/data/picked_up_4/upsampled/Olive_Kids_Trains_Planes_Trucks_Bogo_Backpack_Elastic_hard_upsampled.csv,2160,"Gripping mechanism maintaining hold of item, maintaining a stable hold, using strong force, causing substantial-yielding."
/home/mdxuser/Genesis/main/data/picked_up_4/upsampled/Olive_Kids_Trains_Planes_Trucks_Bogo_Backpack_Elastic_hard_upsampled.csv,2430,"End-effector continue holding position of the object, maintaining a stable hold, using intense pressure, causing hard-deformation."
/home/mdxuser/Genesis/main/data/picked_up_4/upsampled/Olive_Kids_Trains_Planes_Trucks_Bogo_Backpack_Elastic_hard_upsampled.csv,2700,"End-effector slowing down motion of target object, using zero-force, causing undeformed shape."
/home/mdxuser/Genesis/main/data/picked_up_4/upsampled/BlueBlack_Nintendo_3DSXL_Elastic_soft_upsampled.csv,0,"Fingers advancing towards item, to begin the task."
/home/mdxuser/Genesis/main/data/picked_up_4/upsampled/BlueBlack_Nintendo_3DSXL_Elastic_soft_upsampled.csv,270,"Gripping mechanism grasping the object, using cushioned pressure, causing soft-deformation, with increasing force."
/home/mdxuser/Genesis/main/data/picked_up_4/upsampled/BlueBlack_Nintendo_3DSXL_Elastic_soft_upsampled.csv,540,"Gripping mechanism continue squeezing target object, using minimal force, causing minimal-resistance, with increasing force."
/home/mdxuser/Genesis/main/data/picked_up_4/upsampled/BlueBlack_Nintendo_3DSXL_Elastic_soft_upsampled.csv,810,"Gripping mechanism raising target object, using subtle force, causing cushioned-contact, with rising force."
/home/mdxuser/Genesis/main/data/picked_up_4/upsampled/BlueBlack_Nintendo_3DSXL_Elastic_soft_upsampled.csv,1080,"Gripper twisting the object, by an angle of 45.0 degrees, using slight force, causing cushioned-contact, with constant force."
/home/mdxuser/Genesis/main/data/picked_up_4/upsampled/BlueBlack_Nintendo_3DSXL_Elastic_soft_upsampled.csv,1350,"Gripping mechanism steadying the object, maintaining a stable hold, using soft contact, causing gentle-compression."
/home/mdxuser/Genesis/main/data/picked_up_4/upsampled/BlueBlack_Nintendo_3DSXL_Elastic_soft_upsampled.csv,1620,"Gripping mechanism continue pausing motion of the object, maintaining a stable hold, using light pressure, causing lightly-yielding."
/home/mdxuser/Genesis/main/data/picked_up_4/upsampled/BlueBlack_Nintendo_3DSXL_Elastic_soft_upsampled.csv,1890,"Gripping mechanism rotating target object, by an angle of 45.0 degrees, using slight force, causing lightly-yielding, with steady pressure."
/home/mdxuser/Genesis/main/data/picked_up_4/upsampled/BlueBlack_Nintendo_3DSXL_Elastic_soft_upsampled.csv,2160,"Fingers steadying target object, maintaining a stable hold, using slight force, causing slight-yielding."
/home/mdxuser/Genesis/main/data/picked_up_4/upsampled/BlueBlack_Nintendo_3DSXL_Elastic_soft_upsampled.csv,2430,"Gripper continue maintaining hold of the object, maintaining a stable hold, using cushioned pressure, causing minimal-resistance."
/home/mdxuser/Genesis/main/data/picked_up_4/upsampled/BlueBlack_Nintendo_3DSXL_Elastic_soft_upsampled.csv,2700,Target object has been released.
/home/mdxuser/Genesis/main/data/picked_up_4/upsampled/CoQ10_wSSVoxVppVD_Elastic_soft_upsampled.csv,0,"End-effector aligning towards target object, to begin the task."
/home/mdxuser/Genesis/main/data/picked_up_4/upsampled/CoQ10_wSSVoxVppVD_Elastic_soft_upsampled.csv,270,"End-effector capturing the object, using soft contact, causing lightly-yielding, with rising force."
/home/mdxuser/Genesis/main/data/picked_up_4/upsampled/CoQ10_wSSVoxVppVD_Elastic_soft_upsampled.csv,540,"Fingers continue securing the object, using soft contact, causing lightly-yielding, with rising force."
/home/mdxuser/Genesis/main/data/picked_up_4/upsampled/CoQ10_wSSVoxVppVD_Elastic_soft_upsampled.csv,810,"End-effector picking up target object, using subtle force, causing cushioned-contact, with increasing force."
/home/mdxuser/Genesis/main/data/picked_up_4/upsampled/CoQ10_wSSVoxVppVD_Elastic_soft_upsampled.csv,1080,"Gripping mechanism turning target object, by an angle of 30.0 degrees, using slight force, causing gentle-compression, with constant force."
/home/mdxuser/Genesis/main/data/picked_up_4/upsampled/CoQ10_wSSVoxVppVD_Elastic_soft_upsampled.csv,1350,"Gripper continue rotating the object, by an angle of 30.0 degrees, using minimal force, causing cushioned-contact, with constant force."
/home/mdxuser/Genesis/main/data/picked_up_4/upsampled/CoQ10_wSSVoxVppVD_Elastic_soft_upsampled.csv,1620,"End-effector maintaining hold of the object, maintaining a stable hold, using cushioned pressure, causing soft-deformation."
/home/mdxuser/Genesis/main/data/picked_up_4/upsampled/CoQ10_wSSVoxVppVD_Elastic_soft_upsampled.csv,1890,"Gripping mechanism rotating target object, by an angle of 45.0 degrees, using gentle force, causing cushioned-contact, with steady pressure."
/home/mdxuser/Genesis/main/data/picked_up_4/upsampled/CoQ10_wSSVoxVppVD_Elastic_soft_upsampled.csv,2160,Item has been let go of.
/home/mdxuser/Genesis/main/data/picked_up_4/upsampled/CoQ10_wSSVoxVppVD_Elastic_soft_upsampled.csv,2430,Target object has been dropped.
/home/mdxuser/Genesis/main/data/picked_up_4/upsampled/CoQ10_wSSVoxVppVD_Elastic_soft_upsampled.csv,2700,Target object has been dropped.
/home/mdxuser/Genesis/main/data/picked_up_4/upsampled/Don_Franciscos_Gourmet_Coffee_Medium_Decaf_100_Colombian_12_oz_340_g_Elastic_soft_upsampled.csv,0,"Gripping mechanism reaching towards target object, to begin the task."
/home/mdxuser/Genesis/main/data/picked_up_4/upsampled/Don_Franciscos_Gourmet_Coffee_Medium_Decaf_100_Colombian_12_oz_340_g_Elastic_soft_upsampled.csv,270,"End-effector clamping item, using soft contact, causing slight-yielding, with growing pressure."
/home/mdxuser/Genesis/main/data/picked_up_4/upsampled/Don_Franciscos_Gourmet_Coffee_Medium_Decaf_100_Colombian_12_oz_340_g_Elastic_soft_upsampled.csv,540,"Gripper continue securing the object, using minimal force, causing gentle-compression, with growing pressure."
/home/mdxuser/Genesis/main/data/picked_up_4/upsampled/Don_Franciscos_Gourmet_Coffee_Medium_Decaf_100_Colombian_12_oz_340_g_Elastic_soft_upsampled.csv,810,"End-effector lifting item, using minimal force, causing cushioned-contact, with growing pressure."
/home/mdxuser/Genesis/main/data/picked_up_4/upsampled/Don_Franciscos_Gourmet_Coffee_Medium_Decaf_100_Colombian_12_oz_340_g_Elastic_soft_upsampled.csv,1080,"Gripping mechanism rotating item, by an angle of 45.0 degrees, using minimal force, causing minimal-resistance, with unchanging force."
/home/mdxuser/Genesis/main/data/picked_up_4/upsampled/Don_Franciscos_Gourmet_Coffee_Medium_Decaf_100_Colombian_12_oz_340_g_Elastic_soft_upsampled.csv,1350,"Fingers maintaining hold of item, maintaining a stable hold, using cushioned pressure, causing minimal-resistance."
/home/mdxuser/Genesis/main/data/picked_up_4/upsampled/Don_Franciscos_Gourmet_Coffee_Medium_Decaf_100_Colombian_12_oz_340_g_Elastic_soft_upsampled.csv,1620,"Gripping mechanism continue holding position of item, maintaining a stable hold, using light pressure, causing cushioned-contact."
/home/mdxuser/Genesis/main/data/picked_up_4/upsampled/Don_Franciscos_Gourmet_Coffee_Medium_Decaf_100_Colombian_12_oz_340_g_Elastic_soft_upsampled.csv,1890,"Gripping mechanism turning target object, by an angle of 45.0 degrees, using gentle force, causing lightly-yielding, with steady pressure."
/home/mdxuser/Genesis/main/data/picked_up_4/upsampled/Don_Franciscos_Gourmet_Coffee_Medium_Decaf_100_Colombian_12_oz_340_g_Elastic_soft_upsampled.csv,2160,"Fingers continue rotating item, by an angle of 45.0 degrees, using subtle force, causing cushioned-contact, with unchanging force."
/home/mdxuser/Genesis/main/data/picked_up_4/upsampled/Don_Franciscos_Gourmet_Coffee_Medium_Decaf_100_Colombian_12_oz_340_g_Elastic_soft_upsampled.csv,2430,"Gripping mechanism steadying item, maintaining a stable hold, using light pressure, causing slight-yielding."
/home/mdxuser/Genesis/main/data/picked_up_4/upsampled/Don_Franciscos_Gourmet_Coffee_Medium_Decaf_100_Colombian_12_oz_340_g_Elastic_soft_upsampled.csv,2700,Item has been dropped.
/home/mdxuser/Genesis/main/data/picked_up_4/upsampled/CREATIVE_BLOCKS_35_MM_Elastic_hard_upsampled.csv,0,"Gripper advancing towards target object, to begin the task."
/home/mdxuser/Genesis/main/data/picked_up_4/upsampled/CREATIVE_BLOCKS_35_MM_Elastic_hard_upsampled.csv,270,"Gripper squeezing item, using significant force, causing hard-deformation, with increasing force."
/home/mdxuser/Genesis/main/data/picked_up_4/upsampled/CREATIVE_BLOCKS_35_MM_Elastic_hard_upsampled.csv,540,"End-effector continue pinching target object, using heavy force, causing firm-yielding, with growing pressure."
/home/mdxuser/Genesis/main/data/picked_up_4/upsampled/CREATIVE_BLOCKS_35_MM_Elastic_hard_upsampled.csv,810,"Gripping mechanism elevating target object, using significant force, causing strong-resistance, with rising force."
/home/mdxuser/Genesis/main/data/picked_up_4/upsampled/CREATIVE_BLOCKS_35_MM_Elastic_hard_upsampled.csv,1080,"Fingers twisting target object, by an angle of 45.0 degrees, using strong force, causing firm-yielding, with constant force."
/home/mdxuser/Genesis/main/data/picked_up_4/upsampled/CREATIVE_BLOCKS_35_MM_Elastic_hard_upsampled.csv,1350,"End-effector continue rotating target object, by an angle of 45.0 degrees, using strong force, causing strong-resistance, with unchanging force."
/home/mdxuser/Genesis/main/data/picked_up_4/upsampled/CREATIVE_BLOCKS_35_MM_Elastic_hard_upsampled.csv,1620,"Gripper steadying the object, maintaining a stable hold, using strong force, causing significant-compression."
/home/mdxuser/Genesis/main/data/picked_up_4/upsampled/CREATIVE_BLOCKS_35_MM_Elastic_hard_upsampled.csv,1890,"Fingers turning the object, by an angle of 45.0 degrees, using significant force, causing rigid-contact, with constant force."
/home/mdxuser/Genesis/main/data/picked_up_4/upsampled/CREATIVE_BLOCKS_35_MM_Elastic_hard_upsampled.csv,2160,"End-effector maintaining hold of target object, maintaining a stable hold, using intense pressure, causing significant-compression."
/home/mdxuser/Genesis/main/data/picked_up_4/upsampled/CREATIVE_BLOCKS_35_MM_Elastic_hard_upsampled.csv,2430,"Fingers continue maintaining hold of target object, maintaining a stable hold, using intense pressure, causing significant-compression."
/home/mdxuser/Genesis/main/data/picked_up_4/upsampled/CREATIVE_BLOCKS_35_MM_Elastic_hard_upsampled.csv,2700,"Gripping mechanism slowing down motion of the object, using contactless method, causing form-conservation."
/home/mdxuser/Genesis/main/data/picked_up_4/upsampled/ASICS_GELBlur33_20_GS_BlackWhiteSafety_Orange_Elastic_hard_upsampled.csv,0,"Fingers starting movement towards the object, to begin the task."
/home/mdxuser/Genesis/main/data/picked_up_4/upsampled/ASICS_GELBlur33_20_GS_BlackWhiteSafety_Orange_Elastic_hard_upsampled.csv,270,"Gripping mechanism clasping the object, using heavy force, causing hard-deformation, with growing pressure."
/home/mdxuser/Genesis/main/data/picked_up_4/upsampled/ASICS_GELBlur33_20_GS_BlackWhiteSafety_Orange_Elastic_hard_upsampled.csv,540,"Fingers continue gripping target object, using heavy force, causing firm-yielding, with growing pressure."
/home/mdxuser/Genesis/main/data/picked_up_4/upsampled/ASICS_GELBlur33_20_GS_BlackWhiteSafety_Orange_Elastic_hard_upsampled.csv,810,"End-effector lifting target object, using intense pressure, causing significant-compression, with increasing force."
/home/mdxuser/Genesis/main/data/picked_up_4/upsampled/ASICS_GELBlur33_20_GS_BlackWhiteSafety_Orange_Elastic_hard_upsampled.csv,1080,"Gripper twisting target object, by an angle of 45.0 degrees, using strong contact, causing significant-compression, with steady pressure."
/home/mdxuser/Genesis/main/data/picked_up_4/upsampled/ASICS_GELBlur33_20_GS_BlackWhiteSafety_Orange_Elastic_hard_upsampled.csv,1350,"Fingers continue twisting item, by an angle of 45.0 degrees, using firm pressure, causing significant-compression, with steady pressure."
/home/mdxuser/Genesis/main/data/picked_up_4/upsampled/ASICS_GELBlur33_20_GS_BlackWhiteSafety_Orange_Elastic_hard_upsampled.csv,1620,"Gripping mechanism maintaining hold of item, maintaining a stable hold, using heavy force, causing significant-compression."
/home/mdxuser/Genesis/main/data/picked_up_4/upsampled/ASICS_GELBlur33_20_GS_BlackWhiteSafety_Orange_Elastic_hard_upsampled.csv,1890,"Gripping mechanism turning the object, by an angle of 45.0 degrees, using intense pressure, causing significant-compression, with steady pressure."
/home/mdxuser/Genesis/main/data/picked_up_4/upsampled/ASICS_GELBlur33_20_GS_BlackWhiteSafety_Orange_Elastic_hard_upsampled.csv,2160,"Fingers continue twisting item, by an angle of 45.0 degrees, using strong force, causing substantial-yielding, with constant force."
/home/mdxuser/Genesis/main/data/picked_up_4/upsampled/ASICS_GELBlur33_20_GS_BlackWhiteSafety_Orange_Elastic_hard_upsampled.csv,2430,"Gripping mechanism steadying target object, maintaining a stable hold, using heavy force, causing rigid-contact."
/home/mdxuser/Genesis/main/data/picked_up_4/upsampled/ASICS_GELBlur33_20_GS_BlackWhiteSafety_Orange_Elastic_hard_upsampled.csv,2700,"End-effector slowing down motion of the object, using forceless methods, causing form-conservation."
/home/mdxuser/Genesis/main/data/picked_up_4/upsampled/Office_Depot_HP_75_Remanufactured_Ink_Cartridge_TriColor_Elastic_medium_upsampled.csv,0,"Fingers starting movement towards target object, to begin the task."
/home/mdxuser/Genesis/main/data/picked_up_4/upsampled/Office_Depot_HP_75_Remanufactured_Ink_Cartridge_TriColor_Elastic_medium_upsampled.csv,270,"Fingers gripping the object, using moderate force, causing balanced-yielding, with growing pressure."
/home/mdxuser/Genesis/main/data/picked_up_4/upsampled/Office_Depot_HP_75_Remanufactured_Ink_Cartridge_TriColor_Elastic_medium_upsampled.csv,540,"Gripper continue grasping target object, using steady force, causing firm-contact, with increasing force."
/home/mdxuser/Genesis/main/data/picked_up_4/upsampled/Office_Depot_HP_75_Remanufactured_Ink_Cartridge_TriColor_Elastic_medium_upsampled.csv,810,"Gripping mechanism raising target object, using moderate force, causing medium-deformation, with rising force."
/home/mdxuser/Genesis/main/data/picked_up_4/upsampled/Office_Depot_HP_75_Remanufactured_Ink_Cartridge_TriColor_Elastic_medium_upsampled.csv,1080,"Gripper twisting item, by an angle of 45.0 degrees, using controlled pressure, causing firm-contact, with steady pressure."
/home/mdxuser/Genesis/main/data/picked_up_4/upsampled/Office_Depot_HP_75_Remanufactured_Ink_Cartridge_TriColor_Elastic_medium_upsampled.csv,1350,"Gripper continue turning the object, by an angle of 45.0 degrees, using balanced pressure, causing controlled-yielding, with steady pressure."
/home/mdxuser/Genesis/main/data/picked_up_4/upsampled/Office_Depot_HP_75_Remanufactured_Ink_Cartridge_TriColor_Elastic_medium_upsampled.csv,1620,"Gripping mechanism maintaining hold of target object, maintaining a stable hold, using moderate force, causing steady-resistance."
/home/mdxuser/Genesis/main/data/picked_up_4/upsampled/Office_Depot_HP_75_Remanufactured_Ink_Cartridge_TriColor_Elastic_medium_upsampled.csv,1890,"Gripper turning item, by an angle of 45.0 degrees, using moderate force, causing moderate-compression, with unchanging force."
/home/mdxuser/Genesis/main/data/picked_up_4/upsampled/Office_Depot_HP_75_Remanufactured_Ink_Cartridge_TriColor_Elastic_medium_upsampled.csv,2160,"Gripping mechanism continue turning the object, by an angle of 45.0 degrees, using moderate force, causing medium-deformation, with unchanging force."
/home/mdxuser/Genesis/main/data/picked_up_4/upsampled/Office_Depot_HP_75_Remanufactured_Ink_Cartridge_TriColor_Elastic_medium_upsampled.csv,2430,The object has been dropped.
/home/mdxuser/Genesis/main/data/picked_up_4/upsampled/Office_Depot_HP_75_Remanufactured_Ink_Cartridge_TriColor_Elastic_medium_upsampled.csv,2700,The object has been let go of.
/home/mdxuser/Genesis/main/data/picked_up_4/upsampled/Orbit_Bubblemint_Mini_Bottle_6_ct_Elastic_hard_upsampled.csv,0,"Gripping mechanism advancing towards target object, to begin the task."
/home/mdxuser/Genesis/main/data/picked_up_4/upsampled/Orbit_Bubblemint_Mini_Bottle_6_ct_Elastic_hard_upsampled.csv,270,"Gripping mechanism squeezing the object, using strong force, causing rigid-contact, with rising force."
/home/mdxuser/Genesis/main/data/picked_up_4/upsampled/Orbit_Bubblemint_Mini_Bottle_6_ct_Elastic_hard_upsampled.csv,540,"Gripper continue squeezing the object, using intense pressure, causing hard-deformation, with growing pressure."
/home/mdxuser/Genesis/main/data/picked_up_4/upsampled/Orbit_Bubblemint_Mini_Bottle_6_ct_Elastic_hard_upsampled.csv,810,"Fingers raising item, using firm pressure, causing substantial-yielding, with increasing force."
/home/mdxuser/Genesis/main/data/picked_up_4/upsampled/Orbit_Bubblemint_Mini_Bottle_6_ct_Elastic_hard_upsampled.csv,1080,"Gripper turning target object, by an angle of 45.0 degrees, using heavy force, causing firm-yielding, with unchanging force."
/home/mdxuser/Genesis/main/data/picked_up_4/upsampled/Orbit_Bubblemint_Mini_Bottle_6_ct_Elastic_hard_upsampled.csv,1350,The object has been dropped.
/home/mdxuser/Genesis/main/data/picked_up_4/upsampled/Orbit_Bubblemint_Mini_Bottle_6_ct_Elastic_hard_upsampled.csv,1620,Item has been dropped.
/home/mdxuser/Genesis/main/data/picked_up_4/upsampled/Orbit_Bubblemint_Mini_Bottle_6_ct_Elastic_hard_upsampled.csv,1890,Item has been released.
/home/mdxuser/Genesis/main/data/picked_up_4/upsampled/Orbit_Bubblemint_Mini_Bottle_6_ct_Elastic_hard_upsampled.csv,2160,The object has been dropped.
/home/mdxuser/Genesis/main/data/picked_up_4/upsampled/Orbit_Bubblemint_Mini_Bottle_6_ct_Elastic_hard_upsampled.csv,2430,The object has been released.
/home/mdxuser/Genesis/main/data/picked_up_4/upsampled/Orbit_Bubblemint_Mini_Bottle_6_ct_Elastic_hard_upsampled.csv,2700,The object has been let go of.
/home/mdxuser/Genesis/main/data/picked_up_4/upsampled/Cootie_Game_tDhURNbfU5J_Elastic_hard_upsampled.csv,0,"Gripper advancing towards target object, to begin the task."
/home/mdxuser/Genesis/main/data/picked_up_4/upsampled/Cootie_Game_tDhURNbfU5J_Elastic_hard_upsampled.csv,270,"Gripping mechanism gripping the object, using intense pressure, causing substantial-yielding, with growing pressure."
/home/mdxuser/Genesis/main/data/picked_up_4/upsampled/Cootie_Game_tDhURNbfU5J_Elastic_hard_upsampled.csv,540,"End-effector continue clasping the object, using intense pressure, causing strong-resistance, with increasing force."
/home/mdxuser/Genesis/main/data/picked_up_4/upsampled/Cootie_Game_tDhURNbfU5J_Elastic_hard_upsampled.csv,810,"Gripping mechanism picking up target object, using significant force, causing hard-deformation, with increasing force."
/home/mdxuser/Genesis/main/data/picked_up_4/upsampled/Cootie_Game_tDhURNbfU5J_Elastic_hard_upsampled.csv,1080,"Fingers twisting the object, by an angle of 45.0 degrees, using firm pressure, causing firm-yielding, with constant force."
/home/mdxuser/Genesis/main/data/picked_up_4/upsampled/Cootie_Game_tDhURNbfU5J_Elastic_hard_upsampled.csv,1350,"Gripping mechanism continue twisting item, by an angle of 45.0 degrees, using intense pressure, causing significant-compression, with unchanging force."
/home/mdxuser/Genesis/main/data/picked_up_4/upsampled/Cootie_Game_tDhURNbfU5J_Elastic_hard_upsampled.csv,1620,"Gripping mechanism steadying target object, maintaining a stable hold, using strong force, causing hard-deformation."
/home/mdxuser/Genesis/main/data/picked_up_4/upsampled/Cootie_Game_tDhURNbfU5J_Elastic_hard_upsampled.csv,1890,Target object has been dropped.
/home/mdxuser/Genesis/main/data/picked_up_4/upsampled/Cootie_Game_tDhURNbfU5J_Elastic_hard_upsampled.csv,2160,Target object has been let go of.
/home/mdxuser/Genesis/main/data/picked_up_4/upsampled/Cootie_Game_tDhURNbfU5J_Elastic_hard_upsampled.csv,2430,Target object has been dropped.
/home/mdxuser/Genesis/main/data/picked_up_4/upsampled/Cootie_Game_tDhURNbfU5J_Elastic_hard_upsampled.csv,2700,Item has been released.
/home/mdxuser/Genesis/main/data/picked_up_4/upsampled/Brother_Printing_Cartridge_PC501_Elastic_hard_upsampled.csv,0,"End-effector positioning towards the object, to begin the task."
/home/mdxuser/Genesis/main/data/picked_up_4/upsampled/Brother_Printing_Cartridge_PC501_Elastic_hard_upsampled.csv,270,"Fingers gripping target object, using heavy force, causing substantial-yielding, with increasing force."
/home/mdxuser/Genesis/main/data/picked_up_4/upsampled/Brother_Printing_Cartridge_PC501_Elastic_hard_upsampled.csv,540,"Fingers continue clasping the object, using heavy force, causing substantial-yielding, with rising force."
/home/mdxuser/Genesis/main/data/picked_up_4/upsampled/Brother_Printing_Cartridge_PC501_Elastic_hard_upsampled.csv,810,"Gripper lifting the object, using firm pressure, causing hard-deformation, with rising force."
/home/mdxuser/Genesis/main/data/picked_up_4/upsampled/Brother_Printing_Cartridge_PC501_Elastic_hard_upsampled.csv,1080,"Gripper turning target object, by an angle of 30.0 degrees, using strong force, causing substantial-yielding, with steady pressure."
/home/mdxuser/Genesis/main/data/picked_up_4/upsampled/Brother_Printing_Cartridge_PC501_Elastic_hard_upsampled.csv,1350,"Gripping mechanism continue turning the object, by an angle of 30.0 degrees, using strong contact, causing significant-compression, with steady pressure."
/home/mdxuser/Genesis/main/data/picked_up_4/upsampled/Brother_Printing_Cartridge_PC501_Elastic_hard_upsampled.csv,1620,"End-effector pausing motion of the object, maintaining a stable hold, using heavy force, causing rigid-contact."
/home/mdxuser/Genesis/main/data/picked_up_4/upsampled/Brother_Printing_Cartridge_PC501_Elastic_hard_upsampled.csv,1890,"Gripper twisting the object, by an angle of 45.0 degrees, using strong force, causing significant-compression, with unchanging force."
/home/mdxuser/Genesis/main/data/picked_up_4/upsampled/Brother_Printing_Cartridge_PC501_Elastic_hard_upsampled.csv,2160,"Fingers continue turning item, by an angle of 45.0 degrees, using firm pressure, causing hard-deformation, with constant force."
/home/mdxuser/Genesis/main/data/picked_up_4/upsampled/Brother_Printing_Cartridge_PC501_Elastic_hard_upsampled.csv,2430,The object has been dropped.
/home/mdxuser/Genesis/main/data/picked_up_4/upsampled/Brother_Printing_Cartridge_PC501_Elastic_hard_upsampled.csv,2700,The object has been released.
/home/mdxuser/Genesis/main/data/picked_up_4/upsampled/Cole_Hardware_School_Bell_Solid_Brass_38_Elastic_hard_upsampled.csv,0,"Gripper reaching towards target object, to begin the task."
/home/mdxuser/Genesis/main/data/picked_up_4/upsampled/Cole_Hardware_School_Bell_Solid_Brass_38_Elastic_hard_upsampled.csv,270,"Gripper securing the object, using intense pressure, causing rigid-contact, with rising force."
/home/mdxuser/Genesis/main/data/picked_up_4/upsampled/Cole_Hardware_School_Bell_Solid_Brass_38_Elastic_hard_upsampled.csv,540,"Gripper continue clamping the object, using intense pressure, causing significant-compression, with rising force."
/home/mdxuser/Genesis/main/data/picked_up_4/upsampled/Cole_Hardware_School_Bell_Solid_Brass_38_Elastic_hard_upsampled.csv,810,"End-effector raising item, using significant force, causing strong-resistance, with growing pressure."
/home/mdxuser/Genesis/main/data/picked_up_4/upsampled/Cole_Hardware_School_Bell_Solid_Brass_38_Elastic_hard_upsampled.csv,1080,"End-effector rotating the object, by an angle of 45.0 degrees, using strong contact, causing firm-yielding, with unchanging force."
/home/mdxuser/Genesis/main/data/picked_up_4/upsampled/Cole_Hardware_School_Bell_Solid_Brass_38_Elastic_hard_upsampled.csv,1350,"Gripping mechanism continue rotating the object, by an angle of 45.0 degrees, using significant force, causing strong-resistance, with steady pressure."
/home/mdxuser/Genesis/main/data/picked_up_4/upsampled/Cole_Hardware_School_Bell_Solid_Brass_38_Elastic_hard_upsampled.csv,1620,Item has been released.
/home/mdxuser/Genesis/main/data/picked_up_4/upsampled/Cole_Hardware_School_Bell_Solid_Brass_38_Elastic_hard_upsampled.csv,1890,The object has been released.
/home/mdxuser/Genesis/main/data/picked_up_4/upsampled/Cole_Hardware_School_Bell_Solid_Brass_38_Elastic_hard_upsampled.csv,2160,Target object has been dropped.
/home/mdxuser/Genesis/main/data/picked_up_4/upsampled/Cole_Hardware_School_Bell_Solid_Brass_38_Elastic_hard_upsampled.csv,2430,Target object has been released.
/home/mdxuser/Genesis/main/data/picked_up_4/upsampled/Cole_Hardware_School_Bell_Solid_Brass_38_Elastic_hard_upsampled.csv,2700,The object has been let go of.
/home/mdxuser/Genesis/main/data/picked_up_4/upsampled/Dell_Series_9_Color_Ink_Cartridge_MK993_High_Yield_Elastic_hard_upsampled.csv,0,"End-effector positioning towards the object, to begin the task."
/home/mdxuser/Genesis/main/data/picked_up_4/upsampled/Dell_Series_9_Color_Ink_Cartridge_MK993_High_Yield_Elastic_hard_upsampled.csv,270,"Gripping mechanism capturing target object, using strong contact, causing firm-yielding, with growing pressure."
/home/mdxuser/Genesis/main/data/picked_up_4/upsampled/Dell_Series_9_Color_Ink_Cartridge_MK993_High_Yield_Elastic_hard_upsampled.csv,540,"Fingers continue capturing target object, using strong force, causing firm-yielding, with increasing force."
/home/mdxuser/Genesis/main/data/picked_up_4/upsampled/Dell_Series_9_Color_Ink_Cartridge_MK993_High_Yield_Elastic_hard_upsampled.csv,810,"Gripping mechanism lifting target object, using firm pressure, causing rigid-contact, with rising force."
/home/mdxuser/Genesis/main/data/picked_up_4/upsampled/Dell_Series_9_Color_Ink_Cartridge_MK993_High_Yield_Elastic_hard_upsampled.csv,1080,"Gripping mechanism rotating item, by an angle of 45.0 degrees, using strong contact, causing strong-resistance, with unchanging force."
/home/mdxuser/Genesis/main/data/picked_up_4/upsampled/Dell_Series_9_Color_Ink_Cartridge_MK993_High_Yield_Elastic_hard_upsampled.csv,1350,Item has been released.
/home/mdxuser/Genesis/main/data/picked_up_4/upsampled/Dell_Series_9_Color_Ink_Cartridge_MK993_High_Yield_Elastic_hard_upsampled.csv,1620,Item has been let go of.
/home/mdxuser/Genesis/main/data/picked_up_4/upsampled/Dell_Series_9_Color_Ink_Cartridge_MK993_High_Yield_Elastic_hard_upsampled.csv,1890,Item has been dropped.
/home/mdxuser/Genesis/main/data/picked_up_4/upsampled/Dell_Series_9_Color_Ink_Cartridge_MK993_High_Yield_Elastic_hard_upsampled.csv,2160,The object has been let go of.
/home/mdxuser/Genesis/main/data/picked_up_4/upsampled/Dell_Series_9_Color_Ink_Cartridge_MK993_High_Yield_Elastic_hard_upsampled.csv,2430,Item has been let go of.
/home/mdxuser/Genesis/main/data/picked_up_4/upsampled/Dell_Series_9_Color_Ink_Cartridge_MK993_High_Yield_Elastic_hard_upsampled.csv,2700,The object has been let go of.
/home/mdxuser/Genesis/main/data/picked_up_4/upsampled/Perricone_MD_No_Foundation_Serum_Elastic_hard_upsampled.csv,0,"Fingers positioning towards item, to begin the task."
/home/mdxuser/Genesis/main/data/picked_up_4/upsampled/Perricone_MD_No_Foundation_Serum_Elastic_hard_upsampled.csv,270,"Gripping mechanism gripping the object, using firm pressure, causing significant-compression, with rising force."
/home/mdxuser/Genesis/main/data/picked_up_4/upsampled/Perricone_MD_No_Foundation_Serum_Elastic_hard_upsampled.csv,540,"Fingers continue clamping the object, using strong force, causing hard-deformation, with increasing force."
/home/mdxuser/Genesis/main/data/picked_up_4/upsampled/Perricone_MD_No_Foundation_Serum_Elastic_hard_upsampled.csv,810,"Gripper elevating target object, using firm pressure, causing firm-yielding, with rising force."
/home/mdxuser/Genesis/main/data/picked_up_4/upsampled/Perricone_MD_No_Foundation_Serum_Elastic_hard_upsampled.csv,1080,"Fingers twisting item, by an angle of 30.0 degrees, using heavy force, causing firm-yielding, with steady pressure."
/home/mdxuser/Genesis/main/data/picked_up_4/upsampled/Perricone_MD_No_Foundation_Serum_Elastic_hard_upsampled.csv,1350,"Gripping mechanism continue turning target object, by an angle of 30.0 degrees, using firm pressure, causing hard-deformation, with constant force."
/home/mdxuser/Genesis/main/data/picked_up_4/upsampled/Perricone_MD_No_Foundation_Serum_Elastic_hard_upsampled.csv,1620,"Gripper maintaining hold of target object, maintaining a stable hold, using heavy force, causing strong-resistance."
/home/mdxuser/Genesis/main/data/picked_up_4/upsampled/Perricone_MD_No_Foundation_Serum_Elastic_hard_upsampled.csv,1890,"Gripping mechanism turning item, by an angle of 45.0 degrees, using intense pressure, causing strong-resistance, with constant force."
/home/mdxuser/Genesis/main/data/picked_up_4/upsampled/Perricone_MD_No_Foundation_Serum_Elastic_hard_upsampled.csv,2160,"Gripping mechanism steadying target object, maintaining a stable hold, using intense pressure, causing significant-compression."
/home/mdxuser/Genesis/main/data/picked_up_4/upsampled/Perricone_MD_No_Foundation_Serum_Elastic_hard_upsampled.csv,2430,"Gripper continue steadying item, maintaining a stable hold, using firm pressure, causing hard-deformation."
/home/mdxuser/Genesis/main/data/picked_up_4/upsampled/Perricone_MD_No_Foundation_Serum_Elastic_hard_upsampled.csv,2700,"End-effector slowing down motion of target object, using zero-force, causing unyielding."
/home/mdxuser/Genesis/main/data/picked_up_4/upsampled/Black_and_Decker_TR3500SD_2Slice_Toaster_Elastic_medium_upsampled.csv,0,"Gripping mechanism starting movement towards item, to begin the task."
/home/mdxuser/Genesis/main/data/picked_up_4/upsampled/Black_and_Decker_TR3500SD_2Slice_Toaster_Elastic_medium_upsampled.csv,270,"Fingers clamping target object, using controlled pressure, causing steady-resistance, with rising force."
/home/mdxuser/Genesis/main/data/picked_up_4/upsampled/Black_and_Decker_TR3500SD_2Slice_Toaster_Elastic_medium_upsampled.csv,540,"Fingers continue capturing the object, using balanced pressure, causing steady-resistance, with rising force."
/home/mdxuser/Genesis/main/data/picked_up_4/upsampled/Black_and_Decker_TR3500SD_2Slice_Toaster_Elastic_medium_upsampled.csv,810,"Gripping mechanism picking up target object, using moderate force, causing balanced-yielding, with growing pressure."
/home/mdxuser/Genesis/main/data/picked_up_4/upsampled/Black_and_Decker_TR3500SD_2Slice_Toaster_Elastic_medium_upsampled.csv,1080,"Gripper twisting target object, by an angle of 30.0 degrees, using firm contact, causing controlled-yielding, with steady pressure."
/home/mdxuser/Genesis/main/data/picked_up_4/upsampled/Black_and_Decker_TR3500SD_2Slice_Toaster_Elastic_medium_upsampled.csv,1350,"Fingers continue rotating target object, by an angle of 30.0 degrees, using balanced pressure, causing balanced-yielding, with steady pressure."
/home/mdxuser/Genesis/main/data/picked_up_4/upsampled/Black_and_Decker_TR3500SD_2Slice_Toaster_Elastic_medium_upsampled.csv,1620,Item has been released.
/home/mdxuser/Genesis/main/data/picked_up_4/upsampled/Black_and_Decker_TR3500SD_2Slice_Toaster_Elastic_medium_upsampled.csv,1890,Item has been dropped.
/home/mdxuser/Genesis/main/data/picked_up_4/upsampled/Black_and_Decker_TR3500SD_2Slice_Toaster_Elastic_medium_upsampled.csv,2160,Target object has been released.
/home/mdxuser/Genesis/main/data/picked_up_4/upsampled/Black_and_Decker_TR3500SD_2Slice_Toaster_Elastic_medium_upsampled.csv,2430,The object has been dropped.
/home/mdxuser/Genesis/main/data/picked_up_4/upsampled/Black_and_Decker_TR3500SD_2Slice_Toaster_Elastic_medium_upsampled.csv,2700,Target object has been released.
/home/mdxuser/Genesis/main/data/picked_up_4/upsampled/Beetle_Adventure_Racing_Nintendo_64_Elastic_medium_upsampled.csv,0,"Gripper initiating towards the object, to begin the task."
/home/mdxuser/Genesis/main/data/picked_up_4/upsampled/Beetle_Adventure_Racing_Nintendo_64_Elastic_medium_upsampled.csv,270,"Gripper grasping item, using steady force, causing moderate-compression, with growing pressure."
/home/mdxuser/Genesis/main/data/picked_up_4/upsampled/Beetle_Adventure_Racing_Nintendo_64_Elastic_medium_upsampled.csv,540,"Gripping mechanism continue pinching the object, using moderate force, causing medium-deformation, with growing pressure."
/home/mdxuser/Genesis/main/data/picked_up_4/upsampled/Beetle_Adventure_Racing_Nintendo_64_Elastic_medium_upsampled.csv,810,"Gripper picking up target object, using firm contact, causing steady-resistance, with growing pressure."
/home/mdxuser/Genesis/main/data/picked_up_4/upsampled/Beetle_Adventure_Racing_Nintendo_64_Elastic_medium_upsampled.csv,1080,"Gripper rotating target object, by an angle of 45.0 degrees, using controlled pressure, causing controlled-yielding, with unchanging force."
/home/mdxuser/Genesis/main/data/picked_up_4/upsampled/Beetle_Adventure_Racing_Nintendo_64_Elastic_medium_upsampled.csv,1350,"Gripping mechanism pausing motion of the object, maintaining a stable hold, using moderate force, causing firm-contact."
/home/mdxuser/Genesis/main/data/picked_up_4/upsampled/Beetle_Adventure_Racing_Nintendo_64_Elastic_medium_upsampled.csv,1620,"Fingers continue pausing motion of target object, maintaining a stable hold, using balanced pressure, causing balanced-yielding."
/home/mdxuser/Genesis/main/data/picked_up_4/upsampled/Beetle_Adventure_Racing_Nintendo_64_Elastic_medium_upsampled.csv,1890,"Gripping mechanism turning target object, by an angle of 30.0 degrees, using moderate force, causing firm-contact, with unchanging force."
/home/mdxuser/Genesis/main/data/picked_up_4/upsampled/Beetle_Adventure_Racing_Nintendo_64_Elastic_medium_upsampled.csv,2160,"Gripping mechanism continue rotating item, by an angle of 30.0 degrees, using firm contact, causing moderate-compression, with constant force."
/home/mdxuser/Genesis/main/data/picked_up_4/upsampled/Beetle_Adventure_Racing_Nintendo_64_Elastic_medium_upsampled.csv,2430,Item has been released.
/home/mdxuser/Genesis/main/data/picked_up_4/upsampled/Beetle_Adventure_Racing_Nintendo_64_Elastic_medium_upsampled.csv,2700,The object has been released.
/home/mdxuser/Genesis/main/data/picked_up_4/upsampled/Arm_Hammer_Diaper_Pail_Refills_12_Pack_MFWkmoweejt_Elastic_medium_upsampled.csv,0,"End-effector positioning towards target object, to begin the task."
/home/mdxuser/Genesis/main/data/picked_up_4/upsampled/Arm_Hammer_Diaper_Pail_Refills_12_Pack_MFWkmoweejt_Elastic_medium_upsampled.csv,270,"Fingers securing target object, using moderate force, causing balanced-yielding, with rising force."
/home/mdxuser/Genesis/main/data/picked_up_4/upsampled/Arm_Hammer_Diaper_Pail_Refills_12_Pack_MFWkmoweejt_Elastic_medium_upsampled.csv,540,"Gripper continue holding item, using moderate force, causing moderate-compression, with rising force."
/home/mdxuser/Genesis/main/data/picked_up_4/upsampled/Arm_Hammer_Diaper_Pail_Refills_12_Pack_MFWkmoweejt_Elastic_medium_upsampled.csv,810,"Gripper lifting target object, using balanced pressure, causing firm-contact, with increasing force."
/home/mdxuser/Genesis/main/data/picked_up_4/upsampled/Arm_Hammer_Diaper_Pail_Refills_12_Pack_MFWkmoweejt_Elastic_medium_upsampled.csv,1080,"Gripping mechanism turning target object, by an angle of 30.0 degrees, using controlled pressure, causing moderate-compression, with constant force."
/home/mdxuser/Genesis/main/data/picked_up_4/upsampled/Arm_Hammer_Diaper_Pail_Refills_12_Pack_MFWkmoweejt_Elastic_medium_upsampled.csv,1350,"Gripping mechanism continue twisting item, by an angle of 30.0 degrees, using balanced pressure, causing controlled-yielding, with unchanging force."
/home/mdxuser/Genesis/main/data/picked_up_4/upsampled/Arm_Hammer_Diaper_Pail_Refills_12_Pack_MFWkmoweejt_Elastic_medium_upsampled.csv,1620,"Gripper maintaining hold of the object, maintaining a stable hold, using steady force, causing balanced-yielding."
/home/mdxuser/Genesis/main/data/picked_up_4/upsampled/Arm_Hammer_Diaper_Pail_Refills_12_Pack_MFWkmoweejt_Elastic_medium_upsampled.csv,1890,"Gripper rotating item, by an angle of 30.0 degrees, using balanced pressure, causing medium-deformation, with constant force."
/home/mdxuser/Genesis/main/data/picked_up_4/upsampled/Arm_Hammer_Diaper_Pail_Refills_12_Pack_MFWkmoweejt_Elastic_medium_upsampled.csv,2160,"Fingers continue twisting target object, by an angle of 30.0 degrees, using moderate force, causing balanced-yielding, with steady pressure."
/home/mdxuser/Genesis/main/data/picked_up_4/upsampled/Arm_Hammer_Diaper_Pail_Refills_12_Pack_MFWkmoweejt_Elastic_medium_upsampled.csv,2430,"End-effector holding position of item, maintaining a stable hold, using firm contact, causing firm-contact."
/home/mdxuser/Genesis/main/data/picked_up_4/upsampled/Arm_Hammer_Diaper_Pail_Refills_12_Pack_MFWkmoweejt_Elastic_medium_upsampled.csv,2700,"Fingers slowing down motion of target object, using forceless methods, causing maintaining shape."
/home/mdxuser/Genesis/main/data/picked_up_4/upsampled/Black_Elderberry_Syrup_54_oz_Gaia_Herbs_Elastic_medium_upsampled.csv,0,"Gripper approaching towards target object, to begin the task."
/home/mdxuser/Genesis/main/data/picked_up_4/upsampled/Black_Elderberry_Syrup_54_oz_Gaia_Herbs_Elastic_medium_upsampled.csv,270,"Gripper clamping item, using steady force, causing steady-resistance, with increasing force."
/home/mdxuser/Genesis/main/data/picked_up_4/upsampled/Black_Elderberry_Syrup_54_oz_Gaia_Herbs_Elastic_medium_upsampled.csv,540,"End-effector continue squeezing the object, using moderate force, causing medium-deformation, with increasing force."
/home/mdxuser/Genesis/main/data/picked_up_4/upsampled/Black_Elderberry_Syrup_54_oz_Gaia_Herbs_Elastic_medium_upsampled.csv,810,"Fingers raising the object, using moderate force, causing firm-contact, with increasing force."
/home/mdxuser/Genesis/main/data/picked_up_4/upsampled/Black_Elderberry_Syrup_54_oz_Gaia_Herbs_Elastic_medium_upsampled.csv,1080,"Gripping mechanism rotating target object, by an angle of 45.0 degrees, using balanced pressure, causing controlled-yielding, with steady pressure."
/home/mdxuser/Genesis/main/data/picked_up_4/upsampled/Black_Elderberry_Syrup_54_oz_Gaia_Herbs_Elastic_medium_upsampled.csv,1350,"Fingers holding position of the object, maintaining a stable hold, using moderate force, causing controlled-yielding."
/home/mdxuser/Genesis/main/data/picked_up_4/upsampled/Black_Elderberry_Syrup_54_oz_Gaia_Herbs_Elastic_medium_upsampled.csv,1620,"Gripper continue holding position of the object, maintaining a stable hold, using controlled pressure, causing controlled-yielding."
/home/mdxuser/Genesis/main/data/picked_up_4/upsampled/Black_Elderberry_Syrup_54_oz_Gaia_Herbs_Elastic_medium_upsampled.csv,1890,"Fingers rotating item, by an angle of 30.0 degrees, using controlled pressure, causing steady-resistance, with constant force."
/home/mdxuser/Genesis/main/data/picked_up_4/upsampled/Black_Elderberry_Syrup_54_oz_Gaia_Herbs_Elastic_medium_upsampled.csv,2160,"Fingers continue turning the object, by an angle of 30.0 degrees, using moderate force, causing firm-contact, with constant force."
/home/mdxuser/Genesis/main/data/picked_up_4/upsampled/Black_Elderberry_Syrup_54_oz_Gaia_Herbs_Elastic_medium_upsampled.csv,2430,"End-effector pausing motion of item, maintaining a stable hold, using moderate force, causing medium-deformation."
/home/mdxuser/Genesis/main/data/picked_up_4/upsampled/Black_Elderberry_Syrup_54_oz_Gaia_Herbs_Elastic_medium_upsampled.csv,2700,"Gripper coming to rest with the object, using zero-force, causing shape-conservation."
/home/mdxuser/Genesis/main/data/picked_up_4/upsampled/Perricone_MD_No_Lipstick_Lipstick_Elastic_medium_upsampled.csv,0,"End-effector initiating towards target object, to begin the task."
/home/mdxuser/Genesis/main/data/picked_up_4/upsampled/Perricone_MD_No_Lipstick_Lipstick_Elastic_medium_upsampled.csv,270,"End-effector clamping the object, using moderate force, causing moderate-compression, with rising force."
/home/mdxuser/Genesis/main/data/picked_up_4/upsampled/Perricone_MD_No_Lipstick_Lipstick_Elastic_medium_upsampled.csv,540,"Gripper continue capturing target object, using controlled pressure, causing moderate-compression, with growing pressure."
/home/mdxuser/Genesis/main/data/picked_up_4/upsampled/Perricone_MD_No_Lipstick_Lipstick_Elastic_medium_upsampled.csv,810,"End-effector elevating the object, using moderate force, causing firm-contact, with rising force."
/home/mdxuser/Genesis/main/data/picked_up_4/upsampled/Perricone_MD_No_Lipstick_Lipstick_Elastic_medium_upsampled.csv,1080,"Gripping mechanism twisting target object, by an angle of 45.0 degrees, using controlled pressure, causing balanced-yielding, with steady pressure."
/home/mdxuser/Genesis/main/data/picked_up_4/upsampled/Perricone_MD_No_Lipstick_Lipstick_Elastic_medium_upsampled.csv,1350,"Gripper holding position of item, maintaining a stable hold, using steady force, causing steady-resistance."
/home/mdxuser/Genesis/main/data/picked_up_4/upsampled/Perricone_MD_No_Lipstick_Lipstick_Elastic_medium_upsampled.csv,1620,"Fingers continue steadying item, maintaining a stable hold, using steady force, causing balanced-yielding."
/home/mdxuser/Genesis/main/data/picked_up_4/upsampled/Perricone_MD_No_Lipstick_Lipstick_Elastic_medium_upsampled.csv,1890,"End-effector turning target object, by an angle of 30.0 degrees, using firm contact, causing steady-resistance, with steady pressure."
/home/mdxuser/Genesis/main/data/picked_up_4/upsampled/Perricone_MD_No_Lipstick_Lipstick_Elastic_medium_upsampled.csv,2160,"End-effector continue rotating item, by an angle of 30.0 degrees, using balanced pressure, causing balanced-yielding, with constant force."
/home/mdxuser/Genesis/main/data/picked_up_4/upsampled/Perricone_MD_No_Lipstick_Lipstick_Elastic_medium_upsampled.csv,2430,"Gripper pausing motion of target object, maintaining a stable hold, using steady force, causing controlled-yielding."
/home/mdxuser/Genesis/main/data/picked_up_4/upsampled/Perricone_MD_No_Lipstick_Lipstick_Elastic_medium_upsampled.csv,2700,The object has been dropped.
/home/mdxuser/Genesis/main/data/picked_up_4/upsampled/DRAGON_W_Elastic_soft_upsampled.csv,0,"Fingers advancing towards the object, to begin the task."
/home/mdxuser/Genesis/main/data/picked_up_4/upsampled/DRAGON_W_Elastic_soft_upsampled.csv,270,"Gripper pinching item, using minimal force, causing cushioned-contact, with rising force."
/home/mdxuser/Genesis/main/data/picked_up_4/upsampled/DRAGON_W_Elastic_soft_upsampled.csv,540,"Gripper continue securing target object, using gentle force, causing gentle-compression, with increasing force."
/home/mdxuser/Genesis/main/data/picked_up_4/upsampled/DRAGON_W_Elastic_soft_upsampled.csv,810,"Gripping mechanism picking up target object, using light pressure, causing gentle-compression, with increasing force."
/home/mdxuser/Genesis/main/data/picked_up_4/upsampled/DRAGON_W_Elastic_soft_upsampled.csv,1080,"End-effector twisting item, by an angle of 30.0 degrees, using cushioned pressure, causing soft-deformation, with constant force."
/home/mdxuser/Genesis/main/data/picked_up_4/upsampled/DRAGON_W_Elastic_soft_upsampled.csv,1350,"End-effector continue turning target object, by an angle of 30.0 degrees, using cushioned pressure, causing gentle-compression, with steady pressure."
/home/mdxuser/Genesis/main/data/picked_up_4/upsampled/DRAGON_W_Elastic_soft_upsampled.csv,1620,Target object has been let go of.
/home/mdxuser/Genesis/main/data/picked_up_4/upsampled/DRAGON_W_Elastic_soft_upsampled.csv,1890,Target object has been released.
/home/mdxuser/Genesis/main/data/picked_up_4/upsampled/DRAGON_W_Elastic_soft_upsampled.csv,2160,The object has been let go of.
/home/mdxuser/Genesis/main/data/picked_up_4/upsampled/DRAGON_W_Elastic_soft_upsampled.csv,2430,The object has been let go of.
/home/mdxuser/Genesis/main/data/picked_up_4/upsampled/DRAGON_W_Elastic_soft_upsampled.csv,2700,Item has been released.
/home/mdxuser/Genesis/main/data/picked_up_4/upsampled/BIRD_RATTLE_Elastic_soft_upsampled.csv,0,"Fingers starting movement towards the object, to begin the task."
/home/mdxuser/Genesis/main/data/picked_up_4/upsampled/BIRD_RATTLE_Elastic_soft_upsampled.csv,270,"Gripping mechanism clamping target object, using cushioned pressure, causing minimal-resistance, with increasing force."
/home/mdxuser/Genesis/main/data/picked_up_4/upsampled/BIRD_RATTLE_Elastic_soft_upsampled.csv,540,"Fingers continue securing item, using slight force, causing slight-yielding, with rising force."
/home/mdxuser/Genesis/main/data/picked_up_4/upsampled/BIRD_RATTLE_Elastic_soft_upsampled.csv,810,"Fingers lifting item, using slight force, causing minimal-resistance, with increasing force."
/home/mdxuser/Genesis/main/data/picked_up_4/upsampled/BIRD_RATTLE_Elastic_soft_upsampled.csv,1080,"Gripping mechanism twisting target object, by an angle of 30.0 degrees, using soft contact, causing lightly-yielding, with constant force."
/home/mdxuser/Genesis/main/data/picked_up_4/upsampled/BIRD_RATTLE_Elastic_soft_upsampled.csv,1350,"End-effector continue turning target object, by an angle of 30.0 degrees, using slight force, causing cushioned-contact, with steady pressure."
/home/mdxuser/Genesis/main/data/picked_up_4/upsampled/BIRD_RATTLE_Elastic_soft_upsampled.csv,1620,"Gripping mechanism holding position of item, maintaining a stable hold, using light pressure, causing gentle-compression."
/home/mdxuser/Genesis/main/data/picked_up_4/upsampled/BIRD_RATTLE_Elastic_soft_upsampled.csv,1890,"Gripper turning item, by an angle of 45.0 degrees, using soft contact, causing gentle-compression, with unchanging force."
/home/mdxuser/Genesis/main/data/picked_up_4/upsampled/BIRD_RATTLE_Elastic_soft_upsampled.csv,2160,"End-effector continue turning item, by an angle of 45.0 degrees, using minimal force, causing cushioned-contact, with steady pressure."
/home/mdxuser/Genesis/main/data/picked_up_4/upsampled/BIRD_RATTLE_Elastic_soft_upsampled.csv,2430,"Gripping mechanism maintaining hold of target object, maintaining a stable hold, using slight force, causing gentle-compression."
/home/mdxuser/Genesis/main/data/picked_up_4/upsampled/BIRD_RATTLE_Elastic_soft_upsampled.csv,2700,"Fingers slowing down motion of target object, using zero-force, causing contactless."
/home/mdxuser/Genesis/main/data/picked_up_4/upsampled/Cole_Hardware_Antislip_Surfacing_Material_White_Elastic_medium_upsampled.csv,0,"Fingers positioning towards the object, to begin the task."
/home/mdxuser/Genesis/main/data/picked_up_4/upsampled/Cole_Hardware_Antislip_Surfacing_Material_White_Elastic_medium_upsampled.csv,270,"Fingers gripping the object, using controlled pressure, causing medium-deformation, with rising force."
/home/mdxuser/Genesis/main/data/picked_up_4/upsampled/Cole_Hardware_Antislip_Surfacing_Material_White_Elastic_medium_upsampled.csv,540,"End-effector continue gripping target object, using controlled pressure, causing medium-deformation, with growing pressure."
/home/mdxuser/Genesis/main/data/picked_up_4/upsampled/Cole_Hardware_Antislip_Surfacing_Material_White_Elastic_medium_upsampled.csv,810,"End-effector lifting target object, using moderate force, causing firm-contact, with growing pressure."
/home/mdxuser/Genesis/main/data/picked_up_4/upsampled/Cole_Hardware_Antislip_Surfacing_Material_White_Elastic_medium_upsampled.csv,1080,"End-effector turning target object, by an angle of 30.0 degrees, using balanced pressure, causing moderate-compression, with constant force."
/home/mdxuser/Genesis/main/data/picked_up_4/upsampled/Cole_Hardware_Antislip_Surfacing_Material_White_Elastic_medium_upsampled.csv,1350,"Gripper continue turning the object, by an angle of 30.0 degrees, using balanced pressure, causing moderate-compression, with steady pressure."
/home/mdxuser/Genesis/main/data/picked_up_4/upsampled/Cole_Hardware_Antislip_Surfacing_Material_White_Elastic_medium_upsampled.csv,1620,"Fingers pausing motion of item, maintaining a stable hold, using steady force, causing controlled-yielding."
/home/mdxuser/Genesis/main/data/picked_up_4/upsampled/Cole_Hardware_Antislip_Surfacing_Material_White_Elastic_medium_upsampled.csv,1890,"Gripping mechanism rotating item, by an angle of 45.0 degrees, using firm contact, causing balanced-yielding, with unchanging force."
/home/mdxuser/Genesis/main/data/picked_up_4/upsampled/Cole_Hardware_Antislip_Surfacing_Material_White_Elastic_medium_upsampled.csv,2160,"Fingers continue rotating the object, by an angle of 45.0 degrees, using controlled pressure, causing steady-resistance, with unchanging force."
/home/mdxuser/Genesis/main/data/picked_up_4/upsampled/Cole_Hardware_Antislip_Surfacing_Material_White_Elastic_medium_upsampled.csv,2430,Item has been dropped.
/home/mdxuser/Genesis/main/data/picked_up_4/upsampled/Cole_Hardware_Antislip_Surfacing_Material_White_Elastic_medium_upsampled.csv,2700,The object has been let go of.
/home/mdxuser/Genesis/main/data/picked_up_4/upsampled/Perricone_MD_Neuropeptide_Firming_Moisturizer_Elastic_soft_upsampled.csv,0,"Gripper approaching towards the object, to begin the task."
/home/mdxuser/Genesis/main/data/picked_up_4/upsampled/Perricone_MD_Neuropeptide_Firming_Moisturizer_Elastic_soft_upsampled.csv,270,"Gripping mechanism clasping target object, using soft contact, causing soft-deformation, with increasing force."
/home/mdxuser/Genesis/main/data/picked_up_4/upsampled/Perricone_MD_Neuropeptide_Firming_Moisturizer_Elastic_soft_upsampled.csv,540,"End-effector continue clamping the object, using light pressure, causing cushioned-contact, with increasing force."
/home/mdxuser/Genesis/main/data/picked_up_4/upsampled/Perricone_MD_Neuropeptide_Firming_Moisturizer_Elastic_soft_upsampled.csv,810,"Gripping mechanism elevating the object, using minimal force, causing minimal-resistance, with growing pressure."
/home/mdxuser/Genesis/main/data/picked_up_4/upsampled/Perricone_MD_Neuropeptide_Firming_Moisturizer_Elastic_soft_upsampled.csv,1080,"End-effector rotating target object, by an angle of 45.0 degrees, using soft contact, causing lightly-yielding, with unchanging force."
/home/mdxuser/Genesis/main/data/picked_up_4/upsampled/Perricone_MD_Neuropeptide_Firming_Moisturizer_Elastic_soft_upsampled.csv,1350,"Gripper continue rotating target object, by an angle of 45.0 degrees, using minimal force, causing minimal-resistance, with steady pressure."
/home/mdxuser/Genesis/main/data/picked_up_4/upsampled/Perricone_MD_Neuropeptide_Firming_Moisturizer_Elastic_soft_upsampled.csv,1620,Item has been let go of.
/home/mdxuser/Genesis/main/data/picked_up_4/upsampled/Perricone_MD_Neuropeptide_Firming_Moisturizer_Elastic_soft_upsampled.csv,1890,Target object has been dropped.
/home/mdxuser/Genesis/main/data/picked_up_4/upsampled/Perricone_MD_Neuropeptide_Firming_Moisturizer_Elastic_soft_upsampled.csv,2160,The object has been let go of.
/home/mdxuser/Genesis/main/data/picked_up_4/upsampled/Perricone_MD_Neuropeptide_Firming_Moisturizer_Elastic_soft_upsampled.csv,2430,Target object has been let go of.
/home/mdxuser/Genesis/main/data/picked_up_4/upsampled/Perricone_MD_Neuropeptide_Firming_Moisturizer_Elastic_soft_upsampled.csv,2700,Item has been released.
/home/mdxuser/Genesis/main/data/picked_up_4/upsampled/CoQ10_BjTLbuRVt1t_Elastic_hard_upsampled.csv,0,"Gripper aligning towards target object, to begin the task."
/home/mdxuser/Genesis/main/data/picked_up_4/upsampled/CoQ10_BjTLbuRVt1t_Elastic_hard_upsampled.csv,270,"Gripper securing target object, using strong contact, causing rigid-contact, with growing pressure."
/home/mdxuser/Genesis/main/data/picked_up_4/upsampled/CoQ10_BjTLbuRVt1t_Elastic_hard_upsampled.csv,540,"Gripper continue pinching target object, using strong contact, causing rigid-contact, with growing pressure."
/home/mdxuser/Genesis/main/data/picked_up_4/upsampled/CoQ10_BjTLbuRVt1t_Elastic_hard_upsampled.csv,810,"Gripper picking up target object, using strong force, causing rigid-contact, with increasing force."
/home/mdxuser/Genesis/main/data/picked_up_4/upsampled/CoQ10_BjTLbuRVt1t_Elastic_hard_upsampled.csv,1080,"Gripping mechanism twisting the object, by an angle of 45.0 degrees, using heavy force, causing significant-compression, with unchanging force."
/home/mdxuser/Genesis/main/data/picked_up_4/upsampled/CoQ10_BjTLbuRVt1t_Elastic_hard_upsampled.csv,1350,"Fingers pausing motion of the object, maintaining a stable hold, using intense pressure, causing rigid-contact."
/home/mdxuser/Genesis/main/data/picked_up_4/upsampled/CoQ10_BjTLbuRVt1t_Elastic_hard_upsampled.csv,1620,"Fingers continue pausing motion of the object, maintaining a stable hold, using heavy force, causing substantial-yielding."
/home/mdxuser/Genesis/main/data/picked_up_4/upsampled/CoQ10_BjTLbuRVt1t_Elastic_hard_upsampled.csv,1890,"Gripping mechanism turning target object, by an angle of 45.0 degrees, using strong contact, causing significant-compression, with steady pressure."
/home/mdxuser/Genesis/main/data/picked_up_4/upsampled/CoQ10_BjTLbuRVt1t_Elastic_hard_upsampled.csv,2160,"Gripper continue turning the object, by an angle of 45.0 degrees, using significant force, causing significant-compression, with steady pressure."
/home/mdxuser/Genesis/main/data/picked_up_4/upsampled/CoQ10_BjTLbuRVt1t_Elastic_hard_upsampled.csv,2430,The object has been dropped.
/home/mdxuser/Genesis/main/data/picked_up_4/upsampled/CoQ10_BjTLbuRVt1t_Elastic_hard_upsampled.csv,2700,The object has been let go of.
/home/mdxuser/Genesis/main/data/picked_up_4/upsampled/Don_Franciscos_Gourmet_Coffee_Medium_Decaf_100_Colombian_12_oz_340_g_Elastic_hard_upsampled.csv,0,"Gripper starting movement towards item, to begin the task."
/home/mdxuser/Genesis/main/data/picked_up_4/upsampled/Don_Franciscos_Gourmet_Coffee_Medium_Decaf_100_Colombian_12_oz_340_g_Elastic_hard_upsampled.csv,270,"Gripper capturing item, using significant force, causing strong-resistance, with increasing force."
/home/mdxuser/Genesis/main/data/picked_up_4/upsampled/Don_Franciscos_Gourmet_Coffee_Medium_Decaf_100_Colombian_12_oz_340_g_Elastic_hard_upsampled.csv,540,"Fingers continue securing item, using heavy force, causing significant-compression, with rising force."
/home/mdxuser/Genesis/main/data/picked_up_4/upsampled/Don_Franciscos_Gourmet_Coffee_Medium_Decaf_100_Colombian_12_oz_340_g_Elastic_hard_upsampled.csv,810,"End-effector lifting the object, using significant force, causing rigid-contact, with growing pressure."
/home/mdxuser/Genesis/main/data/picked_up_4/upsampled/Don_Franciscos_Gourmet_Coffee_Medium_Decaf_100_Colombian_12_oz_340_g_Elastic_hard_upsampled.csv,1080,"Gripping mechanism rotating the object, by an angle of 45.0 degrees, using firm pressure, causing substantial-yielding, with constant force."
/home/mdxuser/Genesis/main/data/picked_up_4/upsampled/Don_Franciscos_Gourmet_Coffee_Medium_Decaf_100_Colombian_12_oz_340_g_Elastic_hard_upsampled.csv,1350,"Fingers maintaining hold of item, maintaining a stable hold, using intense pressure, causing significant-compression."
/home/mdxuser/Genesis/main/data/picked_up_4/upsampled/Don_Franciscos_Gourmet_Coffee_Medium_Decaf_100_Colombian_12_oz_340_g_Elastic_hard_upsampled.csv,1620,"Gripper continue holding position of item, maintaining a stable hold, using heavy force, causing firm-yielding."
/home/mdxuser/Genesis/main/data/picked_up_4/upsampled/Don_Franciscos_Gourmet_Coffee_Medium_Decaf_100_Colombian_12_oz_340_g_Elastic_hard_upsampled.csv,1890,"Fingers twisting item, by an angle of 45.0 degrees, using strong contact, causing significant-compression, with unchanging force."
/home/mdxuser/Genesis/main/data/picked_up_4/upsampled/Don_Franciscos_Gourmet_Coffee_Medium_Decaf_100_Colombian_12_oz_340_g_Elastic_hard_upsampled.csv,2160,"Gripping mechanism continue twisting target object, by an angle of 45.0 degrees, using strong contact, causing significant-compression, with constant force."
/home/mdxuser/Genesis/main/data/picked_up_4/upsampled/Don_Franciscos_Gourmet_Coffee_Medium_Decaf_100_Colombian_12_oz_340_g_Elastic_hard_upsampled.csv,2430,"Fingers maintaining hold of the object, maintaining a stable hold, using significant force, causing hard-deformation."
/home/mdxuser/Genesis/main/data/picked_up_4/upsampled/Don_Franciscos_Gourmet_Coffee_Medium_Decaf_100_Colombian_12_oz_340_g_Elastic_hard_upsampled.csv,2700,"Gripping mechanism slowing down motion of item, using forceless methods, causing shape-conservation."
/home/mdxuser/Genesis/main/data/picked_up_4/upsampled/CAR_CARRIER_TRAIN_Elastic_hard_upsampled.csv,0,"Fingers advancing towards target object, to begin the task."
/home/mdxuser/Genesis/main/data/picked_up_4/upsampled/CAR_CARRIER_TRAIN_Elastic_hard_upsampled.csv,270,"End-effector gripping the object, using strong contact, causing significant-compression, with increasing force."
/home/mdxuser/Genesis/main/data/picked_up_4/upsampled/CAR_CARRIER_TRAIN_Elastic_hard_upsampled.csv,540,"End-effector continue securing the object, using strong force, causing rigid-contact, with increasing force."
/home/mdxuser/Genesis/main/data/picked_up_4/upsampled/CAR_CARRIER_TRAIN_Elastic_hard_upsampled.csv,810,"End-effector lifting target object, using heavy force, causing firm-yielding, with increasing force."
/home/mdxuser/Genesis/main/data/picked_up_4/upsampled/CAR_CARRIER_TRAIN_Elastic_hard_upsampled.csv,1080,"Fingers turning item, by an angle of 30.0 degrees, using firm pressure, causing firm-yielding, with unchanging force."
/home/mdxuser/Genesis/main/data/picked_up_4/upsampled/CAR_CARRIER_TRAIN_Elastic_hard_upsampled.csv,1350,"Fingers continue rotating item, by an angle of 30.0 degrees, using significant force, causing hard-deformation, with unchanging force."
/home/mdxuser/Genesis/main/data/picked_up_4/upsampled/CAR_CARRIER_TRAIN_Elastic_hard_upsampled.csv,1620,Item has been released.
/home/mdxuser/Genesis/main/data/picked_up_4/upsampled/CAR_CARRIER_TRAIN_Elastic_hard_upsampled.csv,1890,The object has been released.
/home/mdxuser/Genesis/main/data/picked_up_4/upsampled/CAR_CARRIER_TRAIN_Elastic_hard_upsampled.csv,2160,Item has been let go of.
/home/mdxuser/Genesis/main/data/picked_up_4/upsampled/CAR_CARRIER_TRAIN_Elastic_hard_upsampled.csv,2430,Target object has been let go of.
/home/mdxuser/Genesis/main/data/picked_up_4/upsampled/CAR_CARRIER_TRAIN_Elastic_hard_upsampled.csv,2700,Item has been dropped.
/home/mdxuser/Genesis/main/data/picked_up_4/upsampled/Central_Garden_Flower_Pot_Goo_425_Elastic_hard_upsampled.csv,0,"Gripping mechanism preparing towards target object, to begin the task."
/home/mdxuser/Genesis/main/data/picked_up_4/upsampled/Central_Garden_Flower_Pot_Goo_425_Elastic_hard_upsampled.csv,270,"Gripping mechanism gripping target object, using intense pressure, causing substantial-yielding, with increasing force."
/home/mdxuser/Genesis/main/data/picked_up_4/upsampled/Central_Garden_Flower_Pot_Goo_425_Elastic_hard_upsampled.csv,540,"Fingers continue squeezing item, using significant force, causing significant-compression, with rising force."
/home/mdxuser/Genesis/main/data/picked_up_4/upsampled/Central_Garden_Flower_Pot_Goo_425_Elastic_hard_upsampled.csv,810,"End-effector elevating the object, using strong contact, causing substantial-yielding, with growing pressure."
/home/mdxuser/Genesis/main/data/picked_up_4/upsampled/Central_Garden_Flower_Pot_Goo_425_Elastic_hard_upsampled.csv,1080,"Gripping mechanism turning the object, by an angle of 45.0 degrees, using significant force, causing hard-deformation, with steady pressure."
/home/mdxuser/Genesis/main/data/picked_up_4/upsampled/Central_Garden_Flower_Pot_Goo_425_Elastic_hard_upsampled.csv,1350,The object has been released.
/home/mdxuser/Genesis/main/data/picked_up_4/upsampled/Central_Garden_Flower_Pot_Goo_425_Elastic_hard_upsampled.csv,1620,The object has been let go of.
/home/mdxuser/Genesis/main/data/picked_up_4/upsampled/Central_Garden_Flower_Pot_Goo_425_Elastic_hard_upsampled.csv,1890,The object has been released.
/home/mdxuser/Genesis/main/data/picked_up_4/upsampled/Central_Garden_Flower_Pot_Goo_425_Elastic_hard_upsampled.csv,2160,Item has been dropped.
/home/mdxuser/Genesis/main/data/picked_up_4/upsampled/Central_Garden_Flower_Pot_Goo_425_Elastic_hard_upsampled.csv,2430,The object has been released.
/home/mdxuser/Genesis/main/data/picked_up_4/upsampled/Central_Garden_Flower_Pot_Goo_425_Elastic_hard_upsampled.csv,2700,Target object has been dropped.
/home/mdxuser/Genesis/main/data/picked_up_4/upsampled/ASICS_GEL1140V_WhiteBlackSilver_Elastic_soft_upsampled.csv,0,"End-effector initiating towards the object, to begin the task."
/home/mdxuser/Genesis/main/data/picked_up_4/upsampled/ASICS_GEL1140V_WhiteBlackSilver_Elastic_soft_upsampled.csv,270,"Gripper pinching target object, using minimal force, causing lightly-yielding, with growing pressure."
/home/mdxuser/Genesis/main/data/picked_up_4/upsampled/ASICS_GEL1140V_WhiteBlackSilver_Elastic_soft_upsampled.csv,540,"Fingers continue clamping the object, using subtle force, causing soft-deformation, with rising force."
/home/mdxuser/Genesis/main/data/picked_up_4/upsampled/ASICS_GEL1140V_WhiteBlackSilver_Elastic_soft_upsampled.csv,810,"Gripping mechanism raising item, using soft contact, causing slight-yielding, with growing pressure."
/home/mdxuser/Genesis/main/data/picked_up_4/upsampled/ASICS_GEL1140V_WhiteBlackSilver_Elastic_soft_upsampled.csv,1080,"Fingers twisting the object, by an angle of 30.0 degrees, using minimal force, causing soft-deformation, with steady pressure."
/home/mdxuser/Genesis/main/data/picked_up_4/upsampled/ASICS_GEL1140V_WhiteBlackSilver_Elastic_soft_upsampled.csv,1350,"Gripper continue twisting target object, by an angle of 30.0 degrees, using soft contact, causing slight-yielding, with constant force."
/home/mdxuser/Genesis/main/data/picked_up_4/upsampled/ASICS_GEL1140V_WhiteBlackSilver_Elastic_soft_upsampled.csv,1620,The object has been dropped.
/home/mdxuser/Genesis/main/data/picked_up_4/upsampled/ASICS_GEL1140V_WhiteBlackSilver_Elastic_soft_upsampled.csv,1890,Item has been dropped.
/home/mdxuser/Genesis/main/data/picked_up_4/upsampled/ASICS_GEL1140V_WhiteBlackSilver_Elastic_soft_upsampled.csv,2160,Item has been let go of.
/home/mdxuser/Genesis/main/data/picked_up_4/upsampled/ASICS_GEL1140V_WhiteBlackSilver_Elastic_soft_upsampled.csv,2430,The object has been dropped.
/home/mdxuser/Genesis/main/data/picked_up_4/upsampled/ASICS_GEL1140V_WhiteBlackSilver_Elastic_soft_upsampled.csv,2700,The object has been dropped.
/home/mdxuser/Genesis/main/data/picked_up_4/upsampled/CoQ10_Elastic_medium_upsampled.csv,0,"Gripper approaching towards item, to begin the task."
/home/mdxuser/Genesis/main/data/picked_up_4/upsampled/CoQ10_Elastic_medium_upsampled.csv,270,"End-effector capturing item, using controlled pressure, causing medium-deformation, with growing pressure."
/home/mdxuser/Genesis/main/data/picked_up_4/upsampled/CoQ10_Elastic_medium_upsampled.csv,540,"Gripping mechanism continue clamping target object, using controlled pressure, causing firm-contact, with rising force."
/home/mdxuser/Genesis/main/data/picked_up_4/upsampled/CoQ10_Elastic_medium_upsampled.csv,810,"End-effector lifting the object, using controlled pressure, causing firm-contact, with rising force."
/home/mdxuser/Genesis/main/data/picked_up_4/upsampled/CoQ10_Elastic_medium_upsampled.csv,1080,"End-effector rotating the object, by an angle of 45.0 degrees, using balanced pressure, causing medium-deformation, with steady pressure."
/home/mdxuser/Genesis/main/data/picked_up_4/upsampled/CoQ10_Elastic_medium_upsampled.csv,1350,"End-effector steadying item, maintaining a stable hold, using controlled pressure, causing firm-contact."
/home/mdxuser/Genesis/main/data/picked_up_4/upsampled/CoQ10_Elastic_medium_upsampled.csv,1620,"End-effector continue steadying target object, maintaining a stable hold, using firm contact, causing steady-resistance."
/home/mdxuser/Genesis/main/data/picked_up_4/upsampled/CoQ10_Elastic_medium_upsampled.csv,1890,"Gripper twisting the object, by an angle of 30.0 degrees, using controlled pressure, causing steady-resistance, with steady pressure."
/home/mdxuser/Genesis/main/data/picked_up_4/upsampled/CoQ10_Elastic_medium_upsampled.csv,2160,"Gripping mechanism continue rotating item, by an angle of 30.0 degrees, using controlled pressure, causing moderate-compression, with steady pressure."
/home/mdxuser/Genesis/main/data/picked_up_4/upsampled/CoQ10_Elastic_medium_upsampled.csv,2430,"Fingers steadying the object, maintaining a stable hold, using controlled pressure, causing balanced-yielding."
/home/mdxuser/Genesis/main/data/picked_up_4/upsampled/CoQ10_Elastic_medium_upsampled.csv,2700,The object has been dropped.
/home/mdxuser/Genesis/main/data/picked_up_4/upsampled/Down_To_Earth_Orchid_Pot_Ceramic_Lime_Elastic_medium_upsampled.csv,0,"Fingers positioning towards item, to begin the task."
/home/mdxuser/Genesis/main/data/picked_up_4/upsampled/Down_To_Earth_Orchid_Pot_Ceramic_Lime_Elastic_medium_upsampled.csv,270,"Gripping mechanism squeezing item, using moderate force, causing moderate-compression, with growing pressure."
/home/mdxuser/Genesis/main/data/picked_up_4/upsampled/Down_To_Earth_Orchid_Pot_Ceramic_Lime_Elastic_medium_upsampled.csv,540,"Gripper continue securing target object, using moderate force, causing firm-contact, with increasing force."
/home/mdxuser/Genesis/main/data/picked_up_4/upsampled/Down_To_Earth_Orchid_Pot_Ceramic_Lime_Elastic_medium_upsampled.csv,810,"End-effector picking up item, using balanced pressure, causing moderate-compression, with growing pressure."
/home/mdxuser/Genesis/main/data/picked_up_4/upsampled/Down_To_Earth_Orchid_Pot_Ceramic_Lime_Elastic_medium_upsampled.csv,1080,"Gripping mechanism rotating item, by an angle of 45.0 degrees, using steady force, causing medium-deformation, with unchanging force."
/home/mdxuser/Genesis/main/data/picked_up_4/upsampled/Down_To_Earth_Orchid_Pot_Ceramic_Lime_Elastic_medium_upsampled.csv,1350,"End-effector continue rotating target object, by an angle of 45.0 degrees, using steady force, causing medium-deformation, with constant force."
/home/mdxuser/Genesis/main/data/picked_up_4/upsampled/Down_To_Earth_Orchid_Pot_Ceramic_Lime_Elastic_medium_upsampled.csv,1620,Item has been dropped.
/home/mdxuser/Genesis/main/data/picked_up_4/upsampled/Down_To_Earth_Orchid_Pot_Ceramic_Lime_Elastic_medium_upsampled.csv,1890,Target object has been dropped.
/home/mdxuser/Genesis/main/data/picked_up_4/upsampled/Down_To_Earth_Orchid_Pot_Ceramic_Lime_Elastic_medium_upsampled.csv,2160,Target object has been released.
/home/mdxuser/Genesis/main/data/picked_up_4/upsampled/Down_To_Earth_Orchid_Pot_Ceramic_Lime_Elastic_medium_upsampled.csv,2430,Item has been let go of.
/home/mdxuser/Genesis/main/data/picked_up_4/upsampled/Down_To_Earth_Orchid_Pot_Ceramic_Lime_Elastic_medium_upsampled.csv,2700,The object has been released.
/home/mdxuser/Genesis/main/data/picked_up_4/upsampled/Office_Depot_Dell_Series_11_Remanufactured_Ink_Cartridge_TriColor_Elastic_hard_upsampled.csv,0,"Gripper preparing towards item, to begin the task."
/home/mdxuser/Genesis/main/data/picked_up_4/upsampled/Office_Depot_Dell_Series_11_Remanufactured_Ink_Cartridge_TriColor_Elastic_hard_upsampled.csv,270,"Fingers squeezing target object, using significant force, causing substantial-yielding, with growing pressure."
/home/mdxuser/Genesis/main/data/picked_up_4/upsampled/Office_Depot_Dell_Series_11_Remanufactured_Ink_Cartridge_TriColor_Elastic_hard_upsampled.csv,540,"Gripping mechanism continue holding target object, using strong contact, causing firm-yielding, with increasing force."
/home/mdxuser/Genesis/main/data/picked_up_4/upsampled/Office_Depot_Dell_Series_11_Remanufactured_Ink_Cartridge_TriColor_Elastic_hard_upsampled.csv,810,"Gripper raising target object, using intense pressure, causing rigid-contact, with increasing force."
/home/mdxuser/Genesis/main/data/picked_up_4/upsampled/Office_Depot_Dell_Series_11_Remanufactured_Ink_Cartridge_TriColor_Elastic_hard_upsampled.csv,1080,"Gripping mechanism twisting target object, by an angle of 30.0 degrees, using significant force, causing hard-deformation, with constant force."
/home/mdxuser/Genesis/main/data/picked_up_4/upsampled/Office_Depot_Dell_Series_11_Remanufactured_Ink_Cartridge_TriColor_Elastic_hard_upsampled.csv,1350,"Gripping mechanism continue rotating target object, by an angle of 30.0 degrees, using heavy force, causing firm-yielding, with unchanging force."
/home/mdxuser/Genesis/main/data/picked_up_4/upsampled/Office_Depot_Dell_Series_11_Remanufactured_Ink_Cartridge_TriColor_Elastic_hard_upsampled.csv,1620,"Gripping mechanism pausing motion of the object, maintaining a stable hold, using strong contact, causing rigid-contact."
/home/mdxuser/Genesis/main/data/picked_up_4/upsampled/Office_Depot_Dell_Series_11_Remanufactured_Ink_Cartridge_TriColor_Elastic_hard_upsampled.csv,1890,"Gripper turning the object, by an angle of 30.0 degrees, using firm pressure, causing rigid-contact, with unchanging force."
/home/mdxuser/Genesis/main/data/picked_up_4/upsampled/Office_Depot_Dell_Series_11_Remanufactured_Ink_Cartridge_TriColor_Elastic_hard_upsampled.csv,2160,"Gripping mechanism continue turning target object, by an angle of 30.0 degrees, using strong force, causing rigid-contact, with constant force."
/home/mdxuser/Genesis/main/data/picked_up_4/upsampled/Office_Depot_Dell_Series_11_Remanufactured_Ink_Cartridge_TriColor_Elastic_hard_upsampled.csv,2430,The object has been let go of.
/home/mdxuser/Genesis/main/data/picked_up_4/upsampled/Office_Depot_Dell_Series_11_Remanufactured_Ink_Cartridge_TriColor_Elastic_hard_upsampled.csv,2700,Target object has been released.
/home/mdxuser/Genesis/main/data/picked_up_4/upsampled/adistar_boost_m_Elastic_soft_upsampled.csv,0,"End-effector advancing towards the object, to begin the task."
/home/mdxuser/Genesis/main/data/picked_up_4/upsampled/adistar_boost_m_Elastic_soft_upsampled.csv,270,"Gripper squeezing target object, using gentle force, causing slight-yielding, with growing pressure."
/home/mdxuser/Genesis/main/data/picked_up_4/upsampled/adistar_boost_m_Elastic_soft_upsampled.csv,540,"End-effector continue holding item, using soft contact, causing slight-yielding, with rising force."
/home/mdxuser/Genesis/main/data/picked_up_4/upsampled/adistar_boost_m_Elastic_soft_upsampled.csv,810,"End-effector picking up the object, using gentle force, causing gentle-compression, with growing pressure."
/home/mdxuser/Genesis/main/data/picked_up_4/upsampled/adistar_boost_m_Elastic_soft_upsampled.csv,1080,"End-effector twisting target object, by an angle of 30.0 degrees, using gentle force, causing gentle-compression, with unchanging force."
/home/mdxuser/Genesis/main/data/picked_up_4/upsampled/adistar_boost_m_Elastic_soft_upsampled.csv,1350,"End-effector continue rotating target object, by an angle of 30.0 degrees, using soft contact, causing gentle-compression, with unchanging force."
/home/mdxuser/Genesis/main/data/picked_up_4/upsampled/adistar_boost_m_Elastic_soft_upsampled.csv,1620,"Gripper maintaining hold of the object, maintaining a stable hold, using soft contact, causing lightly-yielding."
/home/mdxuser/Genesis/main/data/picked_up_4/upsampled/adistar_boost_m_Elastic_soft_upsampled.csv,1890,"Fingers turning the object, by an angle of 45.0 degrees, using slight force, causing lightly-yielding, with unchanging force."
/home/mdxuser/Genesis/main/data/picked_up_4/upsampled/adistar_boost_m_Elastic_soft_upsampled.csv,2160,"Fingers continue twisting the object, by an angle of 45.0 degrees, using slight force, causing minimal-resistance, with unchanging force."
/home/mdxuser/Genesis/main/data/picked_up_4/upsampled/adistar_boost_m_Elastic_soft_upsampled.csv,2430,Target object has been dropped.
/home/mdxuser/Genesis/main/data/picked_up_4/upsampled/adistar_boost_m_Elastic_soft_upsampled.csv,2700,Target object has been let go of.
/home/mdxuser/Genesis/main/data/picked_up_4/upsampled/Ecoforms_Cup_B4_SAN_Elastic_soft_upsampled.csv,0,"Fingers reaching towards the object, to begin the task."
/home/mdxuser/Genesis/main/data/picked_up_4/upsampled/Ecoforms_Cup_B4_SAN_Elastic_soft_upsampled.csv,270,"Gripper squeezing the object, using subtle force, causing lightly-yielding, with rising force."
/home/mdxuser/Genesis/main/data/picked_up_4/upsampled/Ecoforms_Cup_B4_SAN_Elastic_soft_upsampled.csv,540,"Gripper continue pinching item, using subtle force, causing slight-yielding, with rising force."
/home/mdxuser/Genesis/main/data/picked_up_4/upsampled/Ecoforms_Cup_B4_SAN_Elastic_soft_upsampled.csv,810,"End-effector raising the object, using subtle force, causing minimal-resistance, with increasing force."
/home/mdxuser/Genesis/main/data/picked_up_4/upsampled/Ecoforms_Cup_B4_SAN_Elastic_soft_upsampled.csv,1080,"Gripper turning target object, by an angle of 45.0 degrees, using minimal force, causing slight-yielding, with constant force."
/home/mdxuser/Genesis/main/data/picked_up_4/upsampled/Ecoforms_Cup_B4_SAN_Elastic_soft_upsampled.csv,1350,"End-effector maintaining hold of item, maintaining a stable hold, using gentle force, causing soft-deformation."
/home/mdxuser/Genesis/main/data/picked_up_4/upsampled/Ecoforms_Cup_B4_SAN_Elastic_soft_upsampled.csv,1620,"Gripping mechanism continue maintaining hold of item, maintaining a stable hold, using slight force, causing lightly-yielding."
/home/mdxuser/Genesis/main/data/picked_up_4/upsampled/Ecoforms_Cup_B4_SAN_Elastic_soft_upsampled.csv,1890,"Gripping mechanism turning the object, by an angle of 45.0 degrees, using cushioned pressure, causing lightly-yielding, with unchanging force."
/home/mdxuser/Genesis/main/data/picked_up_4/upsampled/Ecoforms_Cup_B4_SAN_Elastic_soft_upsampled.csv,2160,Target object has been released.
/home/mdxuser/Genesis/main/data/picked_up_4/upsampled/Ecoforms_Cup_B4_SAN_Elastic_soft_upsampled.csv,2430,Item has been dropped.
/home/mdxuser/Genesis/main/data/picked_up_4/upsampled/Ecoforms_Cup_B4_SAN_Elastic_soft_upsampled.csv,2700,Item has been let go of.
/home/mdxuser/Genesis/main/data/picked_up_4/upsampled/CHICKEN_NESTING_Elastic_hard_upsampled.csv,0,"Gripping mechanism reaching towards the object, to begin the task."
/home/mdxuser/Genesis/main/data/picked_up_4/upsampled/CHICKEN_NESTING_Elastic_hard_upsampled.csv,270,"End-effector grasping target object, using significant force, causing substantial-yielding, with rising force."
/home/mdxuser/Genesis/main/data/picked_up_4/upsampled/CHICKEN_NESTING_Elastic_hard_upsampled.csv,540,"Fingers continue squeezing item, using intense pressure, causing rigid-contact, with increasing force."
/home/mdxuser/Genesis/main/data/picked_up_4/upsampled/CHICKEN_NESTING_Elastic_hard_upsampled.csv,810,"Fingers elevating the object, using intense pressure, causing significant-compression, with increasing force."
/home/mdxuser/Genesis/main/data/picked_up_4/upsampled/CHICKEN_NESTING_Elastic_hard_upsampled.csv,1080,"Gripping mechanism rotating the object, by an angle of 30.0 degrees, using firm pressure, causing rigid-contact, with constant force."
/home/mdxuser/Genesis/main/data/picked_up_4/upsampled/CHICKEN_NESTING_Elastic_hard_upsampled.csv,1350,"Gripper continue turning target object, by an angle of 30.0 degrees, using heavy force, causing firm-yielding, with unchanging force."
/home/mdxuser/Genesis/main/data/picked_up_4/upsampled/CHICKEN_NESTING_Elastic_hard_upsampled.csv,1620,"Fingers maintaining hold of item, maintaining a stable hold, using heavy force, causing hard-deformation."
/home/mdxuser/Genesis/main/data/picked_up_4/upsampled/CHICKEN_NESTING_Elastic_hard_upsampled.csv,1890,"Gripping mechanism rotating the object, by an angle of 30.0 degrees, using intense pressure, causing firm-yielding, with constant force."
/home/mdxuser/Genesis/main/data/picked_up_4/upsampled/CHICKEN_NESTING_Elastic_hard_upsampled.csv,2160,"Fingers continue rotating item, by an angle of 30.0 degrees, using intense pressure, causing strong-resistance, with constant force."
/home/mdxuser/Genesis/main/data/picked_up_4/upsampled/CHICKEN_NESTING_Elastic_hard_upsampled.csv,2430,"Fingers maintaining hold of item, maintaining a stable hold, using intense pressure, causing firm-yielding."
/home/mdxuser/Genesis/main/data/picked_up_4/upsampled/CHICKEN_NESTING_Elastic_hard_upsampled.csv,2700,"End-effector coming to rest with target object, using forceless methods, causing contactless."
/home/mdxuser/Genesis/main/data/picked_up_4/upsampled/Office_Depot_Canon_CL_41_Remanufactured_Ink_Cartridge_TriColor_Elastic_medium_upsampled.csv,0,"Gripping mechanism aligning towards item, to begin the task."
/home/mdxuser/Genesis/main/data/picked_up_4/upsampled/Office_Depot_Canon_CL_41_Remanufactured_Ink_Cartridge_TriColor_Elastic_medium_upsampled.csv,270,"Gripper capturing target object, using firm contact, causing medium-deformation, with growing pressure."
/home/mdxuser/Genesis/main/data/picked_up_4/upsampled/Office_Depot_Canon_CL_41_Remanufactured_Ink_Cartridge_TriColor_Elastic_medium_upsampled.csv,540,"Gripper continue securing the object, using moderate force, causing firm-contact, with growing pressure."
/home/mdxuser/Genesis/main/data/picked_up_4/upsampled/Office_Depot_Canon_CL_41_Remanufactured_Ink_Cartridge_TriColor_Elastic_medium_upsampled.csv,810,"Fingers picking up target object, using steady force, causing steady-resistance, with growing pressure."
/home/mdxuser/Genesis/main/data/picked_up_4/upsampled/Office_Depot_Canon_CL_41_Remanufactured_Ink_Cartridge_TriColor_Elastic_medium_upsampled.csv,1080,"End-effector turning target object, by an angle of 30.0 degrees, using firm contact, causing moderate-compression, with constant force."
/home/mdxuser/Genesis/main/data/picked_up_4/upsampled/Office_Depot_Canon_CL_41_Remanufactured_Ink_Cartridge_TriColor_Elastic_medium_upsampled.csv,1350,"Gripper continue turning target object, by an angle of 30.0 degrees, using balanced pressure, causing balanced-yielding, with unchanging force."
/home/mdxuser/Genesis/main/data/picked_up_4/upsampled/Office_Depot_Canon_CL_41_Remanufactured_Ink_Cartridge_TriColor_Elastic_medium_upsampled.csv,1620,"Gripping mechanism pausing motion of item, maintaining a stable hold, using moderate force, causing moderate-compression."
/home/mdxuser/Genesis/main/data/picked_up_4/upsampled/Office_Depot_Canon_CL_41_Remanufactured_Ink_Cartridge_TriColor_Elastic_medium_upsampled.csv,1890,"End-effector rotating item, by an angle of 45.0 degrees, using steady force, causing balanced-yielding, with unchanging force."
/home/mdxuser/Genesis/main/data/picked_up_4/upsampled/Office_Depot_Canon_CL_41_Remanufactured_Ink_Cartridge_TriColor_Elastic_medium_upsampled.csv,2160,"Gripping mechanism steadying item, maintaining a stable hold, using moderate force, causing medium-deformation."
/home/mdxuser/Genesis/main/data/picked_up_4/upsampled/Office_Depot_Canon_CL_41_Remanufactured_Ink_Cartridge_TriColor_Elastic_medium_upsampled.csv,2430,"Fingers continue holding position of target object, maintaining a stable hold, using firm contact, causing moderate-compression."
/home/mdxuser/Genesis/main/data/picked_up_4/upsampled/Office_Depot_Canon_CL_41_Remanufactured_Ink_Cartridge_TriColor_Elastic_medium_upsampled.csv,2700,"Gripper coming to rest with the object, using zero-force, causing form-conservation."
/home/mdxuser/Genesis/main/data/picked_up_4/upsampled/Crunch_Girl_Scouts_Candy_Bars_Peanut_Butter_Creme_78_oz_box_Elastic_medium_upsampled.csv,0,"Gripping mechanism advancing towards target object, to begin the task."
/home/mdxuser/Genesis/main/data/picked_up_4/upsampled/Crunch_Girl_Scouts_Candy_Bars_Peanut_Butter_Creme_78_oz_box_Elastic_medium_upsampled.csv,270,"Fingers squeezing target object, using controlled pressure, causing medium-deformation, with rising force."
/home/mdxuser/Genesis/main/data/picked_up_4/upsampled/Crunch_Girl_Scouts_Candy_Bars_Peanut_Butter_Creme_78_oz_box_Elastic_medium_upsampled.csv,540,"Gripper continue clamping item, using controlled pressure, causing moderate-compression, with increasing force."
/home/mdxuser/Genesis/main/data/picked_up_4/upsampled/Crunch_Girl_Scouts_Candy_Bars_Peanut_Butter_Creme_78_oz_box_Elastic_medium_upsampled.csv,810,"Gripping mechanism raising item, using moderate force, causing moderate-compression, with rising force."
/home/mdxuser/Genesis/main/data/picked_up_4/upsampled/Crunch_Girl_Scouts_Candy_Bars_Peanut_Butter_Creme_78_oz_box_Elastic_medium_upsampled.csv,1080,"Gripping mechanism rotating item, by an angle of 45.0 degrees, using balanced pressure, causing moderate-compression, with unchanging force."
/home/mdxuser/Genesis/main/data/picked_up_4/upsampled/Crunch_Girl_Scouts_Candy_Bars_Peanut_Butter_Creme_78_oz_box_Elastic_medium_upsampled.csv,1350,"End-effector continue turning item, by an angle of 45.0 degrees, using balanced pressure, causing steady-resistance, with constant force."
/home/mdxuser/Genesis/main/data/picked_up_4/upsampled/Crunch_Girl_Scouts_Candy_Bars_Peanut_Butter_Creme_78_oz_box_Elastic_medium_upsampled.csv,1620,"Gripping mechanism maintaining hold of target object, maintaining a stable hold, using firm contact, causing moderate-compression."
/home/mdxuser/Genesis/main/data/picked_up_4/upsampled/Crunch_Girl_Scouts_Candy_Bars_Peanut_Butter_Creme_78_oz_box_Elastic_medium_upsampled.csv,1890,Item has been released.
/home/mdxuser/Genesis/main/data/picked_up_4/upsampled/Crunch_Girl_Scouts_Candy_Bars_Peanut_Butter_Creme_78_oz_box_Elastic_medium_upsampled.csv,2160,Item has been released.
/home/mdxuser/Genesis/main/data/picked_up_4/upsampled/Crunch_Girl_Scouts_Candy_Bars_Peanut_Butter_Creme_78_oz_box_Elastic_medium_upsampled.csv,2430,Item has been let go of.
/home/mdxuser/Genesis/main/data/picked_up_4/upsampled/Crunch_Girl_Scouts_Candy_Bars_Peanut_Butter_Creme_78_oz_box_Elastic_medium_upsampled.csv,2700,Target object has been released.
/home/mdxuser/Genesis/main/data/picked_up_4/upsampled/ClimaCool_Aerate_2_W_Wide_Elastic_medium_upsampled.csv,0,"Fingers advancing towards the object, to begin the task."
/home/mdxuser/Genesis/main/data/picked_up_4/upsampled/ClimaCool_Aerate_2_W_Wide_Elastic_medium_upsampled.csv,270,"End-effector pinching target object, using moderate force, causing controlled-yielding, with increasing force."
/home/mdxuser/Genesis/main/data/picked_up_4/upsampled/ClimaCool_Aerate_2_W_Wide_Elastic_medium_upsampled.csv,540,"Fingers continue pinching target object, using firm contact, causing medium-deformation, with rising force."
/home/mdxuser/Genesis/main/data/picked_up_4/upsampled/ClimaCool_Aerate_2_W_Wide_Elastic_medium_upsampled.csv,810,"Gripper raising item, using firm contact, causing firm-contact, with growing pressure."
/home/mdxuser/Genesis/main/data/picked_up_4/upsampled/ClimaCool_Aerate_2_W_Wide_Elastic_medium_upsampled.csv,1080,"Fingers rotating the object, by an angle of 45.0 degrees, using steady force, causing moderate-compression, with unchanging force."
/home/mdxuser/Genesis/main/data/picked_up_4/upsampled/ClimaCool_Aerate_2_W_Wide_Elastic_medium_upsampled.csv,1350,"Gripping mechanism holding position of item, maintaining a stable hold, using steady force, causing moderate-compression."
/home/mdxuser/Genesis/main/data/picked_up_4/upsampled/ClimaCool_Aerate_2_W_Wide_Elastic_medium_upsampled.csv,1620,"Fingers continue maintaining hold of target object, maintaining a stable hold, using steady force, causing moderate-compression."
/home/mdxuser/Genesis/main/data/picked_up_4/upsampled/ClimaCool_Aerate_2_W_Wide_Elastic_medium_upsampled.csv,1890,Item has been let go of.
/home/mdxuser/Genesis/main/data/picked_up_4/upsampled/ClimaCool_Aerate_2_W_Wide_Elastic_medium_upsampled.csv,2160,Item has been released.
/home/mdxuser/Genesis/main/data/picked_up_4/upsampled/ClimaCool_Aerate_2_W_Wide_Elastic_medium_upsampled.csv,2430,Item has been released.
/home/mdxuser/Genesis/main/data/picked_up_4/upsampled/ClimaCool_Aerate_2_W_Wide_Elastic_medium_upsampled.csv,2700,The object has been released.
/home/mdxuser/Genesis/main/data/picked_up_4/upsampled/adizero_F50_TRX_FG_LEA_Elastic_hard_upsampled.csv,0,"Fingers aligning towards item, to begin the task."
/home/mdxuser/Genesis/main/data/picked_up_4/upsampled/adizero_F50_TRX_FG_LEA_Elastic_hard_upsampled.csv,270,"Gripper holding item, using firm pressure, causing firm-yielding, with increasing force."
/home/mdxuser/Genesis/main/data/picked_up_4/upsampled/adizero_F50_TRX_FG_LEA_Elastic_hard_upsampled.csv,540,"Gripper continue pinching target object, using heavy force, causing hard-deformation, with growing pressure."
/home/mdxuser/Genesis/main/data/picked_up_4/upsampled/adizero_F50_TRX_FG_LEA_Elastic_hard_upsampled.csv,810,"End-effector picking up item, using significant force, causing strong-resistance, with growing pressure."
/home/mdxuser/Genesis/main/data/picked_up_4/upsampled/adizero_F50_TRX_FG_LEA_Elastic_hard_upsampled.csv,1080,"Gripper twisting item, by an angle of 45.0 degrees, using heavy force, causing hard-deformation, with constant force."
/home/mdxuser/Genesis/main/data/picked_up_4/upsampled/adizero_F50_TRX_FG_LEA_Elastic_hard_upsampled.csv,1350,"Gripping mechanism continue twisting target object, by an angle of 45.0 degrees, using firm pressure, causing strong-resistance, with constant force."
/home/mdxuser/Genesis/main/data/picked_up_4/upsampled/adizero_F50_TRX_FG_LEA_Elastic_hard_upsampled.csv,1620,Item has been dropped.
/home/mdxuser/Genesis/main/data/picked_up_4/upsampled/adizero_F50_TRX_FG_LEA_Elastic_hard_upsampled.csv,1890,The object has been released.
/home/mdxuser/Genesis/main/data/picked_up_4/upsampled/adizero_F50_TRX_FG_LEA_Elastic_hard_upsampled.csv,2160,Target object has been let go of.
/home/mdxuser/Genesis/main/data/picked_up_4/upsampled/adizero_F50_TRX_FG_LEA_Elastic_hard_upsampled.csv,2430,The object has been dropped.
/home/mdxuser/Genesis/main/data/picked_up_4/upsampled/adizero_F50_TRX_FG_LEA_Elastic_hard_upsampled.csv,2700,Target object has been let go of.
/home/mdxuser/Genesis/main/data/picked_up_4/upsampled/ASICS_GELChallenger_9_Royal_BlueWhiteBlack_Elastic_hard_upsampled.csv,0,"End-effector positioning towards the object, to begin the task."
/home/mdxuser/Genesis/main/data/picked_up_4/upsampled/ASICS_GELChallenger_9_Royal_BlueWhiteBlack_Elastic_hard_upsampled.csv,270,"End-effector securing item, using heavy force, causing rigid-contact, with growing pressure."
/home/mdxuser/Genesis/main/data/picked_up_4/upsampled/ASICS_GELChallenger_9_Royal_BlueWhiteBlack_Elastic_hard_upsampled.csv,540,"Gripping mechanism continue gripping item, using heavy force, causing strong-resistance, with increasing force."
/home/mdxuser/Genesis/main/data/picked_up_4/upsampled/ASICS_GELChallenger_9_Royal_BlueWhiteBlack_Elastic_hard_upsampled.csv,810,"Gripping mechanism picking up target object, using intense pressure, causing firm-yielding, with rising force."
/home/mdxuser/Genesis/main/data/picked_up_4/upsampled/ASICS_GELChallenger_9_Royal_BlueWhiteBlack_Elastic_hard_upsampled.csv,1080,"End-effector turning target object, by an angle of 30.0 degrees, using strong force, causing firm-yielding, with unchanging force."
/home/mdxuser/Genesis/main/data/picked_up_4/upsampled/ASICS_GELChallenger_9_Royal_BlueWhiteBlack_Elastic_hard_upsampled.csv,1350,"End-effector continue twisting the object, by an angle of 30.0 degrees, using intense pressure, causing rigid-contact, with steady pressure."
/home/mdxuser/Genesis/main/data/picked_up_4/upsampled/ASICS_GELChallenger_9_Royal_BlueWhiteBlack_Elastic_hard_upsampled.csv,1620,"End-effector steadying the object, maintaining a stable hold, using firm pressure, causing firm-yielding."
/home/mdxuser/Genesis/main/data/picked_up_4/upsampled/ASICS_GELChallenger_9_Royal_BlueWhiteBlack_Elastic_hard_upsampled.csv,1890,"Gripper twisting the object, by an angle of 30.0 degrees, using firm pressure, causing significant-compression, with unchanging force."
/home/mdxuser/Genesis/main/data/picked_up_4/upsampled/ASICS_GELChallenger_9_Royal_BlueWhiteBlack_Elastic_hard_upsampled.csv,2160,"End-effector continue rotating the object, by an angle of 30.0 degrees, using strong contact, causing significant-compression, with constant force."
/home/mdxuser/Genesis/main/data/picked_up_4/upsampled/ASICS_GELChallenger_9_Royal_BlueWhiteBlack_Elastic_hard_upsampled.csv,2430,"Gripper pausing motion of target object, maintaining a stable hold, using heavy force, causing strong-resistance."
/home/mdxuser/Genesis/main/data/picked_up_4/upsampled/ASICS_GELChallenger_9_Royal_BlueWhiteBlack_Elastic_hard_upsampled.csv,2700,"Fingers decelerating motion of the object, using zero-force, causing maintaining shape."
/home/mdxuser/Genesis/main/data/picked_up_4/upsampled/ASICS_HyperRocketgirl_SP_5_WhiteMalibu_BlueBlack_Elastic_hard_upsampled.csv,0,"Gripping mechanism reaching towards target object, to begin the task."
/home/mdxuser/Genesis/main/data/picked_up_4/upsampled/ASICS_HyperRocketgirl_SP_5_WhiteMalibu_BlueBlack_Elastic_hard_upsampled.csv,270,"Gripper securing target object, using heavy force, causing strong-resistance, with rising force."
/home/mdxuser/Genesis/main/data/picked_up_4/upsampled/ASICS_HyperRocketgirl_SP_5_WhiteMalibu_BlueBlack_Elastic_hard_upsampled.csv,540,"Gripping mechanism continue squeezing target object, using heavy force, causing rigid-contact, with growing pressure."
/home/mdxuser/Genesis/main/data/picked_up_4/upsampled/ASICS_HyperRocketgirl_SP_5_WhiteMalibu_BlueBlack_Elastic_hard_upsampled.csv,810,"Gripper elevating item, using strong force, causing significant-compression, with increasing force."
/home/mdxuser/Genesis/main/data/picked_up_4/upsampled/ASICS_HyperRocketgirl_SP_5_WhiteMalibu_BlueBlack_Elastic_hard_upsampled.csv,1080,"Gripping mechanism turning item, by an angle of 30.0 degrees, using intense pressure, causing hard-deformation, with steady pressure."
/home/mdxuser/Genesis/main/data/picked_up_4/upsampled/ASICS_HyperRocketgirl_SP_5_WhiteMalibu_BlueBlack_Elastic_hard_upsampled.csv,1350,"End-effector continue twisting item, by an angle of 30.0 degrees, using strong contact, causing rigid-contact, with unchanging force."
/home/mdxuser/Genesis/main/data/picked_up_4/upsampled/ASICS_HyperRocketgirl_SP_5_WhiteMalibu_BlueBlack_Elastic_hard_upsampled.csv,1620,"Fingers pausing motion of the object, maintaining a stable hold, using strong force, causing firm-yielding."
/home/mdxuser/Genesis/main/data/picked_up_4/upsampled/ASICS_HyperRocketgirl_SP_5_WhiteMalibu_BlueBlack_Elastic_hard_upsampled.csv,1890,"Gripping mechanism twisting item, by an angle of 30.0 degrees, using intense pressure, causing hard-deformation, with constant force."
/home/mdxuser/Genesis/main/data/picked_up_4/upsampled/ASICS_HyperRocketgirl_SP_5_WhiteMalibu_BlueBlack_Elastic_hard_upsampled.csv,2160,"Fingers continue rotating the object, by an angle of 30.0 degrees, using significant force, causing firm-yielding, with steady pressure."
/home/mdxuser/Genesis/main/data/picked_up_4/upsampled/ASICS_HyperRocketgirl_SP_5_WhiteMalibu_BlueBlack_Elastic_hard_upsampled.csv,2430,"Gripper steadying target object, maintaining a stable hold, using strong force, causing significant-compression."
/home/mdxuser/Genesis/main/data/picked_up_4/upsampled/ASICS_HyperRocketgirl_SP_5_WhiteMalibu_BlueBlack_Elastic_hard_upsampled.csv,2700,Item has been dropped.
/home/mdxuser/Genesis/main/data/picked_up_4/upsampled/Crayola_Model_Magic_Modeling_Material_Single_Packs_6_pack_05_oz_packs_Elastic_soft_upsampled.csv,0,"Gripper starting movement towards target object, to begin the task."
/home/mdxuser/Genesis/main/data/picked_up_4/upsampled/Crayola_Model_Magic_Modeling_Material_Single_Packs_6_pack_05_oz_packs_Elastic_soft_upsampled.csv,270,"End-effector holding the object, using gentle force, causing lightly-yielding, with rising force."
/home/mdxuser/Genesis/main/data/picked_up_4/upsampled/Crayola_Model_Magic_Modeling_Material_Single_Packs_6_pack_05_oz_packs_Elastic_soft_upsampled.csv,540,"Fingers continue clamping item, using slight force, causing gentle-compression, with increasing force."
/home/mdxuser/Genesis/main/data/picked_up_4/upsampled/Crayola_Model_Magic_Modeling_Material_Single_Packs_6_pack_05_oz_packs_Elastic_soft_upsampled.csv,810,"Gripping mechanism lifting the object, using subtle force, causing soft-deformation, with growing pressure."
/home/mdxuser/Genesis/main/data/picked_up_4/upsampled/Crayola_Model_Magic_Modeling_Material_Single_Packs_6_pack_05_oz_packs_Elastic_soft_upsampled.csv,1080,"Gripping mechanism rotating item, by an angle of 45.0 degrees, using light pressure, causing soft-deformation, with unchanging force."
/home/mdxuser/Genesis/main/data/picked_up_4/upsampled/Crayola_Model_Magic_Modeling_Material_Single_Packs_6_pack_05_oz_packs_Elastic_soft_upsampled.csv,1350,"Gripper continue rotating item, by an angle of 45.0 degrees, using gentle force, causing slight-yielding, with steady pressure."
/home/mdxuser/Genesis/main/data/picked_up_4/upsampled/Crayola_Model_Magic_Modeling_Material_Single_Packs_6_pack_05_oz_packs_Elastic_soft_upsampled.csv,1620,Item has been dropped.
/home/mdxuser/Genesis/main/data/picked_up_4/upsampled/Crayola_Model_Magic_Modeling_Material_Single_Packs_6_pack_05_oz_packs_Elastic_soft_upsampled.csv,1890,The object has been released.
/home/mdxuser/Genesis/main/data/picked_up_4/upsampled/Crayola_Model_Magic_Modeling_Material_Single_Packs_6_pack_05_oz_packs_Elastic_soft_upsampled.csv,2160,Target object has been released.
/home/mdxuser/Genesis/main/data/picked_up_4/upsampled/Crayola_Model_Magic_Modeling_Material_Single_Packs_6_pack_05_oz_packs_Elastic_soft_upsampled.csv,2430,The object has been dropped.
/home/mdxuser/Genesis/main/data/picked_up_4/upsampled/Crayola_Model_Magic_Modeling_Material_Single_Packs_6_pack_05_oz_packs_Elastic_soft_upsampled.csv,2700,Item has been dropped.
/home/mdxuser/Genesis/main/data/picked_up_4/upsampled/Beetle_Adventure_Racing_Nintendo_64_Elastic_soft_upsampled.csv,0,"End-effector positioning towards target object, to begin the task."
/home/mdxuser/Genesis/main/data/picked_up_4/upsampled/Beetle_Adventure_Racing_Nintendo_64_Elastic_soft_upsampled.csv,270,"Gripper clasping target object, using subtle force, causing slight-yielding, with growing pressure."
/home/mdxuser/Genesis/main/data/picked_up_4/upsampled/Beetle_Adventure_Racing_Nintendo_64_Elastic_soft_upsampled.csv,540,"End-effector continue squeezing the object, using light pressure, causing cushioned-contact, with increasing force."
/home/mdxuser/Genesis/main/data/picked_up_4/upsampled/Beetle_Adventure_Racing_Nintendo_64_Elastic_soft_upsampled.csv,810,"Fingers picking up item, using cushioned pressure, causing gentle-compression, with increasing force."
/home/mdxuser/Genesis/main/data/picked_up_4/upsampled/Beetle_Adventure_Racing_Nintendo_64_Elastic_soft_upsampled.csv,1080,"End-effector twisting item, by an angle of 45.0 degrees, using minimal force, causing slight-yielding, with constant force."
/home/mdxuser/Genesis/main/data/picked_up_4/upsampled/Beetle_Adventure_Racing_Nintendo_64_Elastic_soft_upsampled.csv,1350,"Fingers continue twisting target object, by an angle of 45.0 degrees, using cushioned pressure, causing minimal-resistance, with steady pressure."
/home/mdxuser/Genesis/main/data/picked_up_4/upsampled/Beetle_Adventure_Racing_Nintendo_64_Elastic_soft_upsampled.csv,1620,"Fingers pausing motion of the object, maintaining a stable hold, using minimal force, causing cushioned-contact."
/home/mdxuser/Genesis/main/data/picked_up_4/upsampled/Beetle_Adventure_Racing_Nintendo_64_Elastic_soft_upsampled.csv,1890,"End-effector turning target object, by an angle of 45.0 degrees, using cushioned pressure, causing gentle-compression, with constant force."
/home/mdxuser/Genesis/main/data/picked_up_4/upsampled/Beetle_Adventure_Racing_Nintendo_64_Elastic_soft_upsampled.csv,2160,"End-effector continue twisting the object, by an angle of 45.0 degrees, using light pressure, causing minimal-resistance, with constant force."
/home/mdxuser/Genesis/main/data/picked_up_4/upsampled/Beetle_Adventure_Racing_Nintendo_64_Elastic_soft_upsampled.csv,2430,"End-effector pausing motion of item, maintaining a stable hold, using gentle force, causing soft-deformation."
/home/mdxuser/Genesis/main/data/picked_up_4/upsampled/Beetle_Adventure_Racing_Nintendo_64_Elastic_soft_upsampled.csv,2700,"End-effector slowing down motion of target object, using forceless methods, causing undeformed shape."
/home/mdxuser/Genesis/main/data/picked_up_4/upsampled/Borage_GLA240Gamma_Tocopherol_Elastic_hard_upsampled.csv,0,"Gripper aligning towards target object, to begin the task."
/home/mdxuser/Genesis/main/data/picked_up_4/upsampled/Borage_GLA240Gamma_Tocopherol_Elastic_hard_upsampled.csv,270,"End-effector securing item, using significant force, causing firm-yielding, with rising force."
/home/mdxuser/Genesis/main/data/picked_up_4/upsampled/Borage_GLA240Gamma_Tocopherol_Elastic_hard_upsampled.csv,540,"Gripper continue pinching the object, using significant force, causing significant-compression, with rising force."
/home/mdxuser/Genesis/main/data/picked_up_4/upsampled/Borage_GLA240Gamma_Tocopherol_Elastic_hard_upsampled.csv,810,"Fingers raising item, using intense pressure, causing firm-yielding, with increasing force."
/home/mdxuser/Genesis/main/data/picked_up_4/upsampled/Borage_GLA240Gamma_Tocopherol_Elastic_hard_upsampled.csv,1080,"Fingers rotating target object, by an angle of 45.0 degrees, using strong contact, causing significant-compression, with unchanging force."
/home/mdxuser/Genesis/main/data/picked_up_4/upsampled/Borage_GLA240Gamma_Tocopherol_Elastic_hard_upsampled.csv,1350,"Gripping mechanism continue rotating item, by an angle of 45.0 degrees, using strong contact, causing hard-deformation, with constant force."
/home/mdxuser/Genesis/main/data/picked_up_4/upsampled/Borage_GLA240Gamma_Tocopherol_Elastic_hard_upsampled.csv,1620,"Fingers steadying target object, maintaining a stable hold, using firm pressure, causing substantial-yielding."
/home/mdxuser/Genesis/main/data/picked_up_4/upsampled/Borage_GLA240Gamma_Tocopherol_Elastic_hard_upsampled.csv,1890,"Gripper turning target object, by an angle of 45.0 degrees, using firm pressure, causing firm-yielding, with constant force."
/home/mdxuser/Genesis/main/data/picked_up_4/upsampled/Borage_GLA240Gamma_Tocopherol_Elastic_hard_upsampled.csv,2160,"End-effector holding position of the object, maintaining a stable hold, using firm pressure, causing hard-deformation."
/home/mdxuser/Genesis/main/data/picked_up_4/upsampled/Borage_GLA240Gamma_Tocopherol_Elastic_hard_upsampled.csv,2430,"End-effector continue pausing motion of the object, maintaining a stable hold, using significant force, causing substantial-yielding."
/home/mdxuser/Genesis/main/data/picked_up_4/upsampled/Borage_GLA240Gamma_Tocopherol_Elastic_hard_upsampled.csv,2700,"Fingers decelerating motion of item, using forceless methods, causing undeformed shape."
/home/mdxuser/Genesis/main/data/picked_up_4/upsampled/Orbit_Bubblemint_Mini_Bottle_6_ct_Elastic_medium_upsampled.csv,0,"Gripper aligning towards the object, to begin the task."
/home/mdxuser/Genesis/main/data/picked_up_4/upsampled/Orbit_Bubblemint_Mini_Bottle_6_ct_Elastic_medium_upsampled.csv,270,"End-effector clasping item, using moderate force, causing moderate-compression, with rising force."
/home/mdxuser/Genesis/main/data/picked_up_4/upsampled/Orbit_Bubblemint_Mini_Bottle_6_ct_Elastic_medium_upsampled.csv,540,"Gripper continue pinching target object, using balanced pressure, causing controlled-yielding, with growing pressure."
/home/mdxuser/Genesis/main/data/picked_up_4/upsampled/Orbit_Bubblemint_Mini_Bottle_6_ct_Elastic_medium_upsampled.csv,810,"Fingers elevating target object, using steady force, causing medium-deformation, with growing pressure."
/home/mdxuser/Genesis/main/data/picked_up_4/upsampled/Orbit_Bubblemint_Mini_Bottle_6_ct_Elastic_medium_upsampled.csv,1080,"Gripping mechanism twisting the object, by an angle of 30.0 degrees, using steady force, causing medium-deformation, with steady pressure."
/home/mdxuser/Genesis/main/data/picked_up_4/upsampled/Orbit_Bubblemint_Mini_Bottle_6_ct_Elastic_medium_upsampled.csv,1350,"Gripping mechanism continue twisting item, by an angle of 30.0 degrees, using steady force, causing moderate-compression, with constant force."
/home/mdxuser/Genesis/main/data/picked_up_4/upsampled/Orbit_Bubblemint_Mini_Bottle_6_ct_Elastic_medium_upsampled.csv,1620,The object has been released.
/home/mdxuser/Genesis/main/data/picked_up_4/upsampled/Orbit_Bubblemint_Mini_Bottle_6_ct_Elastic_medium_upsampled.csv,1890,Target object has been dropped.
/home/mdxuser/Genesis/main/data/picked_up_4/upsampled/Orbit_Bubblemint_Mini_Bottle_6_ct_Elastic_medium_upsampled.csv,2160,Target object has been released.
/home/mdxuser/Genesis/main/data/picked_up_4/upsampled/Orbit_Bubblemint_Mini_Bottle_6_ct_Elastic_medium_upsampled.csv,2430,Item has been dropped.
/home/mdxuser/Genesis/main/data/picked_up_4/upsampled/Orbit_Bubblemint_Mini_Bottle_6_ct_Elastic_medium_upsampled.csv,2700,Item has been let go of.
/home/mdxuser/Genesis/main/data/picked_up_4/upsampled/Mens_ASV_Shock_Light_Bungee_in_Light_Grey_xGCOvtLDnQJ_Elastic_soft_upsampled.csv,0,"Fingers starting movement towards the object, to begin the task."
/home/mdxuser/Genesis/main/data/picked_up_4/upsampled/Mens_ASV_Shock_Light_Bungee_in_Light_Grey_xGCOvtLDnQJ_Elastic_soft_upsampled.csv,270,"Fingers clamping target object, using cushioned pressure, causing gentle-compression, with growing pressure."
/home/mdxuser/Genesis/main/data/picked_up_4/upsampled/Mens_ASV_Shock_Light_Bungee_in_Light_Grey_xGCOvtLDnQJ_Elastic_soft_upsampled.csv,540,"Fingers continue clasping item, using cushioned pressure, causing lightly-yielding, with increasing force."
/home/mdxuser/Genesis/main/data/picked_up_4/upsampled/Mens_ASV_Shock_Light_Bungee_in_Light_Grey_xGCOvtLDnQJ_Elastic_soft_upsampled.csv,810,"End-effector elevating target object, using light pressure, causing cushioned-contact, with increasing force."
/home/mdxuser/Genesis/main/data/picked_up_4/upsampled/Mens_ASV_Shock_Light_Bungee_in_Light_Grey_xGCOvtLDnQJ_Elastic_soft_upsampled.csv,1080,"Gripper twisting the object, by an angle of 45.0 degrees, using subtle force, causing soft-deformation, with unchanging force."
/home/mdxuser/Genesis/main/data/picked_up_4/upsampled/Mens_ASV_Shock_Light_Bungee_in_Light_Grey_xGCOvtLDnQJ_Elastic_soft_upsampled.csv,1350,"Gripper pausing motion of the object, maintaining a stable hold, using light pressure, causing gentle-compression."
/home/mdxuser/Genesis/main/data/picked_up_4/upsampled/Mens_ASV_Shock_Light_Bungee_in_Light_Grey_xGCOvtLDnQJ_Elastic_soft_upsampled.csv,1620,"Fingers continue holding position of the object, maintaining a stable hold, using soft contact, causing lightly-yielding."
/home/mdxuser/Genesis/main/data/picked_up_4/upsampled/Mens_ASV_Shock_Light_Bungee_in_Light_Grey_xGCOvtLDnQJ_Elastic_soft_upsampled.csv,1890,Item has been released.
/home/mdxuser/Genesis/main/data/picked_up_4/upsampled/Mens_ASV_Shock_Light_Bungee_in_Light_Grey_xGCOvtLDnQJ_Elastic_soft_upsampled.csv,2160,Item has been dropped.
/home/mdxuser/Genesis/main/data/picked_up_4/upsampled/Mens_ASV_Shock_Light_Bungee_in_Light_Grey_xGCOvtLDnQJ_Elastic_soft_upsampled.csv,2430,The object has been let go of.
/home/mdxuser/Genesis/main/data/picked_up_4/upsampled/Mens_ASV_Shock_Light_Bungee_in_Light_Grey_xGCOvtLDnQJ_Elastic_soft_upsampled.csv,2700,The object has been released.
/home/mdxuser/Genesis/main/data/picked_up_4/upsampled/BUNNY_RACER_Elastic_medium_upsampled.csv,0,"Fingers positioning towards target object, to begin the task."
/home/mdxuser/Genesis/main/data/picked_up_4/upsampled/BUNNY_RACER_Elastic_medium_upsampled.csv,270,"Gripper squeezing target object, using balanced pressure, causing firm-contact, with rising force."
/home/mdxuser/Genesis/main/data/picked_up_4/upsampled/BUNNY_RACER_Elastic_medium_upsampled.csv,540,"End-effector continue securing item, using controlled pressure, causing firm-contact, with rising force."
/home/mdxuser/Genesis/main/data/picked_up_4/upsampled/BUNNY_RACER_Elastic_medium_upsampled.csv,810,"Gripper lifting target object, using controlled pressure, causing balanced-yielding, with growing pressure."
/home/mdxuser/Genesis/main/data/picked_up_4/upsampled/BUNNY_RACER_Elastic_medium_upsampled.csv,1080,"Gripper rotating the object, by an angle of 30.0 degrees, using moderate force, causing controlled-yielding, with unchanging force."
/home/mdxuser/Genesis/main/data/picked_up_4/upsampled/BUNNY_RACER_Elastic_medium_upsampled.csv,1350,"Gripping mechanism continue twisting the object, by an angle of 30.0 degrees, using steady force, causing firm-contact, with unchanging force."
/home/mdxuser/Genesis/main/data/picked_up_4/upsampled/BUNNY_RACER_Elastic_medium_upsampled.csv,1620,"Gripping mechanism steadying the object, maintaining a stable hold, using steady force, causing firm-contact."
/home/mdxuser/Genesis/main/data/picked_up_4/upsampled/BUNNY_RACER_Elastic_medium_upsampled.csv,1890,"Fingers twisting the object, by an angle of 30.0 degrees, using balanced pressure, causing moderate-compression, with constant force."
/home/mdxuser/Genesis/main/data/picked_up_4/upsampled/BUNNY_RACER_Elastic_medium_upsampled.csv,2160,"Gripper continue turning target object, by an angle of 30.0 degrees, using firm contact, causing balanced-yielding, with steady pressure."
/home/mdxuser/Genesis/main/data/picked_up_4/upsampled/BUNNY_RACER_Elastic_medium_upsampled.csv,2430,"End-effector pausing motion of target object, maintaining a stable hold, using steady force, causing moderate-compression."
/home/mdxuser/Genesis/main/data/picked_up_4/upsampled/BUNNY_RACER_Elastic_medium_upsampled.csv,2700,"Fingers decelerating motion of item, using zero-force, causing shape-conservation."
/home/mdxuser/Genesis/main/data/picked_up_4/upsampled/ASICS_GELTour_Lyte_WhiteOrchidSilver_Elastic_medium_upsampled.csv,0,"Fingers approaching towards the object, to begin the task."
/home/mdxuser/Genesis/main/data/picked_up_4/upsampled/ASICS_GELTour_Lyte_WhiteOrchidSilver_Elastic_medium_upsampled.csv,270,"End-effector grasping item, using moderate force, causing medium-deformation, with increasing force."
/home/mdxuser/Genesis/main/data/picked_up_4/upsampled/ASICS_GELTour_Lyte_WhiteOrchidSilver_Elastic_medium_upsampled.csv,540,"Fingers continue pinching the object, using moderate force, causing controlled-yielding, with growing pressure."
/home/mdxuser/Genesis/main/data/picked_up_4/upsampled/ASICS_GELTour_Lyte_WhiteOrchidSilver_Elastic_medium_upsampled.csv,810,"Gripping mechanism raising item, using firm contact, causing controlled-yielding, with rising force."
/home/mdxuser/Genesis/main/data/picked_up_4/upsampled/ASICS_GELTour_Lyte_WhiteOrchidSilver_Elastic_medium_upsampled.csv,1080,"Gripper rotating the object, by an angle of 45.0 degrees, using moderate force, causing moderate-compression, with constant force."
/home/mdxuser/Genesis/main/data/picked_up_4/upsampled/ASICS_GELTour_Lyte_WhiteOrchidSilver_Elastic_medium_upsampled.csv,1350,"Gripper continue turning item, by an angle of 45.0 degrees, using moderate force, causing moderate-compression, with constant force."
/home/mdxuser/Genesis/main/data/picked_up_4/upsampled/ASICS_GELTour_Lyte_WhiteOrchidSilver_Elastic_medium_upsampled.csv,1620,"End-effector pausing motion of item, maintaining a stable hold, using firm contact, causing firm-contact."
/home/mdxuser/Genesis/main/data/picked_up_4/upsampled/ASICS_GELTour_Lyte_WhiteOrchidSilver_Elastic_medium_upsampled.csv,1890,"Fingers rotating item, by an angle of 45.0 degrees, using steady force, causing controlled-yielding, with constant force."
/home/mdxuser/Genesis/main/data/picked_up_4/upsampled/ASICS_GELTour_Lyte_WhiteOrchidSilver_Elastic_medium_upsampled.csv,2160,"End-effector maintaining hold of target object, maintaining a stable hold, using controlled pressure, causing medium-deformation."
/home/mdxuser/Genesis/main/data/picked_up_4/upsampled/ASICS_GELTour_Lyte_WhiteOrchidSilver_Elastic_medium_upsampled.csv,2430,"End-effector continue holding position of item, maintaining a stable hold, using moderate force, causing moderate-compression."
/home/mdxuser/Genesis/main/data/picked_up_4/upsampled/ASICS_GELTour_Lyte_WhiteOrchidSilver_Elastic_medium_upsampled.csv,2700,Target object has been dropped.
/home/mdxuser/Genesis/main/data/picked_up_4/upsampled/Cole_Hardware_School_Bell_Solid_Brass_38_Elastic_soft_upsampled.csv,0,"Gripping mechanism aligning towards item, to begin the task."
/home/mdxuser/Genesis/main/data/picked_up_4/upsampled/Cole_Hardware_School_Bell_Solid_Brass_38_Elastic_soft_upsampled.csv,270,"End-effector pinching the object, using minimal force, causing slight-yielding, with increasing force."
/home/mdxuser/Genesis/main/data/picked_up_4/upsampled/Cole_Hardware_School_Bell_Solid_Brass_38_Elastic_soft_upsampled.csv,540,"End-effector continue grasping the object, using light pressure, causing gentle-compression, with rising force."
/home/mdxuser/Genesis/main/data/picked_up_4/upsampled/Cole_Hardware_School_Bell_Solid_Brass_38_Elastic_soft_upsampled.csv,810,"Gripping mechanism raising target object, using subtle force, causing minimal-resistance, with rising force."
/home/mdxuser/Genesis/main/data/picked_up_4/upsampled/Cole_Hardware_School_Bell_Solid_Brass_38_Elastic_soft_upsampled.csv,1080,"Fingers twisting the object, by an angle of 30.0 degrees, using light pressure, causing slight-yielding, with unchanging force."
/home/mdxuser/Genesis/main/data/picked_up_4/upsampled/Cole_Hardware_School_Bell_Solid_Brass_38_Elastic_soft_upsampled.csv,1350,"Fingers continue turning item, by an angle of 30.0 degrees, using subtle force, causing minimal-resistance, with constant force."
/home/mdxuser/Genesis/main/data/picked_up_4/upsampled/Cole_Hardware_School_Bell_Solid_Brass_38_Elastic_soft_upsampled.csv,1620,"Gripping mechanism maintaining hold of target object, maintaining a stable hold, using slight force, causing gentle-compression."
/home/mdxuser/Genesis/main/data/picked_up_4/upsampled/Cole_Hardware_School_Bell_Solid_Brass_38_Elastic_soft_upsampled.csv,1890,"Fingers rotating item, by an angle of 30.0 degrees, using cushioned pressure, causing lightly-yielding, with constant force."
/home/mdxuser/Genesis/main/data/picked_up_4/upsampled/Cole_Hardware_School_Bell_Solid_Brass_38_Elastic_soft_upsampled.csv,2160,"Gripping mechanism continue turning the object, by an angle of 30.0 degrees, using light pressure, causing minimal-resistance, with constant force."
/home/mdxuser/Genesis/main/data/picked_up_4/upsampled/Cole_Hardware_School_Bell_Solid_Brass_38_Elastic_soft_upsampled.csv,2430,The object has been let go of.
/home/mdxuser/Genesis/main/data/picked_up_4/upsampled/Cole_Hardware_School_Bell_Solid_Brass_38_Elastic_soft_upsampled.csv,2700,Item has been released.
/home/mdxuser/Genesis/main/data/picked_up_4/upsampled/ASICS_GELBlur33_20_GS_BlackWhiteSafety_Orange_Elastic_soft_upsampled.csv,0,"Gripper aligning towards item, to begin the task."
/home/mdxuser/Genesis/main/data/picked_up_4/upsampled/ASICS_GELBlur33_20_GS_BlackWhiteSafety_Orange_Elastic_soft_upsampled.csv,270,"Gripping mechanism securing item, using cushioned pressure, causing gentle-compression, with rising force."
/home/mdxuser/Genesis/main/data/picked_up_4/upsampled/ASICS_GELBlur33_20_GS_BlackWhiteSafety_Orange_Elastic_soft_upsampled.csv,540,"Fingers continue securing target object, using gentle force, causing gentle-compression, with increasing force."
/home/mdxuser/Genesis/main/data/picked_up_4/upsampled/ASICS_GELBlur33_20_GS_BlackWhiteSafety_Orange_Elastic_soft_upsampled.csv,810,"End-effector elevating item, using cushioned pressure, causing gentle-compression, with rising force."
/home/mdxuser/Genesis/main/data/picked_up_4/upsampled/ASICS_GELBlur33_20_GS_BlackWhiteSafety_Orange_Elastic_soft_upsampled.csv,1080,"Gripper turning target object, by an angle of 45.0 degrees, using light pressure, causing minimal-resistance, with steady pressure."
/home/mdxuser/Genesis/main/data/picked_up_4/upsampled/ASICS_GELBlur33_20_GS_BlackWhiteSafety_Orange_Elastic_soft_upsampled.csv,1350,"Gripper continue turning the object, by an angle of 45.0 degrees, using gentle force, causing gentle-compression, with unchanging force."
/home/mdxuser/Genesis/main/data/picked_up_4/upsampled/ASICS_GELBlur33_20_GS_BlackWhiteSafety_Orange_Elastic_soft_upsampled.csv,1620,"Gripping mechanism holding position of the object, maintaining a stable hold, using slight force, causing lightly-yielding."
/home/mdxuser/Genesis/main/data/picked_up_4/upsampled/ASICS_GELBlur33_20_GS_BlackWhiteSafety_Orange_Elastic_soft_upsampled.csv,1890,"End-effector twisting target object, by an angle of 30.0 degrees, using subtle force, causing cushioned-contact, with steady pressure."
/home/mdxuser/Genesis/main/data/picked_up_4/upsampled/ASICS_GELBlur33_20_GS_BlackWhiteSafety_Orange_Elastic_soft_upsampled.csv,2160,"Gripper continue rotating the object, by an angle of 30.0 degrees, using gentle force, causing slight-yielding, with constant force."
/home/mdxuser/Genesis/main/data/picked_up_4/upsampled/ASICS_GELBlur33_20_GS_BlackWhiteSafety_Orange_Elastic_soft_upsampled.csv,2430,"Gripper holding position of item, maintaining a stable hold, using light pressure, causing cushioned-contact."
/home/mdxuser/Genesis/main/data/picked_up_4/upsampled/ASICS_GELBlur33_20_GS_BlackWhiteSafety_Orange_Elastic_soft_upsampled.csv,2700,"Gripper coming to rest with item, using forceless methods, causing shape-conservation."
/home/mdxuser/Genesis/main/data/picked_up_4/upsampled/BlackBlack_Nintendo_3DSXL_Elastic_soft_upsampled.csv,0,"Gripping mechanism positioning towards the object, to begin the task."
/home/mdxuser/Genesis/main/data/picked_up_4/upsampled/BlackBlack_Nintendo_3DSXL_Elastic_soft_upsampled.csv,270,"End-effector squeezing target object, using soft contact, causing gentle-compression, with increasing force."
/home/mdxuser/Genesis/main/data/picked_up_4/upsampled/BlackBlack_Nintendo_3DSXL_Elastic_soft_upsampled.csv,540,"Fingers continue clasping target object, using gentle force, causing minimal-resistance, with growing pressure."
/home/mdxuser/Genesis/main/data/picked_up_4/upsampled/BlackBlack_Nintendo_3DSXL_Elastic_soft_upsampled.csv,810,"Gripper picking up item, using light pressure, causing soft-deformation, with rising force."
/home/mdxuser/Genesis/main/data/picked_up_4/upsampled/BlackBlack_Nintendo_3DSXL_Elastic_soft_upsampled.csv,1080,"End-effector turning target object, by an angle of 30.0 degrees, using gentle force, causing slight-yielding, with steady pressure."
/home/mdxuser/Genesis/main/data/picked_up_4/upsampled/BlackBlack_Nintendo_3DSXL_Elastic_soft_upsampled.csv,1350,"Gripper continue twisting target object, by an angle of 30.0 degrees, using cushioned pressure, causing lightly-yielding, with constant force."
/home/mdxuser/Genesis/main/data/picked_up_4/upsampled/BlackBlack_Nintendo_3DSXL_Elastic_soft_upsampled.csv,1620,"Gripping mechanism pausing motion of target object, maintaining a stable hold, using soft contact, causing slight-yielding."
/home/mdxuser/Genesis/main/data/picked_up_4/upsampled/BlackBlack_Nintendo_3DSXL_Elastic_soft_upsampled.csv,1890,Item has been let go of.
/home/mdxuser/Genesis/main/data/picked_up_4/upsampled/BlackBlack_Nintendo_3DSXL_Elastic_soft_upsampled.csv,2160,Target object has been released.
/home/mdxuser/Genesis/main/data/picked_up_4/upsampled/BlackBlack_Nintendo_3DSXL_Elastic_soft_upsampled.csv,2430,Target object has been dropped.
/home/mdxuser/Genesis/main/data/picked_up_4/upsampled/BlackBlack_Nintendo_3DSXL_Elastic_soft_upsampled.csv,2700,Item has been let go of.
/home/mdxuser/Genesis/main/data/picked_up_4/upsampled/Crayola_Crayons_Washable_24_crayons_Elastic_hard_upsampled.csv,0,"Fingers reaching towards target object, to begin the task."
/home/mdxuser/Genesis/main/data/picked_up_4/upsampled/Crayola_Crayons_Washable_24_crayons_Elastic_hard_upsampled.csv,270,"End-effector squeezing target object, using significant force, causing strong-resistance, with increasing force."
/home/mdxuser/Genesis/main/data/picked_up_4/upsampled/Crayola_Crayons_Washable_24_crayons_Elastic_hard_upsampled.csv,540,"Fingers continue securing item, using significant force, causing hard-deformation, with increasing force."
/home/mdxuser/Genesis/main/data/picked_up_4/upsampled/Crayola_Crayons_Washable_24_crayons_Elastic_hard_upsampled.csv,810,"End-effector raising the object, using significant force, causing substantial-yielding, with rising force."
/home/mdxuser/Genesis/main/data/picked_up_4/upsampled/Crayola_Crayons_Washable_24_crayons_Elastic_hard_upsampled.csv,1080,"Fingers rotating target object, by an angle of 45.0 degrees, using heavy force, causing strong-resistance, with constant force."
/home/mdxuser/Genesis/main/data/picked_up_4/upsampled/Crayola_Crayons_Washable_24_crayons_Elastic_hard_upsampled.csv,1350,"Fingers continue twisting item, by an angle of 45.0 degrees, using significant force, causing hard-deformation, with constant force."
/home/mdxuser/Genesis/main/data/picked_up_4/upsampled/Crayola_Crayons_Washable_24_crayons_Elastic_hard_upsampled.csv,1620,"Gripper holding position of item, maintaining a stable hold, using strong contact, causing strong-resistance."
/home/mdxuser/Genesis/main/data/picked_up_4/upsampled/Crayola_Crayons_Washable_24_crayons_Elastic_hard_upsampled.csv,1890,"Gripping mechanism turning item, by an angle of 45.0 degrees, using heavy force, causing significant-compression, with unchanging force."
/home/mdxuser/Genesis/main/data/picked_up_4/upsampled/Crayola_Crayons_Washable_24_crayons_Elastic_hard_upsampled.csv,2160,"End-effector maintaining hold of target object, maintaining a stable hold, using firm pressure, causing substantial-yielding."
/home/mdxuser/Genesis/main/data/picked_up_4/upsampled/Crayola_Crayons_Washable_24_crayons_Elastic_hard_upsampled.csv,2430,"Fingers continue maintaining hold of target object, maintaining a stable hold, using strong contact, causing significant-compression."
/home/mdxuser/Genesis/main/data/picked_up_4/upsampled/Crayola_Crayons_Washable_24_crayons_Elastic_hard_upsampled.csv,2700,Item has been released.
/home/mdxuser/Genesis/main/data/picked_up_4/upsampled/Olive_Kids_Mermaids_Pack_n_Snack_Backpack_Elastic_hard_upsampled.csv,0,"Gripper initiating towards the object, to begin the task."
/home/mdxuser/Genesis/main/data/picked_up_4/upsampled/Olive_Kids_Mermaids_Pack_n_Snack_Backpack_Elastic_hard_upsampled.csv,270,"Gripper gripping item, using strong force, causing significant-compression, with increasing force."
/home/mdxuser/Genesis/main/data/picked_up_4/upsampled/Olive_Kids_Mermaids_Pack_n_Snack_Backpack_Elastic_hard_upsampled.csv,540,"Gripping mechanism continue clamping target object, using strong force, causing rigid-contact, with increasing force."
/home/mdxuser/Genesis/main/data/picked_up_4/upsampled/Olive_Kids_Mermaids_Pack_n_Snack_Backpack_Elastic_hard_upsampled.csv,810,"Fingers elevating the object, using heavy force, causing rigid-contact, with increasing force."
/home/mdxuser/Genesis/main/data/picked_up_4/upsampled/Olive_Kids_Mermaids_Pack_n_Snack_Backpack_Elastic_hard_upsampled.csv,1080,"Gripper twisting target object, by an angle of 45.0 degrees, using firm pressure, causing rigid-contact, with constant force."
/home/mdxuser/Genesis/main/data/picked_up_4/upsampled/Olive_Kids_Mermaids_Pack_n_Snack_Backpack_Elastic_hard_upsampled.csv,1350,"End-effector maintaining hold of the object, maintaining a stable hold, using strong force, causing rigid-contact."
/home/mdxuser/Genesis/main/data/picked_up_4/upsampled/Olive_Kids_Mermaids_Pack_n_Snack_Backpack_Elastic_hard_upsampled.csv,1620,"End-effector continue holding position of the object, maintaining a stable hold, using strong contact, causing significant-compression."
/home/mdxuser/Genesis/main/data/picked_up_4/upsampled/Olive_Kids_Mermaids_Pack_n_Snack_Backpack_Elastic_hard_upsampled.csv,1890,"Gripping mechanism rotating target object, by an angle of 30.0 degrees, using intense pressure, causing substantial-yielding, with unchanging force."
/home/mdxuser/Genesis/main/data/picked_up_4/upsampled/Olive_Kids_Mermaids_Pack_n_Snack_Backpack_Elastic_hard_upsampled.csv,2160,"Gripper continue rotating target object, by an angle of 30.0 degrees, using strong contact, causing firm-yielding, with unchanging force."
/home/mdxuser/Genesis/main/data/picked_up_4/upsampled/Olive_Kids_Mermaids_Pack_n_Snack_Backpack_Elastic_hard_upsampled.csv,2430,"Fingers holding position of item, maintaining a stable hold, using firm pressure, causing significant-compression."
/home/mdxuser/Genesis/main/data/picked_up_4/upsampled/Olive_Kids_Mermaids_Pack_n_Snack_Backpack_Elastic_hard_upsampled.csv,2700,"Gripping mechanism decelerating motion of target object, using zero-pressure, causing undeformed shape."
/home/mdxuser/Genesis/main/data/picked_up_4/upsampled/Office_Depot_HP_98_Remanufactured_Ink_Cartridge_Black_Elastic_soft_upsampled.csv,0,"Gripping mechanism positioning towards item, to begin the task."
/home/mdxuser/Genesis/main/data/picked_up_4/upsampled/Office_Depot_HP_98_Remanufactured_Ink_Cartridge_Black_Elastic_soft_upsampled.csv,270,"End-effector capturing target object, using light pressure, causing cushioned-contact, with increasing force."
/home/mdxuser/Genesis/main/data/picked_up_4/upsampled/Office_Depot_HP_98_Remanufactured_Ink_Cartridge_Black_Elastic_soft_upsampled.csv,540,"Fingers continue squeezing target object, using cushioned pressure, causing cushioned-contact, with growing pressure."
/home/mdxuser/Genesis/main/data/picked_up_4/upsampled/Office_Depot_HP_98_Remanufactured_Ink_Cartridge_Black_Elastic_soft_upsampled.csv,810,"Gripping mechanism raising the object, using cushioned pressure, causing slight-yielding, with rising force."
/home/mdxuser/Genesis/main/data/picked_up_4/upsampled/Office_Depot_HP_98_Remanufactured_Ink_Cartridge_Black_Elastic_soft_upsampled.csv,1080,"Fingers twisting item, by an angle of 45.0 degrees, using slight force, causing minimal-resistance, with constant force."
/home/mdxuser/Genesis/main/data/picked_up_4/upsampled/Office_Depot_HP_98_Remanufactured_Ink_Cartridge_Black_Elastic_soft_upsampled.csv,1350,"Fingers continue turning the object, by an angle of 45.0 degrees, using slight force, causing cushioned-contact, with steady pressure."
/home/mdxuser/Genesis/main/data/picked_up_4/upsampled/Office_Depot_HP_98_Remanufactured_Ink_Cartridge_Black_Elastic_soft_upsampled.csv,1620,Target object has been released.
/home/mdxuser/Genesis/main/data/picked_up_4/upsampled/Office_Depot_HP_98_Remanufactured_Ink_Cartridge_Black_Elastic_soft_upsampled.csv,1890,Target object has been let go of.
/home/mdxuser/Genesis/main/data/picked_up_4/upsampled/Office_Depot_HP_98_Remanufactured_Ink_Cartridge_Black_Elastic_soft_upsampled.csv,2160,Target object has been released.
/home/mdxuser/Genesis/main/data/picked_up_4/upsampled/Office_Depot_HP_98_Remanufactured_Ink_Cartridge_Black_Elastic_soft_upsampled.csv,2430,Item has been dropped.
/home/mdxuser/Genesis/main/data/picked_up_4/upsampled/Office_Depot_HP_98_Remanufactured_Ink_Cartridge_Black_Elastic_soft_upsampled.csv,2700,Target object has been released.
/home/mdxuser/Genesis/main/data/picked_up_4/upsampled/3D_Dollhouse_Swing_Elastic_soft_upsampled.csv,0,"Gripping mechanism starting movement towards item, to begin the task."
/home/mdxuser/Genesis/main/data/picked_up_4/upsampled/3D_Dollhouse_Swing_Elastic_soft_upsampled.csv,270,"Gripper squeezing target object, using subtle force, causing slight-yielding, with rising force."
/home/mdxuser/Genesis/main/data/picked_up_4/upsampled/3D_Dollhouse_Swing_Elastic_soft_upsampled.csv,540,"Fingers continue gripping the object, using gentle force, causing gentle-compression, with growing pressure."
/home/mdxuser/Genesis/main/data/picked_up_4/upsampled/3D_Dollhouse_Swing_Elastic_soft_upsampled.csv,810,"End-effector picking up the object, using gentle force, causing lightly-yielding, with rising force."
/home/mdxuser/Genesis/main/data/picked_up_4/upsampled/3D_Dollhouse_Swing_Elastic_soft_upsampled.csv,1080,"Gripper rotating target object, by an angle of 45.0 degrees, using gentle force, causing minimal-resistance, with steady pressure."
/home/mdxuser/Genesis/main/data/picked_up_4/upsampled/3D_Dollhouse_Swing_Elastic_soft_upsampled.csv,1350,"Gripper continue rotating the object, by an angle of 45.0 degrees, using subtle force, causing slight-yielding, with steady pressure."
/home/mdxuser/Genesis/main/data/picked_up_4/upsampled/3D_Dollhouse_Swing_Elastic_soft_upsampled.csv,1620,"Fingers steadying the object, maintaining a stable hold, using subtle force, causing gentle-compression."
/home/mdxuser/Genesis/main/data/picked_up_4/upsampled/3D_Dollhouse_Swing_Elastic_soft_upsampled.csv,1890,"Fingers rotating target object, by an angle of 45.0 degrees, using soft contact, causing gentle-compression, with constant force."
/home/mdxuser/Genesis/main/data/picked_up_4/upsampled/3D_Dollhouse_Swing_Elastic_soft_upsampled.csv,2160,"Gripping mechanism pausing motion of item, maintaining a stable hold, using minimal force, causing gentle-compression."
/home/mdxuser/Genesis/main/data/picked_up_4/upsampled/3D_Dollhouse_Swing_Elastic_soft_upsampled.csv,2430,"Fingers continue maintaining hold of the object, maintaining a stable hold, using slight force, causing lightly-yielding."
/home/mdxuser/Genesis/main/data/picked_up_4/upsampled/3D_Dollhouse_Swing_Elastic_soft_upsampled.csv,2700,The object has been let go of.
/home/mdxuser/Genesis/main/data/picked_up_4/upsampled/ASICS_GEL1140V_WhiteBlackSilver_Elastic_medium_upsampled.csv,0,"Gripping mechanism preparing towards target object, to begin the task."
/home/mdxuser/Genesis/main/data/picked_up_4/upsampled/ASICS_GEL1140V_WhiteBlackSilver_Elastic_medium_upsampled.csv,270,"Gripping mechanism grasping item, using moderate force, causing medium-deformation, with increasing force."
/home/mdxuser/Genesis/main/data/picked_up_4/upsampled/ASICS_GEL1140V_WhiteBlackSilver_Elastic_medium_upsampled.csv,540,"Gripping mechanism continue clasping item, using balanced pressure, causing steady-resistance, with growing pressure."
/home/mdxuser/Genesis/main/data/picked_up_4/upsampled/ASICS_GEL1140V_WhiteBlackSilver_Elastic_medium_upsampled.csv,810,"Gripping mechanism picking up item, using balanced pressure, causing firm-contact, with rising force."
/home/mdxuser/Genesis/main/data/picked_up_4/upsampled/ASICS_GEL1140V_WhiteBlackSilver_Elastic_medium_upsampled.csv,1080,"Fingers turning target object, by an angle of 45.0 degrees, using steady force, causing firm-contact, with steady pressure."
/home/mdxuser/Genesis/main/data/picked_up_4/upsampled/ASICS_GEL1140V_WhiteBlackSilver_Elastic_medium_upsampled.csv,1350,"Gripper pausing motion of item, maintaining a stable hold, using steady force, causing medium-deformation."
/home/mdxuser/Genesis/main/data/picked_up_4/upsampled/ASICS_GEL1140V_WhiteBlackSilver_Elastic_medium_upsampled.csv,1620,"Gripping mechanism continue steadying the object, maintaining a stable hold, using firm contact, causing steady-resistance."
/home/mdxuser/Genesis/main/data/picked_up_4/upsampled/ASICS_GEL1140V_WhiteBlackSilver_Elastic_medium_upsampled.csv,1890,Item has been dropped.
/home/mdxuser/Genesis/main/data/picked_up_4/upsampled/ASICS_GEL1140V_WhiteBlackSilver_Elastic_medium_upsampled.csv,2160,The object has been let go of.
/home/mdxuser/Genesis/main/data/picked_up_4/upsampled/ASICS_GEL1140V_WhiteBlackSilver_Elastic_medium_upsampled.csv,2430,The object has been released.
/home/mdxuser/Genesis/main/data/picked_up_4/upsampled/ASICS_GEL1140V_WhiteBlackSilver_Elastic_medium_upsampled.csv,2700,Item has been dropped.
/home/mdxuser/Genesis/main/data/picked_up_4/upsampled/3D_Dollhouse_Happy_Brother_Elastic_soft_upsampled.csv,0,"Gripping mechanism reaching towards target object, to begin the task."
/home/mdxuser/Genesis/main/data/picked_up_4/upsampled/3D_Dollhouse_Happy_Brother_Elastic_soft_upsampled.csv,270,"Gripper pinching the object, using subtle force, causing minimal-resistance, with growing pressure."
/home/mdxuser/Genesis/main/data/picked_up_4/upsampled/3D_Dollhouse_Happy_Brother_Elastic_soft_upsampled.csv,540,"End-effector continue holding target object, using subtle force, causing cushioned-contact, with increasing force."
/home/mdxuser/Genesis/main/data/picked_up_4/upsampled/3D_Dollhouse_Happy_Brother_Elastic_soft_upsampled.csv,810,"Gripper elevating target object, using slight force, causing cushioned-contact, with growing pressure."
/home/mdxuser/Genesis/main/data/picked_up_4/upsampled/3D_Dollhouse_Happy_Brother_Elastic_soft_upsampled.csv,1080,"Fingers twisting item, by an angle of 30.0 degrees, using minimal force, causing soft-deformation, with constant force."
/home/mdxuser/Genesis/main/data/picked_up_4/upsampled/3D_Dollhouse_Happy_Brother_Elastic_soft_upsampled.csv,1350,"Gripping mechanism continue rotating item, by an angle of 30.0 degrees, using gentle force, causing lightly-yielding, with unchanging force."
/home/mdxuser/Genesis/main/data/picked_up_4/upsampled/3D_Dollhouse_Happy_Brother_Elastic_soft_upsampled.csv,1620,"Gripper pausing motion of the object, maintaining a stable hold, using slight force, causing cushioned-contact."
/home/mdxuser/Genesis/main/data/picked_up_4/upsampled/3D_Dollhouse_Happy_Brother_Elastic_soft_upsampled.csv,1890,"Gripper twisting target object, by an angle of 45.0 degrees, using soft contact, causing lightly-yielding, with steady pressure."
/home/mdxuser/Genesis/main/data/picked_up_4/upsampled/3D_Dollhouse_Happy_Brother_Elastic_soft_upsampled.csv,2160,"Fingers continue rotating the object, by an angle of 45.0 degrees, using cushioned pressure, causing slight-yielding, with unchanging force."
/home/mdxuser/Genesis/main/data/picked_up_4/upsampled/3D_Dollhouse_Happy_Brother_Elastic_soft_upsampled.csv,2430,"Fingers maintaining hold of target object, maintaining a stable hold, using gentle force, causing cushioned-contact."
/home/mdxuser/Genesis/main/data/picked_up_4/upsampled/3D_Dollhouse_Happy_Brother_Elastic_soft_upsampled.csv,2700,"Fingers coming to rest with the object, using zero-force, causing maintaining shape."
/home/mdxuser/Genesis/main/data/picked_up_4/upsampled/Cole_Hardware_Electric_Pot_Assortment_55_Elastic_hard_upsampled.csv,0,"Fingers initiating towards the object, to begin the task."
/home/mdxuser/Genesis/main/data/picked_up_4/upsampled/Cole_Hardware_Electric_Pot_Assortment_55_Elastic_hard_upsampled.csv,270,"Fingers pinching item, using strong force, causing rigid-contact, with rising force."
/home/mdxuser/Genesis/main/data/picked_up_4/upsampled/Cole_Hardware_Electric_Pot_Assortment_55_Elastic_hard_upsampled.csv,540,"Fingers continue clasping target object, using strong contact, causing hard-deformation, with growing pressure."
/home/mdxuser/Genesis/main/data/picked_up_4/upsampled/Cole_Hardware_Electric_Pot_Assortment_55_Elastic_hard_upsampled.csv,810,"End-effector elevating target object, using significant force, causing significant-compression, with rising force."
/home/mdxuser/Genesis/main/data/picked_up_4/upsampled/Cole_Hardware_Electric_Pot_Assortment_55_Elastic_hard_upsampled.csv,1080,"End-effector twisting item, by an angle of 45.0 degrees, using heavy force, causing firm-yielding, with unchanging force."
/home/mdxuser/Genesis/main/data/picked_up_4/upsampled/Cole_Hardware_Electric_Pot_Assortment_55_Elastic_hard_upsampled.csv,1350,"Fingers maintaining hold of item, maintaining a stable hold, using intense pressure, causing substantial-yielding."
/home/mdxuser/Genesis/main/data/picked_up_4/upsampled/Cole_Hardware_Electric_Pot_Assortment_55_Elastic_hard_upsampled.csv,1620,"Gripping mechanism continue maintaining hold of the object, maintaining a stable hold, using firm pressure, causing rigid-contact."
/home/mdxuser/Genesis/main/data/picked_up_4/upsampled/Cole_Hardware_Electric_Pot_Assortment_55_Elastic_hard_upsampled.csv,1890,"Gripper rotating target object, by an angle of 30.0 degrees, using significant force, causing substantial-yielding, with steady pressure."
/home/mdxuser/Genesis/main/data/picked_up_4/upsampled/Cole_Hardware_Electric_Pot_Assortment_55_Elastic_hard_upsampled.csv,2160,"Gripper continue turning target object, by an angle of 30.0 degrees, using significant force, causing substantial-yielding, with unchanging force."
/home/mdxuser/Genesis/main/data/picked_up_4/upsampled/Cole_Hardware_Electric_Pot_Assortment_55_Elastic_hard_upsampled.csv,2430,"Gripper steadying target object, maintaining a stable hold, using intense pressure, causing firm-yielding."
/home/mdxuser/Genesis/main/data/picked_up_4/upsampled/Cole_Hardware_Electric_Pot_Assortment_55_Elastic_hard_upsampled.csv,2700,"Fingers slowing down motion of the object, using contactless method, causing undeformed shape."
/home/mdxuser/Genesis/main/data/picked_up_4/upsampled/Cole_Hardware_Butter_Dish_Square_Red_Elastic_hard_upsampled.csv,0,"Fingers starting movement towards the object, to begin the task."
/home/mdxuser/Genesis/main/data/picked_up_4/upsampled/Cole_Hardware_Butter_Dish_Square_Red_Elastic_hard_upsampled.csv,270,"Gripper capturing item, using strong contact, causing substantial-yielding, with growing pressure."
/home/mdxuser/Genesis/main/data/picked_up_4/upsampled/Cole_Hardware_Butter_Dish_Square_Red_Elastic_hard_upsampled.csv,540,"End-effector continue pinching the object, using strong force, causing rigid-contact, with increasing force."
/home/mdxuser/Genesis/main/data/picked_up_4/upsampled/Cole_Hardware_Butter_Dish_Square_Red_Elastic_hard_upsampled.csv,810,"Fingers picking up target object, using strong force, causing hard-deformation, with growing pressure."
/home/mdxuser/Genesis/main/data/picked_up_4/upsampled/Cole_Hardware_Butter_Dish_Square_Red_Elastic_hard_upsampled.csv,1080,"Fingers twisting the object, by an angle of 45.0 degrees, using strong force, causing rigid-contact, with constant force."
/home/mdxuser/Genesis/main/data/picked_up_4/upsampled/Cole_Hardware_Butter_Dish_Square_Red_Elastic_hard_upsampled.csv,1350,"Fingers steadying item, maintaining a stable hold, using significant force, causing significant-compression."
/home/mdxuser/Genesis/main/data/picked_up_4/upsampled/Cole_Hardware_Butter_Dish_Square_Red_Elastic_hard_upsampled.csv,1620,"Gripping mechanism continue steadying target object, maintaining a stable hold, using heavy force, causing rigid-contact."
/home/mdxuser/Genesis/main/data/picked_up_4/upsampled/Cole_Hardware_Butter_Dish_Square_Red_Elastic_hard_upsampled.csv,1890,"Fingers turning item, by an angle of 45.0 degrees, using heavy force, causing strong-resistance, with constant force."
/home/mdxuser/Genesis/main/data/picked_up_4/upsampled/Cole_Hardware_Butter_Dish_Square_Red_Elastic_hard_upsampled.csv,2160,"End-effector pausing motion of the object, maintaining a stable hold, using strong contact, causing hard-deformation."
/home/mdxuser/Genesis/main/data/picked_up_4/upsampled/Cole_Hardware_Butter_Dish_Square_Red_Elastic_hard_upsampled.csv,2430,"Gripping mechanism continue maintaining hold of target object, maintaining a stable hold, using firm pressure, causing firm-yielding."
/home/mdxuser/Genesis/main/data/picked_up_4/upsampled/Cole_Hardware_Butter_Dish_Square_Red_Elastic_hard_upsampled.csv,2700,"End-effector coming to rest with the object, using zero-force, causing unyielding."
/home/mdxuser/Genesis/main/data/picked_up_4/upsampled/ASICS_GELAce_Pro_Pearl_WhitePink_Elastic_medium_upsampled.csv,0,"Fingers advancing towards the object, to begin the task."
/home/mdxuser/Genesis/main/data/picked_up_4/upsampled/ASICS_GELAce_Pro_Pearl_WhitePink_Elastic_medium_upsampled.csv,270,"Gripper securing the object, using controlled pressure, causing steady-resistance, with growing pressure."
/home/mdxuser/Genesis/main/data/picked_up_4/upsampled/ASICS_GELAce_Pro_Pearl_WhitePink_Elastic_medium_upsampled.csv,540,"Fingers continue clasping item, using steady force, causing firm-contact, with rising force."
/home/mdxuser/Genesis/main/data/picked_up_4/upsampled/ASICS_GELAce_Pro_Pearl_WhitePink_Elastic_medium_upsampled.csv,810,"Gripper elevating the object, using firm contact, causing medium-deformation, with increasing force."
/home/mdxuser/Genesis/main/data/picked_up_4/upsampled/ASICS_GELAce_Pro_Pearl_WhitePink_Elastic_medium_upsampled.csv,1080,"Gripping mechanism twisting the object, by an angle of 30.0 degrees, using moderate force, causing steady-resistance, with constant force."
/home/mdxuser/Genesis/main/data/picked_up_4/upsampled/ASICS_GELAce_Pro_Pearl_WhitePink_Elastic_medium_upsampled.csv,1350,"Gripper continue turning item, by an angle of 30.0 degrees, using firm contact, causing medium-deformation, with steady pressure."
/home/mdxuser/Genesis/main/data/picked_up_4/upsampled/ASICS_GELAce_Pro_Pearl_WhitePink_Elastic_medium_upsampled.csv,1620,"Gripper holding position of the object, maintaining a stable hold, using controlled pressure, causing medium-deformation."
/home/mdxuser/Genesis/main/data/picked_up_4/upsampled/ASICS_GELAce_Pro_Pearl_WhitePink_Elastic_medium_upsampled.csv,1890,"End-effector twisting the object, by an angle of 45.0 degrees, using moderate force, causing moderate-compression, with constant force."
/home/mdxuser/Genesis/main/data/picked_up_4/upsampled/ASICS_GELAce_Pro_Pearl_WhitePink_Elastic_medium_upsampled.csv,2160,"Fingers continue twisting item, by an angle of 45.0 degrees, using controlled pressure, causing controlled-yielding, with constant force."
/home/mdxuser/Genesis/main/data/picked_up_4/upsampled/ASICS_GELAce_Pro_Pearl_WhitePink_Elastic_medium_upsampled.csv,2430,Item has been dropped.
/home/mdxuser/Genesis/main/data/picked_up_4/upsampled/ASICS_GELAce_Pro_Pearl_WhitePink_Elastic_medium_upsampled.csv,2700,Item has been let go of.
/home/mdxuser/Genesis/main/data/picked_up_4/upsampled/Cole_Hardware_Butter_Dish_Square_Red_Elastic_soft_upsampled.csv,0,"Fingers positioning towards item, to begin the task."
/home/mdxuser/Genesis/main/data/picked_up_4/upsampled/Cole_Hardware_Butter_Dish_Square_Red_Elastic_soft_upsampled.csv,270,"End-effector gripping target object, using soft contact, causing cushioned-contact, with increasing force."
/home/mdxuser/Genesis/main/data/picked_up_4/upsampled/Cole_Hardware_Butter_Dish_Square_Red_Elastic_soft_upsampled.csv,540,"Gripping mechanism continue grasping target object, using gentle force, causing gentle-compression, with rising force."
/home/mdxuser/Genesis/main/data/picked_up_4/upsampled/Cole_Hardware_Butter_Dish_Square_Red_Elastic_soft_upsampled.csv,810,"Fingers raising the object, using cushioned pressure, causing lightly-yielding, with growing pressure."
/home/mdxuser/Genesis/main/data/picked_up_4/upsampled/Cole_Hardware_Butter_Dish_Square_Red_Elastic_soft_upsampled.csv,1080,"Fingers rotating the object, by an angle of 45.0 degrees, using slight force, causing soft-deformation, with unchanging force."
/home/mdxuser/Genesis/main/data/picked_up_4/upsampled/Cole_Hardware_Butter_Dish_Square_Red_Elastic_soft_upsampled.csv,1350,"Fingers maintaining hold of item, maintaining a stable hold, using gentle force, causing gentle-compression."
/home/mdxuser/Genesis/main/data/picked_up_4/upsampled/Cole_Hardware_Butter_Dish_Square_Red_Elastic_soft_upsampled.csv,1620,"Gripping mechanism continue pausing motion of item, maintaining a stable hold, using cushioned pressure, causing minimal-resistance."
/home/mdxuser/Genesis/main/data/picked_up_4/upsampled/Cole_Hardware_Butter_Dish_Square_Red_Elastic_soft_upsampled.csv,1890,"Gripper rotating target object, by an angle of 45.0 degrees, using cushioned pressure, causing soft-deformation, with constant force."
/home/mdxuser/Genesis/main/data/picked_up_4/upsampled/Cole_Hardware_Butter_Dish_Square_Red_Elastic_soft_upsampled.csv,2160,Target object has been dropped.
/home/mdxuser/Genesis/main/data/picked_up_4/upsampled/Cole_Hardware_Butter_Dish_Square_Red_Elastic_soft_upsampled.csv,2430,The object has been dropped.
/home/mdxuser/Genesis/main/data/picked_up_4/upsampled/Cole_Hardware_Butter_Dish_Square_Red_Elastic_soft_upsampled.csv,2700,Item has been dropped.
/home/mdxuser/Genesis/main/data/picked_up_4/upsampled/ASICS_GELTour_Lyte_WhiteOrchidSilver_Elastic_hard_upsampled.csv,0,"Gripper aligning towards item, to begin the task."
/home/mdxuser/Genesis/main/data/picked_up_4/upsampled/ASICS_GELTour_Lyte_WhiteOrchidSilver_Elastic_hard_upsampled.csv,270,"Gripping mechanism holding the object, using strong contact, causing rigid-contact, with rising force."
/home/mdxuser/Genesis/main/data/picked_up_4/upsampled/ASICS_GELTour_Lyte_WhiteOrchidSilver_Elastic_hard_upsampled.csv,540,"Gripping mechanism continue pinching target object, using strong force, causing rigid-contact, with increasing force."
/home/mdxuser/Genesis/main/data/picked_up_4/upsampled/ASICS_GELTour_Lyte_WhiteOrchidSilver_Elastic_hard_upsampled.csv,810,"Gripping mechanism raising the object, using firm pressure, causing firm-yielding, with growing pressure."
/home/mdxuser/Genesis/main/data/picked_up_4/upsampled/ASICS_GELTour_Lyte_WhiteOrchidSilver_Elastic_hard_upsampled.csv,1080,"Gripper twisting target object, by an angle of 45.0 degrees, using heavy force, causing hard-deformation, with steady pressure."
/home/mdxuser/Genesis/main/data/picked_up_4/upsampled/ASICS_GELTour_Lyte_WhiteOrchidSilver_Elastic_hard_upsampled.csv,1350,"Fingers pausing motion of the object, maintaining a stable hold, using strong force, causing hard-deformation."
/home/mdxuser/Genesis/main/data/picked_up_4/upsampled/ASICS_GELTour_Lyte_WhiteOrchidSilver_Elastic_hard_upsampled.csv,1620,"Gripping mechanism continue maintaining hold of target object, maintaining a stable hold, using strong contact, causing significant-compression."
/home/mdxuser/Genesis/main/data/picked_up_4/upsampled/ASICS_GELTour_Lyte_WhiteOrchidSilver_Elastic_hard_upsampled.csv,1890,Target object has been let go of.
/home/mdxuser/Genesis/main/data/picked_up_4/upsampled/ASICS_GELTour_Lyte_WhiteOrchidSilver_Elastic_hard_upsampled.csv,2160,Item has been released.
/home/mdxuser/Genesis/main/data/picked_up_4/upsampled/ASICS_GELTour_Lyte_WhiteOrchidSilver_Elastic_hard_upsampled.csv,2430,The object has been let go of.
/home/mdxuser/Genesis/main/data/picked_up_4/upsampled/ASICS_GELTour_Lyte_WhiteOrchidSilver_Elastic_hard_upsampled.csv,2700,Item has been released.
/home/mdxuser/Genesis/main/data/picked_up_4/upsampled/Perricone_MD_Hypoallergenic_Gentle_Cleanser_Elastic_soft_upsampled.csv,0,"Fingers approaching towards the object, to begin the task."
/home/mdxuser/Genesis/main/data/picked_up_4/upsampled/Perricone_MD_Hypoallergenic_Gentle_Cleanser_Elastic_soft_upsampled.csv,270,"Gripper gripping item, using slight force, causing slight-yielding, with growing pressure."
/home/mdxuser/Genesis/main/data/picked_up_4/upsampled/Perricone_MD_Hypoallergenic_Gentle_Cleanser_Elastic_soft_upsampled.csv,540,"Gripper continue pinching the object, using subtle force, causing soft-deformation, with growing pressure."
/home/mdxuser/Genesis/main/data/picked_up_4/upsampled/Perricone_MD_Hypoallergenic_Gentle_Cleanser_Elastic_soft_upsampled.csv,810,"Fingers picking up target object, using slight force, causing minimal-resistance, with growing pressure."
/home/mdxuser/Genesis/main/data/picked_up_4/upsampled/Perricone_MD_Hypoallergenic_Gentle_Cleanser_Elastic_soft_upsampled.csv,1080,"Gripping mechanism twisting target object, by an angle of 45.0 degrees, using light pressure, causing lightly-yielding, with unchanging force."
/home/mdxuser/Genesis/main/data/picked_up_4/upsampled/Perricone_MD_Hypoallergenic_Gentle_Cleanser_Elastic_soft_upsampled.csv,1350,"Gripper continue rotating target object, by an angle of 45.0 degrees, using gentle force, causing lightly-yielding, with steady pressure."
/home/mdxuser/Genesis/main/data/picked_up_4/upsampled/Perricone_MD_Hypoallergenic_Gentle_Cleanser_Elastic_soft_upsampled.csv,1620,Target object has been dropped.
/home/mdxuser/Genesis/main/data/picked_up_4/upsampled/Perricone_MD_Hypoallergenic_Gentle_Cleanser_Elastic_soft_upsampled.csv,1890,The object has been released.
/home/mdxuser/Genesis/main/data/picked_up_4/upsampled/Perricone_MD_Hypoallergenic_Gentle_Cleanser_Elastic_soft_upsampled.csv,2160,Item has been dropped.
/home/mdxuser/Genesis/main/data/picked_up_4/upsampled/Perricone_MD_Hypoallergenic_Gentle_Cleanser_Elastic_soft_upsampled.csv,2430,The object has been dropped.
/home/mdxuser/Genesis/main/data/picked_up_4/upsampled/Perricone_MD_Hypoallergenic_Gentle_Cleanser_Elastic_soft_upsampled.csv,2700,Target object has been dropped.
/home/mdxuser/Genesis/main/data/picked_up_4/upsampled/Black_Forest_Fruit_Snacks_28_Pack_Grape_Elastic_hard_upsampled.csv,0,"Gripping mechanism approaching towards target object, to begin the task."
/home/mdxuser/Genesis/main/data/picked_up_4/upsampled/Black_Forest_Fruit_Snacks_28_Pack_Grape_Elastic_hard_upsampled.csv,270,"Fingers clamping the object, using strong force, causing substantial-yielding, with rising force."
/home/mdxuser/Genesis/main/data/picked_up_4/upsampled/Black_Forest_Fruit_Snacks_28_Pack_Grape_Elastic_hard_upsampled.csv,540,"Gripping mechanism continue capturing item, using strong contact, causing strong-resistance, with increasing force."
/home/mdxuser/Genesis/main/data/picked_up_4/upsampled/Black_Forest_Fruit_Snacks_28_Pack_Grape_Elastic_hard_upsampled.csv,810,"Gripping mechanism raising the object, using intense pressure, causing substantial-yielding, with growing pressure."
/home/mdxuser/Genesis/main/data/picked_up_4/upsampled/Black_Forest_Fruit_Snacks_28_Pack_Grape_Elastic_hard_upsampled.csv,1080,"End-effector rotating the object, by an angle of 30.0 degrees, using strong force, causing significant-compression, with steady pressure."
/home/mdxuser/Genesis/main/data/picked_up_4/upsampled/Black_Forest_Fruit_Snacks_28_Pack_Grape_Elastic_hard_upsampled.csv,1350,"End-effector continue turning item, by an angle of 30.0 degrees, using significant force, causing firm-yielding, with unchanging force."
/home/mdxuser/Genesis/main/data/picked_up_4/upsampled/Black_Forest_Fruit_Snacks_28_Pack_Grape_Elastic_hard_upsampled.csv,1620,"Fingers pausing motion of item, maintaining a stable hold, using strong contact, causing hard-deformation."
/home/mdxuser/Genesis/main/data/picked_up_4/upsampled/Black_Forest_Fruit_Snacks_28_Pack_Grape_Elastic_hard_upsampled.csv,1890,"Gripper turning target object, by an angle of 45.0 degrees, using intense pressure, causing firm-yielding, with steady pressure."
/home/mdxuser/Genesis/main/data/picked_up_4/upsampled/Black_Forest_Fruit_Snacks_28_Pack_Grape_Elastic_hard_upsampled.csv,2160,"Gripping mechanism continue turning target object, by an angle of 45.0 degrees, using firm pressure, causing significant-compression, with unchanging force."
/home/mdxuser/Genesis/main/data/picked_up_4/upsampled/Black_Forest_Fruit_Snacks_28_Pack_Grape_Elastic_hard_upsampled.csv,2430,The object has been released.
/home/mdxuser/Genesis/main/data/picked_up_4/upsampled/Black_Forest_Fruit_Snacks_28_Pack_Grape_Elastic_hard_upsampled.csv,2700,Item has been dropped.
/home/mdxuser/Genesis/main/data/picked_up_4/upsampled/Nickelodeon_Teenage_Mutant_Ninja_Turtles_Raphael_Elastic_medium_upsampled.csv,0,"End-effector advancing towards target object, to begin the task."
/home/mdxuser/Genesis/main/data/picked_up_4/upsampled/Nickelodeon_Teenage_Mutant_Ninja_Turtles_Raphael_Elastic_medium_upsampled.csv,270,"End-effector pinching the object, using firm contact, causing steady-resistance, with rising force."
/home/mdxuser/Genesis/main/data/picked_up_4/upsampled/Nickelodeon_Teenage_Mutant_Ninja_Turtles_Raphael_Elastic_medium_upsampled.csv,540,"Fingers continue clasping item, using moderate force, causing firm-contact, with growing pressure."
/home/mdxuser/Genesis/main/data/picked_up_4/upsampled/Nickelodeon_Teenage_Mutant_Ninja_Turtles_Raphael_Elastic_medium_upsampled.csv,810,"Gripper elevating item, using steady force, causing moderate-compression, with growing pressure."
/home/mdxuser/Genesis/main/data/picked_up_4/upsampled/Nickelodeon_Teenage_Mutant_Ninja_Turtles_Raphael_Elastic_medium_upsampled.csv,1080,"Gripping mechanism rotating target object, by an angle of 45.0 degrees, using moderate force, causing moderate-compression, with constant force."
/home/mdxuser/Genesis/main/data/picked_up_4/upsampled/Nickelodeon_Teenage_Mutant_Ninja_Turtles_Raphael_Elastic_medium_upsampled.csv,1350,"Fingers continue twisting item, by an angle of 45.0 degrees, using controlled pressure, causing medium-deformation, with unchanging force."
/home/mdxuser/Genesis/main/data/picked_up_4/upsampled/Nickelodeon_Teenage_Mutant_Ninja_Turtles_Raphael_Elastic_medium_upsampled.csv,1620,Target object has been dropped.
/home/mdxuser/Genesis/main/data/picked_up_4/upsampled/Nickelodeon_Teenage_Mutant_Ninja_Turtles_Raphael_Elastic_medium_upsampled.csv,1890,Target object has been let go of.
/home/mdxuser/Genesis/main/data/picked_up_4/upsampled/Nickelodeon_Teenage_Mutant_Ninja_Turtles_Raphael_Elastic_medium_upsampled.csv,2160,Item has been let go of.
/home/mdxuser/Genesis/main/data/picked_up_4/upsampled/Nickelodeon_Teenage_Mutant_Ninja_Turtles_Raphael_Elastic_medium_upsampled.csv,2430,The object has been let go of.
/home/mdxuser/Genesis/main/data/picked_up_4/upsampled/Nickelodeon_Teenage_Mutant_Ninja_Turtles_Raphael_Elastic_medium_upsampled.csv,2700,Target object has been dropped.
/home/mdxuser/Genesis/main/data/picked_up_4/upsampled/Olive_Kids_Trains_Planes_Trucks_Bogo_Backpack_Elastic_soft_upsampled.csv,0,"End-effector advancing towards target object, to begin the task."
/home/mdxuser/Genesis/main/data/picked_up_4/upsampled/Olive_Kids_Trains_Planes_Trucks_Bogo_Backpack_Elastic_soft_upsampled.csv,270,"Gripping mechanism clamping the object, using gentle force, causing slight-yielding, with increasing force."
/home/mdxuser/Genesis/main/data/picked_up_4/upsampled/Olive_Kids_Trains_Planes_Trucks_Bogo_Backpack_Elastic_soft_upsampled.csv,540,"End-effector continue gripping item, using gentle force, causing cushioned-contact, with increasing force."
/home/mdxuser/Genesis/main/data/picked_up_4/upsampled/Olive_Kids_Trains_Planes_Trucks_Bogo_Backpack_Elastic_soft_upsampled.csv,810,"Gripping mechanism picking up item, using soft contact, causing gentle-compression, with rising force."
/home/mdxuser/Genesis/main/data/picked_up_4/upsampled/Olive_Kids_Trains_Planes_Trucks_Bogo_Backpack_Elastic_soft_upsampled.csv,1080,"Fingers twisting item, by an angle of 30.0 degrees, using minimal force, causing gentle-compression, with constant force."
/home/mdxuser/Genesis/main/data/picked_up_4/upsampled/Olive_Kids_Trains_Planes_Trucks_Bogo_Backpack_Elastic_soft_upsampled.csv,1350,"Gripping mechanism continue twisting item, by an angle of 30.0 degrees, using soft contact, causing cushioned-contact, with steady pressure."
/home/mdxuser/Genesis/main/data/picked_up_4/upsampled/Olive_Kids_Trains_Planes_Trucks_Bogo_Backpack_Elastic_soft_upsampled.csv,1620,"Fingers steadying item, maintaining a stable hold, using gentle force, causing lightly-yielding."
/home/mdxuser/Genesis/main/data/picked_up_4/upsampled/Olive_Kids_Trains_Planes_Trucks_Bogo_Backpack_Elastic_soft_upsampled.csv,1890,The object has been dropped.
/home/mdxuser/Genesis/main/data/picked_up_4/upsampled/Olive_Kids_Trains_Planes_Trucks_Bogo_Backpack_Elastic_soft_upsampled.csv,2160,Target object has been released.
/home/mdxuser/Genesis/main/data/picked_up_4/upsampled/Olive_Kids_Trains_Planes_Trucks_Bogo_Backpack_Elastic_soft_upsampled.csv,2430,Target object has been released.
/home/mdxuser/Genesis/main/data/picked_up_4/upsampled/Olive_Kids_Trains_Planes_Trucks_Bogo_Backpack_Elastic_soft_upsampled.csv,2700,Target object has been released.
/home/mdxuser/Genesis/main/data/picked_up_4/upsampled/Adrenaline_GTS_13_Color_WhtObsdianBlckOlmpcSlvr_Size_70_Elastic_medium_upsampled.csv,0,"End-effector initiating towards the object, to begin the task."
/home/mdxuser/Genesis/main/data/picked_up_4/upsampled/Adrenaline_GTS_13_Color_WhtObsdianBlckOlmpcSlvr_Size_70_Elastic_medium_upsampled.csv,270,"Gripping mechanism squeezing item, using balanced pressure, causing balanced-yielding, with rising force."
/home/mdxuser/Genesis/main/data/picked_up_4/upsampled/Adrenaline_GTS_13_Color_WhtObsdianBlckOlmpcSlvr_Size_70_Elastic_medium_upsampled.csv,540,"Gripping mechanism continue pinching the object, using moderate force, causing balanced-yielding, with rising force."
/home/mdxuser/Genesis/main/data/picked_up_4/upsampled/Adrenaline_GTS_13_Color_WhtObsdianBlckOlmpcSlvr_Size_70_Elastic_medium_upsampled.csv,810,"End-effector elevating target object, using controlled pressure, causing moderate-compression, with rising force."
/home/mdxuser/Genesis/main/data/picked_up_4/upsampled/Adrenaline_GTS_13_Color_WhtObsdianBlckOlmpcSlvr_Size_70_Elastic_medium_upsampled.csv,1080,"Gripping mechanism twisting the object, by an angle of 30.0 degrees, using moderate force, causing firm-contact, with steady pressure."
/home/mdxuser/Genesis/main/data/picked_up_4/upsampled/Adrenaline_GTS_13_Color_WhtObsdianBlckOlmpcSlvr_Size_70_Elastic_medium_upsampled.csv,1350,"End-effector continue twisting item, by an angle of 30.0 degrees, using controlled pressure, causing medium-deformation, with steady pressure."
/home/mdxuser/Genesis/main/data/picked_up_4/upsampled/Adrenaline_GTS_13_Color_WhtObsdianBlckOlmpcSlvr_Size_70_Elastic_medium_upsampled.csv,1620,Target object has been let go of.
/home/mdxuser/Genesis/main/data/picked_up_4/upsampled/Adrenaline_GTS_13_Color_WhtObsdianBlckOlmpcSlvr_Size_70_Elastic_medium_upsampled.csv,1890,The object has been let go of.
/home/mdxuser/Genesis/main/data/picked_up_4/upsampled/Adrenaline_GTS_13_Color_WhtObsdianBlckOlmpcSlvr_Size_70_Elastic_medium_upsampled.csv,2160,Target object has been released.
/home/mdxuser/Genesis/main/data/picked_up_4/upsampled/Adrenaline_GTS_13_Color_WhtObsdianBlckOlmpcSlvr_Size_70_Elastic_medium_upsampled.csv,2430,Target object has been let go of.
/home/mdxuser/Genesis/main/data/picked_up_4/upsampled/Adrenaline_GTS_13_Color_WhtObsdianBlckOlmpcSlvr_Size_70_Elastic_medium_upsampled.csv,2700,Target object has been let go of.
/home/mdxuser/Genesis/main/data/picked_up_4/upsampled/Android_Figure_Orange_Elastic_medium_upsampled.csv,0,"End-effector approaching towards target object, to begin the task."
/home/mdxuser/Genesis/main/data/picked_up_4/upsampled/Android_Figure_Orange_Elastic_medium_upsampled.csv,270,"Fingers clamping item, using steady force, causing steady-resistance, with increasing force."
/home/mdxuser/Genesis/main/data/picked_up_4/upsampled/Android_Figure_Orange_Elastic_medium_upsampled.csv,540,"Fingers continue clamping the object, using firm contact, causing balanced-yielding, with growing pressure."
/home/mdxuser/Genesis/main/data/picked_up_4/upsampled/Android_Figure_Orange_Elastic_medium_upsampled.csv,810,"End-effector picking up item, using steady force, causing steady-resistance, with increasing force."
/home/mdxuser/Genesis/main/data/picked_up_4/upsampled/Android_Figure_Orange_Elastic_medium_upsampled.csv,1080,"Gripping mechanism twisting the object, by an angle of 45.0 degrees, using controlled pressure, causing steady-resistance, with steady pressure."
/home/mdxuser/Genesis/main/data/picked_up_4/upsampled/Android_Figure_Orange_Elastic_medium_upsampled.csv,1350,"Gripper maintaining hold of target object, maintaining a stable hold, using steady force, causing firm-contact."
/home/mdxuser/Genesis/main/data/picked_up_4/upsampled/Android_Figure_Orange_Elastic_medium_upsampled.csv,1620,"Fingers continue holding position of item, maintaining a stable hold, using steady force, causing steady-resistance."
/home/mdxuser/Genesis/main/data/picked_up_4/upsampled/Android_Figure_Orange_Elastic_medium_upsampled.csv,1890,"Gripping mechanism turning the object, by an angle of 45.0 degrees, using steady force, causing balanced-yielding, with steady pressure."
/home/mdxuser/Genesis/main/data/picked_up_4/upsampled/Android_Figure_Orange_Elastic_medium_upsampled.csv,2160,"Gripper holding position of target object, maintaining a stable hold, using moderate force, causing medium-deformation."
/home/mdxuser/Genesis/main/data/picked_up_4/upsampled/Android_Figure_Orange_Elastic_medium_upsampled.csv,2430,"Gripper continue steadying the object, maintaining a stable hold, using firm contact, causing medium-deformation."
/home/mdxuser/Genesis/main/data/picked_up_4/upsampled/Android_Figure_Orange_Elastic_medium_upsampled.csv,2700,"Fingers decelerating motion of item, using forceless methods, causing form-conservation."
/home/mdxuser/Genesis/main/data/picked_up_4/upsampled/Office_Depot_Canon_CLI_8Y_Ink_Cartridge_Yellow_0623B002_Elastic_medium_upsampled.csv,0,"Fingers approaching towards item, to begin the task."
/home/mdxuser/Genesis/main/data/picked_up_4/upsampled/Office_Depot_Canon_CLI_8Y_Ink_Cartridge_Yellow_0623B002_Elastic_medium_upsampled.csv,270,"End-effector pinching target object, using moderate force, causing firm-contact, with growing pressure."
/home/mdxuser/Genesis/main/data/picked_up_4/upsampled/Office_Depot_Canon_CLI_8Y_Ink_Cartridge_Yellow_0623B002_Elastic_medium_upsampled.csv,540,"End-effector continue squeezing target object, using controlled pressure, causing balanced-yielding, with growing pressure."
/home/mdxuser/Genesis/main/data/picked_up_4/upsampled/Office_Depot_Canon_CLI_8Y_Ink_Cartridge_Yellow_0623B002_Elastic_medium_upsampled.csv,810,"Gripper elevating the object, using moderate force, causing balanced-yielding, with rising force."
/home/mdxuser/Genesis/main/data/picked_up_4/upsampled/Office_Depot_Canon_CLI_8Y_Ink_Cartridge_Yellow_0623B002_Elastic_medium_upsampled.csv,1080,"Fingers twisting target object, by an angle of 45.0 degrees, using firm contact, causing steady-resistance, with unchanging force."
/home/mdxuser/Genesis/main/data/picked_up_4/upsampled/Office_Depot_Canon_CLI_8Y_Ink_Cartridge_Yellow_0623B002_Elastic_medium_upsampled.csv,1350,"Fingers continue rotating the object, by an angle of 45.0 degrees, using balanced pressure, causing controlled-yielding, with steady pressure."
/home/mdxuser/Genesis/main/data/picked_up_4/upsampled/Office_Depot_Canon_CLI_8Y_Ink_Cartridge_Yellow_0623B002_Elastic_medium_upsampled.csv,1620,Item has been released.
/home/mdxuser/Genesis/main/data/picked_up_4/upsampled/Office_Depot_Canon_CLI_8Y_Ink_Cartridge_Yellow_0623B002_Elastic_medium_upsampled.csv,1890,The object has been let go of.
/home/mdxuser/Genesis/main/data/picked_up_4/upsampled/Office_Depot_Canon_CLI_8Y_Ink_Cartridge_Yellow_0623B002_Elastic_medium_upsampled.csv,2160,Item has been released.
/home/mdxuser/Genesis/main/data/picked_up_4/upsampled/Office_Depot_Canon_CLI_8Y_Ink_Cartridge_Yellow_0623B002_Elastic_medium_upsampled.csv,2430,Item has been dropped.
/home/mdxuser/Genesis/main/data/picked_up_4/upsampled/Office_Depot_Canon_CLI_8Y_Ink_Cartridge_Yellow_0623B002_Elastic_medium_upsampled.csv,2700,Item has been let go of.
/home/mdxuser/Genesis/main/data/picked_up_4/upsampled/Cole_Hardware_Mug_Classic_Blue_Elastic_medium_upsampled.csv,0,"Gripping mechanism reaching towards the object, to begin the task."
/home/mdxuser/Genesis/main/data/picked_up_4/upsampled/Cole_Hardware_Mug_Classic_Blue_Elastic_medium_upsampled.csv,270,"Gripping mechanism capturing the object, using balanced pressure, causing steady-resistance, with growing pressure."
/home/mdxuser/Genesis/main/data/picked_up_4/upsampled/Cole_Hardware_Mug_Classic_Blue_Elastic_medium_upsampled.csv,540,"Gripping mechanism continue pinching item, using steady force, causing controlled-yielding, with rising force."
/home/mdxuser/Genesis/main/data/picked_up_4/upsampled/Cole_Hardware_Mug_Classic_Blue_Elastic_medium_upsampled.csv,810,"Gripping mechanism lifting the object, using steady force, causing moderate-compression, with increasing force."
/home/mdxuser/Genesis/main/data/picked_up_4/upsampled/Cole_Hardware_Mug_Classic_Blue_Elastic_medium_upsampled.csv,1080,"Fingers turning target object, by an angle of 45.0 degrees, using moderate force, causing balanced-yielding, with constant force."
/home/mdxuser/Genesis/main/data/picked_up_4/upsampled/Cole_Hardware_Mug_Classic_Blue_Elastic_medium_upsampled.csv,1350,"End-effector continue twisting the object, by an angle of 45.0 degrees, using balanced pressure, causing controlled-yielding, with steady pressure."
/home/mdxuser/Genesis/main/data/picked_up_4/upsampled/Cole_Hardware_Mug_Classic_Blue_Elastic_medium_upsampled.csv,1620,"Gripper pausing motion of the object, maintaining a stable hold, using firm contact, causing balanced-yielding."
/home/mdxuser/Genesis/main/data/picked_up_4/upsampled/Cole_Hardware_Mug_Classic_Blue_Elastic_medium_upsampled.csv,1890,"Gripper turning the object, by an angle of 30.0 degrees, using balanced pressure, causing balanced-yielding, with constant force."
/home/mdxuser/Genesis/main/data/picked_up_4/upsampled/Cole_Hardware_Mug_Classic_Blue_Elastic_medium_upsampled.csv,2160,"Gripper continue rotating target object, by an angle of 30.0 degrees, using moderate force, causing moderate-compression, with unchanging force."
/home/mdxuser/Genesis/main/data/picked_up_4/upsampled/Cole_Hardware_Mug_Classic_Blue_Elastic_medium_upsampled.csv,2430,"End-effector steadying the object, maintaining a stable hold, using steady force, causing balanced-yielding."
/home/mdxuser/Genesis/main/data/picked_up_4/upsampled/Cole_Hardware_Mug_Classic_Blue_Elastic_medium_upsampled.csv,2700,"Fingers slowing down motion of the object, using zero-pressure, causing undeformed shape."
/home/mdxuser/Genesis/main/data/picked_up_4/upsampled/CAR_CARRIER_TRAIN_Elastic_medium_upsampled.csv,0,"Gripping mechanism approaching towards target object, to begin the task."
/home/mdxuser/Genesis/main/data/picked_up_4/upsampled/CAR_CARRIER_TRAIN_Elastic_medium_upsampled.csv,270,"Fingers gripping item, using moderate force, causing balanced-yielding, with growing pressure."
/home/mdxuser/Genesis/main/data/picked_up_4/upsampled/CAR_CARRIER_TRAIN_Elastic_medium_upsampled.csv,540,"Gripping mechanism continue clamping item, using controlled pressure, causing controlled-yielding, with growing pressure."
/home/mdxuser/Genesis/main/data/picked_up_4/upsampled/CAR_CARRIER_TRAIN_Elastic_medium_upsampled.csv,810,"Fingers lifting item, using balanced pressure, causing moderate-compression, with rising force."
/home/mdxuser/Genesis/main/data/picked_up_4/upsampled/CAR_CARRIER_TRAIN_Elastic_medium_upsampled.csv,1080,"Gripper turning item, by an angle of 45.0 degrees, using controlled pressure, causing steady-resistance, with constant force."
/home/mdxuser/Genesis/main/data/picked_up_4/upsampled/CAR_CARRIER_TRAIN_Elastic_medium_upsampled.csv,1350,"Fingers continue rotating the object, by an angle of 45.0 degrees, using firm contact, causing steady-resistance, with constant force."
/home/mdxuser/Genesis/main/data/picked_up_4/upsampled/CAR_CARRIER_TRAIN_Elastic_medium_upsampled.csv,1620,Item has been dropped.
/home/mdxuser/Genesis/main/data/picked_up_4/upsampled/CAR_CARRIER_TRAIN_Elastic_medium_upsampled.csv,1890,Target object has been dropped.
/home/mdxuser/Genesis/main/data/picked_up_4/upsampled/CAR_CARRIER_TRAIN_Elastic_medium_upsampled.csv,2160,Target object has been dropped.
/home/mdxuser/Genesis/main/data/picked_up_4/upsampled/CAR_CARRIER_TRAIN_Elastic_medium_upsampled.csv,2430,Target object has been let go of.
/home/mdxuser/Genesis/main/data/picked_up_4/upsampled/CAR_CARRIER_TRAIN_Elastic_medium_upsampled.csv,2700,Target object has been dropped.
/home/mdxuser/Genesis/main/data/picked_up_4/upsampled/BIRD_RATTLE_Elastic_medium_upsampled.csv,0,"Fingers positioning towards target object, to begin the task."
/home/mdxuser/Genesis/main/data/picked_up_4/upsampled/BIRD_RATTLE_Elastic_medium_upsampled.csv,270,"Gripping mechanism clasping target object, using balanced pressure, causing moderate-compression, with increasing force."
/home/mdxuser/Genesis/main/data/picked_up_4/upsampled/BIRD_RATTLE_Elastic_medium_upsampled.csv,540,"Gripper continue capturing item, using controlled pressure, causing firm-contact, with growing pressure."
/home/mdxuser/Genesis/main/data/picked_up_4/upsampled/BIRD_RATTLE_Elastic_medium_upsampled.csv,810,"Gripper raising target object, using balanced pressure, causing steady-resistance, with rising force."
/home/mdxuser/Genesis/main/data/picked_up_4/upsampled/BIRD_RATTLE_Elastic_medium_upsampled.csv,1080,"Fingers twisting item, by an angle of 30.0 degrees, using moderate force, causing moderate-compression, with constant force."
/home/mdxuser/Genesis/main/data/picked_up_4/upsampled/BIRD_RATTLE_Elastic_medium_upsampled.csv,1350,"Fingers continue twisting item, by an angle of 30.0 degrees, using controlled pressure, causing medium-deformation, with constant force."
/home/mdxuser/Genesis/main/data/picked_up_4/upsampled/BIRD_RATTLE_Elastic_medium_upsampled.csv,1620,"Gripper pausing motion of target object, maintaining a stable hold, using balanced pressure, causing firm-contact."
/home/mdxuser/Genesis/main/data/picked_up_4/upsampled/BIRD_RATTLE_Elastic_medium_upsampled.csv,1890,"End-effector turning target object, by an angle of 45.0 degrees, using steady force, causing medium-deformation, with unchanging force."
/home/mdxuser/Genesis/main/data/picked_up_4/upsampled/BIRD_RATTLE_Elastic_medium_upsampled.csv,2160,"Gripping mechanism continue rotating item, by an angle of 45.0 degrees, using balanced pressure, causing medium-deformation, with steady pressure."
/home/mdxuser/Genesis/main/data/picked_up_4/upsampled/BIRD_RATTLE_Elastic_medium_upsampled.csv,2430,"End-effector holding position of the object, maintaining a stable hold, using moderate force, causing medium-deformation."
/home/mdxuser/Genesis/main/data/picked_up_4/upsampled/BIRD_RATTLE_Elastic_medium_upsampled.csv,2700,"Fingers slowing down motion of the object, using zero-pressure, causing undeformed shape."
/home/mdxuser/Genesis/main/data/picked_up_4/upsampled/Asus_Z97IPLUS_Motherboard_Mini_ITX_LGA1150_Socket_Elastic_medium_upsampled.csv,0,"Fingers advancing towards the object, to begin the task."
/home/mdxuser/Genesis/main/data/picked_up_4/upsampled/Asus_Z97IPLUS_Motherboard_Mini_ITX_LGA1150_Socket_Elastic_medium_upsampled.csv,270,"End-effector securing item, using moderate force, causing firm-contact, with growing pressure."
/home/mdxuser/Genesis/main/data/picked_up_4/upsampled/Asus_Z97IPLUS_Motherboard_Mini_ITX_LGA1150_Socket_Elastic_medium_upsampled.csv,540,"Gripping mechanism continue clasping the object, using steady force, causing steady-resistance, with increasing force."
/home/mdxuser/Genesis/main/data/picked_up_4/upsampled/Asus_Z97IPLUS_Motherboard_Mini_ITX_LGA1150_Socket_Elastic_medium_upsampled.csv,810,"End-effector lifting target object, using firm contact, causing firm-contact, with growing pressure."
/home/mdxuser/Genesis/main/data/picked_up_4/upsampled/Asus_Z97IPLUS_Motherboard_Mini_ITX_LGA1150_Socket_Elastic_medium_upsampled.csv,1080,"End-effector twisting item, by an angle of 45.0 degrees, using steady force, causing medium-deformation, with unchanging force."
/home/mdxuser/Genesis/main/data/picked_up_4/upsampled/Asus_Z97IPLUS_Motherboard_Mini_ITX_LGA1150_Socket_Elastic_medium_upsampled.csv,1350,Item has been let go of.
/home/mdxuser/Genesis/main/data/picked_up_4/upsampled/Asus_Z97IPLUS_Motherboard_Mini_ITX_LGA1150_Socket_Elastic_medium_upsampled.csv,1620,The object has been let go of.
/home/mdxuser/Genesis/main/data/picked_up_4/upsampled/Asus_Z97IPLUS_Motherboard_Mini_ITX_LGA1150_Socket_Elastic_medium_upsampled.csv,1890,The object has been let go of.
/home/mdxuser/Genesis/main/data/picked_up_4/upsampled/Asus_Z97IPLUS_Motherboard_Mini_ITX_LGA1150_Socket_Elastic_medium_upsampled.csv,2160,Target object has been dropped.
/home/mdxuser/Genesis/main/data/picked_up_4/upsampled/Asus_Z97IPLUS_Motherboard_Mini_ITX_LGA1150_Socket_Elastic_medium_upsampled.csv,2430,Target object has been let go of.
/home/mdxuser/Genesis/main/data/picked_up_4/upsampled/Asus_Z97IPLUS_Motherboard_Mini_ITX_LGA1150_Socket_Elastic_medium_upsampled.csv,2700,Target object has been released.
/home/mdxuser/Genesis/main/data/picked_up_4/upsampled/Office_Depot_HP_920XL_920_High_Yield_Black_and_Standard_CMY_Color_Ink_Cartridges_Elastic_medium_upsampled.csv,0,"Gripper advancing towards target object, to begin the task."
/home/mdxuser/Genesis/main/data/picked_up_4/upsampled/Office_Depot_HP_920XL_920_High_Yield_Black_and_Standard_CMY_Color_Ink_Cartridges_Elastic_medium_upsampled.csv,270,"Gripping mechanism grasping the object, using steady force, causing moderate-compression, with increasing force."
/home/mdxuser/Genesis/main/data/picked_up_4/upsampled/Office_Depot_HP_920XL_920_High_Yield_Black_and_Standard_CMY_Color_Ink_Cartridges_Elastic_medium_upsampled.csv,540,"Fingers continue grasping item, using steady force, causing moderate-compression, with rising force."
/home/mdxuser/Genesis/main/data/picked_up_4/upsampled/Office_Depot_HP_920XL_920_High_Yield_Black_and_Standard_CMY_Color_Ink_Cartridges_Elastic_medium_upsampled.csv,810,"Gripping mechanism raising target object, using moderate force, causing steady-resistance, with rising force."
/home/mdxuser/Genesis/main/data/picked_up_4/upsampled/Office_Depot_HP_920XL_920_High_Yield_Black_and_Standard_CMY_Color_Ink_Cartridges_Elastic_medium_upsampled.csv,1080,"Gripping mechanism twisting item, by an angle of 45.0 degrees, using firm contact, causing medium-deformation, with unchanging force."
/home/mdxuser/Genesis/main/data/picked_up_4/upsampled/Office_Depot_HP_920XL_920_High_Yield_Black_and_Standard_CMY_Color_Ink_Cartridges_Elastic_medium_upsampled.csv,1350,"Gripping mechanism steadying item, maintaining a stable hold, using steady force, causing controlled-yielding."
/home/mdxuser/Genesis/main/data/picked_up_4/upsampled/Office_Depot_HP_920XL_920_High_Yield_Black_and_Standard_CMY_Color_Ink_Cartridges_Elastic_medium_upsampled.csv,1620,"End-effector continue holding position of target object, maintaining a stable hold, using firm contact, causing medium-deformation."
/home/mdxuser/Genesis/main/data/picked_up_4/upsampled/Office_Depot_HP_920XL_920_High_Yield_Black_and_Standard_CMY_Color_Ink_Cartridges_Elastic_medium_upsampled.csv,1890,"Fingers turning target object, by an angle of 45.0 degrees, using balanced pressure, causing balanced-yielding, with constant force."
/home/mdxuser/Genesis/main/data/picked_up_4/upsampled/Office_Depot_HP_920XL_920_High_Yield_Black_and_Standard_CMY_Color_Ink_Cartridges_Elastic_medium_upsampled.csv,2160,"End-effector continue twisting target object, by an angle of 45.0 degrees, using moderate force, causing balanced-yielding, with constant force."
/home/mdxuser/Genesis/main/data/picked_up_4/upsampled/Office_Depot_HP_920XL_920_High_Yield_Black_and_Standard_CMY_Color_Ink_Cartridges_Elastic_medium_upsampled.csv,2430,Target object has been let go of.
/home/mdxuser/Genesis/main/data/picked_up_4/upsampled/Office_Depot_HP_920XL_920_High_Yield_Black_and_Standard_CMY_Color_Ink_Cartridges_Elastic_medium_upsampled.csv,2700,Target object has been dropped.
/home/mdxuser/Genesis/main/data/picked_up_4/upsampled/CHILDREN_BEDROOM_CLASSIC_Elastic_hard_upsampled.csv,0,"Gripping mechanism aligning towards the object, to begin the task."
/home/mdxuser/Genesis/main/data/picked_up_4/upsampled/CHILDREN_BEDROOM_CLASSIC_Elastic_hard_upsampled.csv,270,"Fingers clamping item, using firm pressure, causing strong-resistance, with growing pressure."
/home/mdxuser/Genesis/main/data/picked_up_4/upsampled/CHILDREN_BEDROOM_CLASSIC_Elastic_hard_upsampled.csv,540,"Fingers continue capturing item, using strong contact, causing firm-yielding, with increasing force."
/home/mdxuser/Genesis/main/data/picked_up_4/upsampled/CHILDREN_BEDROOM_CLASSIC_Elastic_hard_upsampled.csv,810,"Gripper elevating item, using heavy force, causing significant-compression, with rising force."
/home/mdxuser/Genesis/main/data/picked_up_4/upsampled/CHILDREN_BEDROOM_CLASSIC_Elastic_hard_upsampled.csv,1080,"Fingers turning item, by an angle of 45.0 degrees, using heavy force, causing hard-deformation, with steady pressure."
/home/mdxuser/Genesis/main/data/picked_up_4/upsampled/CHILDREN_BEDROOM_CLASSIC_Elastic_hard_upsampled.csv,1350,"Gripper continue turning the object, by an angle of 45.0 degrees, using heavy force, causing firm-yielding, with steady pressure."
/home/mdxuser/Genesis/main/data/picked_up_4/upsampled/CHILDREN_BEDROOM_CLASSIC_Elastic_hard_upsampled.csv,1620,Item has been let go of.
/home/mdxuser/Genesis/main/data/picked_up_4/upsampled/CHILDREN_BEDROOM_CLASSIC_Elastic_hard_upsampled.csv,1890,The object has been let go of.
/home/mdxuser/Genesis/main/data/picked_up_4/upsampled/CHILDREN_BEDROOM_CLASSIC_Elastic_hard_upsampled.csv,2160,The object has been dropped.
/home/mdxuser/Genesis/main/data/picked_up_4/upsampled/CHILDREN_BEDROOM_CLASSIC_Elastic_hard_upsampled.csv,2430,Item has been released.
/home/mdxuser/Genesis/main/data/picked_up_4/upsampled/CHILDREN_BEDROOM_CLASSIC_Elastic_hard_upsampled.csv,2700,Target object has been released.
/home/mdxuser/Genesis/main/data/picked_up_4/upsampled/Pinwheel_Pencil_Case_Elastic_medium_upsampled.csv,0,"Gripper advancing towards target object, to begin the task."
/home/mdxuser/Genesis/main/data/picked_up_4/upsampled/Pinwheel_Pencil_Case_Elastic_medium_upsampled.csv,270,"Gripping mechanism squeezing target object, using balanced pressure, causing medium-deformation, with increasing force."
/home/mdxuser/Genesis/main/data/picked_up_4/upsampled/Pinwheel_Pencil_Case_Elastic_medium_upsampled.csv,540,"Gripper continue securing item, using moderate force, causing controlled-yielding, with growing pressure."
/home/mdxuser/Genesis/main/data/picked_up_4/upsampled/Pinwheel_Pencil_Case_Elastic_medium_upsampled.csv,810,"Gripper lifting item, using steady force, causing balanced-yielding, with rising force."
/home/mdxuser/Genesis/main/data/picked_up_4/upsampled/Pinwheel_Pencil_Case_Elastic_medium_upsampled.csv,1080,"Gripping mechanism rotating the object, by an angle of 30.0 degrees, using controlled pressure, causing steady-resistance, with constant force."
/home/mdxuser/Genesis/main/data/picked_up_4/upsampled/Pinwheel_Pencil_Case_Elastic_medium_upsampled.csv,1350,"Gripping mechanism continue turning the object, by an angle of 30.0 degrees, using controlled pressure, causing steady-resistance, with constant force."
/home/mdxuser/Genesis/main/data/picked_up_4/upsampled/Pinwheel_Pencil_Case_Elastic_medium_upsampled.csv,1620,The object has been released.
/home/mdxuser/Genesis/main/data/picked_up_4/upsampled/Pinwheel_Pencil_Case_Elastic_medium_upsampled.csv,1890,Target object has been dropped.
/home/mdxuser/Genesis/main/data/picked_up_4/upsampled/Pinwheel_Pencil_Case_Elastic_medium_upsampled.csv,2160,Item has been released.
/home/mdxuser/Genesis/main/data/picked_up_4/upsampled/Pinwheel_Pencil_Case_Elastic_medium_upsampled.csv,2430,The object has been released.
/home/mdxuser/Genesis/main/data/picked_up_4/upsampled/Pinwheel_Pencil_Case_Elastic_medium_upsampled.csv,2700,Target object has been dropped.
/home/mdxuser/Genesis/main/data/picked_up_4/upsampled/CoQ10_BjTLbuRVt1t_Elastic_medium_upsampled.csv,0,"End-effector advancing towards the object, to begin the task."
/home/mdxuser/Genesis/main/data/picked_up_4/upsampled/CoQ10_BjTLbuRVt1t_Elastic_medium_upsampled.csv,270,"Gripper grasping item, using controlled pressure, causing medium-deformation, with rising force."
/home/mdxuser/Genesis/main/data/picked_up_4/upsampled/CoQ10_BjTLbuRVt1t_Elastic_medium_upsampled.csv,540,"Gripper continue clasping target object, using steady force, causing balanced-yielding, with increasing force."
/home/mdxuser/Genesis/main/data/picked_up_4/upsampled/CoQ10_BjTLbuRVt1t_Elastic_medium_upsampled.csv,810,"Gripper lifting target object, using balanced pressure, causing moderate-compression, with increasing force."
/home/mdxuser/Genesis/main/data/picked_up_4/upsampled/CoQ10_BjTLbuRVt1t_Elastic_medium_upsampled.csv,1080,"Gripping mechanism rotating target object, by an angle of 30.0 degrees, using steady force, causing moderate-compression, with steady pressure."
/home/mdxuser/Genesis/main/data/picked_up_4/upsampled/CoQ10_BjTLbuRVt1t_Elastic_medium_upsampled.csv,1350,"Fingers continue twisting item, by an angle of 30.0 degrees, using balanced pressure, causing steady-resistance, with constant force."
/home/mdxuser/Genesis/main/data/picked_up_4/upsampled/CoQ10_BjTLbuRVt1t_Elastic_medium_upsampled.csv,1620,"Gripping mechanism holding position of target object, maintaining a stable hold, using steady force, causing medium-deformation."
/home/mdxuser/Genesis/main/data/picked_up_4/upsampled/CoQ10_BjTLbuRVt1t_Elastic_medium_upsampled.csv,1890,"Gripping mechanism rotating the object, by an angle of 45.0 degrees, using balanced pressure, causing steady-resistance, with steady pressure."
/home/mdxuser/Genesis/main/data/picked_up_4/upsampled/CoQ10_BjTLbuRVt1t_Elastic_medium_upsampled.csv,2160,"Gripping mechanism continue turning the object, by an angle of 45.0 degrees, using steady force, causing firm-contact, with steady pressure."
/home/mdxuser/Genesis/main/data/picked_up_4/upsampled/CoQ10_BjTLbuRVt1t_Elastic_medium_upsampled.csv,2430,"End-effector steadying target object, maintaining a stable hold, using steady force, causing balanced-yielding."
/home/mdxuser/Genesis/main/data/picked_up_4/upsampled/CoQ10_BjTLbuRVt1t_Elastic_medium_upsampled.csv,2700,"End-effector slowing down motion of item, using forceless methods, causing contactless."
/home/mdxuser/Genesis/main/data/picked_up_4/upsampled/Cole_Hardware_Mug_Classic_Blue_Elastic_hard_upsampled.csv,0,"Gripper initiating towards target object, to begin the task."
/home/mdxuser/Genesis/main/data/picked_up_4/upsampled/Cole_Hardware_Mug_Classic_Blue_Elastic_hard_upsampled.csv,270,"End-effector squeezing the object, using firm pressure, causing firm-yielding, with increasing force."
/home/mdxuser/Genesis/main/data/picked_up_4/upsampled/Cole_Hardware_Mug_Classic_Blue_Elastic_hard_upsampled.csv,540,"Fingers continue holding target object, using strong force, causing strong-resistance, with increasing force."
/home/mdxuser/Genesis/main/data/picked_up_4/upsampled/Cole_Hardware_Mug_Classic_Blue_Elastic_hard_upsampled.csv,810,"Fingers raising the object, using firm pressure, causing hard-deformation, with increasing force."
/home/mdxuser/Genesis/main/data/picked_up_4/upsampled/Cole_Hardware_Mug_Classic_Blue_Elastic_hard_upsampled.csv,1080,"End-effector twisting target object, by an angle of 30.0 degrees, using heavy force, causing firm-yielding, with steady pressure."
/home/mdxuser/Genesis/main/data/picked_up_4/upsampled/Cole_Hardware_Mug_Classic_Blue_Elastic_hard_upsampled.csv,1350,"End-effector continue turning item, by an angle of 30.0 degrees, using heavy force, causing hard-deformation, with constant force."
/home/mdxuser/Genesis/main/data/picked_up_4/upsampled/Cole_Hardware_Mug_Classic_Blue_Elastic_hard_upsampled.csv,1620,"Gripping mechanism holding position of the object, maintaining a stable hold, using heavy force, causing significant-compression."
/home/mdxuser/Genesis/main/data/picked_up_4/upsampled/Cole_Hardware_Mug_Classic_Blue_Elastic_hard_upsampled.csv,1890,"Gripper rotating target object, by an angle of 30.0 degrees, using intense pressure, causing hard-deformation, with steady pressure."
/home/mdxuser/Genesis/main/data/picked_up_4/upsampled/Cole_Hardware_Mug_Classic_Blue_Elastic_hard_upsampled.csv,2160,"End-effector continue twisting target object, by an angle of 30.0 degrees, using heavy force, causing substantial-yielding, with steady pressure."
/home/mdxuser/Genesis/main/data/picked_up_4/upsampled/Cole_Hardware_Mug_Classic_Blue_Elastic_hard_upsampled.csv,2430,"Gripper holding position of target object, maintaining a stable hold, using significant force, causing firm-yielding."
/home/mdxuser/Genesis/main/data/picked_up_4/upsampled/Cole_Hardware_Mug_Classic_Blue_Elastic_hard_upsampled.csv,2700,"Gripper slowing down motion of target object, using zero-pressure, causing undeformed shape."
/home/mdxuser/Genesis/main/data/picked_up_4/upsampled/Court_Attitude_Elastic_soft_upsampled.csv,0,"Gripper reaching towards item, to begin the task."
/home/mdxuser/Genesis/main/data/picked_up_4/upsampled/Court_Attitude_Elastic_soft_upsampled.csv,270,"End-effector capturing item, using slight force, causing cushioned-contact, with growing pressure."
/home/mdxuser/Genesis/main/data/picked_up_4/upsampled/Court_Attitude_Elastic_soft_upsampled.csv,540,"Fingers continue capturing item, using light pressure, causing minimal-resistance, with rising force."
/home/mdxuser/Genesis/main/data/picked_up_4/upsampled/Court_Attitude_Elastic_soft_upsampled.csv,810,"End-effector elevating the object, using minimal force, causing slight-yielding, with growing pressure."
/home/mdxuser/Genesis/main/data/picked_up_4/upsampled/Court_Attitude_Elastic_soft_upsampled.csv,1080,"Fingers rotating item, by an angle of 45.0 degrees, using minimal force, causing soft-deformation, with constant force."
/home/mdxuser/Genesis/main/data/picked_up_4/upsampled/Court_Attitude_Elastic_soft_upsampled.csv,1350,Item has been dropped.
/home/mdxuser/Genesis/main/data/picked_up_4/upsampled/Court_Attitude_Elastic_soft_upsampled.csv,1620,Item has been let go of.
/home/mdxuser/Genesis/main/data/picked_up_4/upsampled/Court_Attitude_Elastic_soft_upsampled.csv,1890,Item has been dropped.
/home/mdxuser/Genesis/main/data/picked_up_4/upsampled/Court_Attitude_Elastic_soft_upsampled.csv,2160,The object has been dropped.
/home/mdxuser/Genesis/main/data/picked_up_4/upsampled/Court_Attitude_Elastic_soft_upsampled.csv,2430,The object has been dropped.
/home/mdxuser/Genesis/main/data/picked_up_4/upsampled/Court_Attitude_Elastic_soft_upsampled.csv,2700,Target object has been dropped.
/home/mdxuser/Genesis/main/data/picked_up_4/upsampled/Down_To_Earth_Orchid_Pot_Ceramic_Lime_Elastic_soft_upsampled.csv,0,"Gripping mechanism approaching towards the object, to begin the task."
/home/mdxuser/Genesis/main/data/picked_up_4/upsampled/Down_To_Earth_Orchid_Pot_Ceramic_Lime_Elastic_soft_upsampled.csv,270,"Gripping mechanism clamping target object, using subtle force, causing gentle-compression, with increasing force."
/home/mdxuser/Genesis/main/data/picked_up_4/upsampled/Down_To_Earth_Orchid_Pot_Ceramic_Lime_Elastic_soft_upsampled.csv,540,"Fingers continue clasping item, using cushioned pressure, causing slight-yielding, with increasing force."
/home/mdxuser/Genesis/main/data/picked_up_4/upsampled/Down_To_Earth_Orchid_Pot_Ceramic_Lime_Elastic_soft_upsampled.csv,810,"End-effector lifting the object, using light pressure, causing soft-deformation, with growing pressure."
/home/mdxuser/Genesis/main/data/picked_up_4/upsampled/Down_To_Earth_Orchid_Pot_Ceramic_Lime_Elastic_soft_upsampled.csv,1080,"Gripping mechanism turning item, by an angle of 45.0 degrees, using soft contact, causing cushioned-contact, with unchanging force."
/home/mdxuser/Genesis/main/data/picked_up_4/upsampled/Down_To_Earth_Orchid_Pot_Ceramic_Lime_Elastic_soft_upsampled.csv,1350,"End-effector continue turning the object, by an angle of 45.0 degrees, using soft contact, causing gentle-compression, with unchanging force."
/home/mdxuser/Genesis/main/data/picked_up_4/upsampled/Down_To_Earth_Orchid_Pot_Ceramic_Lime_Elastic_soft_upsampled.csv,1620,The object has been let go of.
/home/mdxuser/Genesis/main/data/picked_up_4/upsampled/Down_To_Earth_Orchid_Pot_Ceramic_Lime_Elastic_soft_upsampled.csv,1890,Target object has been released.
/home/mdxuser/Genesis/main/data/picked_up_4/upsampled/Down_To_Earth_Orchid_Pot_Ceramic_Lime_Elastic_soft_upsampled.csv,2160,Target object has been let go of.
/home/mdxuser/Genesis/main/data/picked_up_4/upsampled/Down_To_Earth_Orchid_Pot_Ceramic_Lime_Elastic_soft_upsampled.csv,2430,Item has been let go of.
/home/mdxuser/Genesis/main/data/picked_up_4/upsampled/Down_To_Earth_Orchid_Pot_Ceramic_Lime_Elastic_soft_upsampled.csv,2700,Item has been released.
/home/mdxuser/Genesis/main/data/picked_up_4/upsampled/3D_Dollhouse_Sofa_Elastic_soft_upsampled.csv,0,"End-effector advancing towards item, to begin the task."
/home/mdxuser/Genesis/main/data/picked_up_4/upsampled/3D_Dollhouse_Sofa_Elastic_soft_upsampled.csv,270,"Fingers squeezing target object, using slight force, causing gentle-compression, with rising force."
/home/mdxuser/Genesis/main/data/picked_up_4/upsampled/3D_Dollhouse_Sofa_Elastic_soft_upsampled.csv,540,"Gripper continue gripping target object, using soft contact, causing soft-deformation, with growing pressure."
/home/mdxuser/Genesis/main/data/picked_up_4/upsampled/3D_Dollhouse_Sofa_Elastic_soft_upsampled.csv,810,"Gripping mechanism elevating item, using soft contact, causing lightly-yielding, with growing pressure."
/home/mdxuser/Genesis/main/data/picked_up_4/upsampled/3D_Dollhouse_Sofa_Elastic_soft_upsampled.csv,1080,"Fingers turning item, by an angle of 30.0 degrees, using slight force, causing minimal-resistance, with steady pressure."
/home/mdxuser/Genesis/main/data/picked_up_4/upsampled/3D_Dollhouse_Sofa_Elastic_soft_upsampled.csv,1350,"Gripper continue turning the object, by an angle of 30.0 degrees, using minimal force, causing lightly-yielding, with constant force."
/home/mdxuser/Genesis/main/data/picked_up_4/upsampled/3D_Dollhouse_Sofa_Elastic_soft_upsampled.csv,1620,Target object has been released.
/home/mdxuser/Genesis/main/data/picked_up_4/upsampled/3D_Dollhouse_Sofa_Elastic_soft_upsampled.csv,1890,Item has been released.
/home/mdxuser/Genesis/main/data/picked_up_4/upsampled/3D_Dollhouse_Sofa_Elastic_soft_upsampled.csv,2160,The object has been let go of.
/home/mdxuser/Genesis/main/data/picked_up_4/upsampled/3D_Dollhouse_Sofa_Elastic_soft_upsampled.csv,2430,The object has been dropped.
/home/mdxuser/Genesis/main/data/picked_up_4/upsampled/3D_Dollhouse_Sofa_Elastic_soft_upsampled.csv,2700,Target object has been let go of.
/home/mdxuser/Genesis/main/data/picked_up_4/upsampled/CoQ10_Elastic_hard_upsampled.csv,0,"Fingers reaching towards item, to begin the task."
/home/mdxuser/Genesis/main/data/picked_up_4/upsampled/CoQ10_Elastic_hard_upsampled.csv,270,"Fingers grasping target object, using significant force, causing hard-deformation, with rising force."
/home/mdxuser/Genesis/main/data/picked_up_4/upsampled/CoQ10_Elastic_hard_upsampled.csv,540,"Gripper continue pinching item, using firm pressure, causing firm-yielding, with rising force."
/home/mdxuser/Genesis/main/data/picked_up_4/upsampled/CoQ10_Elastic_hard_upsampled.csv,810,"Gripping mechanism lifting item, using strong contact, causing firm-yielding, with increasing force."
/home/mdxuser/Genesis/main/data/picked_up_4/upsampled/CoQ10_Elastic_hard_upsampled.csv,1080,"Fingers turning target object, by an angle of 30.0 degrees, using intense pressure, causing strong-resistance, with constant force."
/home/mdxuser/Genesis/main/data/picked_up_4/upsampled/CoQ10_Elastic_hard_upsampled.csv,1350,"Gripper continue turning the object, by an angle of 30.0 degrees, using significant force, causing significant-compression, with unchanging force."
/home/mdxuser/Genesis/main/data/picked_up_4/upsampled/CoQ10_Elastic_hard_upsampled.csv,1620,"Gripper pausing motion of item, maintaining a stable hold, using significant force, causing hard-deformation."
/home/mdxuser/Genesis/main/data/picked_up_4/upsampled/CoQ10_Elastic_hard_upsampled.csv,1890,"End-effector turning item, by an angle of 45.0 degrees, using heavy force, causing rigid-contact, with steady pressure."
/home/mdxuser/Genesis/main/data/picked_up_4/upsampled/CoQ10_Elastic_hard_upsampled.csv,2160,"Gripper steadying item, maintaining a stable hold, using heavy force, causing firm-yielding."
/home/mdxuser/Genesis/main/data/picked_up_4/upsampled/CoQ10_Elastic_hard_upsampled.csv,2430,"Fingers continue pausing motion of item, maintaining a stable hold, using firm pressure, causing strong-resistance."
/home/mdxuser/Genesis/main/data/picked_up_4/upsampled/CoQ10_Elastic_hard_upsampled.csv,2700,"Fingers coming to rest with item, using zero-pressure, causing unyielding."
/home/mdxuser/Genesis/main/data/picked_up_4/upsampled/Office_Depot_HP_98_Remanufactured_Ink_Cartridge_Black_Elastic_medium_upsampled.csv,0,"End-effector approaching towards item, to begin the task."
/home/mdxuser/Genesis/main/data/picked_up_4/upsampled/Office_Depot_HP_98_Remanufactured_Ink_Cartridge_Black_Elastic_medium_upsampled.csv,270,"Gripper grasping target object, using steady force, causing medium-deformation, with increasing force."
/home/mdxuser/Genesis/main/data/picked_up_4/upsampled/Office_Depot_HP_98_Remanufactured_Ink_Cartridge_Black_Elastic_medium_upsampled.csv,540,"Gripping mechanism continue capturing item, using moderate force, causing controlled-yielding, with rising force."
/home/mdxuser/Genesis/main/data/picked_up_4/upsampled/Office_Depot_HP_98_Remanufactured_Ink_Cartridge_Black_Elastic_medium_upsampled.csv,810,"Gripper elevating target object, using controlled pressure, causing firm-contact, with increasing force."
/home/mdxuser/Genesis/main/data/picked_up_4/upsampled/Office_Depot_HP_98_Remanufactured_Ink_Cartridge_Black_Elastic_medium_upsampled.csv,1080,"Fingers twisting the object, by an angle of 30.0 degrees, using moderate force, causing moderate-compression, with constant force."
/home/mdxuser/Genesis/main/data/picked_up_4/upsampled/Office_Depot_HP_98_Remanufactured_Ink_Cartridge_Black_Elastic_medium_upsampled.csv,1350,"End-effector continue twisting the object, by an angle of 30.0 degrees, using steady force, causing controlled-yielding, with unchanging force."
/home/mdxuser/Genesis/main/data/picked_up_4/upsampled/Office_Depot_HP_98_Remanufactured_Ink_Cartridge_Black_Elastic_medium_upsampled.csv,1620,Item has been released.
/home/mdxuser/Genesis/main/data/picked_up_4/upsampled/Office_Depot_HP_98_Remanufactured_Ink_Cartridge_Black_Elastic_medium_upsampled.csv,1890,Item has been dropped.
/home/mdxuser/Genesis/main/data/picked_up_4/upsampled/Office_Depot_HP_98_Remanufactured_Ink_Cartridge_Black_Elastic_medium_upsampled.csv,2160,The object has been let go of.
/home/mdxuser/Genesis/main/data/picked_up_4/upsampled/Office_Depot_HP_98_Remanufactured_Ink_Cartridge_Black_Elastic_medium_upsampled.csv,2430,Target object has been released.
/home/mdxuser/Genesis/main/data/picked_up_4/upsampled/Office_Depot_HP_98_Remanufactured_Ink_Cartridge_Black_Elastic_medium_upsampled.csv,2700,Item has been released.
/home/mdxuser/Genesis/main/data/picked_up_4/upsampled/ASICS_HyperRocketgirl_SP_5_WhiteMalibu_BlueBlack_Elastic_soft_upsampled.csv,0,"Fingers positioning towards target object, to begin the task."
/home/mdxuser/Genesis/main/data/picked_up_4/upsampled/ASICS_HyperRocketgirl_SP_5_WhiteMalibu_BlueBlack_Elastic_soft_upsampled.csv,270,"Gripping mechanism clamping the object, using subtle force, causing lightly-yielding, with rising force."
/home/mdxuser/Genesis/main/data/picked_up_4/upsampled/ASICS_HyperRocketgirl_SP_5_WhiteMalibu_BlueBlack_Elastic_soft_upsampled.csv,540,"Fingers continue pinching target object, using subtle force, causing minimal-resistance, with rising force."
/home/mdxuser/Genesis/main/data/picked_up_4/upsampled/ASICS_HyperRocketgirl_SP_5_WhiteMalibu_BlueBlack_Elastic_soft_upsampled.csv,810,"Fingers elevating the object, using slight force, causing minimal-resistance, with growing pressure."
/home/mdxuser/Genesis/main/data/picked_up_4/upsampled/ASICS_HyperRocketgirl_SP_5_WhiteMalibu_BlueBlack_Elastic_soft_upsampled.csv,1080,"Gripping mechanism turning target object, by an angle of 45.0 degrees, using slight force, causing soft-deformation, with unchanging force."
/home/mdxuser/Genesis/main/data/picked_up_4/upsampled/ASICS_HyperRocketgirl_SP_5_WhiteMalibu_BlueBlack_Elastic_soft_upsampled.csv,1350,The object has been let go of.
/home/mdxuser/Genesis/main/data/picked_up_4/upsampled/ASICS_HyperRocketgirl_SP_5_WhiteMalibu_BlueBlack_Elastic_soft_upsampled.csv,1620,The object has been released.
/home/mdxuser/Genesis/main/data/picked_up_4/upsampled/ASICS_HyperRocketgirl_SP_5_WhiteMalibu_BlueBlack_Elastic_soft_upsampled.csv,1890,Target object has been dropped.
/home/mdxuser/Genesis/main/data/picked_up_4/upsampled/ASICS_HyperRocketgirl_SP_5_WhiteMalibu_BlueBlack_Elastic_soft_upsampled.csv,2160,Target object has been dropped.
/home/mdxuser/Genesis/main/data/picked_up_4/upsampled/ASICS_HyperRocketgirl_SP_5_WhiteMalibu_BlueBlack_Elastic_soft_upsampled.csv,2430,Item has been dropped.
/home/mdxuser/Genesis/main/data/picked_up_4/upsampled/ASICS_HyperRocketgirl_SP_5_WhiteMalibu_BlueBlack_Elastic_soft_upsampled.csv,2700,Item has been let go of.
/home/mdxuser/Genesis/main/data/picked_up_4/upsampled/Office_Depot_HP_71_Remanufactured_Ink_Cartridge_Black_Elastic_medium_upsampled.csv,0,"End-effector positioning towards target object, to begin the task."
/home/mdxuser/Genesis/main/data/picked_up_4/upsampled/Office_Depot_HP_71_Remanufactured_Ink_Cartridge_Black_Elastic_medium_upsampled.csv,270,"End-effector capturing item, using firm contact, causing medium-deformation, with growing pressure."
/home/mdxuser/Genesis/main/data/picked_up_4/upsampled/Office_Depot_HP_71_Remanufactured_Ink_Cartridge_Black_Elastic_medium_upsampled.csv,540,"Gripper continue clasping target object, using steady force, causing steady-resistance, with growing pressure."
/home/mdxuser/Genesis/main/data/picked_up_4/upsampled/Office_Depot_HP_71_Remanufactured_Ink_Cartridge_Black_Elastic_medium_upsampled.csv,810,"Gripper raising item, using moderate force, causing firm-contact, with growing pressure."
/home/mdxuser/Genesis/main/data/picked_up_4/upsampled/Office_Depot_HP_71_Remanufactured_Ink_Cartridge_Black_Elastic_medium_upsampled.csv,1080,"Gripping mechanism rotating the object, by an angle of 45.0 degrees, using firm contact, causing balanced-yielding, with steady pressure."
/home/mdxuser/Genesis/main/data/picked_up_4/upsampled/Office_Depot_HP_71_Remanufactured_Ink_Cartridge_Black_Elastic_medium_upsampled.csv,1350,"Gripping mechanism steadying the object, maintaining a stable hold, using moderate force, causing medium-deformation."
/home/mdxuser/Genesis/main/data/picked_up_4/upsampled/Office_Depot_HP_71_Remanufactured_Ink_Cartridge_Black_Elastic_medium_upsampled.csv,1620,"End-effector continue holding position of item, maintaining a stable hold, using controlled pressure, causing moderate-compression."
/home/mdxuser/Genesis/main/data/picked_up_4/upsampled/Office_Depot_HP_71_Remanufactured_Ink_Cartridge_Black_Elastic_medium_upsampled.csv,1890,"Gripping mechanism rotating target object, by an angle of 45.0 degrees, using moderate force, causing controlled-yielding, with constant force."
/home/mdxuser/Genesis/main/data/picked_up_4/upsampled/Office_Depot_HP_71_Remanufactured_Ink_Cartridge_Black_Elastic_medium_upsampled.csv,2160,"End-effector continue turning item, by an angle of 45.0 degrees, using moderate force, causing controlled-yielding, with steady pressure."
/home/mdxuser/Genesis/main/data/picked_up_4/upsampled/Office_Depot_HP_71_Remanufactured_Ink_Cartridge_Black_Elastic_medium_upsampled.csv,2430,The object has been let go of.
/home/mdxuser/Genesis/main/data/picked_up_4/upsampled/Office_Depot_HP_71_Remanufactured_Ink_Cartridge_Black_Elastic_medium_upsampled.csv,2700,The object has been dropped.
/home/mdxuser/Genesis/main/data/picked_up_4/upsampled/Animal_Crossing_New_Leaf_Nintendo_3DS_Game_Elastic_soft_upsampled.csv,0,"End-effector reaching towards the object, to begin the task."
/home/mdxuser/Genesis/main/data/picked_up_4/upsampled/Animal_Crossing_New_Leaf_Nintendo_3DS_Game_Elastic_soft_upsampled.csv,270,"Gripper securing item, using soft contact, causing slight-yielding, with rising force."
/home/mdxuser/Genesis/main/data/picked_up_4/upsampled/Animal_Crossing_New_Leaf_Nintendo_3DS_Game_Elastic_soft_upsampled.csv,540,"Gripping mechanism continue pinching item, using gentle force, causing minimal-resistance, with growing pressure."
/home/mdxuser/Genesis/main/data/picked_up_4/upsampled/Animal_Crossing_New_Leaf_Nintendo_3DS_Game_Elastic_soft_upsampled.csv,810,"Gripping mechanism raising item, using gentle force, causing soft-deformation, with rising force."
/home/mdxuser/Genesis/main/data/picked_up_4/upsampled/Animal_Crossing_New_Leaf_Nintendo_3DS_Game_Elastic_soft_upsampled.csv,1080,"Fingers rotating target object, by an angle of 45.0 degrees, using cushioned pressure, causing gentle-compression, with unchanging force."
/home/mdxuser/Genesis/main/data/picked_up_4/upsampled/Animal_Crossing_New_Leaf_Nintendo_3DS_Game_Elastic_soft_upsampled.csv,1350,Item has been let go of.
/home/mdxuser/Genesis/main/data/picked_up_4/upsampled/Animal_Crossing_New_Leaf_Nintendo_3DS_Game_Elastic_soft_upsampled.csv,1620,The object has been let go of.
/home/mdxuser/Genesis/main/data/picked_up_4/upsampled/Animal_Crossing_New_Leaf_Nintendo_3DS_Game_Elastic_soft_upsampled.csv,1890,Target object has been let go of.
/home/mdxuser/Genesis/main/data/picked_up_4/upsampled/Animal_Crossing_New_Leaf_Nintendo_3DS_Game_Elastic_soft_upsampled.csv,2160,Target object has been dropped.
/home/mdxuser/Genesis/main/data/picked_up_4/upsampled/Animal_Crossing_New_Leaf_Nintendo_3DS_Game_Elastic_soft_upsampled.csv,2430,Target object has been dropped.
/home/mdxuser/Genesis/main/data/picked_up_4/upsampled/Animal_Crossing_New_Leaf_Nintendo_3DS_Game_Elastic_soft_upsampled.csv,2700,Target object has been let go of.
/home/mdxuser/Genesis/main/data/picked_up_4/upsampled/Crayola_Crayons_24_count_Elastic_soft_upsampled.csv,0,"Gripping mechanism positioning towards the object, to begin the task."
/home/mdxuser/Genesis/main/data/picked_up_4/upsampled/Crayola_Crayons_24_count_Elastic_soft_upsampled.csv,270,"Gripper clamping target object, using gentle force, causing slight-yielding, with increasing force."
/home/mdxuser/Genesis/main/data/picked_up_4/upsampled/Crayola_Crayons_24_count_Elastic_soft_upsampled.csv,540,"End-effector continue clamping item, using soft contact, causing cushioned-contact, with growing pressure."
/home/mdxuser/Genesis/main/data/picked_up_4/upsampled/Crayola_Crayons_24_count_Elastic_soft_upsampled.csv,810,"Gripper elevating the object, using subtle force, causing slight-yielding, with rising force."
/home/mdxuser/Genesis/main/data/picked_up_4/upsampled/Crayola_Crayons_24_count_Elastic_soft_upsampled.csv,1080,"Fingers rotating the object, by an angle of 30.0 degrees, using light pressure, causing cushioned-contact, with constant force."
/home/mdxuser/Genesis/main/data/picked_up_4/upsampled/Crayola_Crayons_24_count_Elastic_soft_upsampled.csv,1350,"Gripping mechanism continue twisting item, by an angle of 30.0 degrees, using cushioned pressure, causing soft-deformation, with constant force."
/home/mdxuser/Genesis/main/data/picked_up_4/upsampled/Crayola_Crayons_24_count_Elastic_soft_upsampled.csv,1620,"Gripper maintaining hold of item, maintaining a stable hold, using cushioned pressure, causing slight-yielding."
/home/mdxuser/Genesis/main/data/picked_up_4/upsampled/Crayola_Crayons_24_count_Elastic_soft_upsampled.csv,1890,"Gripping mechanism turning target object, by an angle of 45.0 degrees, using minimal force, causing gentle-compression, with unchanging force."
/home/mdxuser/Genesis/main/data/picked_up_4/upsampled/Crayola_Crayons_24_count_Elastic_soft_upsampled.csv,2160,"Gripper continue turning the object, by an angle of 45.0 degrees, using slight force, causing slight-yielding, with unchanging force."
/home/mdxuser/Genesis/main/data/picked_up_4/upsampled/Crayola_Crayons_24_count_Elastic_soft_upsampled.csv,2430,"End-effector holding position of item, maintaining a stable hold, using cushioned pressure, causing lightly-yielding."
/home/mdxuser/Genesis/main/data/picked_up_4/upsampled/Crayola_Crayons_24_count_Elastic_soft_upsampled.csv,2700,"End-effector slowing down motion of item, using zero-force, causing contactless."
/home/mdxuser/Genesis/main/data/picked_up_4/upsampled/Perricone_MD_Hypoallergenic_Gentle_Cleanser_Elastic_medium_upsampled.csv,0,"Gripping mechanism advancing towards the object, to begin the task."
/home/mdxuser/Genesis/main/data/picked_up_4/upsampled/Perricone_MD_Hypoallergenic_Gentle_Cleanser_Elastic_medium_upsampled.csv,270,"Gripper holding the object, using firm contact, causing controlled-yielding, with growing pressure."
/home/mdxuser/Genesis/main/data/picked_up_4/upsampled/Perricone_MD_Hypoallergenic_Gentle_Cleanser_Elastic_medium_upsampled.csv,540,"Gripper continue pinching target object, using balanced pressure, causing steady-resistance, with increasing force."
/home/mdxuser/Genesis/main/data/picked_up_4/upsampled/Perricone_MD_Hypoallergenic_Gentle_Cleanser_Elastic_medium_upsampled.csv,810,"Gripper picking up target object, using steady force, causing medium-deformation, with rising force."
/home/mdxuser/Genesis/main/data/picked_up_4/upsampled/Perricone_MD_Hypoallergenic_Gentle_Cleanser_Elastic_medium_upsampled.csv,1080,"Fingers twisting the object, by an angle of 30.0 degrees, using balanced pressure, causing medium-deformation, with unchanging force."
/home/mdxuser/Genesis/main/data/picked_up_4/upsampled/Perricone_MD_Hypoallergenic_Gentle_Cleanser_Elastic_medium_upsampled.csv,1350,"Fingers continue turning target object, by an angle of 30.0 degrees, using firm contact, causing moderate-compression, with steady pressure."
/home/mdxuser/Genesis/main/data/picked_up_4/upsampled/Perricone_MD_Hypoallergenic_Gentle_Cleanser_Elastic_medium_upsampled.csv,1620,"Gripper pausing motion of the object, maintaining a stable hold, using steady force, causing firm-contact."
/home/mdxuser/Genesis/main/data/picked_up_4/upsampled/Perricone_MD_Hypoallergenic_Gentle_Cleanser_Elastic_medium_upsampled.csv,1890,"Gripper rotating target object, by an angle of 45.0 degrees, using controlled pressure, causing steady-resistance, with steady pressure."
/home/mdxuser/Genesis/main/data/picked_up_4/upsampled/Perricone_MD_Hypoallergenic_Gentle_Cleanser_Elastic_medium_upsampled.csv,2160,"End-effector continue turning target object, by an angle of 45.0 degrees, using firm contact, causing balanced-yielding, with steady pressure."
/home/mdxuser/Genesis/main/data/picked_up_4/upsampled/Perricone_MD_Hypoallergenic_Gentle_Cleanser_Elastic_medium_upsampled.csv,2430,Item has been released.
/home/mdxuser/Genesis/main/data/picked_up_4/upsampled/Perricone_MD_Hypoallergenic_Gentle_Cleanser_Elastic_medium_upsampled.csv,2700,The object has been released.
/home/mdxuser/Genesis/main/data/picked_up_4/upsampled/Crayola_Crayons_Washable_24_crayons_Elastic_soft_upsampled.csv,0,"Gripping mechanism initiating towards target object, to begin the task."
/home/mdxuser/Genesis/main/data/picked_up_4/upsampled/Crayola_Crayons_Washable_24_crayons_Elastic_soft_upsampled.csv,270,"End-effector securing item, using subtle force, causing cushioned-contact, with rising force."
/home/mdxuser/Genesis/main/data/picked_up_4/upsampled/Crayola_Crayons_Washable_24_crayons_Elastic_soft_upsampled.csv,540,"Gripping mechanism continue capturing the object, using subtle force, causing soft-deformation, with increasing force."
/home/mdxuser/Genesis/main/data/picked_up_4/upsampled/Crayola_Crayons_Washable_24_crayons_Elastic_soft_upsampled.csv,810,"Fingers picking up item, using cushioned pressure, causing lightly-yielding, with growing pressure."
/home/mdxuser/Genesis/main/data/picked_up_4/upsampled/Crayola_Crayons_Washable_24_crayons_Elastic_soft_upsampled.csv,1080,"Gripper turning target object, by an angle of 45.0 degrees, using gentle force, causing minimal-resistance, with unchanging force."
/home/mdxuser/Genesis/main/data/picked_up_4/upsampled/Crayola_Crayons_Washable_24_crayons_Elastic_soft_upsampled.csv,1350,"Gripper continue twisting item, by an angle of 45.0 degrees, using slight force, causing cushioned-contact, with unchanging force."
/home/mdxuser/Genesis/main/data/picked_up_4/upsampled/Crayola_Crayons_Washable_24_crayons_Elastic_soft_upsampled.csv,1620,"End-effector holding position of item, maintaining a stable hold, using minimal force, causing slight-yielding."
/home/mdxuser/Genesis/main/data/picked_up_4/upsampled/Crayola_Crayons_Washable_24_crayons_Elastic_soft_upsampled.csv,1890,"Gripping mechanism twisting the object, by an angle of 45.0 degrees, using gentle force, causing lightly-yielding, with steady pressure."
/home/mdxuser/Genesis/main/data/picked_up_4/upsampled/Crayola_Crayons_Washable_24_crayons_Elastic_soft_upsampled.csv,2160,"Fingers maintaining hold of item, maintaining a stable hold, using light pressure, causing minimal-resistance."
/home/mdxuser/Genesis/main/data/picked_up_4/upsampled/Crayola_Crayons_Washable_24_crayons_Elastic_soft_upsampled.csv,2430,"End-effector continue steadying item, maintaining a stable hold, using subtle force, causing gentle-compression."
/home/mdxuser/Genesis/main/data/picked_up_4/upsampled/Crayola_Crayons_Washable_24_crayons_Elastic_soft_upsampled.csv,2700,"Gripper coming to rest with item, using zero-pressure, causing unyielding."
/home/mdxuser/Genesis/main/data/picked_up_4/upsampled/D_ROSE_ENGLEWOOD_II_Elastic_hard_upsampled.csv,0,"Gripper approaching towards item, to begin the task."
/home/mdxuser/Genesis/main/data/picked_up_4/upsampled/D_ROSE_ENGLEWOOD_II_Elastic_hard_upsampled.csv,270,"Gripping mechanism holding item, using heavy force, causing substantial-yielding, with rising force."
/home/mdxuser/Genesis/main/data/picked_up_4/upsampled/D_ROSE_ENGLEWOOD_II_Elastic_hard_upsampled.csv,540,"End-effector continue securing the object, using strong force, causing hard-deformation, with rising force."
/home/mdxuser/Genesis/main/data/picked_up_4/upsampled/D_ROSE_ENGLEWOOD_II_Elastic_hard_upsampled.csv,810,"Gripping mechanism lifting target object, using firm pressure, causing strong-resistance, with rising force."
/home/mdxuser/Genesis/main/data/picked_up_4/upsampled/D_ROSE_ENGLEWOOD_II_Elastic_hard_upsampled.csv,1080,"Gripper twisting item, by an angle of 45.0 degrees, using intense pressure, causing substantial-yielding, with constant force."
/home/mdxuser/Genesis/main/data/picked_up_4/upsampled/D_ROSE_ENGLEWOOD_II_Elastic_hard_upsampled.csv,1350,"End-effector holding position of target object, maintaining a stable hold, using strong contact, causing strong-resistance."
/home/mdxuser/Genesis/main/data/picked_up_4/upsampled/D_ROSE_ENGLEWOOD_II_Elastic_hard_upsampled.csv,1620,"Fingers continue holding position of target object, maintaining a stable hold, using strong contact, causing substantial-yielding."
/home/mdxuser/Genesis/main/data/picked_up_4/upsampled/D_ROSE_ENGLEWOOD_II_Elastic_hard_upsampled.csv,1890,Target object has been released.
/home/mdxuser/Genesis/main/data/picked_up_4/upsampled/D_ROSE_ENGLEWOOD_II_Elastic_hard_upsampled.csv,2160,The object has been let go of.
/home/mdxuser/Genesis/main/data/picked_up_4/upsampled/D_ROSE_ENGLEWOOD_II_Elastic_hard_upsampled.csv,2430,The object has been let go of.
/home/mdxuser/Genesis/main/data/picked_up_4/upsampled/D_ROSE_ENGLEWOOD_II_Elastic_hard_upsampled.csv,2700,Item has been released.
/home/mdxuser/Genesis/main/data/picked_up_4/upsampled/Black_Forest_Fruit_Snacks_Juicy_Filled_Centers_10_pouches_9_oz_total_Elastic_medium_upsampled.csv,0,"Gripper initiating towards the object, to begin the task."
/home/mdxuser/Genesis/main/data/picked_up_4/upsampled/Black_Forest_Fruit_Snacks_Juicy_Filled_Centers_10_pouches_9_oz_total_Elastic_medium_upsampled.csv,270,"End-effector pinching target object, using moderate force, causing steady-resistance, with increasing force."
/home/mdxuser/Genesis/main/data/picked_up_4/upsampled/Black_Forest_Fruit_Snacks_Juicy_Filled_Centers_10_pouches_9_oz_total_Elastic_medium_upsampled.csv,540,"End-effector continue holding item, using moderate force, causing firm-contact, with growing pressure."
/home/mdxuser/Genesis/main/data/picked_up_4/upsampled/Black_Forest_Fruit_Snacks_Juicy_Filled_Centers_10_pouches_9_oz_total_Elastic_medium_upsampled.csv,810,"Gripper elevating item, using steady force, causing medium-deformation, with rising force."
/home/mdxuser/Genesis/main/data/picked_up_4/upsampled/Black_Forest_Fruit_Snacks_Juicy_Filled_Centers_10_pouches_9_oz_total_Elastic_medium_upsampled.csv,1080,"Gripping mechanism twisting the object, by an angle of 45.0 degrees, using controlled pressure, causing controlled-yielding, with unchanging force."
/home/mdxuser/Genesis/main/data/picked_up_4/upsampled/Black_Forest_Fruit_Snacks_Juicy_Filled_Centers_10_pouches_9_oz_total_Elastic_medium_upsampled.csv,1350,"End-effector continue rotating target object, by an angle of 45.0 degrees, using firm contact, causing moderate-compression, with steady pressure."
/home/mdxuser/Genesis/main/data/picked_up_4/upsampled/Black_Forest_Fruit_Snacks_Juicy_Filled_Centers_10_pouches_9_oz_total_Elastic_medium_upsampled.csv,1620,Item has been released.
/home/mdxuser/Genesis/main/data/picked_up_4/upsampled/Black_Forest_Fruit_Snacks_Juicy_Filled_Centers_10_pouches_9_oz_total_Elastic_medium_upsampled.csv,1890,Item has been let go of.
/home/mdxuser/Genesis/main/data/picked_up_4/upsampled/Black_Forest_Fruit_Snacks_Juicy_Filled_Centers_10_pouches_9_oz_total_Elastic_medium_upsampled.csv,2160,The object has been let go of.
/home/mdxuser/Genesis/main/data/picked_up_4/upsampled/Black_Forest_Fruit_Snacks_Juicy_Filled_Centers_10_pouches_9_oz_total_Elastic_medium_upsampled.csv,2430,Item has been released.
/home/mdxuser/Genesis/main/data/picked_up_4/upsampled/Black_Forest_Fruit_Snacks_Juicy_Filled_Centers_10_pouches_9_oz_total_Elastic_medium_upsampled.csv,2700,Item has been dropped.
/home/mdxuser/Genesis/main/data/picked_up_4/upsampled/ASICS_HyperRocketgirl_SP_5_WhiteMalibu_BlueBlack_Elastic_medium_upsampled.csv,0,"Fingers positioning towards target object, to begin the task."
/home/mdxuser/Genesis/main/data/picked_up_4/upsampled/ASICS_HyperRocketgirl_SP_5_WhiteMalibu_BlueBlack_Elastic_medium_upsampled.csv,270,"Gripping mechanism holding target object, using controlled pressure, causing firm-contact, with rising force."
/home/mdxuser/Genesis/main/data/picked_up_4/upsampled/ASICS_HyperRocketgirl_SP_5_WhiteMalibu_BlueBlack_Elastic_medium_upsampled.csv,540,"Gripper continue pinching item, using balanced pressure, causing moderate-compression, with increasing force."
/home/mdxuser/Genesis/main/data/picked_up_4/upsampled/ASICS_HyperRocketgirl_SP_5_WhiteMalibu_BlueBlack_Elastic_medium_upsampled.csv,810,"End-effector elevating item, using controlled pressure, causing balanced-yielding, with growing pressure."
/home/mdxuser/Genesis/main/data/picked_up_4/upsampled/ASICS_HyperRocketgirl_SP_5_WhiteMalibu_BlueBlack_Elastic_medium_upsampled.csv,1080,"Gripping mechanism turning item, by an angle of 30.0 degrees, using controlled pressure, causing balanced-yielding, with steady pressure."
/home/mdxuser/Genesis/main/data/picked_up_4/upsampled/ASICS_HyperRocketgirl_SP_5_WhiteMalibu_BlueBlack_Elastic_medium_upsampled.csv,1350,"Gripper continue twisting item, by an angle of 30.0 degrees, using moderate force, causing firm-contact, with steady pressure."
/home/mdxuser/Genesis/main/data/picked_up_4/upsampled/ASICS_HyperRocketgirl_SP_5_WhiteMalibu_BlueBlack_Elastic_medium_upsampled.csv,1620,"Gripper maintaining hold of target object, maintaining a stable hold, using moderate force, causing firm-contact."
/home/mdxuser/Genesis/main/data/picked_up_4/upsampled/ASICS_HyperRocketgirl_SP_5_WhiteMalibu_BlueBlack_Elastic_medium_upsampled.csv,1890,"End-effector turning target object, by an angle of 45.0 degrees, using controlled pressure, causing balanced-yielding, with steady pressure."
/home/mdxuser/Genesis/main/data/picked_up_4/upsampled/ASICS_HyperRocketgirl_SP_5_WhiteMalibu_BlueBlack_Elastic_medium_upsampled.csv,2160,"End-effector steadying target object, maintaining a stable hold, using firm contact, causing balanced-yielding."
/home/mdxuser/Genesis/main/data/picked_up_4/upsampled/ASICS_HyperRocketgirl_SP_5_WhiteMalibu_BlueBlack_Elastic_medium_upsampled.csv,2430,"Gripping mechanism continue pausing motion of item, maintaining a stable hold, using balanced pressure, causing balanced-yielding."
/home/mdxuser/Genesis/main/data/picked_up_4/upsampled/ASICS_HyperRocketgirl_SP_5_WhiteMalibu_BlueBlack_Elastic_medium_upsampled.csv,2700,"Gripping mechanism coming to rest with item, using zero-pressure, causing maintaining shape."
/home/mdxuser/Genesis/main/data/picked_up_4/upsampled/Jarrow_Glucosamine_Chondroitin_Combination_120_Caps_Elastic_medium_upsampled.csv,0,"End-effector initiating towards target object, to begin the task."
/home/mdxuser/Genesis/main/data/picked_up_4/upsampled/Jarrow_Glucosamine_Chondroitin_Combination_120_Caps_Elastic_medium_upsampled.csv,270,"End-effector securing item, using balanced pressure, causing firm-contact, with rising force."
/home/mdxuser/Genesis/main/data/picked_up_4/upsampled/Jarrow_Glucosamine_Chondroitin_Combination_120_Caps_Elastic_medium_upsampled.csv,540,"Gripping mechanism continue grasping item, using controlled pressure, causing controlled-yielding, with rising force."
/home/mdxuser/Genesis/main/data/picked_up_4/upsampled/Jarrow_Glucosamine_Chondroitin_Combination_120_Caps_Elastic_medium_upsampled.csv,810,"End-effector elevating the object, using moderate force, causing balanced-yielding, with growing pressure."
/home/mdxuser/Genesis/main/data/picked_up_4/upsampled/Jarrow_Glucosamine_Chondroitin_Combination_120_Caps_Elastic_medium_upsampled.csv,1080,"Gripping mechanism turning the object, by an angle of 45.0 degrees, using moderate force, causing firm-contact, with unchanging force."
/home/mdxuser/Genesis/main/data/picked_up_4/upsampled/Jarrow_Glucosamine_Chondroitin_Combination_120_Caps_Elastic_medium_upsampled.csv,1350,"Fingers continue turning target object, by an angle of 45.0 degrees, using moderate force, causing moderate-compression, with steady pressure."
/home/mdxuser/Genesis/main/data/picked_up_4/upsampled/Jarrow_Glucosamine_Chondroitin_Combination_120_Caps_Elastic_medium_upsampled.csv,1620,"Gripper maintaining hold of item, maintaining a stable hold, using steady force, causing balanced-yielding."
/home/mdxuser/Genesis/main/data/picked_up_4/upsampled/Jarrow_Glucosamine_Chondroitin_Combination_120_Caps_Elastic_medium_upsampled.csv,1890,"Fingers twisting the object, by an angle of 30.0 degrees, using firm contact, causing moderate-compression, with steady pressure."
/home/mdxuser/Genesis/main/data/picked_up_4/upsampled/Jarrow_Glucosamine_Chondroitin_Combination_120_Caps_Elastic_medium_upsampled.csv,2160,"End-effector continue rotating target object, by an angle of 30.0 degrees, using controlled pressure, causing medium-deformation, with unchanging force."
/home/mdxuser/Genesis/main/data/picked_up_4/upsampled/Jarrow_Glucosamine_Chondroitin_Combination_120_Caps_Elastic_medium_upsampled.csv,2430,"Gripper maintaining hold of item, maintaining a stable hold, using steady force, causing steady-resistance."
/home/mdxuser/Genesis/main/data/picked_up_4/upsampled/Jarrow_Glucosamine_Chondroitin_Combination_120_Caps_Elastic_medium_upsampled.csv,2700,"Fingers decelerating motion of item, using contactless method, causing form-conservation."
/home/mdxuser/Genesis/main/data/picked_up_4/upsampled/BUNNY_RACER_Elastic_soft_upsampled.csv,0,"Fingers positioning towards the object, to begin the task."
/home/mdxuser/Genesis/main/data/picked_up_4/upsampled/BUNNY_RACER_Elastic_soft_upsampled.csv,270,"End-effector clamping item, using soft contact, causing lightly-yielding, with growing pressure."
/home/mdxuser/Genesis/main/data/picked_up_4/upsampled/BUNNY_RACER_Elastic_soft_upsampled.csv,540,"Fingers continue squeezing target object, using light pressure, causing gentle-compression, with growing pressure."
/home/mdxuser/Genesis/main/data/picked_up_4/upsampled/BUNNY_RACER_Elastic_soft_upsampled.csv,810,"Gripper picking up item, using slight force, causing slight-yielding, with growing pressure."
/home/mdxuser/Genesis/main/data/picked_up_4/upsampled/BUNNY_RACER_Elastic_soft_upsampled.csv,1080,"End-effector twisting the object, by an angle of 45.0 degrees, using subtle force, causing slight-yielding, with constant force."
/home/mdxuser/Genesis/main/data/picked_up_4/upsampled/BUNNY_RACER_Elastic_soft_upsampled.csv,1350,"End-effector continue twisting the object, by an angle of 45.0 degrees, using cushioned pressure, causing minimal-resistance, with steady pressure."
/home/mdxuser/Genesis/main/data/picked_up_4/upsampled/BUNNY_RACER_Elastic_soft_upsampled.csv,1620,"Gripper pausing motion of the object, maintaining a stable hold, using slight force, causing cushioned-contact."
/home/mdxuser/Genesis/main/data/picked_up_4/upsampled/BUNNY_RACER_Elastic_soft_upsampled.csv,1890,"Gripper turning the object, by an angle of 45.0 degrees, using minimal force, causing gentle-compression, with steady pressure."
/home/mdxuser/Genesis/main/data/picked_up_4/upsampled/BUNNY_RACER_Elastic_soft_upsampled.csv,2160,"Gripper holding position of the object, maintaining a stable hold, using soft contact, causing gentle-compression."
/home/mdxuser/Genesis/main/data/picked_up_4/upsampled/BUNNY_RACER_Elastic_soft_upsampled.csv,2430,"Gripper continue pausing motion of the object, maintaining a stable hold, using cushioned pressure, causing soft-deformation."
/home/mdxuser/Genesis/main/data/picked_up_4/upsampled/BUNNY_RACER_Elastic_soft_upsampled.csv,2700,"Fingers slowing down motion of item, using zero-force, causing form-conservation."
/home/mdxuser/Genesis/main/data/picked_up_4/upsampled/adistar_boost_m_Elastic_medium_upsampled.csv,0,"Gripper initiating towards target object, to begin the task."
/home/mdxuser/Genesis/main/data/picked_up_4/upsampled/adistar_boost_m_Elastic_medium_upsampled.csv,270,"Fingers pinching the object, using moderate force, causing steady-resistance, with growing pressure."
/home/mdxuser/Genesis/main/data/picked_up_4/upsampled/adistar_boost_m_Elastic_medium_upsampled.csv,540,"Fingers continue clamping the object, using steady force, causing firm-contact, with increasing force."
/home/mdxuser/Genesis/main/data/picked_up_4/upsampled/adistar_boost_m_Elastic_medium_upsampled.csv,810,"Gripping mechanism elevating target object, using firm contact, causing balanced-yielding, with rising force."
/home/mdxuser/Genesis/main/data/picked_up_4/upsampled/adistar_boost_m_Elastic_medium_upsampled.csv,1080,"End-effector twisting item, by an angle of 30.0 degrees, using steady force, causing moderate-compression, with unchanging force."
/home/mdxuser/Genesis/main/data/picked_up_4/upsampled/adistar_boost_m_Elastic_medium_upsampled.csv,1350,"Gripper continue twisting the object, by an angle of 30.0 degrees, using firm contact, causing medium-deformation, with steady pressure."
/home/mdxuser/Genesis/main/data/picked_up_4/upsampled/adistar_boost_m_Elastic_medium_upsampled.csv,1620,"End-effector holding position of the object, maintaining a stable hold, using balanced pressure, causing balanced-yielding."
/home/mdxuser/Genesis/main/data/picked_up_4/upsampled/adistar_boost_m_Elastic_medium_upsampled.csv,1890,"Gripper twisting item, by an angle of 45.0 degrees, using moderate force, causing moderate-compression, with unchanging force."
/home/mdxuser/Genesis/main/data/picked_up_4/upsampled/adistar_boost_m_Elastic_medium_upsampled.csv,2160,"Gripper continue rotating the object, by an angle of 45.0 degrees, using moderate force, causing steady-resistance, with constant force."
/home/mdxuser/Genesis/main/data/picked_up_4/upsampled/adistar_boost_m_Elastic_medium_upsampled.csv,2430,Item has been dropped.
/home/mdxuser/Genesis/main/data/picked_up_4/upsampled/adistar_boost_m_Elastic_medium_upsampled.csv,2700,Item has been let go of.
/home/mdxuser/Genesis/main/data/picked_up_4/upsampled/ASICS_GELTour_Lyte_WhiteOrchidSilver_Elastic_soft_upsampled.csv,0,"Gripper approaching towards item, to begin the task."
/home/mdxuser/Genesis/main/data/picked_up_4/upsampled/ASICS_GELTour_Lyte_WhiteOrchidSilver_Elastic_soft_upsampled.csv,270,"Gripping mechanism gripping item, using cushioned pressure, causing gentle-compression, with growing pressure."
/home/mdxuser/Genesis/main/data/picked_up_4/upsampled/ASICS_GELTour_Lyte_WhiteOrchidSilver_Elastic_soft_upsampled.csv,540,"End-effector continue holding the object, using light pressure, causing slight-yielding, with growing pressure."
/home/mdxuser/Genesis/main/data/picked_up_4/upsampled/ASICS_GELTour_Lyte_WhiteOrchidSilver_Elastic_soft_upsampled.csv,810,"End-effector picking up the object, using subtle force, causing gentle-compression, with growing pressure."
/home/mdxuser/Genesis/main/data/picked_up_4/upsampled/ASICS_GELTour_Lyte_WhiteOrchidSilver_Elastic_soft_upsampled.csv,1080,"Gripping mechanism turning target object, by an angle of 45.0 degrees, using soft contact, causing soft-deformation, with unchanging force."
/home/mdxuser/Genesis/main/data/picked_up_4/upsampled/ASICS_GELTour_Lyte_WhiteOrchidSilver_Elastic_soft_upsampled.csv,1350,"Fingers steadying item, maintaining a stable hold, using minimal force, causing cushioned-contact."
/home/mdxuser/Genesis/main/data/picked_up_4/upsampled/ASICS_GELTour_Lyte_WhiteOrchidSilver_Elastic_soft_upsampled.csv,1620,"End-effector continue holding position of the object, maintaining a stable hold, using light pressure, causing slight-yielding."
/home/mdxuser/Genesis/main/data/picked_up_4/upsampled/ASICS_GELTour_Lyte_WhiteOrchidSilver_Elastic_soft_upsampled.csv,1890,"End-effector turning the object, by an angle of 45.0 degrees, using light pressure, causing soft-deformation, with constant force."
/home/mdxuser/Genesis/main/data/picked_up_4/upsampled/ASICS_GELTour_Lyte_WhiteOrchidSilver_Elastic_soft_upsampled.csv,2160,The object has been let go of.
/home/mdxuser/Genesis/main/data/picked_up_4/upsampled/ASICS_GELTour_Lyte_WhiteOrchidSilver_Elastic_soft_upsampled.csv,2430,Target object has been released.
/home/mdxuser/Genesis/main/data/picked_up_4/upsampled/ASICS_GELTour_Lyte_WhiteOrchidSilver_Elastic_soft_upsampled.csv,2700,Target object has been released.
/home/mdxuser/Genesis/main/data/picked_up_4/upsampled/3D_Dollhouse_Refrigerator_Elastic_medium_upsampled.csv,0,"Fingers reaching towards item, to begin the task."
/home/mdxuser/Genesis/main/data/picked_up_4/upsampled/3D_Dollhouse_Refrigerator_Elastic_medium_upsampled.csv,270,"Fingers pinching target object, using moderate force, causing medium-deformation, with rising force."
/home/mdxuser/Genesis/main/data/picked_up_4/upsampled/3D_Dollhouse_Refrigerator_Elastic_medium_upsampled.csv,540,"Gripping mechanism continue clamping item, using moderate force, causing moderate-compression, with growing pressure."
/home/mdxuser/Genesis/main/data/picked_up_4/upsampled/3D_Dollhouse_Refrigerator_Elastic_medium_upsampled.csv,810,"Fingers raising target object, using moderate force, causing medium-deformation, with rising force."
/home/mdxuser/Genesis/main/data/picked_up_4/upsampled/3D_Dollhouse_Refrigerator_Elastic_medium_upsampled.csv,1080,"Fingers turning item, by an angle of 30.0 degrees, using balanced pressure, causing moderate-compression, with steady pressure."
/home/mdxuser/Genesis/main/data/picked_up_4/upsampled/3D_Dollhouse_Refrigerator_Elastic_medium_upsampled.csv,1350,"End-effector continue turning the object, by an angle of 30.0 degrees, using balanced pressure, causing firm-contact, with unchanging force."
/home/mdxuser/Genesis/main/data/picked_up_4/upsampled/3D_Dollhouse_Refrigerator_Elastic_medium_upsampled.csv,1620,"Gripping mechanism pausing motion of target object, maintaining a stable hold, using moderate force, causing moderate-compression."
/home/mdxuser/Genesis/main/data/picked_up_4/upsampled/3D_Dollhouse_Refrigerator_Elastic_medium_upsampled.csv,1890,"End-effector rotating target object, by an angle of 45.0 degrees, using moderate force, causing medium-deformation, with constant force."
/home/mdxuser/Genesis/main/data/picked_up_4/upsampled/3D_Dollhouse_Refrigerator_Elastic_medium_upsampled.csv,2160,"Gripper steadying item, maintaining a stable hold, using controlled pressure, causing medium-deformation."
/home/mdxuser/Genesis/main/data/picked_up_4/upsampled/3D_Dollhouse_Refrigerator_Elastic_medium_upsampled.csv,2430,"Gripper continue steadying target object, maintaining a stable hold, using controlled pressure, causing controlled-yielding."
/home/mdxuser/Genesis/main/data/picked_up_4/upsampled/3D_Dollhouse_Refrigerator_Elastic_medium_upsampled.csv,2700,The object has been let go of.
/home/mdxuser/Genesis/main/data/picked_up_4/upsampled/Down_To_Earth_Orchid_Pot_Ceramic_Red_Elastic_hard_upsampled.csv,0,"Gripping mechanism approaching towards the object, to begin the task."
/home/mdxuser/Genesis/main/data/picked_up_4/upsampled/Down_To_Earth_Orchid_Pot_Ceramic_Red_Elastic_hard_upsampled.csv,270,"Gripper clasping item, using firm pressure, causing substantial-yielding, with increasing force."
/home/mdxuser/Genesis/main/data/picked_up_4/upsampled/Down_To_Earth_Orchid_Pot_Ceramic_Red_Elastic_hard_upsampled.csv,540,"Gripping mechanism continue pinching the object, using firm pressure, causing firm-yielding, with increasing force."
/home/mdxuser/Genesis/main/data/picked_up_4/upsampled/Down_To_Earth_Orchid_Pot_Ceramic_Red_Elastic_hard_upsampled.csv,810,"End-effector raising item, using strong contact, causing substantial-yielding, with growing pressure."
/home/mdxuser/Genesis/main/data/picked_up_4/upsampled/Down_To_Earth_Orchid_Pot_Ceramic_Red_Elastic_hard_upsampled.csv,1080,"Gripper twisting item, by an angle of 30.0 degrees, using intense pressure, causing firm-yielding, with unchanging force."
/home/mdxuser/Genesis/main/data/picked_up_4/upsampled/Down_To_Earth_Orchid_Pot_Ceramic_Red_Elastic_hard_upsampled.csv,1350,"Fingers continue twisting target object, by an angle of 30.0 degrees, using significant force, causing rigid-contact, with unchanging force."
/home/mdxuser/Genesis/main/data/picked_up_4/upsampled/Down_To_Earth_Orchid_Pot_Ceramic_Red_Elastic_hard_upsampled.csv,1620,"Gripping mechanism pausing motion of target object, maintaining a stable hold, using strong force, causing firm-yielding."
/home/mdxuser/Genesis/main/data/picked_up_4/upsampled/Down_To_Earth_Orchid_Pot_Ceramic_Red_Elastic_hard_upsampled.csv,1890,"Gripper rotating item, by an angle of 45.0 degrees, using significant force, causing substantial-yielding, with steady pressure."
/home/mdxuser/Genesis/main/data/picked_up_4/upsampled/Down_To_Earth_Orchid_Pot_Ceramic_Red_Elastic_hard_upsampled.csv,2160,"Fingers continue turning the object, by an angle of 45.0 degrees, using heavy force, causing hard-deformation, with unchanging force."
/home/mdxuser/Genesis/main/data/picked_up_4/upsampled/Down_To_Earth_Orchid_Pot_Ceramic_Red_Elastic_hard_upsampled.csv,2430,Item has been let go of.
/home/mdxuser/Genesis/main/data/picked_up_4/upsampled/Down_To_Earth_Orchid_Pot_Ceramic_Red_Elastic_hard_upsampled.csv,2700,Target object has been dropped.
/home/mdxuser/Genesis/main/data/picked_up_4/upsampled/Big_Dot_Pink_Pencil_Case_Elastic_medium_upsampled.csv,0,"Fingers advancing towards the object, to begin the task."
/home/mdxuser/Genesis/main/data/picked_up_4/upsampled/Big_Dot_Pink_Pencil_Case_Elastic_medium_upsampled.csv,270,"Gripper clasping target object, using steady force, causing controlled-yielding, with rising force."
/home/mdxuser/Genesis/main/data/picked_up_4/upsampled/Big_Dot_Pink_Pencil_Case_Elastic_medium_upsampled.csv,540,"Fingers continue squeezing item, using controlled pressure, causing firm-contact, with rising force."
/home/mdxuser/Genesis/main/data/picked_up_4/upsampled/Big_Dot_Pink_Pencil_Case_Elastic_medium_upsampled.csv,810,"End-effector raising the object, using firm contact, causing balanced-yielding, with increasing force."
/home/mdxuser/Genesis/main/data/picked_up_4/upsampled/Big_Dot_Pink_Pencil_Case_Elastic_medium_upsampled.csv,1080,"Gripper twisting the object, by an angle of 30.0 degrees, using controlled pressure, causing firm-contact, with constant force."
/home/mdxuser/Genesis/main/data/picked_up_4/upsampled/Big_Dot_Pink_Pencil_Case_Elastic_medium_upsampled.csv,1350,"Gripping mechanism continue turning target object, by an angle of 30.0 degrees, using controlled pressure, causing balanced-yielding, with constant force."
/home/mdxuser/Genesis/main/data/picked_up_4/upsampled/Big_Dot_Pink_Pencil_Case_Elastic_medium_upsampled.csv,1620,Target object has been dropped.
/home/mdxuser/Genesis/main/data/picked_up_4/upsampled/Big_Dot_Pink_Pencil_Case_Elastic_medium_upsampled.csv,1890,Item has been dropped.
/home/mdxuser/Genesis/main/data/picked_up_4/upsampled/Big_Dot_Pink_Pencil_Case_Elastic_medium_upsampled.csv,2160,The object has been let go of.
/home/mdxuser/Genesis/main/data/picked_up_4/upsampled/Big_Dot_Pink_Pencil_Case_Elastic_medium_upsampled.csv,2430,Item has been dropped.
/home/mdxuser/Genesis/main/data/picked_up_4/upsampled/Big_Dot_Pink_Pencil_Case_Elastic_medium_upsampled.csv,2700,Target object has been let go of.
/home/mdxuser/Genesis/main/data/picked_up_4/upsampled/Android_Figure_Chrome_Elastic_hard_upsampled.csv,0,"End-effector positioning towards the object, to begin the task."
/home/mdxuser/Genesis/main/data/picked_up_4/upsampled/Android_Figure_Chrome_Elastic_hard_upsampled.csv,270,"End-effector capturing item, using heavy force, causing significant-compression, with rising force."
/home/mdxuser/Genesis/main/data/picked_up_4/upsampled/Android_Figure_Chrome_Elastic_hard_upsampled.csv,540,"Fingers continue securing the object, using strong contact, causing hard-deformation, with rising force."
/home/mdxuser/Genesis/main/data/picked_up_4/upsampled/Android_Figure_Chrome_Elastic_hard_upsampled.csv,810,"Gripping mechanism raising the object, using firm pressure, causing hard-deformation, with increasing force."
/home/mdxuser/Genesis/main/data/picked_up_4/upsampled/Android_Figure_Chrome_Elastic_hard_upsampled.csv,1080,"Fingers rotating target object, by an angle of 30.0 degrees, using strong force, causing strong-resistance, with constant force."
/home/mdxuser/Genesis/main/data/picked_up_4/upsampled/Android_Figure_Chrome_Elastic_hard_upsampled.csv,1350,"Fingers continue rotating the object, by an angle of 30.0 degrees, using firm pressure, causing significant-compression, with unchanging force."
/home/mdxuser/Genesis/main/data/picked_up_4/upsampled/Android_Figure_Chrome_Elastic_hard_upsampled.csv,1620,"Gripper pausing motion of target object, maintaining a stable hold, using significant force, causing hard-deformation."
/home/mdxuser/Genesis/main/data/picked_up_4/upsampled/Android_Figure_Chrome_Elastic_hard_upsampled.csv,1890,"Fingers twisting target object, by an angle of 30.0 degrees, using firm pressure, causing hard-deformation, with constant force."
/home/mdxuser/Genesis/main/data/picked_up_4/upsampled/Android_Figure_Chrome_Elastic_hard_upsampled.csv,2160,"End-effector continue turning target object, by an angle of 30.0 degrees, using firm pressure, causing substantial-yielding, with unchanging force."
/home/mdxuser/Genesis/main/data/picked_up_4/upsampled/Android_Figure_Chrome_Elastic_hard_upsampled.csv,2430,"End-effector maintaining hold of target object, maintaining a stable hold, using firm pressure, causing strong-resistance."
/home/mdxuser/Genesis/main/data/picked_up_4/upsampled/Android_Figure_Chrome_Elastic_hard_upsampled.csv,2700,"End-effector coming to rest with target object, using zero-force, causing undeformed shape."
/home/mdxuser/Genesis/main/data/picked_up_4/upsampled/Dell_Series_9_Color_Ink_Cartridge_MK993_High_Yield_Elastic_soft_upsampled.csv,0,"Fingers positioning towards item, to begin the task."
/home/mdxuser/Genesis/main/data/picked_up_4/upsampled/Dell_Series_9_Color_Ink_Cartridge_MK993_High_Yield_Elastic_soft_upsampled.csv,270,"Fingers pinching item, using slight force, causing cushioned-contact, with growing pressure."
/home/mdxuser/Genesis/main/data/picked_up_4/upsampled/Dell_Series_9_Color_Ink_Cartridge_MK993_High_Yield_Elastic_soft_upsampled.csv,540,"Fingers continue clasping target object, using minimal force, causing soft-deformation, with increasing force."
/home/mdxuser/Genesis/main/data/picked_up_4/upsampled/Dell_Series_9_Color_Ink_Cartridge_MK993_High_Yield_Elastic_soft_upsampled.csv,810,"Gripping mechanism picking up target object, using light pressure, causing cushioned-contact, with growing pressure."
/home/mdxuser/Genesis/main/data/picked_up_4/upsampled/Dell_Series_9_Color_Ink_Cartridge_MK993_High_Yield_Elastic_soft_upsampled.csv,1080,"Gripping mechanism twisting target object, by an angle of 45.0 degrees, using gentle force, causing minimal-resistance, with steady pressure."
/home/mdxuser/Genesis/main/data/picked_up_4/upsampled/Dell_Series_9_Color_Ink_Cartridge_MK993_High_Yield_Elastic_soft_upsampled.csv,1350,"Fingers pausing motion of the object, maintaining a stable hold, using minimal force, causing slight-yielding."
/home/mdxuser/Genesis/main/data/picked_up_4/upsampled/Dell_Series_9_Color_Ink_Cartridge_MK993_High_Yield_Elastic_soft_upsampled.csv,1620,"Gripper continue maintaining hold of item, maintaining a stable hold, using gentle force, causing gentle-compression."
/home/mdxuser/Genesis/main/data/picked_up_4/upsampled/Dell_Series_9_Color_Ink_Cartridge_MK993_High_Yield_Elastic_soft_upsampled.csv,1890,"End-effector twisting item, by an angle of 30.0 degrees, using light pressure, causing slight-yielding, with constant force."
/home/mdxuser/Genesis/main/data/picked_up_4/upsampled/Dell_Series_9_Color_Ink_Cartridge_MK993_High_Yield_Elastic_soft_upsampled.csv,2160,"Gripper continue twisting the object, by an angle of 30.0 degrees, using gentle force, causing slight-yielding, with unchanging force."
/home/mdxuser/Genesis/main/data/picked_up_4/upsampled/Dell_Series_9_Color_Ink_Cartridge_MK993_High_Yield_Elastic_soft_upsampled.csv,2430,"Gripper steadying the object, maintaining a stable hold, using gentle force, causing minimal-resistance."
/home/mdxuser/Genesis/main/data/picked_up_4/upsampled/Dell_Series_9_Color_Ink_Cartridge_MK993_High_Yield_Elastic_soft_upsampled.csv,2700,Target object has been let go of.
/home/mdxuser/Genesis/main/data/picked_up_4/upsampled/Mens_Mako_Canoe_Moc_2Eye_Boat_Shoe_in_OysterTaupe_otyRrfvPMiA_Elastic_soft_upsampled.csv,0,"Gripping mechanism aligning towards item, to begin the task."
/home/mdxuser/Genesis/main/data/picked_up_4/upsampled/Mens_Mako_Canoe_Moc_2Eye_Boat_Shoe_in_OysterTaupe_otyRrfvPMiA_Elastic_soft_upsampled.csv,270,"Fingers pinching item, using minimal force, causing gentle-compression, with increasing force."
/home/mdxuser/Genesis/main/data/picked_up_4/upsampled/Mens_Mako_Canoe_Moc_2Eye_Boat_Shoe_in_OysterTaupe_otyRrfvPMiA_Elastic_soft_upsampled.csv,540,"Gripping mechanism continue squeezing target object, using subtle force, causing soft-deformation, with increasing force."
/home/mdxuser/Genesis/main/data/picked_up_4/upsampled/Mens_Mako_Canoe_Moc_2Eye_Boat_Shoe_in_OysterTaupe_otyRrfvPMiA_Elastic_soft_upsampled.csv,810,"Fingers raising item, using slight force, causing soft-deformation, with rising force."
/home/mdxuser/Genesis/main/data/picked_up_4/upsampled/Mens_Mako_Canoe_Moc_2Eye_Boat_Shoe_in_OysterTaupe_otyRrfvPMiA_Elastic_soft_upsampled.csv,1080,"Fingers twisting the object, by an angle of 45.0 degrees, using subtle force, causing soft-deformation, with unchanging force."
/home/mdxuser/Genesis/main/data/picked_up_4/upsampled/Mens_Mako_Canoe_Moc_2Eye_Boat_Shoe_in_OysterTaupe_otyRrfvPMiA_Elastic_soft_upsampled.csv,1350,"Fingers continue turning the object, by an angle of 45.0 degrees, using minimal force, causing gentle-compression, with constant force."
/home/mdxuser/Genesis/main/data/picked_up_4/upsampled/Mens_Mako_Canoe_Moc_2Eye_Boat_Shoe_in_OysterTaupe_otyRrfvPMiA_Elastic_soft_upsampled.csv,1620,The object has been dropped.
/home/mdxuser/Genesis/main/data/picked_up_4/upsampled/Mens_Mako_Canoe_Moc_2Eye_Boat_Shoe_in_OysterTaupe_otyRrfvPMiA_Elastic_soft_upsampled.csv,1890,The object has been released.
/home/mdxuser/Genesis/main/data/picked_up_4/upsampled/Mens_Mako_Canoe_Moc_2Eye_Boat_Shoe_in_OysterTaupe_otyRrfvPMiA_Elastic_soft_upsampled.csv,2160,Target object has been released.
/home/mdxuser/Genesis/main/data/picked_up_4/upsampled/Mens_Mako_Canoe_Moc_2Eye_Boat_Shoe_in_OysterTaupe_otyRrfvPMiA_Elastic_soft_upsampled.csv,2430,Item has been released.
/home/mdxuser/Genesis/main/data/picked_up_4/upsampled/Mens_Mako_Canoe_Moc_2Eye_Boat_Shoe_in_OysterTaupe_otyRrfvPMiA_Elastic_soft_upsampled.csv,2700,Target object has been let go of.
/home/mdxuser/Genesis/main/data/picked_up_4/upsampled/Bifidus_Balance_FOS_Elastic_hard_upsampled.csv,0,"Fingers reaching towards target object, to begin the task."
/home/mdxuser/Genesis/main/data/picked_up_4/upsampled/Bifidus_Balance_FOS_Elastic_hard_upsampled.csv,270,"Gripping mechanism holding item, using significant force, causing hard-deformation, with growing pressure."
/home/mdxuser/Genesis/main/data/picked_up_4/upsampled/Bifidus_Balance_FOS_Elastic_hard_upsampled.csv,540,"Gripping mechanism continue squeezing target object, using heavy force, causing hard-deformation, with rising force."
/home/mdxuser/Genesis/main/data/picked_up_4/upsampled/Bifidus_Balance_FOS_Elastic_hard_upsampled.csv,810,"End-effector lifting the object, using intense pressure, causing strong-resistance, with rising force."
/home/mdxuser/Genesis/main/data/picked_up_4/upsampled/Bifidus_Balance_FOS_Elastic_hard_upsampled.csv,1080,"End-effector rotating item, by an angle of 45.0 degrees, using significant force, causing significant-compression, with steady pressure."
/home/mdxuser/Genesis/main/data/picked_up_4/upsampled/Bifidus_Balance_FOS_Elastic_hard_upsampled.csv,1350,"Gripper continue rotating item, by an angle of 45.0 degrees, using strong contact, causing firm-yielding, with unchanging force."
/home/mdxuser/Genesis/main/data/picked_up_4/upsampled/Bifidus_Balance_FOS_Elastic_hard_upsampled.csv,1620,Item has been released.
/home/mdxuser/Genesis/main/data/picked_up_4/upsampled/Bifidus_Balance_FOS_Elastic_hard_upsampled.csv,1890,The object has been released.
/home/mdxuser/Genesis/main/data/picked_up_4/upsampled/Bifidus_Balance_FOS_Elastic_hard_upsampled.csv,2160,Target object has been let go of.
/home/mdxuser/Genesis/main/data/picked_up_4/upsampled/Bifidus_Balance_FOS_Elastic_hard_upsampled.csv,2430,The object has been let go of.
/home/mdxuser/Genesis/main/data/picked_up_4/upsampled/Bifidus_Balance_FOS_Elastic_hard_upsampled.csv,2700,Item has been dropped.
/home/mdxuser/Genesis/main/data/picked_up_4/upsampled/ASICS_GELBlur33_20_GS_BlackWhiteSafety_Orange_Elastic_medium_upsampled.csv,0,"End-effector initiating towards item, to begin the task."
/home/mdxuser/Genesis/main/data/picked_up_4/upsampled/ASICS_GELBlur33_20_GS_BlackWhiteSafety_Orange_Elastic_medium_upsampled.csv,270,"Gripper clamping the object, using balanced pressure, causing balanced-yielding, with rising force."
/home/mdxuser/Genesis/main/data/picked_up_4/upsampled/ASICS_GELBlur33_20_GS_BlackWhiteSafety_Orange_Elastic_medium_upsampled.csv,540,"End-effector continue capturing the object, using balanced pressure, causing medium-deformation, with growing pressure."
/home/mdxuser/Genesis/main/data/picked_up_4/upsampled/ASICS_GELBlur33_20_GS_BlackWhiteSafety_Orange_Elastic_medium_upsampled.csv,810,"Fingers raising target object, using balanced pressure, causing medium-deformation, with growing pressure."
/home/mdxuser/Genesis/main/data/picked_up_4/upsampled/ASICS_GELBlur33_20_GS_BlackWhiteSafety_Orange_Elastic_medium_upsampled.csv,1080,"Gripper rotating item, by an angle of 45.0 degrees, using balanced pressure, causing medium-deformation, with unchanging force."
/home/mdxuser/Genesis/main/data/picked_up_4/upsampled/ASICS_GELBlur33_20_GS_BlackWhiteSafety_Orange_Elastic_medium_upsampled.csv,1350,"Gripper steadying the object, maintaining a stable hold, using controlled pressure, causing firm-contact."
/home/mdxuser/Genesis/main/data/picked_up_4/upsampled/ASICS_GELBlur33_20_GS_BlackWhiteSafety_Orange_Elastic_medium_upsampled.csv,1620,"End-effector continue steadying the object, maintaining a stable hold, using controlled pressure, causing medium-deformation."
/home/mdxuser/Genesis/main/data/picked_up_4/upsampled/ASICS_GELBlur33_20_GS_BlackWhiteSafety_Orange_Elastic_medium_upsampled.csv,1890,"Fingers rotating the object, by an angle of 45.0 degrees, using steady force, causing medium-deformation, with unchanging force."
/home/mdxuser/Genesis/main/data/picked_up_4/upsampled/ASICS_GELBlur33_20_GS_BlackWhiteSafety_Orange_Elastic_medium_upsampled.csv,2160,"Gripping mechanism steadying target object, maintaining a stable hold, using moderate force, causing medium-deformation."
/home/mdxuser/Genesis/main/data/picked_up_4/upsampled/ASICS_GELBlur33_20_GS_BlackWhiteSafety_Orange_Elastic_medium_upsampled.csv,2430,"End-effector continue maintaining hold of item, maintaining a stable hold, using steady force, causing medium-deformation."
/home/mdxuser/Genesis/main/data/picked_up_4/upsampled/ASICS_GELBlur33_20_GS_BlackWhiteSafety_Orange_Elastic_medium_upsampled.csv,2700,"Gripper decelerating motion of item, using forceless methods, causing unyielding."
/home/mdxuser/Genesis/main/data/picked_up_4/upsampled/Arm_Hammer_Diaper_Pail_Refills_12_Pack_MFWkmoweejt_Elastic_hard_upsampled.csv,0,"End-effector approaching towards target object, to begin the task."
/home/mdxuser/Genesis/main/data/picked_up_4/upsampled/Arm_Hammer_Diaper_Pail_Refills_12_Pack_MFWkmoweejt_Elastic_hard_upsampled.csv,270,"Gripper holding item, using significant force, causing hard-deformation, with growing pressure."
/home/mdxuser/Genesis/main/data/picked_up_4/upsampled/Arm_Hammer_Diaper_Pail_Refills_12_Pack_MFWkmoweejt_Elastic_hard_upsampled.csv,540,"End-effector continue clamping target object, using firm pressure, causing strong-resistance, with rising force."
/home/mdxuser/Genesis/main/data/picked_up_4/upsampled/Arm_Hammer_Diaper_Pail_Refills_12_Pack_MFWkmoweejt_Elastic_hard_upsampled.csv,810,"End-effector raising target object, using firm pressure, causing rigid-contact, with increasing force."
/home/mdxuser/Genesis/main/data/picked_up_4/upsampled/Arm_Hammer_Diaper_Pail_Refills_12_Pack_MFWkmoweejt_Elastic_hard_upsampled.csv,1080,"End-effector twisting target object, by an angle of 30.0 degrees, using firm pressure, causing hard-deformation, with steady pressure."
/home/mdxuser/Genesis/main/data/picked_up_4/upsampled/Arm_Hammer_Diaper_Pail_Refills_12_Pack_MFWkmoweejt_Elastic_hard_upsampled.csv,1350,"Gripper continue turning item, by an angle of 30.0 degrees, using strong force, causing hard-deformation, with unchanging force."
/home/mdxuser/Genesis/main/data/picked_up_4/upsampled/Arm_Hammer_Diaper_Pail_Refills_12_Pack_MFWkmoweejt_Elastic_hard_upsampled.csv,1620,"Gripper steadying item, maintaining a stable hold, using heavy force, causing significant-compression."
/home/mdxuser/Genesis/main/data/picked_up_4/upsampled/Arm_Hammer_Diaper_Pail_Refills_12_Pack_MFWkmoweejt_Elastic_hard_upsampled.csv,1890,"Gripper rotating the object, by an angle of 30.0 degrees, using strong force, causing substantial-yielding, with steady pressure."
/home/mdxuser/Genesis/main/data/picked_up_4/upsampled/Arm_Hammer_Diaper_Pail_Refills_12_Pack_MFWkmoweejt_Elastic_hard_upsampled.csv,2160,"End-effector continue turning the object, by an angle of 30.0 degrees, using firm pressure, causing substantial-yielding, with unchanging force."
/home/mdxuser/Genesis/main/data/picked_up_4/upsampled/Arm_Hammer_Diaper_Pail_Refills_12_Pack_MFWkmoweejt_Elastic_hard_upsampled.csv,2430,"Fingers steadying item, maintaining a stable hold, using significant force, causing hard-deformation."
/home/mdxuser/Genesis/main/data/picked_up_4/upsampled/Arm_Hammer_Diaper_Pail_Refills_12_Pack_MFWkmoweejt_Elastic_hard_upsampled.csv,2700,Target object has been dropped.
/home/mdxuser/Genesis/main/data/picked_up_4/upsampled/Crayola_Model_Magic_Modeling_Material_Single_Packs_6_pack_05_oz_packs_Elastic_medium_upsampled.csv,0,"Gripper preparing towards target object, to begin the task."
/home/mdxuser/Genesis/main/data/picked_up_4/upsampled/Crayola_Model_Magic_Modeling_Material_Single_Packs_6_pack_05_oz_packs_Elastic_medium_upsampled.csv,270,"Gripping mechanism grasping the object, using firm contact, causing firm-contact, with increasing force."
/home/mdxuser/Genesis/main/data/picked_up_4/upsampled/Crayola_Model_Magic_Modeling_Material_Single_Packs_6_pack_05_oz_packs_Elastic_medium_upsampled.csv,540,"Fingers continue holding item, using balanced pressure, causing moderate-compression, with rising force."
/home/mdxuser/Genesis/main/data/picked_up_4/upsampled/Crayola_Model_Magic_Modeling_Material_Single_Packs_6_pack_05_oz_packs_Elastic_medium_upsampled.csv,810,"Fingers picking up the object, using moderate force, causing steady-resistance, with increasing force."
/home/mdxuser/Genesis/main/data/picked_up_4/upsampled/Crayola_Model_Magic_Modeling_Material_Single_Packs_6_pack_05_oz_packs_Elastic_medium_upsampled.csv,1080,"Fingers turning item, by an angle of 30.0 degrees, using firm contact, causing medium-deformation, with steady pressure."
/home/mdxuser/Genesis/main/data/picked_up_4/upsampled/Crayola_Model_Magic_Modeling_Material_Single_Packs_6_pack_05_oz_packs_Elastic_medium_upsampled.csv,1350,"Gripper continue rotating the object, by an angle of 30.0 degrees, using balanced pressure, causing medium-deformation, with steady pressure."
/home/mdxuser/Genesis/main/data/picked_up_4/upsampled/Crayola_Model_Magic_Modeling_Material_Single_Packs_6_pack_05_oz_packs_Elastic_medium_upsampled.csv,1620,"Fingers pausing motion of the object, maintaining a stable hold, using balanced pressure, causing balanced-yielding."
/home/mdxuser/Genesis/main/data/picked_up_4/upsampled/Crayola_Model_Magic_Modeling_Material_Single_Packs_6_pack_05_oz_packs_Elastic_medium_upsampled.csv,1890,"Gripper twisting target object, by an angle of 45.0 degrees, using moderate force, causing balanced-yielding, with unchanging force."
/home/mdxuser/Genesis/main/data/picked_up_4/upsampled/Crayola_Model_Magic_Modeling_Material_Single_Packs_6_pack_05_oz_packs_Elastic_medium_upsampled.csv,2160,The object has been released.
/home/mdxuser/Genesis/main/data/picked_up_4/upsampled/Crayola_Model_Magic_Modeling_Material_Single_Packs_6_pack_05_oz_packs_Elastic_medium_upsampled.csv,2430,The object has been released.
/home/mdxuser/Genesis/main/data/picked_up_4/upsampled/Crayola_Model_Magic_Modeling_Material_Single_Packs_6_pack_05_oz_packs_Elastic_medium_upsampled.csv,2700,The object has been let go of.
/home/mdxuser/Genesis/main/data/picked_up_4/upsampled/BIA_Cordon_Bleu_White_Porcelain_Utensil_Holder_900028_Elastic_soft_upsampled.csv,0,"Gripping mechanism approaching towards item, to begin the task."
/home/mdxuser/Genesis/main/data/picked_up_4/upsampled/BIA_Cordon_Bleu_White_Porcelain_Utensil_Holder_900028_Elastic_soft_upsampled.csv,270,"End-effector capturing the object, using slight force, causing soft-deformation, with increasing force."
/home/mdxuser/Genesis/main/data/picked_up_4/upsampled/BIA_Cordon_Bleu_White_Porcelain_Utensil_Holder_900028_Elastic_soft_upsampled.csv,540,"End-effector continue pinching target object, using cushioned pressure, causing cushioned-contact, with rising force."
/home/mdxuser/Genesis/main/data/picked_up_4/upsampled/BIA_Cordon_Bleu_White_Porcelain_Utensil_Holder_900028_Elastic_soft_upsampled.csv,810,"Gripper lifting item, using gentle force, causing soft-deformation, with growing pressure."
/home/mdxuser/Genesis/main/data/picked_up_4/upsampled/BIA_Cordon_Bleu_White_Porcelain_Utensil_Holder_900028_Elastic_soft_upsampled.csv,1080,"Fingers turning the object, by an angle of 45.0 degrees, using light pressure, causing cushioned-contact, with steady pressure."
/home/mdxuser/Genesis/main/data/picked_up_4/upsampled/BIA_Cordon_Bleu_White_Porcelain_Utensil_Holder_900028_Elastic_soft_upsampled.csv,1350,"Gripping mechanism continue turning target object, by an angle of 45.0 degrees, using subtle force, causing gentle-compression, with constant force."
/home/mdxuser/Genesis/main/data/picked_up_4/upsampled/BIA_Cordon_Bleu_White_Porcelain_Utensil_Holder_900028_Elastic_soft_upsampled.csv,1620,Item has been released.
/home/mdxuser/Genesis/main/data/picked_up_4/upsampled/BIA_Cordon_Bleu_White_Porcelain_Utensil_Holder_900028_Elastic_soft_upsampled.csv,1890,Target object has been released.
/home/mdxuser/Genesis/main/data/picked_up_4/upsampled/BIA_Cordon_Bleu_White_Porcelain_Utensil_Holder_900028_Elastic_soft_upsampled.csv,2160,Target object has been let go of.
/home/mdxuser/Genesis/main/data/picked_up_4/upsampled/BIA_Cordon_Bleu_White_Porcelain_Utensil_Holder_900028_Elastic_soft_upsampled.csv,2430,Target object has been let go of.
/home/mdxuser/Genesis/main/data/picked_up_4/upsampled/BIA_Cordon_Bleu_White_Porcelain_Utensil_Holder_900028_Elastic_soft_upsampled.csv,2700,Target object has been released.
/home/mdxuser/Genesis/main/data/picked_up_4/upsampled/Cole_Hardware_Antislip_Surfacing_Material_White_Elastic_soft_upsampled.csv,0,"Gripping mechanism positioning towards the object, to begin the task."
/home/mdxuser/Genesis/main/data/picked_up_4/upsampled/Cole_Hardware_Antislip_Surfacing_Material_White_Elastic_soft_upsampled.csv,270,"Gripper securing item, using light pressure, causing lightly-yielding, with growing pressure."
/home/mdxuser/Genesis/main/data/picked_up_4/upsampled/Cole_Hardware_Antislip_Surfacing_Material_White_Elastic_soft_upsampled.csv,540,"Gripping mechanism continue clasping target object, using soft contact, causing lightly-yielding, with rising force."
/home/mdxuser/Genesis/main/data/picked_up_4/upsampled/Cole_Hardware_Antislip_Surfacing_Material_White_Elastic_soft_upsampled.csv,810,"Fingers raising target object, using light pressure, causing cushioned-contact, with growing pressure."
/home/mdxuser/Genesis/main/data/picked_up_4/upsampled/Cole_Hardware_Antislip_Surfacing_Material_White_Elastic_soft_upsampled.csv,1080,"Gripper turning item, by an angle of 45.0 degrees, using cushioned pressure, causing soft-deformation, with unchanging force."
/home/mdxuser/Genesis/main/data/picked_up_4/upsampled/Cole_Hardware_Antislip_Surfacing_Material_White_Elastic_soft_upsampled.csv,1350,"Fingers holding position of item, maintaining a stable hold, using light pressure, causing slight-yielding."
/home/mdxuser/Genesis/main/data/picked_up_4/upsampled/Cole_Hardware_Antislip_Surfacing_Material_White_Elastic_soft_upsampled.csv,1620,"Gripping mechanism continue pausing motion of the object, maintaining a stable hold, using soft contact, causing lightly-yielding."
/home/mdxuser/Genesis/main/data/picked_up_4/upsampled/Cole_Hardware_Antislip_Surfacing_Material_White_Elastic_soft_upsampled.csv,1890,"Gripper twisting item, by an angle of 45.0 degrees, using subtle force, causing minimal-resistance, with unchanging force."
/home/mdxuser/Genesis/main/data/picked_up_4/upsampled/Cole_Hardware_Antislip_Surfacing_Material_White_Elastic_soft_upsampled.csv,2160,Item has been dropped.
/home/mdxuser/Genesis/main/data/picked_up_4/upsampled/Cole_Hardware_Antislip_Surfacing_Material_White_Elastic_soft_upsampled.csv,2430,The object has been let go of.
/home/mdxuser/Genesis/main/data/picked_up_4/upsampled/Cole_Hardware_Antislip_Surfacing_Material_White_Elastic_soft_upsampled.csv,2700,The object has been released.
/home/mdxuser/Genesis/main/data/picked_up_4/upsampled/Android_Figure_Chrome_Elastic_medium_upsampled.csv,0,"End-effector advancing towards item, to begin the task."
/home/mdxuser/Genesis/main/data/picked_up_4/upsampled/Android_Figure_Chrome_Elastic_medium_upsampled.csv,270,"Gripping mechanism grasping the object, using steady force, causing controlled-yielding, with growing pressure."
/home/mdxuser/Genesis/main/data/picked_up_4/upsampled/Android_Figure_Chrome_Elastic_medium_upsampled.csv,540,"Fingers continue clamping the object, using controlled pressure, causing steady-resistance, with increasing force."
/home/mdxuser/Genesis/main/data/picked_up_4/upsampled/Android_Figure_Chrome_Elastic_medium_upsampled.csv,810,"Gripper picking up the object, using controlled pressure, causing medium-deformation, with increasing force."
/home/mdxuser/Genesis/main/data/picked_up_4/upsampled/Android_Figure_Chrome_Elastic_medium_upsampled.csv,1080,"Gripping mechanism turning item, by an angle of 45.0 degrees, using balanced pressure, causing steady-resistance, with unchanging force."
/home/mdxuser/Genesis/main/data/picked_up_4/upsampled/Android_Figure_Chrome_Elastic_medium_upsampled.csv,1350,"Fingers continue twisting the object, by an angle of 45.0 degrees, using balanced pressure, causing controlled-yielding, with steady pressure."
/home/mdxuser/Genesis/main/data/picked_up_4/upsampled/Android_Figure_Chrome_Elastic_medium_upsampled.csv,1620,"Gripper maintaining hold of the object, maintaining a stable hold, using steady force, causing balanced-yielding."
/home/mdxuser/Genesis/main/data/picked_up_4/upsampled/Android_Figure_Chrome_Elastic_medium_upsampled.csv,1890,"End-effector twisting the object, by an angle of 45.0 degrees, using steady force, causing steady-resistance, with unchanging force."
/home/mdxuser/Genesis/main/data/picked_up_4/upsampled/Android_Figure_Chrome_Elastic_medium_upsampled.csv,2160,"End-effector pausing motion of the object, maintaining a stable hold, using controlled pressure, causing medium-deformation."
/home/mdxuser/Genesis/main/data/picked_up_4/upsampled/Android_Figure_Chrome_Elastic_medium_upsampled.csv,2430,"Gripper continue holding position of target object, maintaining a stable hold, using balanced pressure, causing firm-contact."
/home/mdxuser/Genesis/main/data/picked_up_4/upsampled/Android_Figure_Chrome_Elastic_medium_upsampled.csv,2700,Item has been let go of.
/home/mdxuser/Genesis/main/data/picked_up_4/upsampled/5_HTP_Elastic_medium_upsampled.csv,0,"Gripper approaching towards target object, to begin the task."
/home/mdxuser/Genesis/main/data/picked_up_4/upsampled/5_HTP_Elastic_medium_upsampled.csv,270,"Fingers pinching target object, using moderate force, causing balanced-yielding, with growing pressure."
/home/mdxuser/Genesis/main/data/picked_up_4/upsampled/5_HTP_Elastic_medium_upsampled.csv,540,"Gripping mechanism continue clasping the object, using balanced pressure, causing steady-resistance, with growing pressure."
/home/mdxuser/Genesis/main/data/picked_up_4/upsampled/5_HTP_Elastic_medium_upsampled.csv,810,"Fingers lifting the object, using moderate force, causing steady-resistance, with increasing force."
/home/mdxuser/Genesis/main/data/picked_up_4/upsampled/5_HTP_Elastic_medium_upsampled.csv,1080,"Gripping mechanism twisting target object, by an angle of 30.0 degrees, using moderate force, causing medium-deformation, with constant force."
/home/mdxuser/Genesis/main/data/picked_up_4/upsampled/5_HTP_Elastic_medium_upsampled.csv,1350,"Fingers continue twisting item, by an angle of 30.0 degrees, using steady force, causing steady-resistance, with constant force."
/home/mdxuser/Genesis/main/data/picked_up_4/upsampled/5_HTP_Elastic_medium_upsampled.csv,1620,"End-effector steadying target object, maintaining a stable hold, using balanced pressure, causing balanced-yielding."
/home/mdxuser/Genesis/main/data/picked_up_4/upsampled/5_HTP_Elastic_medium_upsampled.csv,1890,"Gripper rotating item, by an angle of 45.0 degrees, using moderate force, causing moderate-compression, with unchanging force."
/home/mdxuser/Genesis/main/data/picked_up_4/upsampled/5_HTP_Elastic_medium_upsampled.csv,2160,"Fingers continue rotating item, by an angle of 45.0 degrees, using steady force, causing moderate-compression, with steady pressure."
/home/mdxuser/Genesis/main/data/picked_up_4/upsampled/5_HTP_Elastic_medium_upsampled.csv,2430,"Gripping mechanism maintaining hold of the object, maintaining a stable hold, using balanced pressure, causing moderate-compression."
/home/mdxuser/Genesis/main/data/picked_up_4/upsampled/5_HTP_Elastic_medium_upsampled.csv,2700,"Fingers coming to rest with item, using forceless methods, causing shape-conservation."
/home/mdxuser/Genesis/main/data/picked_up_4/upsampled/Crayola_Washable_Sidewalk_Chalk_16_pack_Elastic_medium_upsampled.csv,0,"Gripping mechanism aligning towards the object, to begin the task."
/home/mdxuser/Genesis/main/data/picked_up_4/upsampled/Crayola_Washable_Sidewalk_Chalk_16_pack_Elastic_medium_upsampled.csv,270,"Gripping mechanism gripping item, using firm contact, causing moderate-compression, with growing pressure."
/home/mdxuser/Genesis/main/data/picked_up_4/upsampled/Crayola_Washable_Sidewalk_Chalk_16_pack_Elastic_medium_upsampled.csv,540,"Gripper continue clamping target object, using balanced pressure, causing controlled-yielding, with growing pressure."
/home/mdxuser/Genesis/main/data/picked_up_4/upsampled/Crayola_Washable_Sidewalk_Chalk_16_pack_Elastic_medium_upsampled.csv,810,"Fingers picking up the object, using firm contact, causing balanced-yielding, with rising force."
/home/mdxuser/Genesis/main/data/picked_up_4/upsampled/Crayola_Washable_Sidewalk_Chalk_16_pack_Elastic_medium_upsampled.csv,1080,"Fingers rotating target object, by an angle of 45.0 degrees, using moderate force, causing moderate-compression, with constant force."
/home/mdxuser/Genesis/main/data/picked_up_4/upsampled/Crayola_Washable_Sidewalk_Chalk_16_pack_Elastic_medium_upsampled.csv,1350,"Fingers steadying item, maintaining a stable hold, using firm contact, causing balanced-yielding."
/home/mdxuser/Genesis/main/data/picked_up_4/upsampled/Crayola_Washable_Sidewalk_Chalk_16_pack_Elastic_medium_upsampled.csv,1620,"Gripping mechanism continue holding position of target object, maintaining a stable hold, using steady force, causing controlled-yielding."
/home/mdxuser/Genesis/main/data/picked_up_4/upsampled/Crayola_Washable_Sidewalk_Chalk_16_pack_Elastic_medium_upsampled.csv,1890,The object has been released.
/home/mdxuser/Genesis/main/data/picked_up_4/upsampled/Crayola_Washable_Sidewalk_Chalk_16_pack_Elastic_medium_upsampled.csv,2160,Target object has been dropped.
/home/mdxuser/Genesis/main/data/picked_up_4/upsampled/Crayola_Washable_Sidewalk_Chalk_16_pack_Elastic_medium_upsampled.csv,2430,Item has been released.
/home/mdxuser/Genesis/main/data/picked_up_4/upsampled/Crayola_Washable_Sidewalk_Chalk_16_pack_Elastic_medium_upsampled.csv,2700,The object has been let go of.
/home/mdxuser/Genesis/main/data/picked_up_4/upsampled/50_BLOCKS_Elastic_soft_upsampled.csv,0,"Gripping mechanism preparing towards item, to begin the task."
/home/mdxuser/Genesis/main/data/picked_up_4/upsampled/50_BLOCKS_Elastic_soft_upsampled.csv,270,"Fingers gripping target object, using light pressure, causing slight-yielding, with increasing force."
/home/mdxuser/Genesis/main/data/picked_up_4/upsampled/50_BLOCKS_Elastic_soft_upsampled.csv,540,"Gripper continue pinching item, using gentle force, causing gentle-compression, with increasing force."
/home/mdxuser/Genesis/main/data/picked_up_4/upsampled/50_BLOCKS_Elastic_soft_upsampled.csv,810,"End-effector raising item, using cushioned pressure, causing slight-yielding, with increasing force."
/home/mdxuser/Genesis/main/data/picked_up_4/upsampled/50_BLOCKS_Elastic_soft_upsampled.csv,1080,"Gripper twisting item, by an angle of 45.0 degrees, using subtle force, causing gentle-compression, with constant force."
/home/mdxuser/Genesis/main/data/picked_up_4/upsampled/50_BLOCKS_Elastic_soft_upsampled.csv,1350,"End-effector steadying item, maintaining a stable hold, using soft contact, causing cushioned-contact."
/home/mdxuser/Genesis/main/data/picked_up_4/upsampled/50_BLOCKS_Elastic_soft_upsampled.csv,1620,"Gripper continue steadying item, maintaining a stable hold, using soft contact, causing minimal-resistance."
/home/mdxuser/Genesis/main/data/picked_up_4/upsampled/50_BLOCKS_Elastic_soft_upsampled.csv,1890,"End-effector turning target object, by an angle of 45.0 degrees, using slight force, causing lightly-yielding, with steady pressure."
/home/mdxuser/Genesis/main/data/picked_up_4/upsampled/50_BLOCKS_Elastic_soft_upsampled.csv,2160,"Gripper continue twisting item, by an angle of 45.0 degrees, using slight force, causing slight-yielding, with unchanging force."
/home/mdxuser/Genesis/main/data/picked_up_4/upsampled/50_BLOCKS_Elastic_soft_upsampled.csv,2430,"Fingers steadying target object, maintaining a stable hold, using slight force, causing minimal-resistance."
/home/mdxuser/Genesis/main/data/picked_up_4/upsampled/50_BLOCKS_Elastic_soft_upsampled.csv,2700,"Gripper coming to rest with target object, using forceless methods, causing unyielding."
/home/mdxuser/Genesis/main/data/picked_up_4/upsampled/Black_Forest_Fruit_Snacks_28_Pack_Grape_Elastic_medium_upsampled.csv,0,"Gripping mechanism aligning towards item, to begin the task."
/home/mdxuser/Genesis/main/data/picked_up_4/upsampled/Black_Forest_Fruit_Snacks_28_Pack_Grape_Elastic_medium_upsampled.csv,270,"Gripper squeezing item, using firm contact, causing controlled-yielding, with rising force."
/home/mdxuser/Genesis/main/data/picked_up_4/upsampled/Black_Forest_Fruit_Snacks_28_Pack_Grape_Elastic_medium_upsampled.csv,540,"Gripping mechanism continue squeezing the object, using moderate force, causing medium-deformation, with growing pressure."
/home/mdxuser/Genesis/main/data/picked_up_4/upsampled/Black_Forest_Fruit_Snacks_28_Pack_Grape_Elastic_medium_upsampled.csv,810,"Gripper elevating target object, using moderate force, causing moderate-compression, with rising force."
/home/mdxuser/Genesis/main/data/picked_up_4/upsampled/Black_Forest_Fruit_Snacks_28_Pack_Grape_Elastic_medium_upsampled.csv,1080,"End-effector rotating the object, by an angle of 45.0 degrees, using controlled pressure, causing moderate-compression, with steady pressure."
/home/mdxuser/Genesis/main/data/picked_up_4/upsampled/Black_Forest_Fruit_Snacks_28_Pack_Grape_Elastic_medium_upsampled.csv,1350,"Gripper continue turning the object, by an angle of 45.0 degrees, using moderate force, causing controlled-yielding, with steady pressure."
/home/mdxuser/Genesis/main/data/picked_up_4/upsampled/Black_Forest_Fruit_Snacks_28_Pack_Grape_Elastic_medium_upsampled.csv,1620,Item has been let go of.
/home/mdxuser/Genesis/main/data/picked_up_4/upsampled/Black_Forest_Fruit_Snacks_28_Pack_Grape_Elastic_medium_upsampled.csv,1890,Item has been released.
/home/mdxuser/Genesis/main/data/picked_up_4/upsampled/Black_Forest_Fruit_Snacks_28_Pack_Grape_Elastic_medium_upsampled.csv,2160,Target object has been let go of.
/home/mdxuser/Genesis/main/data/picked_up_4/upsampled/Black_Forest_Fruit_Snacks_28_Pack_Grape_Elastic_medium_upsampled.csv,2430,The object has been let go of.
/home/mdxuser/Genesis/main/data/picked_up_4/upsampled/Black_Forest_Fruit_Snacks_28_Pack_Grape_Elastic_medium_upsampled.csv,2700,The object has been let go of.
/home/mdxuser/Genesis/main/data/picked_up_4/upsampled/adizero_F50_TRX_FG_LEA_Elastic_soft_upsampled.csv,0,"End-effector advancing towards target object, to begin the task."
/home/mdxuser/Genesis/main/data/picked_up_4/upsampled/adizero_F50_TRX_FG_LEA_Elastic_soft_upsampled.csv,270,"Gripping mechanism securing the object, using soft contact, causing gentle-compression, with growing pressure."
/home/mdxuser/Genesis/main/data/picked_up_4/upsampled/adizero_F50_TRX_FG_LEA_Elastic_soft_upsampled.csv,540,"Gripping mechanism continue securing target object, using light pressure, causing gentle-compression, with increasing force."
/home/mdxuser/Genesis/main/data/picked_up_4/upsampled/adizero_F50_TRX_FG_LEA_Elastic_soft_upsampled.csv,810,"Gripping mechanism raising the object, using slight force, causing cushioned-contact, with increasing force."
/home/mdxuser/Genesis/main/data/picked_up_4/upsampled/adizero_F50_TRX_FG_LEA_Elastic_soft_upsampled.csv,1080,"End-effector twisting item, by an angle of 45.0 degrees, using minimal force, causing minimal-resistance, with unchanging force."
/home/mdxuser/Genesis/main/data/picked_up_4/upsampled/adizero_F50_TRX_FG_LEA_Elastic_soft_upsampled.csv,1350,"Gripping mechanism maintaining hold of the object, maintaining a stable hold, using light pressure, causing minimal-resistance."
/home/mdxuser/Genesis/main/data/picked_up_4/upsampled/adizero_F50_TRX_FG_LEA_Elastic_soft_upsampled.csv,1620,"End-effector continue steadying target object, maintaining a stable hold, using slight force, causing gentle-compression."
/home/mdxuser/Genesis/main/data/picked_up_4/upsampled/adizero_F50_TRX_FG_LEA_Elastic_soft_upsampled.csv,1890,"Fingers rotating the object, by an angle of 45.0 degrees, using slight force, causing slight-yielding, with constant force."
/home/mdxuser/Genesis/main/data/picked_up_4/upsampled/adizero_F50_TRX_FG_LEA_Elastic_soft_upsampled.csv,2160,"Gripper continue twisting the object, by an angle of 45.0 degrees, using subtle force, causing minimal-resistance, with constant force."
/home/mdxuser/Genesis/main/data/picked_up_4/upsampled/adizero_F50_TRX_FG_LEA_Elastic_soft_upsampled.csv,2430,Item has been let go of.
/home/mdxuser/Genesis/main/data/picked_up_4/upsampled/adizero_F50_TRX_FG_LEA_Elastic_soft_upsampled.csv,2700,The object has been released.
/home/mdxuser/Genesis/main/data/picked_up_4/upsampled/3D_Dollhouse_Sofa_Elastic_medium_upsampled.csv,0,"Gripping mechanism preparing towards the object, to begin the task."
/home/mdxuser/Genesis/main/data/picked_up_4/upsampled/3D_Dollhouse_Sofa_Elastic_medium_upsampled.csv,270,"Gripper holding target object, using firm contact, causing balanced-yielding, with growing pressure."
/home/mdxuser/Genesis/main/data/picked_up_4/upsampled/3D_Dollhouse_Sofa_Elastic_medium_upsampled.csv,540,"Fingers continue gripping the object, using balanced pressure, causing controlled-yielding, with growing pressure."
/home/mdxuser/Genesis/main/data/picked_up_4/upsampled/3D_Dollhouse_Sofa_Elastic_medium_upsampled.csv,810,"Gripper elevating target object, using steady force, causing medium-deformation, with rising force."
/home/mdxuser/Genesis/main/data/picked_up_4/upsampled/3D_Dollhouse_Sofa_Elastic_medium_upsampled.csv,1080,"Gripper twisting target object, by an angle of 45.0 degrees, using moderate force, causing controlled-yielding, with steady pressure."
/home/mdxuser/Genesis/main/data/picked_up_4/upsampled/3D_Dollhouse_Sofa_Elastic_medium_upsampled.csv,1350,"End-effector continue turning target object, by an angle of 45.0 degrees, using moderate force, causing medium-deformation, with unchanging force."
/home/mdxuser/Genesis/main/data/picked_up_4/upsampled/3D_Dollhouse_Sofa_Elastic_medium_upsampled.csv,1620,The object has been dropped.
/home/mdxuser/Genesis/main/data/picked_up_4/upsampled/3D_Dollhouse_Sofa_Elastic_medium_upsampled.csv,1890,Target object has been let go of.
/home/mdxuser/Genesis/main/data/picked_up_4/upsampled/3D_Dollhouse_Sofa_Elastic_medium_upsampled.csv,2160,The object has been let go of.
/home/mdxuser/Genesis/main/data/picked_up_4/upsampled/3D_Dollhouse_Sofa_Elastic_medium_upsampled.csv,2430,The object has been dropped.
/home/mdxuser/Genesis/main/data/picked_up_4/upsampled/3D_Dollhouse_Sofa_Elastic_medium_upsampled.csv,2700,The object has been released.
/home/mdxuser/Genesis/main/data/picked_up_4/upsampled/Black_Elderberry_Syrup_54_oz_Gaia_Herbs_Elastic_soft_upsampled.csv,0,"End-effector advancing towards the object, to begin the task."
/home/mdxuser/Genesis/main/data/picked_up_4/upsampled/Black_Elderberry_Syrup_54_oz_Gaia_Herbs_Elastic_soft_upsampled.csv,270,"End-effector securing the object, using minimal force, causing slight-yielding, with rising force."
/home/mdxuser/Genesis/main/data/picked_up_4/upsampled/Black_Elderberry_Syrup_54_oz_Gaia_Herbs_Elastic_soft_upsampled.csv,540,"Gripper continue securing item, using light pressure, causing minimal-resistance, with growing pressure."
/home/mdxuser/Genesis/main/data/picked_up_4/upsampled/Black_Elderberry_Syrup_54_oz_Gaia_Herbs_Elastic_soft_upsampled.csv,810,"Gripping mechanism lifting item, using subtle force, causing gentle-compression, with rising force."
/home/mdxuser/Genesis/main/data/picked_up_4/upsampled/Black_Elderberry_Syrup_54_oz_Gaia_Herbs_Elastic_soft_upsampled.csv,1080,"Gripping mechanism twisting item, by an angle of 45.0 degrees, using slight force, causing cushioned-contact, with steady pressure."
/home/mdxuser/Genesis/main/data/picked_up_4/upsampled/Black_Elderberry_Syrup_54_oz_Gaia_Herbs_Elastic_soft_upsampled.csv,1350,"End-effector continue twisting the object, by an angle of 45.0 degrees, using soft contact, causing cushioned-contact, with constant force."
/home/mdxuser/Genesis/main/data/picked_up_4/upsampled/Black_Elderberry_Syrup_54_oz_Gaia_Herbs_Elastic_soft_upsampled.csv,1620,"End-effector pausing motion of item, maintaining a stable hold, using slight force, causing soft-deformation."
/home/mdxuser/Genesis/main/data/picked_up_4/upsampled/Black_Elderberry_Syrup_54_oz_Gaia_Herbs_Elastic_soft_upsampled.csv,1890,"End-effector rotating target object, by an angle of 45.0 degrees, using soft contact, causing minimal-resistance, with unchanging force."
/home/mdxuser/Genesis/main/data/picked_up_4/upsampled/Black_Elderberry_Syrup_54_oz_Gaia_Herbs_Elastic_soft_upsampled.csv,2160,"Fingers steadying the object, maintaining a stable hold, using cushioned pressure, causing lightly-yielding."
/home/mdxuser/Genesis/main/data/picked_up_4/upsampled/Black_Elderberry_Syrup_54_oz_Gaia_Herbs_Elastic_soft_upsampled.csv,2430,"Fingers continue holding position of target object, maintaining a stable hold, using gentle force, causing lightly-yielding."
/home/mdxuser/Genesis/main/data/picked_up_4/upsampled/Black_Elderberry_Syrup_54_oz_Gaia_Herbs_Elastic_soft_upsampled.csv,2700,"Gripping mechanism coming to rest with item, using contactless method, causing maintaining shape."
/home/mdxuser/Genesis/main/data/picked_up_4/upsampled/Office_Depot_Dell_Series_1_Remanufactured_Ink_Cartridge_TriColor_Elastic_medium_upsampled.csv,0,"Gripper starting movement towards item, to begin the task."
/home/mdxuser/Genesis/main/data/picked_up_4/upsampled/Office_Depot_Dell_Series_1_Remanufactured_Ink_Cartridge_TriColor_Elastic_medium_upsampled.csv,270,"End-effector capturing item, using steady force, causing firm-contact, with increasing force."
/home/mdxuser/Genesis/main/data/picked_up_4/upsampled/Office_Depot_Dell_Series_1_Remanufactured_Ink_Cartridge_TriColor_Elastic_medium_upsampled.csv,540,"Gripper continue holding target object, using steady force, causing steady-resistance, with rising force."
/home/mdxuser/Genesis/main/data/picked_up_4/upsampled/Office_Depot_Dell_Series_1_Remanufactured_Ink_Cartridge_TriColor_Elastic_medium_upsampled.csv,810,"End-effector lifting the object, using balanced pressure, causing medium-deformation, with increasing force."
/home/mdxuser/Genesis/main/data/picked_up_4/upsampled/Office_Depot_Dell_Series_1_Remanufactured_Ink_Cartridge_TriColor_Elastic_medium_upsampled.csv,1080,"End-effector rotating target object, by an angle of 45.0 degrees, using moderate force, causing controlled-yielding, with unchanging force."
/home/mdxuser/Genesis/main/data/picked_up_4/upsampled/Office_Depot_Dell_Series_1_Remanufactured_Ink_Cartridge_TriColor_Elastic_medium_upsampled.csv,1350,"Fingers continue twisting item, by an angle of 45.0 degrees, using moderate force, causing medium-deformation, with constant force."
/home/mdxuser/Genesis/main/data/picked_up_4/upsampled/Office_Depot_Dell_Series_1_Remanufactured_Ink_Cartridge_TriColor_Elastic_medium_upsampled.csv,1620,"End-effector pausing motion of item, maintaining a stable hold, using balanced pressure, causing moderate-compression."
/home/mdxuser/Genesis/main/data/picked_up_4/upsampled/Office_Depot_Dell_Series_1_Remanufactured_Ink_Cartridge_TriColor_Elastic_medium_upsampled.csv,1890,"End-effector twisting target object, by an angle of 30.0 degrees, using balanced pressure, causing steady-resistance, with constant force."
/home/mdxuser/Genesis/main/data/picked_up_4/upsampled/Office_Depot_Dell_Series_1_Remanufactured_Ink_Cartridge_TriColor_Elastic_medium_upsampled.csv,2160,"Gripper continue twisting target object, by an angle of 30.0 degrees, using balanced pressure, causing firm-contact, with unchanging force."
/home/mdxuser/Genesis/main/data/picked_up_4/upsampled/Office_Depot_Dell_Series_1_Remanufactured_Ink_Cartridge_TriColor_Elastic_medium_upsampled.csv,2430,"Gripping mechanism holding position of target object, maintaining a stable hold, using moderate force, causing balanced-yielding."
/home/mdxuser/Genesis/main/data/picked_up_4/upsampled/Office_Depot_Dell_Series_1_Remanufactured_Ink_Cartridge_TriColor_Elastic_medium_upsampled.csv,2700,"Gripper slowing down motion of the object, using forceless methods, causing shape-conservation."
/home/mdxuser/Genesis/main/data/picked_up_4/upsampled/CASTLE_BLOCKS_Elastic_hard_upsampled.csv,0,"Gripping mechanism advancing towards target object, to begin the task."
/home/mdxuser/Genesis/main/data/picked_up_4/upsampled/CASTLE_BLOCKS_Elastic_hard_upsampled.csv,270,"End-effector securing target object, using firm pressure, causing firm-yielding, with growing pressure."
/home/mdxuser/Genesis/main/data/picked_up_4/upsampled/CASTLE_BLOCKS_Elastic_hard_upsampled.csv,540,"End-effector continue squeezing the object, using strong force, causing rigid-contact, with increasing force."
/home/mdxuser/Genesis/main/data/picked_up_4/upsampled/CASTLE_BLOCKS_Elastic_hard_upsampled.csv,810,"Gripper picking up item, using strong force, causing strong-resistance, with increasing force."
/home/mdxuser/Genesis/main/data/picked_up_4/upsampled/CASTLE_BLOCKS_Elastic_hard_upsampled.csv,1080,"Gripping mechanism turning item, by an angle of 45.0 degrees, using firm pressure, causing firm-yielding, with constant force."
/home/mdxuser/Genesis/main/data/picked_up_4/upsampled/CASTLE_BLOCKS_Elastic_hard_upsampled.csv,1350,"End-effector continue twisting target object, by an angle of 45.0 degrees, using intense pressure, causing rigid-contact, with unchanging force."
/home/mdxuser/Genesis/main/data/picked_up_4/upsampled/CASTLE_BLOCKS_Elastic_hard_upsampled.csv,1620,The object has been released.
/home/mdxuser/Genesis/main/data/picked_up_4/upsampled/CASTLE_BLOCKS_Elastic_hard_upsampled.csv,1890,The object has been dropped.
/home/mdxuser/Genesis/main/data/picked_up_4/upsampled/CASTLE_BLOCKS_Elastic_hard_upsampled.csv,2160,The object has been let go of.
/home/mdxuser/Genesis/main/data/picked_up_4/upsampled/CASTLE_BLOCKS_Elastic_hard_upsampled.csv,2430,Item has been dropped.
/home/mdxuser/Genesis/main/data/picked_up_4/upsampled/CASTLE_BLOCKS_Elastic_hard_upsampled.csv,2700,Target object has been released.
/home/mdxuser/Genesis/main/data/picked_up_4/upsampled/Perricone_MD_Skin_Clear_Supplements_Elastic_hard_upsampled.csv,0,"Fingers advancing towards the object, to begin the task."
/home/mdxuser/Genesis/main/data/picked_up_4/upsampled/Perricone_MD_Skin_Clear_Supplements_Elastic_hard_upsampled.csv,270,"Gripper capturing item, using strong contact, causing rigid-contact, with rising force."
/home/mdxuser/Genesis/main/data/picked_up_4/upsampled/Perricone_MD_Skin_Clear_Supplements_Elastic_hard_upsampled.csv,540,"End-effector continue clasping the object, using strong force, causing hard-deformation, with increasing force."
/home/mdxuser/Genesis/main/data/picked_up_4/upsampled/Perricone_MD_Skin_Clear_Supplements_Elastic_hard_upsampled.csv,810,"Gripping mechanism raising item, using firm pressure, causing significant-compression, with rising force."
/home/mdxuser/Genesis/main/data/picked_up_4/upsampled/Perricone_MD_Skin_Clear_Supplements_Elastic_hard_upsampled.csv,1080,"Gripper rotating item, by an angle of 45.0 degrees, using strong force, causing rigid-contact, with steady pressure."
/home/mdxuser/Genesis/main/data/picked_up_4/upsampled/Perricone_MD_Skin_Clear_Supplements_Elastic_hard_upsampled.csv,1350,"Fingers maintaining hold of target object, maintaining a stable hold, using significant force, causing strong-resistance."
/home/mdxuser/Genesis/main/data/picked_up_4/upsampled/Perricone_MD_Skin_Clear_Supplements_Elastic_hard_upsampled.csv,1620,"End-effector continue holding position of target object, maintaining a stable hold, using strong contact, causing firm-yielding."
/home/mdxuser/Genesis/main/data/picked_up_4/upsampled/Perricone_MD_Skin_Clear_Supplements_Elastic_hard_upsampled.csv,1890,"Gripping mechanism twisting the object, by an angle of 45.0 degrees, using strong force, causing significant-compression, with steady pressure."
/home/mdxuser/Genesis/main/data/picked_up_4/upsampled/Perricone_MD_Skin_Clear_Supplements_Elastic_hard_upsampled.csv,2160,"Gripper maintaining hold of target object, maintaining a stable hold, using heavy force, causing firm-yielding."
/home/mdxuser/Genesis/main/data/picked_up_4/upsampled/Perricone_MD_Skin_Clear_Supplements_Elastic_hard_upsampled.csv,2430,"Gripping mechanism continue pausing motion of target object, maintaining a stable hold, using intense pressure, causing rigid-contact."
/home/mdxuser/Genesis/main/data/picked_up_4/upsampled/Perricone_MD_Skin_Clear_Supplements_Elastic_hard_upsampled.csv,2700,"End-effector coming to rest with target object, using forceless methods, causing shape-conservation."
/home/mdxuser/Genesis/main/data/picked_up_4/upsampled/Granimals_20_Wooden_ABC_Blocks_Wagon_g2TinmUGGHI_Elastic_medium_upsampled.csv,0,"Gripper advancing towards the object, to begin the task."
/home/mdxuser/Genesis/main/data/picked_up_4/upsampled/Granimals_20_Wooden_ABC_Blocks_Wagon_g2TinmUGGHI_Elastic_medium_upsampled.csv,270,"Fingers clasping target object, using firm contact, causing balanced-yielding, with rising force."
/home/mdxuser/Genesis/main/data/picked_up_4/upsampled/Granimals_20_Wooden_ABC_Blocks_Wagon_g2TinmUGGHI_Elastic_medium_upsampled.csv,540,"Gripping mechanism continue squeezing the object, using moderate force, causing balanced-yielding, with growing pressure."
/home/mdxuser/Genesis/main/data/picked_up_4/upsampled/Granimals_20_Wooden_ABC_Blocks_Wagon_g2TinmUGGHI_Elastic_medium_upsampled.csv,810,"Fingers lifting the object, using moderate force, causing firm-contact, with rising force."
/home/mdxuser/Genesis/main/data/picked_up_4/upsampled/Granimals_20_Wooden_ABC_Blocks_Wagon_g2TinmUGGHI_Elastic_medium_upsampled.csv,1080,"End-effector turning the object, by an angle of 30.0 degrees, using controlled pressure, causing firm-contact, with constant force."
/home/mdxuser/Genesis/main/data/picked_up_4/upsampled/Granimals_20_Wooden_ABC_Blocks_Wagon_g2TinmUGGHI_Elastic_medium_upsampled.csv,1350,"End-effector continue turning item, by an angle of 30.0 degrees, using steady force, causing medium-deformation, with unchanging force."
/home/mdxuser/Genesis/main/data/picked_up_4/upsampled/Granimals_20_Wooden_ABC_Blocks_Wagon_g2TinmUGGHI_Elastic_medium_upsampled.csv,1620,"Gripper steadying target object, maintaining a stable hold, using firm contact, causing balanced-yielding."
/home/mdxuser/Genesis/main/data/picked_up_4/upsampled/Granimals_20_Wooden_ABC_Blocks_Wagon_g2TinmUGGHI_Elastic_medium_upsampled.csv,1890,Target object has been released.
/home/mdxuser/Genesis/main/data/picked_up_4/upsampled/Granimals_20_Wooden_ABC_Blocks_Wagon_g2TinmUGGHI_Elastic_medium_upsampled.csv,2160,Item has been let go of.
/home/mdxuser/Genesis/main/data/picked_up_4/upsampled/Granimals_20_Wooden_ABC_Blocks_Wagon_g2TinmUGGHI_Elastic_medium_upsampled.csv,2430,Target object has been let go of.
/home/mdxuser/Genesis/main/data/picked_up_4/upsampled/Granimals_20_Wooden_ABC_Blocks_Wagon_g2TinmUGGHI_Elastic_medium_upsampled.csv,2700,Target object has been dropped.
/home/mdxuser/Genesis/main/data/picked_up_4/upsampled/BUNNY_RACER_Elastic_hard_upsampled.csv,0,"Gripper initiating towards the object, to begin the task."
/home/mdxuser/Genesis/main/data/picked_up_4/upsampled/BUNNY_RACER_Elastic_hard_upsampled.csv,270,"Gripper clamping item, using significant force, causing firm-yielding, with rising force."
/home/mdxuser/Genesis/main/data/picked_up_4/upsampled/BUNNY_RACER_Elastic_hard_upsampled.csv,540,"Gripper continue capturing the object, using strong contact, causing strong-resistance, with rising force."
/home/mdxuser/Genesis/main/data/picked_up_4/upsampled/BUNNY_RACER_Elastic_hard_upsampled.csv,810,"Gripper elevating item, using firm pressure, causing substantial-yielding, with growing pressure."
/home/mdxuser/Genesis/main/data/picked_up_4/upsampled/BUNNY_RACER_Elastic_hard_upsampled.csv,1080,"Gripper twisting target object, by an angle of 45.0 degrees, using strong force, causing strong-resistance, with steady pressure."
/home/mdxuser/Genesis/main/data/picked_up_4/upsampled/BUNNY_RACER_Elastic_hard_upsampled.csv,1350,"Gripper pausing motion of target object, maintaining a stable hold, using heavy force, causing significant-compression."
/home/mdxuser/Genesis/main/data/picked_up_4/upsampled/BUNNY_RACER_Elastic_hard_upsampled.csv,1620,"End-effector continue steadying the object, maintaining a stable hold, using strong force, causing rigid-contact."
/home/mdxuser/Genesis/main/data/picked_up_4/upsampled/BUNNY_RACER_Elastic_hard_upsampled.csv,1890,"Fingers twisting target object, by an angle of 30.0 degrees, using heavy force, causing hard-deformation, with steady pressure."
/home/mdxuser/Genesis/main/data/picked_up_4/upsampled/BUNNY_RACER_Elastic_hard_upsampled.csv,2160,"Fingers continue rotating item, by an angle of 30.0 degrees, using firm pressure, causing hard-deformation, with constant force."
/home/mdxuser/Genesis/main/data/picked_up_4/upsampled/BUNNY_RACER_Elastic_hard_upsampled.csv,2430,"Gripping mechanism holding position of target object, maintaining a stable hold, using heavy force, causing significant-compression."
/home/mdxuser/Genesis/main/data/picked_up_4/upsampled/BUNNY_RACER_Elastic_hard_upsampled.csv,2700,"End-effector coming to rest with item, using zero-force, causing form-conservation."
/home/mdxuser/Genesis/main/data/picked_up_4/upsampled/Central_Garden_Flower_Pot_Goo_425_Elastic_soft_upsampled.csv,0,"End-effector initiating towards the object, to begin the task."
/home/mdxuser/Genesis/main/data/picked_up_4/upsampled/Central_Garden_Flower_Pot_Goo_425_Elastic_soft_upsampled.csv,270,"Fingers securing target object, using light pressure, causing cushioned-contact, with increasing force."
/home/mdxuser/Genesis/main/data/picked_up_4/upsampled/Central_Garden_Flower_Pot_Goo_425_Elastic_soft_upsampled.csv,540,"Gripping mechanism continue squeezing item, using soft contact, causing lightly-yielding, with increasing force."
/home/mdxuser/Genesis/main/data/picked_up_4/upsampled/Central_Garden_Flower_Pot_Goo_425_Elastic_soft_upsampled.csv,810,"Gripper picking up target object, using minimal force, causing cushioned-contact, with increasing force."
/home/mdxuser/Genesis/main/data/picked_up_4/upsampled/Central_Garden_Flower_Pot_Goo_425_Elastic_soft_upsampled.csv,1080,"Fingers turning the object, by an angle of 30.0 degrees, using minimal force, causing minimal-resistance, with steady pressure."
/home/mdxuser/Genesis/main/data/picked_up_4/upsampled/Central_Garden_Flower_Pot_Goo_425_Elastic_soft_upsampled.csv,1350,"End-effector continue rotating target object, by an angle of 30.0 degrees, using minimal force, causing slight-yielding, with unchanging force."
/home/mdxuser/Genesis/main/data/picked_up_4/upsampled/Central_Garden_Flower_Pot_Goo_425_Elastic_soft_upsampled.csv,1620,"End-effector maintaining hold of target object, maintaining a stable hold, using minimal force, causing cushioned-contact."
/home/mdxuser/Genesis/main/data/picked_up_4/upsampled/Central_Garden_Flower_Pot_Goo_425_Elastic_soft_upsampled.csv,1890,"Fingers twisting the object, by an angle of 45.0 degrees, using subtle force, causing gentle-compression, with constant force."
/home/mdxuser/Genesis/main/data/picked_up_4/upsampled/Central_Garden_Flower_Pot_Goo_425_Elastic_soft_upsampled.csv,2160,"Gripper steadying the object, maintaining a stable hold, using cushioned pressure, causing gentle-compression."
/home/mdxuser/Genesis/main/data/picked_up_4/upsampled/Central_Garden_Flower_Pot_Goo_425_Elastic_soft_upsampled.csv,2430,"Gripper continue pausing motion of item, maintaining a stable hold, using subtle force, causing minimal-resistance."
/home/mdxuser/Genesis/main/data/picked_up_4/upsampled/Central_Garden_Flower_Pot_Goo_425_Elastic_soft_upsampled.csv,2700,"Fingers decelerating motion of item, using forceless methods, causing form-conservation."
/home/mdxuser/Genesis/main/data/picked_up_4/upsampled/ASICS_GELAce_Pro_Pearl_WhitePink_Elastic_hard_upsampled.csv,0,"End-effector initiating towards target object, to begin the task."
/home/mdxuser/Genesis/main/data/picked_up_4/upsampled/ASICS_GELAce_Pro_Pearl_WhitePink_Elastic_hard_upsampled.csv,270,"End-effector clasping target object, using firm pressure, causing significant-compression, with growing pressure."
/home/mdxuser/Genesis/main/data/picked_up_4/upsampled/ASICS_GELAce_Pro_Pearl_WhitePink_Elastic_hard_upsampled.csv,540,"End-effector continue grasping target object, using strong contact, causing significant-compression, with rising force."
/home/mdxuser/Genesis/main/data/picked_up_4/upsampled/ASICS_GELAce_Pro_Pearl_WhitePink_Elastic_hard_upsampled.csv,810,"Gripping mechanism lifting item, using strong contact, causing significant-compression, with rising force."
/home/mdxuser/Genesis/main/data/picked_up_4/upsampled/ASICS_GELAce_Pro_Pearl_WhitePink_Elastic_hard_upsampled.csv,1080,"Fingers turning item, by an angle of 45.0 degrees, using strong contact, causing substantial-yielding, with unchanging force."
/home/mdxuser/Genesis/main/data/picked_up_4/upsampled/ASICS_GELAce_Pro_Pearl_WhitePink_Elastic_hard_upsampled.csv,1350,"Fingers continue twisting item, by an angle of 45.0 degrees, using strong contact, causing firm-yielding, with constant force."
/home/mdxuser/Genesis/main/data/picked_up_4/upsampled/ASICS_GELAce_Pro_Pearl_WhitePink_Elastic_hard_upsampled.csv,1620,"Gripper holding position of item, maintaining a stable hold, using intense pressure, causing rigid-contact."
/home/mdxuser/Genesis/main/data/picked_up_4/upsampled/ASICS_GELAce_Pro_Pearl_WhitePink_Elastic_hard_upsampled.csv,1890,"Fingers twisting target object, by an angle of 30.0 degrees, using strong contact, causing significant-compression, with steady pressure."
/home/mdxuser/Genesis/main/data/picked_up_4/upsampled/ASICS_GELAce_Pro_Pearl_WhitePink_Elastic_hard_upsampled.csv,2160,"Gripper continue turning the object, by an angle of 30.0 degrees, using firm pressure, causing strong-resistance, with constant force."
/home/mdxuser/Genesis/main/data/picked_up_4/upsampled/ASICS_GELAce_Pro_Pearl_WhitePink_Elastic_hard_upsampled.csv,2430,"Fingers pausing motion of the object, maintaining a stable hold, using strong force, causing strong-resistance."
/home/mdxuser/Genesis/main/data/picked_up_4/upsampled/ASICS_GELAce_Pro_Pearl_WhitePink_Elastic_hard_upsampled.csv,2700,The object has been released.
/home/mdxuser/Genesis/main/data/picked_up_4/upsampled/5_HTP_Elastic_hard_upsampled.csv,0,"Gripping mechanism approaching towards target object, to begin the task."
/home/mdxuser/Genesis/main/data/picked_up_4/upsampled/5_HTP_Elastic_hard_upsampled.csv,270,"Fingers securing target object, using significant force, causing substantial-yielding, with increasing force."
/home/mdxuser/Genesis/main/data/picked_up_4/upsampled/5_HTP_Elastic_hard_upsampled.csv,540,"End-effector continue clasping item, using strong contact, causing significant-compression, with rising force."
/home/mdxuser/Genesis/main/data/picked_up_4/upsampled/5_HTP_Elastic_hard_upsampled.csv,810,"Gripper picking up item, using intense pressure, causing significant-compression, with increasing force."
/home/mdxuser/Genesis/main/data/picked_up_4/upsampled/5_HTP_Elastic_hard_upsampled.csv,1080,"Gripper rotating the object, by an angle of 30.0 degrees, using intense pressure, causing hard-deformation, with unchanging force."
/home/mdxuser/Genesis/main/data/picked_up_4/upsampled/5_HTP_Elastic_hard_upsampled.csv,1350,"Gripping mechanism continue rotating target object, by an angle of 30.0 degrees, using strong contact, causing rigid-contact, with unchanging force."
/home/mdxuser/Genesis/main/data/picked_up_4/upsampled/5_HTP_Elastic_hard_upsampled.csv,1620,"Gripper maintaining hold of item, maintaining a stable hold, using heavy force, causing hard-deformation."
/home/mdxuser/Genesis/main/data/picked_up_4/upsampled/5_HTP_Elastic_hard_upsampled.csv,1890,"Fingers twisting the object, by an angle of 45.0 degrees, using heavy force, causing strong-resistance, with unchanging force."
/home/mdxuser/Genesis/main/data/picked_up_4/upsampled/5_HTP_Elastic_hard_upsampled.csv,2160,"Gripping mechanism continue turning target object, by an angle of 45.0 degrees, using significant force, causing hard-deformation, with constant force."
/home/mdxuser/Genesis/main/data/picked_up_4/upsampled/5_HTP_Elastic_hard_upsampled.csv,2430,The object has been let go of.
/home/mdxuser/Genesis/main/data/picked_up_4/upsampled/5_HTP_Elastic_hard_upsampled.csv,2700,Target object has been released.
/home/mdxuser/Genesis/main/data/picked_up_4/upsampled/CASTLE_BLOCKS_Elastic_soft_upsampled.csv,0,"End-effector initiating towards item, to begin the task."
/home/mdxuser/Genesis/main/data/picked_up_4/upsampled/CASTLE_BLOCKS_Elastic_soft_upsampled.csv,270,"Gripper pinching the object, using cushioned pressure, causing gentle-compression, with increasing force."
/home/mdxuser/Genesis/main/data/picked_up_4/upsampled/CASTLE_BLOCKS_Elastic_soft_upsampled.csv,540,"Gripping mechanism continue capturing item, using soft contact, causing soft-deformation, with increasing force."
/home/mdxuser/Genesis/main/data/picked_up_4/upsampled/CASTLE_BLOCKS_Elastic_soft_upsampled.csv,810,"Gripper elevating item, using soft contact, causing cushioned-contact, with increasing force."
/home/mdxuser/Genesis/main/data/picked_up_4/upsampled/CASTLE_BLOCKS_Elastic_soft_upsampled.csv,1080,"Gripper twisting item, by an angle of 45.0 degrees, using slight force, causing lightly-yielding, with steady pressure."
/home/mdxuser/Genesis/main/data/picked_up_4/upsampled/CASTLE_BLOCKS_Elastic_soft_upsampled.csv,1350,"Gripping mechanism continue turning target object, by an angle of 45.0 degrees, using soft contact, causing lightly-yielding, with unchanging force."
/home/mdxuser/Genesis/main/data/picked_up_4/upsampled/CASTLE_BLOCKS_Elastic_soft_upsampled.csv,1620,Item has been released.
/home/mdxuser/Genesis/main/data/picked_up_4/upsampled/CASTLE_BLOCKS_Elastic_soft_upsampled.csv,1890,Item has been let go of.
/home/mdxuser/Genesis/main/data/picked_up_4/upsampled/CASTLE_BLOCKS_Elastic_soft_upsampled.csv,2160,The object has been released.
/home/mdxuser/Genesis/main/data/picked_up_4/upsampled/CASTLE_BLOCKS_Elastic_soft_upsampled.csv,2430,Item has been let go of.
/home/mdxuser/Genesis/main/data/picked_up_4/upsampled/CASTLE_BLOCKS_Elastic_soft_upsampled.csv,2700,The object has been released.
/home/mdxuser/Genesis/main/data/picked_up_4/upsampled/Office_Depot_HP_71_Remanufactured_Ink_Cartridge_Black_Elastic_soft_upsampled.csv,0,"End-effector positioning towards the object, to begin the task."
/home/mdxuser/Genesis/main/data/picked_up_4/upsampled/Office_Depot_HP_71_Remanufactured_Ink_Cartridge_Black_Elastic_soft_upsampled.csv,270,"Gripper capturing item, using soft contact, causing minimal-resistance, with growing pressure."
/home/mdxuser/Genesis/main/data/picked_up_4/upsampled/Office_Depot_HP_71_Remanufactured_Ink_Cartridge_Black_Elastic_soft_upsampled.csv,540,"Gripping mechanism continue gripping target object, using subtle force, causing slight-yielding, with rising force."
/home/mdxuser/Genesis/main/data/picked_up_4/upsampled/Office_Depot_HP_71_Remanufactured_Ink_Cartridge_Black_Elastic_soft_upsampled.csv,810,"End-effector picking up the object, using minimal force, causing minimal-resistance, with growing pressure."
/home/mdxuser/Genesis/main/data/picked_up_4/upsampled/Office_Depot_HP_71_Remanufactured_Ink_Cartridge_Black_Elastic_soft_upsampled.csv,1080,"Gripping mechanism rotating the object, by an angle of 30.0 degrees, using soft contact, causing gentle-compression, with steady pressure."
/home/mdxuser/Genesis/main/data/picked_up_4/upsampled/Office_Depot_HP_71_Remanufactured_Ink_Cartridge_Black_Elastic_soft_upsampled.csv,1350,"Gripper continue rotating the object, by an angle of 30.0 degrees, using slight force, causing slight-yielding, with unchanging force."
/home/mdxuser/Genesis/main/data/picked_up_4/upsampled/Office_Depot_HP_71_Remanufactured_Ink_Cartridge_Black_Elastic_soft_upsampled.csv,1620,"Fingers pausing motion of item, maintaining a stable hold, using slight force, causing soft-deformation."
/home/mdxuser/Genesis/main/data/picked_up_4/upsampled/Office_Depot_HP_71_Remanufactured_Ink_Cartridge_Black_Elastic_soft_upsampled.csv,1890,Item has been released.
/home/mdxuser/Genesis/main/data/picked_up_4/upsampled/Office_Depot_HP_71_Remanufactured_Ink_Cartridge_Black_Elastic_soft_upsampled.csv,2160,Target object has been released.
/home/mdxuser/Genesis/main/data/picked_up_4/upsampled/Office_Depot_HP_71_Remanufactured_Ink_Cartridge_Black_Elastic_soft_upsampled.csv,2430,Item has been released.
/home/mdxuser/Genesis/main/data/picked_up_4/upsampled/Office_Depot_HP_71_Remanufactured_Ink_Cartridge_Black_Elastic_soft_upsampled.csv,2700,The object has been let go of.
/home/mdxuser/Genesis/main/data/picked_up_4/upsampled/Down_To_Earth_Ceramic_Orchid_Pot_Asst_Blue_Elastic_soft_upsampled.csv,0,"Gripping mechanism preparing towards item, to begin the task."
/home/mdxuser/Genesis/main/data/picked_up_4/upsampled/Down_To_Earth_Ceramic_Orchid_Pot_Asst_Blue_Elastic_soft_upsampled.csv,270,"Gripping mechanism holding target object, using minimal force, causing cushioned-contact, with growing pressure."
/home/mdxuser/Genesis/main/data/picked_up_4/upsampled/Down_To_Earth_Ceramic_Orchid_Pot_Asst_Blue_Elastic_soft_upsampled.csv,540,"Gripper continue clasping the object, using gentle force, causing minimal-resistance, with growing pressure."
/home/mdxuser/Genesis/main/data/picked_up_4/upsampled/Down_To_Earth_Ceramic_Orchid_Pot_Asst_Blue_Elastic_soft_upsampled.csv,810,"End-effector picking up the object, using cushioned pressure, causing gentle-compression, with growing pressure."
/home/mdxuser/Genesis/main/data/picked_up_4/upsampled/Down_To_Earth_Ceramic_Orchid_Pot_Asst_Blue_Elastic_soft_upsampled.csv,1080,"End-effector turning item, by an angle of 45.0 degrees, using soft contact, causing soft-deformation, with unchanging force."
/home/mdxuser/Genesis/main/data/picked_up_4/upsampled/Down_To_Earth_Ceramic_Orchid_Pot_Asst_Blue_Elastic_soft_upsampled.csv,1350,"End-effector steadying the object, maintaining a stable hold, using light pressure, causing cushioned-contact."
/home/mdxuser/Genesis/main/data/picked_up_4/upsampled/Down_To_Earth_Ceramic_Orchid_Pot_Asst_Blue_Elastic_soft_upsampled.csv,1620,"Fingers continue pausing motion of the object, maintaining a stable hold, using gentle force, causing slight-yielding."
/home/mdxuser/Genesis/main/data/picked_up_4/upsampled/Down_To_Earth_Ceramic_Orchid_Pot_Asst_Blue_Elastic_soft_upsampled.csv,1890,"Fingers twisting target object, by an angle of 30.0 degrees, using gentle force, causing soft-deformation, with unchanging force."
/home/mdxuser/Genesis/main/data/picked_up_4/upsampled/Down_To_Earth_Ceramic_Orchid_Pot_Asst_Blue_Elastic_soft_upsampled.csv,2160,"Gripping mechanism continue twisting item, by an angle of 30.0 degrees, using soft contact, causing slight-yielding, with constant force."
/home/mdxuser/Genesis/main/data/picked_up_4/upsampled/Down_To_Earth_Ceramic_Orchid_Pot_Asst_Blue_Elastic_soft_upsampled.csv,2430,"Fingers maintaining hold of target object, maintaining a stable hold, using soft contact, causing gentle-compression."
/home/mdxuser/Genesis/main/data/picked_up_4/upsampled/Down_To_Earth_Ceramic_Orchid_Pot_Asst_Blue_Elastic_soft_upsampled.csv,2700,Target object has been released.
/home/mdxuser/Genesis/main/data/picked_up_4/upsampled/Office_Depot_HP_920XL_920_High_Yield_Black_and_Standard_CMY_Color_Ink_Cartridges_Elastic_soft_upsampled.csv,0,"End-effector approaching towards target object, to begin the task."
/home/mdxuser/Genesis/main/data/picked_up_4/upsampled/Office_Depot_HP_920XL_920_High_Yield_Black_and_Standard_CMY_Color_Ink_Cartridges_Elastic_soft_upsampled.csv,270,"End-effector squeezing item, using subtle force, causing lightly-yielding, with rising force."
/home/mdxuser/Genesis/main/data/picked_up_4/upsampled/Office_Depot_HP_920XL_920_High_Yield_Black_and_Standard_CMY_Color_Ink_Cartridges_Elastic_soft_upsampled.csv,540,"End-effector continue holding the object, using soft contact, causing cushioned-contact, with rising force."
/home/mdxuser/Genesis/main/data/picked_up_4/upsampled/Office_Depot_HP_920XL_920_High_Yield_Black_and_Standard_CMY_Color_Ink_Cartridges_Elastic_soft_upsampled.csv,810,"End-effector raising target object, using gentle force, causing minimal-resistance, with increasing force."
/home/mdxuser/Genesis/main/data/picked_up_4/upsampled/Office_Depot_HP_920XL_920_High_Yield_Black_and_Standard_CMY_Color_Ink_Cartridges_Elastic_soft_upsampled.csv,1080,"End-effector twisting target object, by an angle of 45.0 degrees, using cushioned pressure, causing lightly-yielding, with constant force."
/home/mdxuser/Genesis/main/data/picked_up_4/upsampled/Office_Depot_HP_920XL_920_High_Yield_Black_and_Standard_CMY_Color_Ink_Cartridges_Elastic_soft_upsampled.csv,1350,"Gripper holding position of item, maintaining a stable hold, using soft contact, causing cushioned-contact."
/home/mdxuser/Genesis/main/data/picked_up_4/upsampled/Office_Depot_HP_920XL_920_High_Yield_Black_and_Standard_CMY_Color_Ink_Cartridges_Elastic_soft_upsampled.csv,1620,"Fingers continue holding position of the object, maintaining a stable hold, using minimal force, causing minimal-resistance."
/home/mdxuser/Genesis/main/data/picked_up_4/upsampled/Office_Depot_HP_920XL_920_High_Yield_Black_and_Standard_CMY_Color_Ink_Cartridges_Elastic_soft_upsampled.csv,1890,"Gripper turning target object, by an angle of 30.0 degrees, using subtle force, causing slight-yielding, with steady pressure."
/home/mdxuser/Genesis/main/data/picked_up_4/upsampled/Office_Depot_HP_920XL_920_High_Yield_Black_and_Standard_CMY_Color_Ink_Cartridges_Elastic_soft_upsampled.csv,2160,"Gripper continue turning the object, by an angle of 30.0 degrees, using gentle force, causing soft-deformation, with unchanging force."
/home/mdxuser/Genesis/main/data/picked_up_4/upsampled/Office_Depot_HP_920XL_920_High_Yield_Black_and_Standard_CMY_Color_Ink_Cartridges_Elastic_soft_upsampled.csv,2430,"Fingers steadying item, maintaining a stable hold, using slight force, causing lightly-yielding."
/home/mdxuser/Genesis/main/data/picked_up_4/upsampled/Office_Depot_HP_920XL_920_High_Yield_Black_and_Standard_CMY_Color_Ink_Cartridges_Elastic_soft_upsampled.csv,2700,Item has been let go of.
/home/mdxuser/Genesis/main/data/picked_up_4/upsampled/Little_Debbie_Donut_Sticks_6_cake_donuts_10_oz_total_Elastic_medium_upsampled.csv,0,"Gripper preparing towards the object, to begin the task."
/home/mdxuser/Genesis/main/data/picked_up_4/upsampled/Little_Debbie_Donut_Sticks_6_cake_donuts_10_oz_total_Elastic_medium_upsampled.csv,270,"Fingers clamping item, using moderate force, causing moderate-compression, with rising force."
/home/mdxuser/Genesis/main/data/picked_up_4/upsampled/Little_Debbie_Donut_Sticks_6_cake_donuts_10_oz_total_Elastic_medium_upsampled.csv,540,"Fingers continue clamping item, using controlled pressure, causing medium-deformation, with rising force."
/home/mdxuser/Genesis/main/data/picked_up_4/upsampled/Little_Debbie_Donut_Sticks_6_cake_donuts_10_oz_total_Elastic_medium_upsampled.csv,810,"Gripper raising target object, using steady force, causing controlled-yielding, with rising force."
/home/mdxuser/Genesis/main/data/picked_up_4/upsampled/Little_Debbie_Donut_Sticks_6_cake_donuts_10_oz_total_Elastic_medium_upsampled.csv,1080,"Gripper turning target object, by an angle of 45.0 degrees, using steady force, causing balanced-yielding, with unchanging force."
/home/mdxuser/Genesis/main/data/picked_up_4/upsampled/Little_Debbie_Donut_Sticks_6_cake_donuts_10_oz_total_Elastic_medium_upsampled.csv,1350,"Gripper steadying target object, maintaining a stable hold, using steady force, causing medium-deformation."
/home/mdxuser/Genesis/main/data/picked_up_4/upsampled/Little_Debbie_Donut_Sticks_6_cake_donuts_10_oz_total_Elastic_medium_upsampled.csv,1620,"Gripper continue steadying target object, maintaining a stable hold, using firm contact, causing medium-deformation."
/home/mdxuser/Genesis/main/data/picked_up_4/upsampled/Little_Debbie_Donut_Sticks_6_cake_donuts_10_oz_total_Elastic_medium_upsampled.csv,1890,"Gripper turning the object, by an angle of 45.0 degrees, using steady force, causing controlled-yielding, with unchanging force."
/home/mdxuser/Genesis/main/data/picked_up_4/upsampled/Little_Debbie_Donut_Sticks_6_cake_donuts_10_oz_total_Elastic_medium_upsampled.csv,2160,"Gripping mechanism pausing motion of item, maintaining a stable hold, using balanced pressure, causing moderate-compression."
/home/mdxuser/Genesis/main/data/picked_up_4/upsampled/Little_Debbie_Donut_Sticks_6_cake_donuts_10_oz_total_Elastic_medium_upsampled.csv,2430,"End-effector continue maintaining hold of the object, maintaining a stable hold, using controlled pressure, causing controlled-yielding."
/home/mdxuser/Genesis/main/data/picked_up_4/upsampled/Little_Debbie_Donut_Sticks_6_cake_donuts_10_oz_total_Elastic_medium_upsampled.csv,2700,Target object has been dropped.
/home/mdxuser/Genesis/main/data/picked_up_4/upsampled/Cole_Hardware_Antislip_Surfacing_Material_White_Elastic_hard_upsampled.csv,0,"Gripper starting movement towards item, to begin the task."
/home/mdxuser/Genesis/main/data/picked_up_4/upsampled/Cole_Hardware_Antislip_Surfacing_Material_White_Elastic_hard_upsampled.csv,270,"Fingers grasping item, using strong contact, causing strong-resistance, with increasing force."
/home/mdxuser/Genesis/main/data/picked_up_4/upsampled/Cole_Hardware_Antislip_Surfacing_Material_White_Elastic_hard_upsampled.csv,540,"End-effector continue clasping the object, using intense pressure, causing hard-deformation, with rising force."
/home/mdxuser/Genesis/main/data/picked_up_4/upsampled/Cole_Hardware_Antislip_Surfacing_Material_White_Elastic_hard_upsampled.csv,810,"End-effector lifting target object, using heavy force, causing rigid-contact, with increasing force."
/home/mdxuser/Genesis/main/data/picked_up_4/upsampled/Cole_Hardware_Antislip_Surfacing_Material_White_Elastic_hard_upsampled.csv,1080,"Gripper rotating target object, by an angle of 45.0 degrees, using significant force, causing strong-resistance, with unchanging force."
/home/mdxuser/Genesis/main/data/picked_up_4/upsampled/Cole_Hardware_Antislip_Surfacing_Material_White_Elastic_hard_upsampled.csv,1350,"Gripper continue turning target object, by an angle of 45.0 degrees, using firm pressure, causing hard-deformation, with steady pressure."
/home/mdxuser/Genesis/main/data/picked_up_4/upsampled/Cole_Hardware_Antislip_Surfacing_Material_White_Elastic_hard_upsampled.csv,1620,"Gripper maintaining hold of target object, maintaining a stable hold, using heavy force, causing rigid-contact."
/home/mdxuser/Genesis/main/data/picked_up_4/upsampled/Cole_Hardware_Antislip_Surfacing_Material_White_Elastic_hard_upsampled.csv,1890,"Fingers twisting the object, by an angle of 30.0 degrees, using significant force, causing hard-deformation, with steady pressure."
/home/mdxuser/Genesis/main/data/picked_up_4/upsampled/Cole_Hardware_Antislip_Surfacing_Material_White_Elastic_hard_upsampled.csv,2160,"End-effector continue twisting target object, by an angle of 30.0 degrees, using significant force, causing substantial-yielding, with constant force."
/home/mdxuser/Genesis/main/data/picked_up_4/upsampled/Cole_Hardware_Antislip_Surfacing_Material_White_Elastic_hard_upsampled.csv,2430,"Gripper pausing motion of item, maintaining a stable hold, using intense pressure, causing rigid-contact."
/home/mdxuser/Genesis/main/data/picked_up_4/upsampled/Cole_Hardware_Antislip_Surfacing_Material_White_Elastic_hard_upsampled.csv,2700,"Fingers decelerating motion of target object, using forceless methods, causing contactless."
/home/mdxuser/Genesis/main/data/picked_up_4/upsampled/Home_Fashions_Washcloth_Olive_Green_Elastic_soft_upsampled.csv,0,"Gripping mechanism advancing towards the object, to begin the task."
/home/mdxuser/Genesis/main/data/picked_up_4/upsampled/Home_Fashions_Washcloth_Olive_Green_Elastic_soft_upsampled.csv,270,"Gripping mechanism securing target object, using soft contact, causing slight-yielding, with rising force."
/home/mdxuser/Genesis/main/data/picked_up_4/upsampled/Home_Fashions_Washcloth_Olive_Green_Elastic_soft_upsampled.csv,540,"End-effector continue clasping target object, using slight force, causing gentle-compression, with growing pressure."
/home/mdxuser/Genesis/main/data/picked_up_4/upsampled/Home_Fashions_Washcloth_Olive_Green_Elastic_soft_upsampled.csv,810,"End-effector picking up target object, using cushioned pressure, causing minimal-resistance, with increasing force."
/home/mdxuser/Genesis/main/data/picked_up_4/upsampled/Home_Fashions_Washcloth_Olive_Green_Elastic_soft_upsampled.csv,1080,"Fingers twisting target object, by an angle of 45.0 degrees, using cushioned pressure, causing cushioned-contact, with steady pressure."
/home/mdxuser/Genesis/main/data/picked_up_4/upsampled/Home_Fashions_Washcloth_Olive_Green_Elastic_soft_upsampled.csv,1350,"End-effector continue twisting the object, by an angle of 45.0 degrees, using light pressure, causing soft-deformation, with constant force."
/home/mdxuser/Genesis/main/data/picked_up_4/upsampled/Home_Fashions_Washcloth_Olive_Green_Elastic_soft_upsampled.csv,1620,"Gripper holding position of the object, maintaining a stable hold, using minimal force, causing cushioned-contact."
/home/mdxuser/Genesis/main/data/picked_up_4/upsampled/Home_Fashions_Washcloth_Olive_Green_Elastic_soft_upsampled.csv,1890,"Gripper rotating target object, by an angle of 45.0 degrees, using slight force, causing slight-yielding, with unchanging force."
/home/mdxuser/Genesis/main/data/picked_up_4/upsampled/Home_Fashions_Washcloth_Olive_Green_Elastic_soft_upsampled.csv,2160,"Fingers continue turning item, by an angle of 45.0 degrees, using minimal force, causing cushioned-contact, with unchanging force."
/home/mdxuser/Genesis/main/data/picked_up_4/upsampled/Home_Fashions_Washcloth_Olive_Green_Elastic_soft_upsampled.csv,2430,Item has been released.
/home/mdxuser/Genesis/main/data/picked_up_4/upsampled/Home_Fashions_Washcloth_Olive_Green_Elastic_soft_upsampled.csv,2700,Target object has been dropped.
/home/mdxuser/Genesis/main/data/picked_up_4/upsampled/COAST_GUARD_BOAT_Elastic_soft_upsampled.csv,0,"Gripping mechanism initiating towards item, to begin the task."
/home/mdxuser/Genesis/main/data/picked_up_4/upsampled/COAST_GUARD_BOAT_Elastic_soft_upsampled.csv,270,"Gripper clasping the object, using slight force, causing cushioned-contact, with rising force."
/home/mdxuser/Genesis/main/data/picked_up_4/upsampled/COAST_GUARD_BOAT_Elastic_soft_upsampled.csv,540,"Fingers continue clasping item, using cushioned pressure, causing cushioned-contact, with increasing force."
/home/mdxuser/Genesis/main/data/picked_up_4/upsampled/COAST_GUARD_BOAT_Elastic_soft_upsampled.csv,810,"End-effector picking up target object, using cushioned pressure, causing gentle-compression, with rising force."
/home/mdxuser/Genesis/main/data/picked_up_4/upsampled/COAST_GUARD_BOAT_Elastic_soft_upsampled.csv,1080,"Gripping mechanism rotating the object, by an angle of 45.0 degrees, using gentle force, causing cushioned-contact, with constant force."
/home/mdxuser/Genesis/main/data/picked_up_4/upsampled/COAST_GUARD_BOAT_Elastic_soft_upsampled.csv,1350,"Fingers continue turning target object, by an angle of 45.0 degrees, using cushioned pressure, causing cushioned-contact, with constant force."
/home/mdxuser/Genesis/main/data/picked_up_4/upsampled/COAST_GUARD_BOAT_Elastic_soft_upsampled.csv,1620,"Fingers pausing motion of target object, maintaining a stable hold, using slight force, causing soft-deformation."
/home/mdxuser/Genesis/main/data/picked_up_4/upsampled/COAST_GUARD_BOAT_Elastic_soft_upsampled.csv,1890,"Gripper turning the object, by an angle of 45.0 degrees, using gentle force, causing slight-yielding, with unchanging force."
/home/mdxuser/Genesis/main/data/picked_up_4/upsampled/COAST_GUARD_BOAT_Elastic_soft_upsampled.csv,2160,"Gripping mechanism holding position of target object, maintaining a stable hold, using subtle force, causing gentle-compression."
/home/mdxuser/Genesis/main/data/picked_up_4/upsampled/COAST_GUARD_BOAT_Elastic_soft_upsampled.csv,2430,"Gripper continue pausing motion of item, maintaining a stable hold, using light pressure, causing cushioned-contact."
/home/mdxuser/Genesis/main/data/picked_up_4/upsampled/COAST_GUARD_BOAT_Elastic_soft_upsampled.csv,2700,"Gripping mechanism coming to rest with the object, using zero-force, causing undeformed shape."
/home/mdxuser/Genesis/main/data/picked_up_4/upsampled/CHICKEN_RACER_Elastic_hard_upsampled.csv,0,"Fingers preparing towards target object, to begin the task."
/home/mdxuser/Genesis/main/data/picked_up_4/upsampled/CHICKEN_RACER_Elastic_hard_upsampled.csv,270,"Fingers holding the object, using heavy force, causing hard-deformation, with growing pressure."
/home/mdxuser/Genesis/main/data/picked_up_4/upsampled/CHICKEN_RACER_Elastic_hard_upsampled.csv,540,"End-effector continue holding item, using heavy force, causing rigid-contact, with rising force."
/home/mdxuser/Genesis/main/data/picked_up_4/upsampled/CHICKEN_RACER_Elastic_hard_upsampled.csv,810,"End-effector elevating the object, using intense pressure, causing hard-deformation, with increasing force."
/home/mdxuser/Genesis/main/data/picked_up_4/upsampled/CHICKEN_RACER_Elastic_hard_upsampled.csv,1080,"End-effector turning the object, by an angle of 45.0 degrees, using strong force, causing rigid-contact, with constant force."
/home/mdxuser/Genesis/main/data/picked_up_4/upsampled/CHICKEN_RACER_Elastic_hard_upsampled.csv,1350,"End-effector continue turning target object, by an angle of 45.0 degrees, using firm pressure, causing rigid-contact, with unchanging force."
/home/mdxuser/Genesis/main/data/picked_up_4/upsampled/CHICKEN_RACER_Elastic_hard_upsampled.csv,1620,"End-effector steadying target object, maintaining a stable hold, using significant force, causing rigid-contact."
/home/mdxuser/Genesis/main/data/picked_up_4/upsampled/CHICKEN_RACER_Elastic_hard_upsampled.csv,1890,The object has been released.
/home/mdxuser/Genesis/main/data/picked_up_4/upsampled/CHICKEN_RACER_Elastic_hard_upsampled.csv,2160,Target object has been let go of.
/home/mdxuser/Genesis/main/data/picked_up_4/upsampled/CHICKEN_RACER_Elastic_hard_upsampled.csv,2430,Target object has been released.
/home/mdxuser/Genesis/main/data/picked_up_4/upsampled/CHICKEN_RACER_Elastic_hard_upsampled.csv,2700,The object has been let go of.
/home/mdxuser/Genesis/main/data/picked_up_4/upsampled/Adrenaline_GTS_13_Color_WhtObsdianBlckOlmpcSlvr_Size_70_Elastic_soft_upsampled.csv,0,"Gripping mechanism initiating towards the object, to begin the task."
/home/mdxuser/Genesis/main/data/picked_up_4/upsampled/Adrenaline_GTS_13_Color_WhtObsdianBlckOlmpcSlvr_Size_70_Elastic_soft_upsampled.csv,270,"Gripping mechanism grasping the object, using cushioned pressure, causing soft-deformation, with rising force."
/home/mdxuser/Genesis/main/data/picked_up_4/upsampled/Adrenaline_GTS_13_Color_WhtObsdianBlckOlmpcSlvr_Size_70_Elastic_soft_upsampled.csv,540,"Gripper continue clamping target object, using light pressure, causing lightly-yielding, with rising force."
/home/mdxuser/Genesis/main/data/picked_up_4/upsampled/Adrenaline_GTS_13_Color_WhtObsdianBlckOlmpcSlvr_Size_70_Elastic_soft_upsampled.csv,810,"End-effector picking up target object, using cushioned pressure, causing lightly-yielding, with rising force."
/home/mdxuser/Genesis/main/data/picked_up_4/upsampled/Adrenaline_GTS_13_Color_WhtObsdianBlckOlmpcSlvr_Size_70_Elastic_soft_upsampled.csv,1080,"Gripping mechanism rotating item, by an angle of 45.0 degrees, using subtle force, causing lightly-yielding, with steady pressure."
/home/mdxuser/Genesis/main/data/picked_up_4/upsampled/Adrenaline_GTS_13_Color_WhtObsdianBlckOlmpcSlvr_Size_70_Elastic_soft_upsampled.csv,1350,The object has been let go of.
/home/mdxuser/Genesis/main/data/picked_up_4/upsampled/Adrenaline_GTS_13_Color_WhtObsdianBlckOlmpcSlvr_Size_70_Elastic_soft_upsampled.csv,1620,Target object has been dropped.
/home/mdxuser/Genesis/main/data/picked_up_4/upsampled/Adrenaline_GTS_13_Color_WhtObsdianBlckOlmpcSlvr_Size_70_Elastic_soft_upsampled.csv,1890,The object has been dropped.
/home/mdxuser/Genesis/main/data/picked_up_4/upsampled/Adrenaline_GTS_13_Color_WhtObsdianBlckOlmpcSlvr_Size_70_Elastic_soft_upsampled.csv,2160,Item has been let go of.
/home/mdxuser/Genesis/main/data/picked_up_4/upsampled/Adrenaline_GTS_13_Color_WhtObsdianBlckOlmpcSlvr_Size_70_Elastic_soft_upsampled.csv,2430,Item has been let go of.
/home/mdxuser/Genesis/main/data/picked_up_4/upsampled/Adrenaline_GTS_13_Color_WhtObsdianBlckOlmpcSlvr_Size_70_Elastic_soft_upsampled.csv,2700,Item has been released.
/home/mdxuser/Genesis/main/data/picked_up_4/upsampled/Cole_Hardware_Dishtowel_Stripe_Elastic_soft_upsampled.csv,0,"Gripping mechanism advancing towards the object, to begin the task."
/home/mdxuser/Genesis/main/data/picked_up_4/upsampled/Cole_Hardware_Dishtowel_Stripe_Elastic_soft_upsampled.csv,270,"End-effector holding the object, using cushioned pressure, causing gentle-compression, with growing pressure."
/home/mdxuser/Genesis/main/data/picked_up_4/upsampled/Cole_Hardware_Dishtowel_Stripe_Elastic_soft_upsampled.csv,540,"End-effector continue holding target object, using slight force, causing gentle-compression, with rising force."
/home/mdxuser/Genesis/main/data/picked_up_4/upsampled/Cole_Hardware_Dishtowel_Stripe_Elastic_soft_upsampled.csv,810,"Gripping mechanism picking up item, using soft contact, causing gentle-compression, with rising force."
/home/mdxuser/Genesis/main/data/picked_up_4/upsampled/Cole_Hardware_Dishtowel_Stripe_Elastic_soft_upsampled.csv,1080,"Fingers turning the object, by an angle of 45.0 degrees, using slight force, causing gentle-compression, with steady pressure."
/home/mdxuser/Genesis/main/data/picked_up_4/upsampled/Cole_Hardware_Dishtowel_Stripe_Elastic_soft_upsampled.csv,1350,"Fingers continue turning target object, by an angle of 45.0 degrees, using gentle force, causing minimal-resistance, with steady pressure."
/home/mdxuser/Genesis/main/data/picked_up_4/upsampled/Cole_Hardware_Dishtowel_Stripe_Elastic_soft_upsampled.csv,1620,"Fingers maintaining hold of the object, maintaining a stable hold, using gentle force, causing lightly-yielding."
/home/mdxuser/Genesis/main/data/picked_up_4/upsampled/Cole_Hardware_Dishtowel_Stripe_Elastic_soft_upsampled.csv,1890,"Gripping mechanism twisting the object, by an angle of 45.0 degrees, using subtle force, causing minimal-resistance, with constant force."
/home/mdxuser/Genesis/main/data/picked_up_4/upsampled/Cole_Hardware_Dishtowel_Stripe_Elastic_soft_upsampled.csv,2160,"End-effector continue twisting item, by an angle of 45.0 degrees, using cushioned pressure, causing lightly-yielding, with constant force."
/home/mdxuser/Genesis/main/data/picked_up_4/upsampled/Cole_Hardware_Dishtowel_Stripe_Elastic_soft_upsampled.csv,2430,The object has been dropped.
/home/mdxuser/Genesis/main/data/picked_up_4/upsampled/Cole_Hardware_Dishtowel_Stripe_Elastic_soft_upsampled.csv,2700,The object has been let go of.
/home/mdxuser/Genesis/main/data/picked_up_4/upsampled/Brisk_Iced_Tea_Lemon_12_12_fl_oz_355_ml_cans_144_fl_oz_426_lt_Elastic_hard_upsampled.csv,0,"Fingers positioning towards item, to begin the task."
/home/mdxuser/Genesis/main/data/picked_up_4/upsampled/Brisk_Iced_Tea_Lemon_12_12_fl_oz_355_ml_cans_144_fl_oz_426_lt_Elastic_hard_upsampled.csv,270,"End-effector capturing item, using strong force, causing rigid-contact, with growing pressure."
/home/mdxuser/Genesis/main/data/picked_up_4/upsampled/Brisk_Iced_Tea_Lemon_12_12_fl_oz_355_ml_cans_144_fl_oz_426_lt_Elastic_hard_upsampled.csv,540,"Gripper continue pinching the object, using heavy force, causing substantial-yielding, with growing pressure."
/home/mdxuser/Genesis/main/data/picked_up_4/upsampled/Brisk_Iced_Tea_Lemon_12_12_fl_oz_355_ml_cans_144_fl_oz_426_lt_Elastic_hard_upsampled.csv,810,"Gripper lifting item, using intense pressure, causing hard-deformation, with increasing force."
/home/mdxuser/Genesis/main/data/picked_up_4/upsampled/Brisk_Iced_Tea_Lemon_12_12_fl_oz_355_ml_cans_144_fl_oz_426_lt_Elastic_hard_upsampled.csv,1080,"Gripper rotating target object, by an angle of 45.0 degrees, using strong force, causing firm-yielding, with steady pressure."
/home/mdxuser/Genesis/main/data/picked_up_4/upsampled/Brisk_Iced_Tea_Lemon_12_12_fl_oz_355_ml_cans_144_fl_oz_426_lt_Elastic_hard_upsampled.csv,1350,"End-effector continue twisting item, by an angle of 45.0 degrees, using strong contact, causing rigid-contact, with unchanging force."
/home/mdxuser/Genesis/main/data/picked_up_4/upsampled/Brisk_Iced_Tea_Lemon_12_12_fl_oz_355_ml_cans_144_fl_oz_426_lt_Elastic_hard_upsampled.csv,1620,"Fingers steadying item, maintaining a stable hold, using intense pressure, causing rigid-contact."
/home/mdxuser/Genesis/main/data/picked_up_4/upsampled/Brisk_Iced_Tea_Lemon_12_12_fl_oz_355_ml_cans_144_fl_oz_426_lt_Elastic_hard_upsampled.csv,1890,"Gripping mechanism turning item, by an angle of 45.0 degrees, using firm pressure, causing substantial-yielding, with constant force."
/home/mdxuser/Genesis/main/data/picked_up_4/upsampled/Brisk_Iced_Tea_Lemon_12_12_fl_oz_355_ml_cans_144_fl_oz_426_lt_Elastic_hard_upsampled.csv,2160,"Gripper pausing motion of target object, maintaining a stable hold, using strong force, causing substantial-yielding."
/home/mdxuser/Genesis/main/data/picked_up_4/upsampled/Brisk_Iced_Tea_Lemon_12_12_fl_oz_355_ml_cans_144_fl_oz_426_lt_Elastic_hard_upsampled.csv,2430,"Gripping mechanism continue steadying item, maintaining a stable hold, using significant force, causing strong-resistance."
/home/mdxuser/Genesis/main/data/picked_up_4/upsampled/Brisk_Iced_Tea_Lemon_12_12_fl_oz_355_ml_cans_144_fl_oz_426_lt_Elastic_hard_upsampled.csv,2700,Target object has been dropped.
/home/mdxuser/Genesis/main/data/picked_up_4/upsampled/Cole_Hardware_Dishtowel_Stripe_Elastic_medium_upsampled.csv,0,"End-effector preparing towards the object, to begin the task."
/home/mdxuser/Genesis/main/data/picked_up_4/upsampled/Cole_Hardware_Dishtowel_Stripe_Elastic_medium_upsampled.csv,270,"Fingers capturing the object, using controlled pressure, causing medium-deformation, with growing pressure."
/home/mdxuser/Genesis/main/data/picked_up_4/upsampled/Cole_Hardware_Dishtowel_Stripe_Elastic_medium_upsampled.csv,540,"Gripper continue holding the object, using steady force, causing firm-contact, with rising force."
/home/mdxuser/Genesis/main/data/picked_up_4/upsampled/Cole_Hardware_Dishtowel_Stripe_Elastic_medium_upsampled.csv,810,"End-effector picking up item, using balanced pressure, causing moderate-compression, with rising force."
/home/mdxuser/Genesis/main/data/picked_up_4/upsampled/Cole_Hardware_Dishtowel_Stripe_Elastic_medium_upsampled.csv,1080,"End-effector twisting item, by an angle of 45.0 degrees, using moderate force, causing moderate-compression, with unchanging force."
/home/mdxuser/Genesis/main/data/picked_up_4/upsampled/Cole_Hardware_Dishtowel_Stripe_Elastic_medium_upsampled.csv,1350,"Gripping mechanism continue twisting the object, by an angle of 45.0 degrees, using moderate force, causing controlled-yielding, with constant force."
/home/mdxuser/Genesis/main/data/picked_up_4/upsampled/Cole_Hardware_Dishtowel_Stripe_Elastic_medium_upsampled.csv,1620,"Fingers pausing motion of item, maintaining a stable hold, using steady force, causing firm-contact."
/home/mdxuser/Genesis/main/data/picked_up_4/upsampled/Cole_Hardware_Dishtowel_Stripe_Elastic_medium_upsampled.csv,1890,"Gripping mechanism rotating the object, by an angle of 45.0 degrees, using moderate force, causing balanced-yielding, with steady pressure."
/home/mdxuser/Genesis/main/data/picked_up_4/upsampled/Cole_Hardware_Dishtowel_Stripe_Elastic_medium_upsampled.csv,2160,"Gripping mechanism steadying the object, maintaining a stable hold, using firm contact, causing firm-contact."
/home/mdxuser/Genesis/main/data/picked_up_4/upsampled/Cole_Hardware_Dishtowel_Stripe_Elastic_medium_upsampled.csv,2430,"Gripping mechanism continue pausing motion of the object, maintaining a stable hold, using controlled pressure, causing moderate-compression."
/home/mdxuser/Genesis/main/data/picked_up_4/upsampled/Cole_Hardware_Dishtowel_Stripe_Elastic_medium_upsampled.csv,2700,The object has been released.
/home/mdxuser/Genesis/main/data/picked_up_4/upsampled/CHICKEN_NESTING_Elastic_medium_upsampled.csv,0,"Gripping mechanism aligning towards target object, to begin the task."
/home/mdxuser/Genesis/main/data/picked_up_4/upsampled/CHICKEN_NESTING_Elastic_medium_upsampled.csv,270,"Gripping mechanism securing target object, using moderate force, causing firm-contact, with increasing force."
/home/mdxuser/Genesis/main/data/picked_up_4/upsampled/CHICKEN_NESTING_Elastic_medium_upsampled.csv,540,"Fingers continue pinching item, using moderate force, causing balanced-yielding, with growing pressure."
/home/mdxuser/Genesis/main/data/picked_up_4/upsampled/CHICKEN_NESTING_Elastic_medium_upsampled.csv,810,"Gripping mechanism elevating item, using firm contact, causing moderate-compression, with growing pressure."
/home/mdxuser/Genesis/main/data/picked_up_4/upsampled/CHICKEN_NESTING_Elastic_medium_upsampled.csv,1080,"Gripper rotating the object, by an angle of 30.0 degrees, using firm contact, causing steady-resistance, with steady pressure."
/home/mdxuser/Genesis/main/data/picked_up_4/upsampled/CHICKEN_NESTING_Elastic_medium_upsampled.csv,1350,"Gripper continue twisting target object, by an angle of 30.0 degrees, using moderate force, causing firm-contact, with steady pressure."
/home/mdxuser/Genesis/main/data/picked_up_4/upsampled/CHICKEN_NESTING_Elastic_medium_upsampled.csv,1620,"Gripper pausing motion of item, maintaining a stable hold, using moderate force, causing medium-deformation."
/home/mdxuser/Genesis/main/data/picked_up_4/upsampled/CHICKEN_NESTING_Elastic_medium_upsampled.csv,1890,"Gripper turning the object, by an angle of 30.0 degrees, using balanced pressure, causing steady-resistance, with constant force."
/home/mdxuser/Genesis/main/data/picked_up_4/upsampled/CHICKEN_NESTING_Elastic_medium_upsampled.csv,2160,"Gripper continue twisting item, by an angle of 30.0 degrees, using moderate force, causing medium-deformation, with constant force."
/home/mdxuser/Genesis/main/data/picked_up_4/upsampled/CHICKEN_NESTING_Elastic_medium_upsampled.csv,2430,"Gripping mechanism maintaining hold of the object, maintaining a stable hold, using steady force, causing balanced-yielding."
/home/mdxuser/Genesis/main/data/picked_up_4/upsampled/CHICKEN_NESTING_Elastic_medium_upsampled.csv,2700,Item has been dropped.
/home/mdxuser/Genesis/main/data/picked_up_4/upsampled/Office_Depot_Canon_CLI_8Y_Ink_Cartridge_Yellow_0623B002_Elastic_hard_upsampled.csv,0,"Fingers approaching towards item, to begin the task."
/home/mdxuser/Genesis/main/data/picked_up_4/upsampled/Office_Depot_Canon_CLI_8Y_Ink_Cartridge_Yellow_0623B002_Elastic_hard_upsampled.csv,270,"End-effector securing target object, using strong contact, causing hard-deformation, with increasing force."
/home/mdxuser/Genesis/main/data/picked_up_4/upsampled/Office_Depot_Canon_CLI_8Y_Ink_Cartridge_Yellow_0623B002_Elastic_hard_upsampled.csv,540,"Fingers continue securing target object, using strong force, causing substantial-yielding, with rising force."
/home/mdxuser/Genesis/main/data/picked_up_4/upsampled/Office_Depot_Canon_CLI_8Y_Ink_Cartridge_Yellow_0623B002_Elastic_hard_upsampled.csv,810,"End-effector lifting the object, using strong force, causing hard-deformation, with rising force."
/home/mdxuser/Genesis/main/data/picked_up_4/upsampled/Office_Depot_Canon_CLI_8Y_Ink_Cartridge_Yellow_0623B002_Elastic_hard_upsampled.csv,1080,"End-effector twisting item, by an angle of 30.0 degrees, using firm pressure, causing hard-deformation, with steady pressure."
/home/mdxuser/Genesis/main/data/picked_up_4/upsampled/Office_Depot_Canon_CLI_8Y_Ink_Cartridge_Yellow_0623B002_Elastic_hard_upsampled.csv,1350,"End-effector continue twisting item, by an angle of 30.0 degrees, using significant force, causing rigid-contact, with unchanging force."
/home/mdxuser/Genesis/main/data/picked_up_4/upsampled/Office_Depot_Canon_CLI_8Y_Ink_Cartridge_Yellow_0623B002_Elastic_hard_upsampled.csv,1620,"Fingers holding position of the object, maintaining a stable hold, using significant force, causing firm-yielding."
/home/mdxuser/Genesis/main/data/picked_up_4/upsampled/Office_Depot_Canon_CLI_8Y_Ink_Cartridge_Yellow_0623B002_Elastic_hard_upsampled.csv,1890,"Gripper twisting the object, by an angle of 45.0 degrees, using firm pressure, causing significant-compression, with unchanging force."
/home/mdxuser/Genesis/main/data/picked_up_4/upsampled/Office_Depot_Canon_CLI_8Y_Ink_Cartridge_Yellow_0623B002_Elastic_hard_upsampled.csv,2160,"Gripper maintaining hold of item, maintaining a stable hold, using significant force, causing strong-resistance."
/home/mdxuser/Genesis/main/data/picked_up_4/upsampled/Office_Depot_Canon_CLI_8Y_Ink_Cartridge_Yellow_0623B002_Elastic_hard_upsampled.csv,2430,"Gripping mechanism continue holding position of item, maintaining a stable hold, using firm pressure, causing substantial-yielding."
/home/mdxuser/Genesis/main/data/picked_up_4/upsampled/Office_Depot_Canon_CLI_8Y_Ink_Cartridge_Yellow_0623B002_Elastic_hard_upsampled.csv,2700,"Gripper decelerating motion of item, using zero-pressure, causing unyielding."
/home/mdxuser/Genesis/main/data/picked_up_4/upsampled/Phillips_Colon_Health_Probiotic_Capsule_Elastic_hard_upsampled.csv,0,"Gripper initiating towards the object, to begin the task."
/home/mdxuser/Genesis/main/data/picked_up_4/upsampled/Phillips_Colon_Health_Probiotic_Capsule_Elastic_hard_upsampled.csv,270,"Gripper securing the object, using strong force, causing substantial-yielding, with growing pressure."
/home/mdxuser/Genesis/main/data/picked_up_4/upsampled/Phillips_Colon_Health_Probiotic_Capsule_Elastic_hard_upsampled.csv,540,"Fingers continue clamping the object, using significant force, causing substantial-yielding, with rising force."
/home/mdxuser/Genesis/main/data/picked_up_4/upsampled/Phillips_Colon_Health_Probiotic_Capsule_Elastic_hard_upsampled.csv,810,"Gripper lifting the object, using strong contact, causing rigid-contact, with rising force."
/home/mdxuser/Genesis/main/data/picked_up_4/upsampled/Phillips_Colon_Health_Probiotic_Capsule_Elastic_hard_upsampled.csv,1080,"Gripper twisting item, by an angle of 45.0 degrees, using significant force, causing firm-yielding, with unchanging force."
/home/mdxuser/Genesis/main/data/picked_up_4/upsampled/Phillips_Colon_Health_Probiotic_Capsule_Elastic_hard_upsampled.csv,1350,"Gripper continue turning item, by an angle of 45.0 degrees, using firm pressure, causing substantial-yielding, with constant force."
/home/mdxuser/Genesis/main/data/picked_up_4/upsampled/Phillips_Colon_Health_Probiotic_Capsule_Elastic_hard_upsampled.csv,1620,"Gripper holding position of item, maintaining a stable hold, using significant force, causing hard-deformation."
/home/mdxuser/Genesis/main/data/picked_up_4/upsampled/Phillips_Colon_Health_Probiotic_Capsule_Elastic_hard_upsampled.csv,1890,"Gripper turning the object, by an angle of 45.0 degrees, using strong contact, causing substantial-yielding, with steady pressure."
/home/mdxuser/Genesis/main/data/picked_up_4/upsampled/Phillips_Colon_Health_Probiotic_Capsule_Elastic_hard_upsampled.csv,2160,"Fingers pausing motion of target object, maintaining a stable hold, using heavy force, causing hard-deformation."
/home/mdxuser/Genesis/main/data/picked_up_4/upsampled/Phillips_Colon_Health_Probiotic_Capsule_Elastic_hard_upsampled.csv,2430,"Gripper continue maintaining hold of target object, maintaining a stable hold, using significant force, causing firm-yielding."
/home/mdxuser/Genesis/main/data/picked_up_4/upsampled/Phillips_Colon_Health_Probiotic_Capsule_Elastic_hard_upsampled.csv,2700,"End-effector decelerating motion of target object, using contactless method, causing shape-conservation."
/home/mdxuser/Genesis/main/data/picked_up_4/upsampled/Office_Depot_HP_98_Remanufactured_Ink_Cartridge_Black_Elastic_hard_upsampled.csv,0,"Gripping mechanism aligning towards target object, to begin the task."
/home/mdxuser/Genesis/main/data/picked_up_4/upsampled/Office_Depot_HP_98_Remanufactured_Ink_Cartridge_Black_Elastic_hard_upsampled.csv,270,"Fingers capturing item, using intense pressure, causing significant-compression, with increasing force."
/home/mdxuser/Genesis/main/data/picked_up_4/upsampled/Office_Depot_HP_98_Remanufactured_Ink_Cartridge_Black_Elastic_hard_upsampled.csv,540,"End-effector continue holding the object, using significant force, causing firm-yielding, with growing pressure."
/home/mdxuser/Genesis/main/data/picked_up_4/upsampled/Office_Depot_HP_98_Remanufactured_Ink_Cartridge_Black_Elastic_hard_upsampled.csv,810,"Fingers lifting target object, using intense pressure, causing strong-resistance, with growing pressure."
/home/mdxuser/Genesis/main/data/picked_up_4/upsampled/Office_Depot_HP_98_Remanufactured_Ink_Cartridge_Black_Elastic_hard_upsampled.csv,1080,"End-effector rotating target object, by an angle of 45.0 degrees, using strong force, causing rigid-contact, with steady pressure."
/home/mdxuser/Genesis/main/data/picked_up_4/upsampled/Office_Depot_HP_98_Remanufactured_Ink_Cartridge_Black_Elastic_hard_upsampled.csv,1350,"Gripper continue twisting target object, by an angle of 45.0 degrees, using strong force, causing strong-resistance, with constant force."
/home/mdxuser/Genesis/main/data/picked_up_4/upsampled/Office_Depot_HP_98_Remanufactured_Ink_Cartridge_Black_Elastic_hard_upsampled.csv,1620,Item has been released.
/home/mdxuser/Genesis/main/data/picked_up_4/upsampled/Office_Depot_HP_98_Remanufactured_Ink_Cartridge_Black_Elastic_hard_upsampled.csv,1890,Target object has been dropped.
/home/mdxuser/Genesis/main/data/picked_up_4/upsampled/Office_Depot_HP_98_Remanufactured_Ink_Cartridge_Black_Elastic_hard_upsampled.csv,2160,Target object has been released.
/home/mdxuser/Genesis/main/data/picked_up_4/upsampled/Office_Depot_HP_98_Remanufactured_Ink_Cartridge_Black_Elastic_hard_upsampled.csv,2430,Item has been dropped.
/home/mdxuser/Genesis/main/data/picked_up_4/upsampled/Office_Depot_HP_98_Remanufactured_Ink_Cartridge_Black_Elastic_hard_upsampled.csv,2700,Target object has been dropped.
/home/mdxuser/Genesis/main/data/picked_up_4/upsampled/Deskstar_Desk_Top_Hard_Drive_1_TB_Elastic_hard_upsampled.csv,0,"Gripping mechanism starting movement towards the object, to begin the task."
/home/mdxuser/Genesis/main/data/picked_up_4/upsampled/Deskstar_Desk_Top_Hard_Drive_1_TB_Elastic_hard_upsampled.csv,270,"Gripping mechanism holding the object, using firm pressure, causing significant-compression, with rising force."
/home/mdxuser/Genesis/main/data/picked_up_4/upsampled/Deskstar_Desk_Top_Hard_Drive_1_TB_Elastic_hard_upsampled.csv,540,"Fingers continue grasping the object, using heavy force, causing rigid-contact, with growing pressure."
/home/mdxuser/Genesis/main/data/picked_up_4/upsampled/Deskstar_Desk_Top_Hard_Drive_1_TB_Elastic_hard_upsampled.csv,810,"Fingers raising item, using strong force, causing hard-deformation, with rising force."
/home/mdxuser/Genesis/main/data/picked_up_4/upsampled/Deskstar_Desk_Top_Hard_Drive_1_TB_Elastic_hard_upsampled.csv,1080,"Fingers rotating the object, by an angle of 30.0 degrees, using intense pressure, causing strong-resistance, with constant force."
/home/mdxuser/Genesis/main/data/picked_up_4/upsampled/Deskstar_Desk_Top_Hard_Drive_1_TB_Elastic_hard_upsampled.csv,1350,"Gripper continue turning the object, by an angle of 30.0 degrees, using strong force, causing significant-compression, with constant force."
/home/mdxuser/Genesis/main/data/picked_up_4/upsampled/Deskstar_Desk_Top_Hard_Drive_1_TB_Elastic_hard_upsampled.csv,1620,"Fingers steadying item, maintaining a stable hold, using strong contact, causing hard-deformation."
/home/mdxuser/Genesis/main/data/picked_up_4/upsampled/Deskstar_Desk_Top_Hard_Drive_1_TB_Elastic_hard_upsampled.csv,1890,"Gripping mechanism twisting item, by an angle of 45.0 degrees, using strong contact, causing rigid-contact, with constant force."
/home/mdxuser/Genesis/main/data/picked_up_4/upsampled/Deskstar_Desk_Top_Hard_Drive_1_TB_Elastic_hard_upsampled.csv,2160,Item has been released.
/home/mdxuser/Genesis/main/data/picked_up_4/upsampled/Deskstar_Desk_Top_Hard_Drive_1_TB_Elastic_hard_upsampled.csv,2430,Item has been dropped.
/home/mdxuser/Genesis/main/data/picked_up_4/upsampled/Deskstar_Desk_Top_Hard_Drive_1_TB_Elastic_hard_upsampled.csv,2700,Item has been released.
/home/mdxuser/Genesis/main/data/picked_up_4/upsampled/Eat_to_Live_The_Amazing_NutrientRich_Program_for_Fast_and_Sustained_Weight_Loss_Revised_Edition_Book_Elastic_soft_upsampled.csv,0,"Fingers advancing towards the object, to begin the task."
/home/mdxuser/Genesis/main/data/picked_up_4/upsampled/Eat_to_Live_The_Amazing_NutrientRich_Program_for_Fast_and_Sustained_Weight_Loss_Revised_Edition_Book_Elastic_soft_upsampled.csv,270,"Gripping mechanism clasping target object, using slight force, causing gentle-compression, with increasing force."
/home/mdxuser/Genesis/main/data/picked_up_4/upsampled/Eat_to_Live_The_Amazing_NutrientRich_Program_for_Fast_and_Sustained_Weight_Loss_Revised_Edition_Book_Elastic_soft_upsampled.csv,540,"Gripper continue grasping the object, using gentle force, causing soft-deformation, with increasing force."
/home/mdxuser/Genesis/main/data/picked_up_4/upsampled/Eat_to_Live_The_Amazing_NutrientRich_Program_for_Fast_and_Sustained_Weight_Loss_Revised_Edition_Book_Elastic_soft_upsampled.csv,810,"Fingers raising target object, using subtle force, causing soft-deformation, with growing pressure."
/home/mdxuser/Genesis/main/data/picked_up_4/upsampled/Eat_to_Live_The_Amazing_NutrientRich_Program_for_Fast_and_Sustained_Weight_Loss_Revised_Edition_Book_Elastic_soft_upsampled.csv,1080,"End-effector twisting target object, by an angle of 45.0 degrees, using cushioned pressure, causing gentle-compression, with steady pressure."
/home/mdxuser/Genesis/main/data/picked_up_4/upsampled/Eat_to_Live_The_Amazing_NutrientRich_Program_for_Fast_and_Sustained_Weight_Loss_Revised_Edition_Book_Elastic_soft_upsampled.csv,1350,"End-effector pausing motion of target object, maintaining a stable hold, using cushioned pressure, causing cushioned-contact."
/home/mdxuser/Genesis/main/data/picked_up_4/upsampled/Eat_to_Live_The_Amazing_NutrientRich_Program_for_Fast_and_Sustained_Weight_Loss_Revised_Edition_Book_Elastic_soft_upsampled.csv,1620,"Gripping mechanism continue pausing motion of the object, maintaining a stable hold, using subtle force, causing lightly-yielding."
/home/mdxuser/Genesis/main/data/picked_up_4/upsampled/Eat_to_Live_The_Amazing_NutrientRich_Program_for_Fast_and_Sustained_Weight_Loss_Revised_Edition_Book_Elastic_soft_upsampled.csv,1890,"Fingers turning the object, by an angle of 45.0 degrees, using slight force, causing soft-deformation, with steady pressure."
/home/mdxuser/Genesis/main/data/picked_up_4/upsampled/Eat_to_Live_The_Amazing_NutrientRich_Program_for_Fast_and_Sustained_Weight_Loss_Revised_Edition_Book_Elastic_soft_upsampled.csv,2160,"End-effector continue turning target object, by an angle of 45.0 degrees, using cushioned pressure, causing gentle-compression, with steady pressure."
/home/mdxuser/Genesis/main/data/picked_up_4/upsampled/Eat_to_Live_The_Amazing_NutrientRich_Program_for_Fast_and_Sustained_Weight_Loss_Revised_Edition_Book_Elastic_soft_upsampled.csv,2430,The object has been let go of.
/home/mdxuser/Genesis/main/data/picked_up_4/upsampled/Eat_to_Live_The_Amazing_NutrientRich_Program_for_Fast_and_Sustained_Weight_Loss_Revised_Edition_Book_Elastic_soft_upsampled.csv,2700,Target object has been let go of.
/home/mdxuser/Genesis/main/data/picked_up_4/upsampled/Jarrow_Glucosamine_Chondroitin_Combination_120_Caps_Elastic_hard_upsampled.csv,0,"Gripper positioning towards target object, to begin the task."
/home/mdxuser/Genesis/main/data/picked_up_4/upsampled/Jarrow_Glucosamine_Chondroitin_Combination_120_Caps_Elastic_hard_upsampled.csv,270,"Gripper holding item, using significant force, causing hard-deformation, with increasing force."
/home/mdxuser/Genesis/main/data/picked_up_4/upsampled/Jarrow_Glucosamine_Chondroitin_Combination_120_Caps_Elastic_hard_upsampled.csv,540,"End-effector continue pinching target object, using significant force, causing substantial-yielding, with rising force."
/home/mdxuser/Genesis/main/data/picked_up_4/upsampled/Jarrow_Glucosamine_Chondroitin_Combination_120_Caps_Elastic_hard_upsampled.csv,810,"End-effector raising target object, using heavy force, causing substantial-yielding, with rising force."
/home/mdxuser/Genesis/main/data/picked_up_4/upsampled/Jarrow_Glucosamine_Chondroitin_Combination_120_Caps_Elastic_hard_upsampled.csv,1080,"End-effector twisting item, by an angle of 30.0 degrees, using significant force, causing significant-compression, with unchanging force."
/home/mdxuser/Genesis/main/data/picked_up_4/upsampled/Jarrow_Glucosamine_Chondroitin_Combination_120_Caps_Elastic_hard_upsampled.csv,1350,"End-effector continue twisting item, by an angle of 30.0 degrees, using firm pressure, causing rigid-contact, with unchanging force."
/home/mdxuser/Genesis/main/data/picked_up_4/upsampled/Jarrow_Glucosamine_Chondroitin_Combination_120_Caps_Elastic_hard_upsampled.csv,1620,"Fingers pausing motion of target object, maintaining a stable hold, using strong contact, causing substantial-yielding."
/home/mdxuser/Genesis/main/data/picked_up_4/upsampled/Jarrow_Glucosamine_Chondroitin_Combination_120_Caps_Elastic_hard_upsampled.csv,1890,"End-effector twisting item, by an angle of 45.0 degrees, using heavy force, causing rigid-contact, with constant force."
/home/mdxuser/Genesis/main/data/picked_up_4/upsampled/Jarrow_Glucosamine_Chondroitin_Combination_120_Caps_Elastic_hard_upsampled.csv,2160,"Gripper continue turning the object, by an angle of 45.0 degrees, using heavy force, causing strong-resistance, with constant force."
/home/mdxuser/Genesis/main/data/picked_up_4/upsampled/Jarrow_Glucosamine_Chondroitin_Combination_120_Caps_Elastic_hard_upsampled.csv,2430,"End-effector steadying target object, maintaining a stable hold, using significant force, causing firm-yielding."
/home/mdxuser/Genesis/main/data/picked_up_4/upsampled/Jarrow_Glucosamine_Chondroitin_Combination_120_Caps_Elastic_hard_upsampled.csv,2700,"End-effector coming to rest with target object, using forceless methods, causing form-conservation."
/home/mdxuser/Genesis/main/data/picked_up_4/upsampled/Down_To_Earth_Ceramic_Orchid_Pot_Asst_Blue_Elastic_hard_upsampled.csv,0,"Gripping mechanism initiating towards the object, to begin the task."
/home/mdxuser/Genesis/main/data/picked_up_4/upsampled/Down_To_Earth_Ceramic_Orchid_Pot_Asst_Blue_Elastic_hard_upsampled.csv,270,"Gripping mechanism holding target object, using strong contact, causing hard-deformation, with growing pressure."
/home/mdxuser/Genesis/main/data/picked_up_4/upsampled/Down_To_Earth_Ceramic_Orchid_Pot_Asst_Blue_Elastic_hard_upsampled.csv,540,"Gripper continue securing the object, using strong contact, causing hard-deformation, with growing pressure."
/home/mdxuser/Genesis/main/data/picked_up_4/upsampled/Down_To_Earth_Ceramic_Orchid_Pot_Asst_Blue_Elastic_hard_upsampled.csv,810,"Gripper lifting item, using heavy force, causing substantial-yielding, with increasing force."
/home/mdxuser/Genesis/main/data/picked_up_4/upsampled/Down_To_Earth_Ceramic_Orchid_Pot_Asst_Blue_Elastic_hard_upsampled.csv,1080,"End-effector rotating the object, by an angle of 45.0 degrees, using heavy force, causing rigid-contact, with unchanging force."
/home/mdxuser/Genesis/main/data/picked_up_4/upsampled/Down_To_Earth_Ceramic_Orchid_Pot_Asst_Blue_Elastic_hard_upsampled.csv,1350,"Gripping mechanism continue rotating the object, by an angle of 45.0 degrees, using significant force, causing rigid-contact, with unchanging force."
/home/mdxuser/Genesis/main/data/picked_up_4/upsampled/Down_To_Earth_Ceramic_Orchid_Pot_Asst_Blue_Elastic_hard_upsampled.csv,1620,"Gripper maintaining hold of item, maintaining a stable hold, using firm pressure, causing strong-resistance."
/home/mdxuser/Genesis/main/data/picked_up_4/upsampled/Down_To_Earth_Ceramic_Orchid_Pot_Asst_Blue_Elastic_hard_upsampled.csv,1890,"Fingers twisting item, by an angle of 45.0 degrees, using significant force, causing significant-compression, with steady pressure."
/home/mdxuser/Genesis/main/data/picked_up_4/upsampled/Down_To_Earth_Ceramic_Orchid_Pot_Asst_Blue_Elastic_hard_upsampled.csv,2160,"Fingers steadying the object, maintaining a stable hold, using strong force, causing strong-resistance."
/home/mdxuser/Genesis/main/data/picked_up_4/upsampled/Down_To_Earth_Ceramic_Orchid_Pot_Asst_Blue_Elastic_hard_upsampled.csv,2430,"Gripping mechanism continue pausing motion of item, maintaining a stable hold, using firm pressure, causing strong-resistance."
/home/mdxuser/Genesis/main/data/picked_up_4/upsampled/Down_To_Earth_Ceramic_Orchid_Pot_Asst_Blue_Elastic_hard_upsampled.csv,2700,Item has been dropped.
/home/mdxuser/Genesis/main/data/picked_up_4/upsampled/Dixie_10_ounce_Bowls_35_ct_Elastic_medium_upsampled.csv,0,"End-effector aligning towards the object, to begin the task."
/home/mdxuser/Genesis/main/data/picked_up_4/upsampled/Dixie_10_ounce_Bowls_35_ct_Elastic_medium_upsampled.csv,270,"End-effector gripping item, using moderate force, causing medium-deformation, with increasing force."
/home/mdxuser/Genesis/main/data/picked_up_4/upsampled/Dixie_10_ounce_Bowls_35_ct_Elastic_medium_upsampled.csv,540,"Gripper continue securing target object, using balanced pressure, causing firm-contact, with rising force."
/home/mdxuser/Genesis/main/data/picked_up_4/upsampled/Dixie_10_ounce_Bowls_35_ct_Elastic_medium_upsampled.csv,810,"Fingers raising the object, using steady force, causing firm-contact, with increasing force."
/home/mdxuser/Genesis/main/data/picked_up_4/upsampled/Dixie_10_ounce_Bowls_35_ct_Elastic_medium_upsampled.csv,1080,"Gripper turning item, by an angle of 45.0 degrees, using moderate force, causing controlled-yielding, with constant force."
/home/mdxuser/Genesis/main/data/picked_up_4/upsampled/Dixie_10_ounce_Bowls_35_ct_Elastic_medium_upsampled.csv,1350,"Gripping mechanism pausing motion of the object, maintaining a stable hold, using balanced pressure, causing firm-contact."
/home/mdxuser/Genesis/main/data/picked_up_4/upsampled/Dixie_10_ounce_Bowls_35_ct_Elastic_medium_upsampled.csv,1620,"Fingers continue steadying target object, maintaining a stable hold, using balanced pressure, causing balanced-yielding."
/home/mdxuser/Genesis/main/data/picked_up_4/upsampled/Dixie_10_ounce_Bowls_35_ct_Elastic_medium_upsampled.csv,1890,"End-effector rotating item, by an angle of 30.0 degrees, using controlled pressure, causing firm-contact, with steady pressure."
/home/mdxuser/Genesis/main/data/picked_up_4/upsampled/Dixie_10_ounce_Bowls_35_ct_Elastic_medium_upsampled.csv,2160,"Gripping mechanism continue turning item, by an angle of 30.0 degrees, using firm contact, causing medium-deformation, with constant force."
/home/mdxuser/Genesis/main/data/picked_up_4/upsampled/Dixie_10_ounce_Bowls_35_ct_Elastic_medium_upsampled.csv,2430,Target object has been dropped.
/home/mdxuser/Genesis/main/data/picked_up_4/upsampled/Dixie_10_ounce_Bowls_35_ct_Elastic_medium_upsampled.csv,2700,Item has been let go of.
/home/mdxuser/Genesis/main/data/picked_up_4/upsampled/Office_Depot_Dell_Series_1_Remanufactured_Ink_Cartridge_TriColor_Elastic_hard_upsampled.csv,0,"Gripping mechanism advancing towards the object, to begin the task."
/home/mdxuser/Genesis/main/data/picked_up_4/upsampled/Office_Depot_Dell_Series_1_Remanufactured_Ink_Cartridge_TriColor_Elastic_hard_upsampled.csv,270,"Gripping mechanism clasping the object, using heavy force, causing rigid-contact, with increasing force."
/home/mdxuser/Genesis/main/data/picked_up_4/upsampled/Office_Depot_Dell_Series_1_Remanufactured_Ink_Cartridge_TriColor_Elastic_hard_upsampled.csv,540,"Fingers continue clasping item, using heavy force, causing significant-compression, with increasing force."
/home/mdxuser/Genesis/main/data/picked_up_4/upsampled/Office_Depot_Dell_Series_1_Remanufactured_Ink_Cartridge_TriColor_Elastic_hard_upsampled.csv,810,"End-effector picking up item, using heavy force, causing significant-compression, with growing pressure."
/home/mdxuser/Genesis/main/data/picked_up_4/upsampled/Office_Depot_Dell_Series_1_Remanufactured_Ink_Cartridge_TriColor_Elastic_hard_upsampled.csv,1080,"Fingers rotating target object, by an angle of 45.0 degrees, using firm pressure, causing rigid-contact, with steady pressure."
/home/mdxuser/Genesis/main/data/picked_up_4/upsampled/Office_Depot_Dell_Series_1_Remanufactured_Ink_Cartridge_TriColor_Elastic_hard_upsampled.csv,1350,"Fingers maintaining hold of the object, maintaining a stable hold, using significant force, causing significant-compression."
/home/mdxuser/Genesis/main/data/picked_up_4/upsampled/Office_Depot_Dell_Series_1_Remanufactured_Ink_Cartridge_TriColor_Elastic_hard_upsampled.csv,1620,"Fingers continue pausing motion of item, maintaining a stable hold, using firm pressure, causing rigid-contact."
/home/mdxuser/Genesis/main/data/picked_up_4/upsampled/Office_Depot_Dell_Series_1_Remanufactured_Ink_Cartridge_TriColor_Elastic_hard_upsampled.csv,1890,Item has been let go of.
/home/mdxuser/Genesis/main/data/picked_up_4/upsampled/Office_Depot_Dell_Series_1_Remanufactured_Ink_Cartridge_TriColor_Elastic_hard_upsampled.csv,2160,Item has been dropped.
/home/mdxuser/Genesis/main/data/picked_up_4/upsampled/Office_Depot_Dell_Series_1_Remanufactured_Ink_Cartridge_TriColor_Elastic_hard_upsampled.csv,2430,Target object has been let go of.
/home/mdxuser/Genesis/main/data/picked_up_4/upsampled/Office_Depot_Dell_Series_1_Remanufactured_Ink_Cartridge_TriColor_Elastic_hard_upsampled.csv,2700,Target object has been dropped.
/home/mdxuser/Genesis/main/data/picked_up_4/upsampled/DRAGON_W_Elastic_hard_upsampled.csv,0,"Gripper positioning towards the object, to begin the task."
/home/mdxuser/Genesis/main/data/picked_up_4/upsampled/DRAGON_W_Elastic_hard_upsampled.csv,270,"Gripper clasping item, using firm pressure, causing significant-compression, with growing pressure."
/home/mdxuser/Genesis/main/data/picked_up_4/upsampled/DRAGON_W_Elastic_hard_upsampled.csv,540,"Fingers continue securing the object, using heavy force, causing significant-compression, with growing pressure."
/home/mdxuser/Genesis/main/data/picked_up_4/upsampled/DRAGON_W_Elastic_hard_upsampled.csv,810,"End-effector picking up item, using strong contact, causing rigid-contact, with growing pressure."
/home/mdxuser/Genesis/main/data/picked_up_4/upsampled/DRAGON_W_Elastic_hard_upsampled.csv,1080,"Gripping mechanism twisting target object, by an angle of 45.0 degrees, using significant force, causing rigid-contact, with steady pressure."
/home/mdxuser/Genesis/main/data/picked_up_4/upsampled/DRAGON_W_Elastic_hard_upsampled.csv,1350,"Fingers continue twisting the object, by an angle of 45.0 degrees, using significant force, causing substantial-yielding, with unchanging force."
/home/mdxuser/Genesis/main/data/picked_up_4/upsampled/DRAGON_W_Elastic_hard_upsampled.csv,1620,"End-effector steadying item, maintaining a stable hold, using firm pressure, causing significant-compression."
/home/mdxuser/Genesis/main/data/picked_up_4/upsampled/DRAGON_W_Elastic_hard_upsampled.csv,1890,"Gripper turning item, by an angle of 45.0 degrees, using firm pressure, causing strong-resistance, with steady pressure."
/home/mdxuser/Genesis/main/data/picked_up_4/upsampled/DRAGON_W_Elastic_hard_upsampled.csv,2160,"Gripper continue turning target object, by an angle of 45.0 degrees, using heavy force, causing significant-compression, with unchanging force."
/home/mdxuser/Genesis/main/data/picked_up_4/upsampled/DRAGON_W_Elastic_hard_upsampled.csv,2430,The object has been released.
/home/mdxuser/Genesis/main/data/picked_up_4/upsampled/DRAGON_W_Elastic_hard_upsampled.csv,2700,Item has been let go of.
/home/mdxuser/Genesis/main/data/picked_up_4/upsampled/Pokémon_Omega_Ruby_Alpha_Sapphire_Dual_Pack_Nintendo_3DS_Elastic_soft_upsampled.csv,0,"Fingers reaching towards the object, to begin the task."
/home/mdxuser/Genesis/main/data/picked_up_4/upsampled/Pokémon_Omega_Ruby_Alpha_Sapphire_Dual_Pack_Nintendo_3DS_Elastic_soft_upsampled.csv,270,"Fingers squeezing item, using soft contact, causing minimal-resistance, with increasing force."
/home/mdxuser/Genesis/main/data/picked_up_4/upsampled/Pokémon_Omega_Ruby_Alpha_Sapphire_Dual_Pack_Nintendo_3DS_Elastic_soft_upsampled.csv,540,"Gripper continue securing the object, using soft contact, causing lightly-yielding, with growing pressure."
/home/mdxuser/Genesis/main/data/picked_up_4/upsampled/Pokémon_Omega_Ruby_Alpha_Sapphire_Dual_Pack_Nintendo_3DS_Elastic_soft_upsampled.csv,810,"End-effector lifting item, using slight force, causing slight-yielding, with increasing force."
/home/mdxuser/Genesis/main/data/picked_up_4/upsampled/Pokémon_Omega_Ruby_Alpha_Sapphire_Dual_Pack_Nintendo_3DS_Elastic_soft_upsampled.csv,1080,"Gripping mechanism twisting the object, by an angle of 45.0 degrees, using cushioned pressure, causing gentle-compression, with steady pressure."
/home/mdxuser/Genesis/main/data/picked_up_4/upsampled/Pokémon_Omega_Ruby_Alpha_Sapphire_Dual_Pack_Nintendo_3DS_Elastic_soft_upsampled.csv,1350,"End-effector continue turning item, by an angle of 45.0 degrees, using cushioned pressure, causing minimal-resistance, with unchanging force."
/home/mdxuser/Genesis/main/data/picked_up_4/upsampled/Pokémon_Omega_Ruby_Alpha_Sapphire_Dual_Pack_Nintendo_3DS_Elastic_soft_upsampled.csv,1620,The object has been dropped.
/home/mdxuser/Genesis/main/data/picked_up_4/upsampled/Pokémon_Omega_Ruby_Alpha_Sapphire_Dual_Pack_Nintendo_3DS_Elastic_soft_upsampled.csv,1890,The object has been released.
/home/mdxuser/Genesis/main/data/picked_up_4/upsampled/Pokémon_Omega_Ruby_Alpha_Sapphire_Dual_Pack_Nintendo_3DS_Elastic_soft_upsampled.csv,2160,Target object has been dropped.
/home/mdxuser/Genesis/main/data/picked_up_4/upsampled/Pokémon_Omega_Ruby_Alpha_Sapphire_Dual_Pack_Nintendo_3DS_Elastic_soft_upsampled.csv,2430,Item has been let go of.
/home/mdxuser/Genesis/main/data/picked_up_4/upsampled/Pokémon_Omega_Ruby_Alpha_Sapphire_Dual_Pack_Nintendo_3DS_Elastic_soft_upsampled.csv,2700,Target object has been dropped.
/home/mdxuser/Genesis/main/data/picked_up_4/upsampled/Deskstar_Desk_Top_Hard_Drive_1_TB_Elastic_medium_upsampled.csv,0,"Fingers reaching towards item, to begin the task."
/home/mdxuser/Genesis/main/data/picked_up_4/upsampled/Deskstar_Desk_Top_Hard_Drive_1_TB_Elastic_medium_upsampled.csv,270,"Gripper grasping target object, using steady force, causing moderate-compression, with increasing force."
/home/mdxuser/Genesis/main/data/picked_up_4/upsampled/Deskstar_Desk_Top_Hard_Drive_1_TB_Elastic_medium_upsampled.csv,540,"Fingers continue grasping the object, using firm contact, causing moderate-compression, with growing pressure."
/home/mdxuser/Genesis/main/data/picked_up_4/upsampled/Deskstar_Desk_Top_Hard_Drive_1_TB_Elastic_medium_upsampled.csv,810,"End-effector elevating target object, using firm contact, causing firm-contact, with growing pressure."
/home/mdxuser/Genesis/main/data/picked_up_4/upsampled/Deskstar_Desk_Top_Hard_Drive_1_TB_Elastic_medium_upsampled.csv,1080,"Gripping mechanism rotating target object, by an angle of 45.0 degrees, using moderate force, causing medium-deformation, with constant force."
/home/mdxuser/Genesis/main/data/picked_up_4/upsampled/Deskstar_Desk_Top_Hard_Drive_1_TB_Elastic_medium_upsampled.csv,1350,The object has been dropped.
/home/mdxuser/Genesis/main/data/picked_up_4/upsampled/Deskstar_Desk_Top_Hard_Drive_1_TB_Elastic_medium_upsampled.csv,1620,Item has been let go of.
/home/mdxuser/Genesis/main/data/picked_up_4/upsampled/Deskstar_Desk_Top_Hard_Drive_1_TB_Elastic_medium_upsampled.csv,1890,Item has been released.
/home/mdxuser/Genesis/main/data/picked_up_4/upsampled/Deskstar_Desk_Top_Hard_Drive_1_TB_Elastic_medium_upsampled.csv,2160,Item has been dropped.
/home/mdxuser/Genesis/main/data/picked_up_4/upsampled/Deskstar_Desk_Top_Hard_Drive_1_TB_Elastic_medium_upsampled.csv,2430,Item has been released.
/home/mdxuser/Genesis/main/data/picked_up_4/upsampled/Deskstar_Desk_Top_Hard_Drive_1_TB_Elastic_medium_upsampled.csv,2700,The object has been let go of.
/home/mdxuser/Genesis/main/data/picked_up_4/upsampled/Pokémon_Omega_Ruby_Alpha_Sapphire_Dual_Pack_Nintendo_3DS_Elastic_hard_upsampled.csv,0,"Gripper approaching towards target object, to begin the task."
/home/mdxuser/Genesis/main/data/picked_up_4/upsampled/Pokémon_Omega_Ruby_Alpha_Sapphire_Dual_Pack_Nintendo_3DS_Elastic_hard_upsampled.csv,270,"Gripper grasping the object, using intense pressure, causing significant-compression, with increasing force."
/home/mdxuser/Genesis/main/data/picked_up_4/upsampled/Pokémon_Omega_Ruby_Alpha_Sapphire_Dual_Pack_Nintendo_3DS_Elastic_hard_upsampled.csv,540,"Fingers continue gripping target object, using heavy force, causing substantial-yielding, with rising force."
/home/mdxuser/Genesis/main/data/picked_up_4/upsampled/Pokémon_Omega_Ruby_Alpha_Sapphire_Dual_Pack_Nintendo_3DS_Elastic_hard_upsampled.csv,810,"Gripper raising target object, using intense pressure, causing significant-compression, with growing pressure."
/home/mdxuser/Genesis/main/data/picked_up_4/upsampled/Pokémon_Omega_Ruby_Alpha_Sapphire_Dual_Pack_Nintendo_3DS_Elastic_hard_upsampled.csv,1080,"Fingers turning the object, by an angle of 30.0 degrees, using strong contact, causing rigid-contact, with unchanging force."
/home/mdxuser/Genesis/main/data/picked_up_4/upsampled/Pokémon_Omega_Ruby_Alpha_Sapphire_Dual_Pack_Nintendo_3DS_Elastic_hard_upsampled.csv,1350,"Gripping mechanism continue turning target object, by an angle of 30.0 degrees, using firm pressure, causing significant-compression, with unchanging force."
/home/mdxuser/Genesis/main/data/picked_up_4/upsampled/Pokémon_Omega_Ruby_Alpha_Sapphire_Dual_Pack_Nintendo_3DS_Elastic_hard_upsampled.csv,1620,"Gripping mechanism maintaining hold of target object, maintaining a stable hold, using strong force, causing significant-compression."
/home/mdxuser/Genesis/main/data/picked_up_4/upsampled/Pokémon_Omega_Ruby_Alpha_Sapphire_Dual_Pack_Nintendo_3DS_Elastic_hard_upsampled.csv,1890,"Fingers rotating target object, by an angle of 45.0 degrees, using intense pressure, causing substantial-yielding, with unchanging force."
/home/mdxuser/Genesis/main/data/picked_up_4/upsampled/Pokémon_Omega_Ruby_Alpha_Sapphire_Dual_Pack_Nintendo_3DS_Elastic_hard_upsampled.csv,2160,"Gripping mechanism continue rotating the object, by an angle of 45.0 degrees, using intense pressure, causing rigid-contact, with constant force."
/home/mdxuser/Genesis/main/data/picked_up_4/upsampled/Pokémon_Omega_Ruby_Alpha_Sapphire_Dual_Pack_Nintendo_3DS_Elastic_hard_upsampled.csv,2430,Target object has been released.
/home/mdxuser/Genesis/main/data/picked_up_4/upsampled/Pokémon_Omega_Ruby_Alpha_Sapphire_Dual_Pack_Nintendo_3DS_Elastic_hard_upsampled.csv,2700,Item has been released.
/home/mdxuser/Genesis/main/data/picked_up_4/upsampled/Down_To_Earth_Orchid_Pot_Ceramic_Red_Elastic_soft_upsampled.csv,0,"End-effector approaching towards target object, to begin the task."
/home/mdxuser/Genesis/main/data/picked_up_4/upsampled/Down_To_Earth_Orchid_Pot_Ceramic_Red_Elastic_soft_upsampled.csv,270,"Gripping mechanism clasping item, using slight force, causing cushioned-contact, with growing pressure."
/home/mdxuser/Genesis/main/data/picked_up_4/upsampled/Down_To_Earth_Orchid_Pot_Ceramic_Red_Elastic_soft_upsampled.csv,540,"Gripper continue pinching the object, using subtle force, causing gentle-compression, with increasing force."
/home/mdxuser/Genesis/main/data/picked_up_4/upsampled/Down_To_Earth_Orchid_Pot_Ceramic_Red_Elastic_soft_upsampled.csv,810,"End-effector elevating the object, using soft contact, causing lightly-yielding, with increasing force."
/home/mdxuser/Genesis/main/data/picked_up_4/upsampled/Down_To_Earth_Orchid_Pot_Ceramic_Red_Elastic_soft_upsampled.csv,1080,"Gripping mechanism twisting item, by an angle of 45.0 degrees, using light pressure, causing minimal-resistance, with unchanging force."
/home/mdxuser/Genesis/main/data/picked_up_4/upsampled/Down_To_Earth_Orchid_Pot_Ceramic_Red_Elastic_soft_upsampled.csv,1350,"Fingers holding position of target object, maintaining a stable hold, using slight force, causing lightly-yielding."
/home/mdxuser/Genesis/main/data/picked_up_4/upsampled/Down_To_Earth_Orchid_Pot_Ceramic_Red_Elastic_soft_upsampled.csv,1620,"End-effector continue maintaining hold of target object, maintaining a stable hold, using subtle force, causing lightly-yielding."
/home/mdxuser/Genesis/main/data/picked_up_4/upsampled/Down_To_Earth_Orchid_Pot_Ceramic_Red_Elastic_soft_upsampled.csv,1890,The object has been released.
/home/mdxuser/Genesis/main/data/picked_up_4/upsampled/Down_To_Earth_Orchid_Pot_Ceramic_Red_Elastic_soft_upsampled.csv,2160,Item has been released.
/home/mdxuser/Genesis/main/data/picked_up_4/upsampled/Down_To_Earth_Orchid_Pot_Ceramic_Red_Elastic_soft_upsampled.csv,2430,Target object has been dropped.
/home/mdxuser/Genesis/main/data/picked_up_4/upsampled/Down_To_Earth_Orchid_Pot_Ceramic_Red_Elastic_soft_upsampled.csv,2700,Target object has been dropped.
/home/mdxuser/Genesis/main/data/picked_up_4/upsampled/Crayola_Model_Magic_Modeling_Material_Single_Packs_6_pack_05_oz_packs_Elastic_hard_upsampled.csv,0,"Fingers approaching towards target object, to begin the task."
/home/mdxuser/Genesis/main/data/picked_up_4/upsampled/Crayola_Model_Magic_Modeling_Material_Single_Packs_6_pack_05_oz_packs_Elastic_hard_upsampled.csv,270,"Fingers pinching item, using intense pressure, causing significant-compression, with growing pressure."
/home/mdxuser/Genesis/main/data/picked_up_4/upsampled/Crayola_Model_Magic_Modeling_Material_Single_Packs_6_pack_05_oz_packs_Elastic_hard_upsampled.csv,540,"Gripper continue grasping the object, using strong contact, causing hard-deformation, with growing pressure."
/home/mdxuser/Genesis/main/data/picked_up_4/upsampled/Crayola_Model_Magic_Modeling_Material_Single_Packs_6_pack_05_oz_packs_Elastic_hard_upsampled.csv,810,"End-effector elevating item, using strong contact, causing rigid-contact, with increasing force."
/home/mdxuser/Genesis/main/data/picked_up_4/upsampled/Crayola_Model_Magic_Modeling_Material_Single_Packs_6_pack_05_oz_packs_Elastic_hard_upsampled.csv,1080,"End-effector twisting item, by an angle of 45.0 degrees, using intense pressure, causing hard-deformation, with steady pressure."
/home/mdxuser/Genesis/main/data/picked_up_4/upsampled/Crayola_Model_Magic_Modeling_Material_Single_Packs_6_pack_05_oz_packs_Elastic_hard_upsampled.csv,1350,Item has been dropped.
/home/mdxuser/Genesis/main/data/picked_up_4/upsampled/Crayola_Model_Magic_Modeling_Material_Single_Packs_6_pack_05_oz_packs_Elastic_hard_upsampled.csv,1620,Item has been released.
/home/mdxuser/Genesis/main/data/picked_up_4/upsampled/Crayola_Model_Magic_Modeling_Material_Single_Packs_6_pack_05_oz_packs_Elastic_hard_upsampled.csv,1890,The object has been released.
/home/mdxuser/Genesis/main/data/picked_up_4/upsampled/Crayola_Model_Magic_Modeling_Material_Single_Packs_6_pack_05_oz_packs_Elastic_hard_upsampled.csv,2160,Target object has been released.
/home/mdxuser/Genesis/main/data/picked_up_4/upsampled/Crayola_Model_Magic_Modeling_Material_Single_Packs_6_pack_05_oz_packs_Elastic_hard_upsampled.csv,2430,Item has been let go of.
/home/mdxuser/Genesis/main/data/picked_up_4/upsampled/Crayola_Model_Magic_Modeling_Material_Single_Packs_6_pack_05_oz_packs_Elastic_hard_upsampled.csv,2700,The object has been let go of.
/home/mdxuser/Genesis/main/data/picked_up_4/upsampled/Brother_LC_1053PKS_Ink_Cartridge_CyanMagentaYellow_1pack_Elastic_hard_upsampled.csv,0,"Gripper approaching towards target object, to begin the task."
/home/mdxuser/Genesis/main/data/picked_up_4/upsampled/Brother_LC_1053PKS_Ink_Cartridge_CyanMagentaYellow_1pack_Elastic_hard_upsampled.csv,270,"Fingers squeezing item, using strong contact, causing hard-deformation, with increasing force."
/home/mdxuser/Genesis/main/data/picked_up_4/upsampled/Brother_LC_1053PKS_Ink_Cartridge_CyanMagentaYellow_1pack_Elastic_hard_upsampled.csv,540,"Gripping mechanism continue clasping the object, using heavy force, causing significant-compression, with growing pressure."
/home/mdxuser/Genesis/main/data/picked_up_4/upsampled/Brother_LC_1053PKS_Ink_Cartridge_CyanMagentaYellow_1pack_Elastic_hard_upsampled.csv,810,"Fingers elevating the object, using strong force, causing rigid-contact, with growing pressure."
/home/mdxuser/Genesis/main/data/picked_up_4/upsampled/Brother_LC_1053PKS_Ink_Cartridge_CyanMagentaYellow_1pack_Elastic_hard_upsampled.csv,1080,"Gripper turning the object, by an angle of 30.0 degrees, using significant force, causing strong-resistance, with unchanging force."
/home/mdxuser/Genesis/main/data/picked_up_4/upsampled/Brother_LC_1053PKS_Ink_Cartridge_CyanMagentaYellow_1pack_Elastic_hard_upsampled.csv,1350,"Gripping mechanism continue rotating the object, by an angle of 30.0 degrees, using firm pressure, causing hard-deformation, with unchanging force."
/home/mdxuser/Genesis/main/data/picked_up_4/upsampled/Brother_LC_1053PKS_Ink_Cartridge_CyanMagentaYellow_1pack_Elastic_hard_upsampled.csv,1620,"Gripping mechanism holding position of the object, maintaining a stable hold, using firm pressure, causing firm-yielding."
/home/mdxuser/Genesis/main/data/picked_up_4/upsampled/Brother_LC_1053PKS_Ink_Cartridge_CyanMagentaYellow_1pack_Elastic_hard_upsampled.csv,1890,"Fingers rotating the object, by an angle of 45.0 degrees, using strong contact, causing rigid-contact, with unchanging force."
/home/mdxuser/Genesis/main/data/picked_up_4/upsampled/Brother_LC_1053PKS_Ink_Cartridge_CyanMagentaYellow_1pack_Elastic_hard_upsampled.csv,2160,"Gripping mechanism holding position of the object, maintaining a stable hold, using intense pressure, causing firm-yielding."
/home/mdxuser/Genesis/main/data/picked_up_4/upsampled/Brother_LC_1053PKS_Ink_Cartridge_CyanMagentaYellow_1pack_Elastic_hard_upsampled.csv,2430,"Gripper continue holding position of target object, maintaining a stable hold, using significant force, causing strong-resistance."
/home/mdxuser/Genesis/main/data/picked_up_4/upsampled/Brother_LC_1053PKS_Ink_Cartridge_CyanMagentaYellow_1pack_Elastic_hard_upsampled.csv,2700,"Gripper decelerating motion of the object, using contactless method, causing contactless."
/home/mdxuser/Genesis/main/data/picked_up_4/upsampled/CONE_SORTING_Elastic_medium_upsampled.csv,0,"Fingers aligning towards the object, to begin the task."
/home/mdxuser/Genesis/main/data/picked_up_4/upsampled/CONE_SORTING_Elastic_medium_upsampled.csv,270,"Fingers squeezing the object, using firm contact, causing moderate-compression, with rising force."
/home/mdxuser/Genesis/main/data/picked_up_4/upsampled/CONE_SORTING_Elastic_medium_upsampled.csv,540,"Gripping mechanism continue clasping the object, using firm contact, causing medium-deformation, with increasing force."
/home/mdxuser/Genesis/main/data/picked_up_4/upsampled/CONE_SORTING_Elastic_medium_upsampled.csv,810,"Gripper raising the object, using balanced pressure, causing firm-contact, with increasing force."
/home/mdxuser/Genesis/main/data/picked_up_4/upsampled/CONE_SORTING_Elastic_medium_upsampled.csv,1080,"Gripper rotating item, by an angle of 30.0 degrees, using moderate force, causing moderate-compression, with constant force."
/home/mdxuser/Genesis/main/data/picked_up_4/upsampled/CONE_SORTING_Elastic_medium_upsampled.csv,1350,"Gripping mechanism continue turning item, by an angle of 30.0 degrees, using firm contact, causing firm-contact, with steady pressure."
/home/mdxuser/Genesis/main/data/picked_up_4/upsampled/CONE_SORTING_Elastic_medium_upsampled.csv,1620,The object has been released.
/home/mdxuser/Genesis/main/data/picked_up_4/upsampled/CONE_SORTING_Elastic_medium_upsampled.csv,1890,The object has been let go of.
/home/mdxuser/Genesis/main/data/picked_up_4/upsampled/CONE_SORTING_Elastic_medium_upsampled.csv,2160,The object has been released.
/home/mdxuser/Genesis/main/data/picked_up_4/upsampled/CONE_SORTING_Elastic_medium_upsampled.csv,2430,Item has been released.
/home/mdxuser/Genesis/main/data/picked_up_4/upsampled/CONE_SORTING_Elastic_medium_upsampled.csv,2700,Item has been let go of.
/home/mdxuser/Genesis/main/data/picked_up_4/upsampled/50_BLOCKS_Elastic_hard_upsampled.csv,0,"Fingers aligning towards target object, to begin the task."
/home/mdxuser/Genesis/main/data/picked_up_4/upsampled/50_BLOCKS_Elastic_hard_upsampled.csv,270,"Fingers holding the object, using significant force, causing firm-yielding, with increasing force."
/home/mdxuser/Genesis/main/data/picked_up_4/upsampled/50_BLOCKS_Elastic_hard_upsampled.csv,540,"End-effector continue capturing the object, using intense pressure, causing hard-deformation, with rising force."
/home/mdxuser/Genesis/main/data/picked_up_4/upsampled/50_BLOCKS_Elastic_hard_upsampled.csv,810,"Gripper raising target object, using strong force, causing hard-deformation, with growing pressure."
/home/mdxuser/Genesis/main/data/picked_up_4/upsampled/50_BLOCKS_Elastic_hard_upsampled.csv,1080,"End-effector twisting the object, by an angle of 45.0 degrees, using heavy force, causing substantial-yielding, with unchanging force."
/home/mdxuser/Genesis/main/data/picked_up_4/upsampled/50_BLOCKS_Elastic_hard_upsampled.csv,1350,"Fingers continue turning the object, by an angle of 45.0 degrees, using strong force, causing significant-compression, with constant force."
/home/mdxuser/Genesis/main/data/picked_up_4/upsampled/50_BLOCKS_Elastic_hard_upsampled.csv,1620,"Gripper maintaining hold of the object, maintaining a stable hold, using heavy force, causing hard-deformation."
/home/mdxuser/Genesis/main/data/picked_up_4/upsampled/50_BLOCKS_Elastic_hard_upsampled.csv,1890,"Gripping mechanism twisting target object, by an angle of 30.0 degrees, using significant force, causing strong-resistance, with steady pressure."
/home/mdxuser/Genesis/main/data/picked_up_4/upsampled/50_BLOCKS_Elastic_hard_upsampled.csv,2160,"Fingers continue rotating the object, by an angle of 30.0 degrees, using heavy force, causing rigid-contact, with unchanging force."
/home/mdxuser/Genesis/main/data/picked_up_4/upsampled/50_BLOCKS_Elastic_hard_upsampled.csv,2430,"Fingers steadying the object, maintaining a stable hold, using heavy force, causing rigid-contact."
/home/mdxuser/Genesis/main/data/picked_up_4/upsampled/50_BLOCKS_Elastic_hard_upsampled.csv,2700,"Gripper slowing down motion of target object, using zero-force, causing form-conservation."
/home/mdxuser/Genesis/main/data/picked_up_4/upsampled/AllergenFree_JarroDophilus_Elastic_medium_upsampled.csv,0,"Gripping mechanism initiating towards item, to begin the task."
/home/mdxuser/Genesis/main/data/picked_up_4/upsampled/AllergenFree_JarroDophilus_Elastic_medium_upsampled.csv,270,"Gripping mechanism gripping the object, using controlled pressure, causing controlled-yielding, with rising force."
/home/mdxuser/Genesis/main/data/picked_up_4/upsampled/AllergenFree_JarroDophilus_Elastic_medium_upsampled.csv,540,"Gripping mechanism continue squeezing target object, using moderate force, causing moderate-compression, with increasing force."
/home/mdxuser/Genesis/main/data/picked_up_4/upsampled/AllergenFree_JarroDophilus_Elastic_medium_upsampled.csv,810,"Gripper elevating item, using firm contact, causing firm-contact, with growing pressure."
/home/mdxuser/Genesis/main/data/picked_up_4/upsampled/AllergenFree_JarroDophilus_Elastic_medium_upsampled.csv,1080,"Gripping mechanism twisting the object, by an angle of 30.0 degrees, using firm contact, causing steady-resistance, with unchanging force."
/home/mdxuser/Genesis/main/data/picked_up_4/upsampled/AllergenFree_JarroDophilus_Elastic_medium_upsampled.csv,1350,"Gripper continue rotating the object, by an angle of 30.0 degrees, using moderate force, causing moderate-compression, with unchanging force."
/home/mdxuser/Genesis/main/data/picked_up_4/upsampled/AllergenFree_JarroDophilus_Elastic_medium_upsampled.csv,1620,"Gripping mechanism pausing motion of item, maintaining a stable hold, using steady force, causing steady-resistance."
/home/mdxuser/Genesis/main/data/picked_up_4/upsampled/AllergenFree_JarroDophilus_Elastic_medium_upsampled.csv,1890,"Gripping mechanism rotating target object, by an angle of 30.0 degrees, using firm contact, causing balanced-yielding, with constant force."
/home/mdxuser/Genesis/main/data/picked_up_4/upsampled/AllergenFree_JarroDophilus_Elastic_medium_upsampled.csv,2160,"Gripping mechanism continue turning target object, by an angle of 30.0 degrees, using firm contact, causing moderate-compression, with constant force."
/home/mdxuser/Genesis/main/data/picked_up_4/upsampled/AllergenFree_JarroDophilus_Elastic_medium_upsampled.csv,2430,"Gripper steadying target object, maintaining a stable hold, using balanced pressure, causing moderate-compression."
/home/mdxuser/Genesis/main/data/picked_up_4/upsampled/AllergenFree_JarroDophilus_Elastic_medium_upsampled.csv,2700,"End-effector slowing down motion of item, using contactless method, causing undeformed shape."
/home/mdxuser/Genesis/main/data/picked_up_4/upsampled/Android_Figure_Orange_Elastic_hard_upsampled.csv,0,"End-effector aligning towards the object, to begin the task."
/home/mdxuser/Genesis/main/data/picked_up_4/upsampled/Android_Figure_Orange_Elastic_hard_upsampled.csv,270,"Gripping mechanism grasping target object, using firm pressure, causing hard-deformation, with increasing force."
/home/mdxuser/Genesis/main/data/picked_up_4/upsampled/Android_Figure_Orange_Elastic_hard_upsampled.csv,540,"Gripper continue pinching item, using strong contact, causing strong-resistance, with increasing force."
/home/mdxuser/Genesis/main/data/picked_up_4/upsampled/Android_Figure_Orange_Elastic_hard_upsampled.csv,810,"End-effector picking up target object, using strong force, causing hard-deformation, with growing pressure."
/home/mdxuser/Genesis/main/data/picked_up_4/upsampled/Android_Figure_Orange_Elastic_hard_upsampled.csv,1080,"Fingers twisting the object, by an angle of 45.0 degrees, using intense pressure, causing hard-deformation, with constant force."
/home/mdxuser/Genesis/main/data/picked_up_4/upsampled/Android_Figure_Orange_Elastic_hard_upsampled.csv,1350,"Fingers continue twisting target object, by an angle of 45.0 degrees, using significant force, causing firm-yielding, with constant force."
/home/mdxuser/Genesis/main/data/picked_up_4/upsampled/Android_Figure_Orange_Elastic_hard_upsampled.csv,1620,"Gripper holding position of the object, maintaining a stable hold, using firm pressure, causing hard-deformation."
/home/mdxuser/Genesis/main/data/picked_up_4/upsampled/Android_Figure_Orange_Elastic_hard_upsampled.csv,1890,"Gripper turning item, by an angle of 30.0 degrees, using heavy force, causing significant-compression, with steady pressure."
/home/mdxuser/Genesis/main/data/picked_up_4/upsampled/Android_Figure_Orange_Elastic_hard_upsampled.csv,2160,"Gripper continue turning the object, by an angle of 30.0 degrees, using strong contact, causing firm-yielding, with constant force."
/home/mdxuser/Genesis/main/data/picked_up_4/upsampled/Android_Figure_Orange_Elastic_hard_upsampled.csv,2430,"Gripper holding position of target object, maintaining a stable hold, using heavy force, causing rigid-contact."
/home/mdxuser/Genesis/main/data/picked_up_4/upsampled/Android_Figure_Orange_Elastic_hard_upsampled.csv,2700,"Gripping mechanism coming to rest with the object, using zero-pressure, causing maintaining shape."
/home/mdxuser/Genesis/main/data/picked_up_4/upsampled/3D_Dollhouse_Swing_Elastic_medium_upsampled.csv,0,"End-effector initiating towards item, to begin the task."
/home/mdxuser/Genesis/main/data/picked_up_4/upsampled/3D_Dollhouse_Swing_Elastic_medium_upsampled.csv,270,"Fingers grasping item, using moderate force, causing controlled-yielding, with increasing force."
/home/mdxuser/Genesis/main/data/picked_up_4/upsampled/3D_Dollhouse_Swing_Elastic_medium_upsampled.csv,540,"End-effector continue clamping item, using moderate force, causing balanced-yielding, with growing pressure."
/home/mdxuser/Genesis/main/data/picked_up_4/upsampled/3D_Dollhouse_Swing_Elastic_medium_upsampled.csv,810,"End-effector picking up item, using moderate force, causing steady-resistance, with increasing force."
/home/mdxuser/Genesis/main/data/picked_up_4/upsampled/3D_Dollhouse_Swing_Elastic_medium_upsampled.csv,1080,"Gripper turning target object, by an angle of 45.0 degrees, using moderate force, causing controlled-yielding, with constant force."
/home/mdxuser/Genesis/main/data/picked_up_4/upsampled/3D_Dollhouse_Swing_Elastic_medium_upsampled.csv,1350,"Fingers continue rotating item, by an angle of 45.0 degrees, using moderate force, causing medium-deformation, with constant force."
/home/mdxuser/Genesis/main/data/picked_up_4/upsampled/3D_Dollhouse_Swing_Elastic_medium_upsampled.csv,1620,Target object has been released.
/home/mdxuser/Genesis/main/data/picked_up_4/upsampled/3D_Dollhouse_Swing_Elastic_medium_upsampled.csv,1890,The object has been let go of.
/home/mdxuser/Genesis/main/data/picked_up_4/upsampled/3D_Dollhouse_Swing_Elastic_medium_upsampled.csv,2160,Target object has been released.
/home/mdxuser/Genesis/main/data/picked_up_4/upsampled/3D_Dollhouse_Swing_Elastic_medium_upsampled.csv,2430,Target object has been let go of.
/home/mdxuser/Genesis/main/data/picked_up_4/upsampled/3D_Dollhouse_Swing_Elastic_medium_upsampled.csv,2700,Item has been released.
/home/mdxuser/Genesis/main/data/picked_up_4/upsampled/Beyonc_Life_is_But_a_Dream_DVD_Elastic_hard_upsampled.csv,0,"Fingers reaching towards item, to begin the task."
/home/mdxuser/Genesis/main/data/picked_up_4/upsampled/Beyonc_Life_is_But_a_Dream_DVD_Elastic_hard_upsampled.csv,270,"End-effector clamping target object, using significant force, causing hard-deformation, with rising force."
/home/mdxuser/Genesis/main/data/picked_up_4/upsampled/Beyonc_Life_is_But_a_Dream_DVD_Elastic_hard_upsampled.csv,540,"Gripper continue squeezing the object, using heavy force, causing strong-resistance, with rising force."
/home/mdxuser/Genesis/main/data/picked_up_4/upsampled/Beyonc_Life_is_But_a_Dream_DVD_Elastic_hard_upsampled.csv,810,"Fingers raising target object, using heavy force, causing strong-resistance, with growing pressure."
/home/mdxuser/Genesis/main/data/picked_up_4/upsampled/Beyonc_Life_is_But_a_Dream_DVD_Elastic_hard_upsampled.csv,1080,"Gripping mechanism rotating target object, by an angle of 45.0 degrees, using strong force, causing rigid-contact, with constant force."
/home/mdxuser/Genesis/main/data/picked_up_4/upsampled/Beyonc_Life_is_But_a_Dream_DVD_Elastic_hard_upsampled.csv,1350,Target object has been released.
/home/mdxuser/Genesis/main/data/picked_up_4/upsampled/Beyonc_Life_is_But_a_Dream_DVD_Elastic_hard_upsampled.csv,1620,The object has been dropped.
/home/mdxuser/Genesis/main/data/picked_up_4/upsampled/Beyonc_Life_is_But_a_Dream_DVD_Elastic_hard_upsampled.csv,1890,Item has been released.
/home/mdxuser/Genesis/main/data/picked_up_4/upsampled/Beyonc_Life_is_But_a_Dream_DVD_Elastic_hard_upsampled.csv,2160,The object has been dropped.
/home/mdxuser/Genesis/main/data/picked_up_4/upsampled/Beyonc_Life_is_But_a_Dream_DVD_Elastic_hard_upsampled.csv,2430,Item has been released.
/home/mdxuser/Genesis/main/data/picked_up_4/upsampled/Beyonc_Life_is_But_a_Dream_DVD_Elastic_hard_upsampled.csv,2700,Target object has been released.
/home/mdxuser/Genesis/main/data/picked_up_4/upsampled/DRAGON_W_Elastic_medium_upsampled.csv,0,"Fingers reaching towards the object, to begin the task."
/home/mdxuser/Genesis/main/data/picked_up_4/upsampled/DRAGON_W_Elastic_medium_upsampled.csv,270,"Gripper grasping target object, using controlled pressure, causing steady-resistance, with growing pressure."
/home/mdxuser/Genesis/main/data/picked_up_4/upsampled/DRAGON_W_Elastic_medium_upsampled.csv,540,"Gripper continue clasping item, using firm contact, causing firm-contact, with growing pressure."
/home/mdxuser/Genesis/main/data/picked_up_4/upsampled/DRAGON_W_Elastic_medium_upsampled.csv,810,"Gripper lifting the object, using moderate force, causing balanced-yielding, with increasing force."
/home/mdxuser/Genesis/main/data/picked_up_4/upsampled/DRAGON_W_Elastic_medium_upsampled.csv,1080,"Fingers twisting target object, by an angle of 45.0 degrees, using balanced pressure, causing steady-resistance, with unchanging force."
/home/mdxuser/Genesis/main/data/picked_up_4/upsampled/DRAGON_W_Elastic_medium_upsampled.csv,1350,"Gripper continue rotating target object, by an angle of 45.0 degrees, using moderate force, causing steady-resistance, with steady pressure."
/home/mdxuser/Genesis/main/data/picked_up_4/upsampled/DRAGON_W_Elastic_medium_upsampled.csv,1620,Item has been released.
/home/mdxuser/Genesis/main/data/picked_up_4/upsampled/DRAGON_W_Elastic_medium_upsampled.csv,1890,The object has been let go of.
/home/mdxuser/Genesis/main/data/picked_up_4/upsampled/DRAGON_W_Elastic_medium_upsampled.csv,2160,The object has been dropped.
/home/mdxuser/Genesis/main/data/picked_up_4/upsampled/DRAGON_W_Elastic_medium_upsampled.csv,2430,The object has been released.
/home/mdxuser/Genesis/main/data/picked_up_4/upsampled/DRAGON_W_Elastic_medium_upsampled.csv,2700,Item has been let go of.
/home/mdxuser/Genesis/main/data/picked_up_4/upsampled/Dell_Series_9_Color_Ink_Cartridge_MK993_High_Yield_Elastic_medium_upsampled.csv,0,"Fingers reaching towards item, to begin the task."
/home/mdxuser/Genesis/main/data/picked_up_4/upsampled/Dell_Series_9_Color_Ink_Cartridge_MK993_High_Yield_Elastic_medium_upsampled.csv,270,"Gripper clasping target object, using moderate force, causing firm-contact, with increasing force."
/home/mdxuser/Genesis/main/data/picked_up_4/upsampled/Dell_Series_9_Color_Ink_Cartridge_MK993_High_Yield_Elastic_medium_upsampled.csv,540,"Gripper continue clamping target object, using moderate force, causing medium-deformation, with growing pressure."
/home/mdxuser/Genesis/main/data/picked_up_4/upsampled/Dell_Series_9_Color_Ink_Cartridge_MK993_High_Yield_Elastic_medium_upsampled.csv,810,"Gripper lifting target object, using moderate force, causing controlled-yielding, with increasing force."
/home/mdxuser/Genesis/main/data/picked_up_4/upsampled/Dell_Series_9_Color_Ink_Cartridge_MK993_High_Yield_Elastic_medium_upsampled.csv,1080,"Gripping mechanism twisting item, by an angle of 30.0 degrees, using firm contact, causing steady-resistance, with unchanging force."
/home/mdxuser/Genesis/main/data/picked_up_4/upsampled/Dell_Series_9_Color_Ink_Cartridge_MK993_High_Yield_Elastic_medium_upsampled.csv,1350,"Fingers continue turning the object, by an angle of 30.0 degrees, using steady force, causing moderate-compression, with unchanging force."
/home/mdxuser/Genesis/main/data/picked_up_4/upsampled/Dell_Series_9_Color_Ink_Cartridge_MK993_High_Yield_Elastic_medium_upsampled.csv,1620,Item has been released.
/home/mdxuser/Genesis/main/data/picked_up_4/upsampled/Dell_Series_9_Color_Ink_Cartridge_MK993_High_Yield_Elastic_medium_upsampled.csv,1890,Item has been let go of.
/home/mdxuser/Genesis/main/data/picked_up_4/upsampled/Dell_Series_9_Color_Ink_Cartridge_MK993_High_Yield_Elastic_medium_upsampled.csv,2160,Target object has been released.
/home/mdxuser/Genesis/main/data/picked_up_4/upsampled/Dell_Series_9_Color_Ink_Cartridge_MK993_High_Yield_Elastic_medium_upsampled.csv,2430,Item has been released.
/home/mdxuser/Genesis/main/data/picked_up_4/upsampled/Dell_Series_9_Color_Ink_Cartridge_MK993_High_Yield_Elastic_medium_upsampled.csv,2700,Item has been released.
/home/mdxuser/Genesis/main/data/picked_up_4/upsampled/COAST_GUARD_BOAT_Elastic_hard_upsampled.csv,0,"Gripping mechanism advancing towards the object, to begin the task."
/home/mdxuser/Genesis/main/data/picked_up_4/upsampled/COAST_GUARD_BOAT_Elastic_hard_upsampled.csv,270,"Fingers squeezing item, using heavy force, causing substantial-yielding, with growing pressure."
/home/mdxuser/Genesis/main/data/picked_up_4/upsampled/COAST_GUARD_BOAT_Elastic_hard_upsampled.csv,540,"End-effector continue gripping item, using strong contact, causing firm-yielding, with rising force."
/home/mdxuser/Genesis/main/data/picked_up_4/upsampled/COAST_GUARD_BOAT_Elastic_hard_upsampled.csv,810,"Gripping mechanism picking up target object, using strong force, causing rigid-contact, with growing pressure."
/home/mdxuser/Genesis/main/data/picked_up_4/upsampled/COAST_GUARD_BOAT_Elastic_hard_upsampled.csv,1080,"Fingers rotating the object, by an angle of 30.0 degrees, using strong force, causing substantial-yielding, with unchanging force."
/home/mdxuser/Genesis/main/data/picked_up_4/upsampled/COAST_GUARD_BOAT_Elastic_hard_upsampled.csv,1350,"Fingers continue rotating target object, by an angle of 30.0 degrees, using strong contact, causing substantial-yielding, with steady pressure."
/home/mdxuser/Genesis/main/data/picked_up_4/upsampled/COAST_GUARD_BOAT_Elastic_hard_upsampled.csv,1620,"Gripping mechanism maintaining hold of target object, maintaining a stable hold, using firm pressure, causing substantial-yielding."
/home/mdxuser/Genesis/main/data/picked_up_4/upsampled/COAST_GUARD_BOAT_Elastic_hard_upsampled.csv,1890,"End-effector turning the object, by an angle of 45.0 degrees, using intense pressure, causing hard-deformation, with constant force."
/home/mdxuser/Genesis/main/data/picked_up_4/upsampled/COAST_GUARD_BOAT_Elastic_hard_upsampled.csv,2160,"End-effector maintaining hold of the object, maintaining a stable hold, using intense pressure, causing strong-resistance."
/home/mdxuser/Genesis/main/data/picked_up_4/upsampled/COAST_GUARD_BOAT_Elastic_hard_upsampled.csv,2430,"Fingers continue pausing motion of the object, maintaining a stable hold, using heavy force, causing substantial-yielding."
/home/mdxuser/Genesis/main/data/picked_up_4/upsampled/COAST_GUARD_BOAT_Elastic_hard_upsampled.csv,2700,"Fingers coming to rest with target object, using zero-force, causing undeformed shape."
/home/mdxuser/Genesis/main/data/picked_up_4/upsampled/Lactoferrin_Elastic_medium_upsampled.csv,0,"Fingers aligning towards item, to begin the task."
/home/mdxuser/Genesis/main/data/picked_up_4/upsampled/Lactoferrin_Elastic_medium_upsampled.csv,270,"End-effector gripping target object, using moderate force, causing medium-deformation, with increasing force."
/home/mdxuser/Genesis/main/data/picked_up_4/upsampled/Lactoferrin_Elastic_medium_upsampled.csv,540,"Fingers continue squeezing item, using steady force, causing controlled-yielding, with rising force."
/home/mdxuser/Genesis/main/data/picked_up_4/upsampled/Lactoferrin_Elastic_medium_upsampled.csv,810,"Gripper lifting item, using moderate force, causing balanced-yielding, with growing pressure."
/home/mdxuser/Genesis/main/data/picked_up_4/upsampled/Lactoferrin_Elastic_medium_upsampled.csv,1080,"End-effector rotating target object, by an angle of 45.0 degrees, using firm contact, causing medium-deformation, with constant force."
/home/mdxuser/Genesis/main/data/picked_up_4/upsampled/Lactoferrin_Elastic_medium_upsampled.csv,1350,"Fingers continue twisting item, by an angle of 45.0 degrees, using moderate force, causing steady-resistance, with constant force."
/home/mdxuser/Genesis/main/data/picked_up_4/upsampled/Lactoferrin_Elastic_medium_upsampled.csv,1620,"Gripper holding position of the object, maintaining a stable hold, using controlled pressure, causing firm-contact."
/home/mdxuser/Genesis/main/data/picked_up_4/upsampled/Lactoferrin_Elastic_medium_upsampled.csv,1890,"Gripping mechanism twisting the object, by an angle of 30.0 degrees, using firm contact, causing moderate-compression, with steady pressure."
/home/mdxuser/Genesis/main/data/picked_up_4/upsampled/Lactoferrin_Elastic_medium_upsampled.csv,2160,"Fingers continue turning target object, by an angle of 30.0 degrees, using moderate force, causing balanced-yielding, with unchanging force."
/home/mdxuser/Genesis/main/data/picked_up_4/upsampled/Lactoferrin_Elastic_medium_upsampled.csv,2430,"Gripping mechanism holding position of item, maintaining a stable hold, using steady force, causing moderate-compression."
/home/mdxuser/Genesis/main/data/picked_up_4/upsampled/Lactoferrin_Elastic_medium_upsampled.csv,2700,"Gripper decelerating motion of item, using zero-force, causing shape-conservation."
/home/mdxuser/Genesis/main/data/picked_up_4/upsampled/Perricone_MD_Skin_Clear_Supplements_Elastic_medium_upsampled.csv,0,"End-effector positioning towards target object, to begin the task."
/home/mdxuser/Genesis/main/data/picked_up_4/upsampled/Perricone_MD_Skin_Clear_Supplements_Elastic_medium_upsampled.csv,270,"Fingers squeezing the object, using firm contact, causing moderate-compression, with growing pressure."
/home/mdxuser/Genesis/main/data/picked_up_4/upsampled/Perricone_MD_Skin_Clear_Supplements_Elastic_medium_upsampled.csv,540,"End-effector continue clamping the object, using steady force, causing balanced-yielding, with increasing force."
/home/mdxuser/Genesis/main/data/picked_up_4/upsampled/Perricone_MD_Skin_Clear_Supplements_Elastic_medium_upsampled.csv,810,"Gripper raising item, using steady force, causing controlled-yielding, with rising force."
/home/mdxuser/Genesis/main/data/picked_up_4/upsampled/Perricone_MD_Skin_Clear_Supplements_Elastic_medium_upsampled.csv,1080,"End-effector turning target object, by an angle of 30.0 degrees, using steady force, causing balanced-yielding, with unchanging force."
/home/mdxuser/Genesis/main/data/picked_up_4/upsampled/Perricone_MD_Skin_Clear_Supplements_Elastic_medium_upsampled.csv,1350,"Gripping mechanism continue twisting item, by an angle of 30.0 degrees, using moderate force, causing steady-resistance, with unchanging force."
/home/mdxuser/Genesis/main/data/picked_up_4/upsampled/Perricone_MD_Skin_Clear_Supplements_Elastic_medium_upsampled.csv,1620,"Gripping mechanism steadying target object, maintaining a stable hold, using controlled pressure, causing firm-contact."
/home/mdxuser/Genesis/main/data/picked_up_4/upsampled/Perricone_MD_Skin_Clear_Supplements_Elastic_medium_upsampled.csv,1890,"End-effector rotating item, by an angle of 45.0 degrees, using balanced pressure, causing moderate-compression, with unchanging force."
/home/mdxuser/Genesis/main/data/picked_up_4/upsampled/Perricone_MD_Skin_Clear_Supplements_Elastic_medium_upsampled.csv,2160,"Gripping mechanism continue rotating item, by an angle of 45.0 degrees, using balanced pressure, causing steady-resistance, with steady pressure."
/home/mdxuser/Genesis/main/data/picked_up_4/upsampled/Perricone_MD_Skin_Clear_Supplements_Elastic_medium_upsampled.csv,2430,The object has been dropped.
/home/mdxuser/Genesis/main/data/picked_up_4/upsampled/Perricone_MD_Skin_Clear_Supplements_Elastic_medium_upsampled.csv,2700,Item has been released.
/home/mdxuser/Genesis/main/data/picked_up_4/upsampled/Perricone_MD_No_Lipstick_Lipstick_Elastic_soft_upsampled.csv,0,"End-effector positioning towards item, to begin the task."
/home/mdxuser/Genesis/main/data/picked_up_4/upsampled/Perricone_MD_No_Lipstick_Lipstick_Elastic_soft_upsampled.csv,270,"Fingers capturing item, using minimal force, causing slight-yielding, with increasing force."
/home/mdxuser/Genesis/main/data/picked_up_4/upsampled/Perricone_MD_No_Lipstick_Lipstick_Elastic_soft_upsampled.csv,540,"Gripping mechanism continue squeezing target object, using gentle force, causing cushioned-contact, with increasing force."
/home/mdxuser/Genesis/main/data/picked_up_4/upsampled/Perricone_MD_No_Lipstick_Lipstick_Elastic_soft_upsampled.csv,810,"End-effector picking up target object, using soft contact, causing lightly-yielding, with rising force."
/home/mdxuser/Genesis/main/data/picked_up_4/upsampled/Perricone_MD_No_Lipstick_Lipstick_Elastic_soft_upsampled.csv,1080,"End-effector rotating item, by an angle of 45.0 degrees, using slight force, causing gentle-compression, with unchanging force."
/home/mdxuser/Genesis/main/data/picked_up_4/upsampled/Perricone_MD_No_Lipstick_Lipstick_Elastic_soft_upsampled.csv,1350,"Fingers pausing motion of the object, maintaining a stable hold, using soft contact, causing lightly-yielding."
/home/mdxuser/Genesis/main/data/picked_up_4/upsampled/Perricone_MD_No_Lipstick_Lipstick_Elastic_soft_upsampled.csv,1620,"Fingers continue maintaining hold of target object, maintaining a stable hold, using gentle force, causing minimal-resistance."
/home/mdxuser/Genesis/main/data/picked_up_4/upsampled/Perricone_MD_No_Lipstick_Lipstick_Elastic_soft_upsampled.csv,1890,The object has been let go of.
/home/mdxuser/Genesis/main/data/picked_up_4/upsampled/Perricone_MD_No_Lipstick_Lipstick_Elastic_soft_upsampled.csv,2160,Item has been dropped.
/home/mdxuser/Genesis/main/data/picked_up_4/upsampled/Perricone_MD_No_Lipstick_Lipstick_Elastic_soft_upsampled.csv,2430,Target object has been released.
/home/mdxuser/Genesis/main/data/picked_up_4/upsampled/Perricone_MD_No_Lipstick_Lipstick_Elastic_soft_upsampled.csv,2700,Target object has been dropped.
/home/mdxuser/Genesis/main/data/picked_up_4/upsampled/Mens_Wave_Driver_Kiltie_Moc_in_Tan_Leather_Elastic_hard_upsampled.csv,0,"Fingers approaching towards the object, to begin the task."
/home/mdxuser/Genesis/main/data/picked_up_4/upsampled/Mens_Wave_Driver_Kiltie_Moc_in_Tan_Leather_Elastic_hard_upsampled.csv,270,"Gripper clamping target object, using strong force, causing significant-compression, with growing pressure."
/home/mdxuser/Genesis/main/data/picked_up_4/upsampled/Mens_Wave_Driver_Kiltie_Moc_in_Tan_Leather_Elastic_hard_upsampled.csv,540,"Gripping mechanism continue capturing item, using strong contact, causing firm-yielding, with rising force."
/home/mdxuser/Genesis/main/data/picked_up_4/upsampled/Mens_Wave_Driver_Kiltie_Moc_in_Tan_Leather_Elastic_hard_upsampled.csv,810,"Gripping mechanism raising the object, using significant force, causing rigid-contact, with rising force."
/home/mdxuser/Genesis/main/data/picked_up_4/upsampled/Mens_Wave_Driver_Kiltie_Moc_in_Tan_Leather_Elastic_hard_upsampled.csv,1080,"Fingers twisting the object, by an angle of 45.0 degrees, using strong force, causing strong-resistance, with steady pressure."
/home/mdxuser/Genesis/main/data/picked_up_4/upsampled/Mens_Wave_Driver_Kiltie_Moc_in_Tan_Leather_Elastic_hard_upsampled.csv,1350,"Gripper continue rotating target object, by an angle of 45.0 degrees, using strong contact, causing firm-yielding, with unchanging force."
/home/mdxuser/Genesis/main/data/picked_up_4/upsampled/Mens_Wave_Driver_Kiltie_Moc_in_Tan_Leather_Elastic_hard_upsampled.csv,1620,Target object has been released.
/home/mdxuser/Genesis/main/data/picked_up_4/upsampled/Mens_Wave_Driver_Kiltie_Moc_in_Tan_Leather_Elastic_hard_upsampled.csv,1890,Target object has been dropped.
/home/mdxuser/Genesis/main/data/picked_up_4/upsampled/Mens_Wave_Driver_Kiltie_Moc_in_Tan_Leather_Elastic_hard_upsampled.csv,2160,Item has been let go of.
/home/mdxuser/Genesis/main/data/picked_up_4/upsampled/Mens_Wave_Driver_Kiltie_Moc_in_Tan_Leather_Elastic_hard_upsampled.csv,2430,Target object has been released.
/home/mdxuser/Genesis/main/data/picked_up_4/upsampled/Mens_Wave_Driver_Kiltie_Moc_in_Tan_Leather_Elastic_hard_upsampled.csv,2700,Target object has been released.
/home/mdxuser/Genesis/main/data/picked_up_4/upsampled/ASICS_GELDirt_Dog_4_SunFlameBlack_Elastic_medium_upsampled.csv,0,"End-effector advancing towards the object, to begin the task."
/home/mdxuser/Genesis/main/data/picked_up_4/upsampled/ASICS_GELDirt_Dog_4_SunFlameBlack_Elastic_medium_upsampled.csv,270,"Fingers grasping the object, using controlled pressure, causing balanced-yielding, with growing pressure."
/home/mdxuser/Genesis/main/data/picked_up_4/upsampled/ASICS_GELDirt_Dog_4_SunFlameBlack_Elastic_medium_upsampled.csv,540,"Gripping mechanism continue squeezing the object, using firm contact, causing moderate-compression, with rising force."
/home/mdxuser/Genesis/main/data/picked_up_4/upsampled/ASICS_GELDirt_Dog_4_SunFlameBlack_Elastic_medium_upsampled.csv,810,"Gripping mechanism lifting target object, using balanced pressure, causing medium-deformation, with growing pressure."
/home/mdxuser/Genesis/main/data/picked_up_4/upsampled/ASICS_GELDirt_Dog_4_SunFlameBlack_Elastic_medium_upsampled.csv,1080,"Fingers turning target object, by an angle of 45.0 degrees, using moderate force, causing balanced-yielding, with constant force."
/home/mdxuser/Genesis/main/data/picked_up_4/upsampled/ASICS_GELDirt_Dog_4_SunFlameBlack_Elastic_medium_upsampled.csv,1350,"End-effector steadying item, maintaining a stable hold, using firm contact, causing firm-contact."
/home/mdxuser/Genesis/main/data/picked_up_4/upsampled/ASICS_GELDirt_Dog_4_SunFlameBlack_Elastic_medium_upsampled.csv,1620,"End-effector continue steadying the object, maintaining a stable hold, using firm contact, causing moderate-compression."
/home/mdxuser/Genesis/main/data/picked_up_4/upsampled/ASICS_GELDirt_Dog_4_SunFlameBlack_Elastic_medium_upsampled.csv,1890,The object has been let go of.
/home/mdxuser/Genesis/main/data/picked_up_4/upsampled/ASICS_GELDirt_Dog_4_SunFlameBlack_Elastic_medium_upsampled.csv,2160,The object has been released.
/home/mdxuser/Genesis/main/data/picked_up_4/upsampled/ASICS_GELDirt_Dog_4_SunFlameBlack_Elastic_medium_upsampled.csv,2430,The object has been released.
/home/mdxuser/Genesis/main/data/picked_up_4/upsampled/ASICS_GELDirt_Dog_4_SunFlameBlack_Elastic_medium_upsampled.csv,2700,Item has been dropped.
/home/mdxuser/Genesis/main/data/picked_up_4/upsampled/Black_Elderberry_Syrup_54_oz_Gaia_Herbs_Elastic_hard_upsampled.csv,0,"Gripper approaching towards target object, to begin the task."
/home/mdxuser/Genesis/main/data/picked_up_4/upsampled/Black_Elderberry_Syrup_54_oz_Gaia_Herbs_Elastic_hard_upsampled.csv,270,"Fingers grasping the object, using significant force, causing strong-resistance, with increasing force."
/home/mdxuser/Genesis/main/data/picked_up_4/upsampled/Black_Elderberry_Syrup_54_oz_Gaia_Herbs_Elastic_hard_upsampled.csv,540,"Gripper continue capturing the object, using significant force, causing strong-resistance, with increasing force."
/home/mdxuser/Genesis/main/data/picked_up_4/upsampled/Black_Elderberry_Syrup_54_oz_Gaia_Herbs_Elastic_hard_upsampled.csv,810,"Fingers lifting target object, using heavy force, causing strong-resistance, with growing pressure."
/home/mdxuser/Genesis/main/data/picked_up_4/upsampled/Black_Elderberry_Syrup_54_oz_Gaia_Herbs_Elastic_hard_upsampled.csv,1080,"End-effector twisting item, by an angle of 45.0 degrees, using firm pressure, causing firm-yielding, with steady pressure."
/home/mdxuser/Genesis/main/data/picked_up_4/upsampled/Black_Elderberry_Syrup_54_oz_Gaia_Herbs_Elastic_hard_upsampled.csv,1350,"Gripper continue rotating target object, by an angle of 45.0 degrees, using intense pressure, causing firm-yielding, with steady pressure."
/home/mdxuser/Genesis/main/data/picked_up_4/upsampled/Black_Elderberry_Syrup_54_oz_Gaia_Herbs_Elastic_hard_upsampled.csv,1620,Item has been released.
/home/mdxuser/Genesis/main/data/picked_up_4/upsampled/Black_Elderberry_Syrup_54_oz_Gaia_Herbs_Elastic_hard_upsampled.csv,1890,The object has been released.
/home/mdxuser/Genesis/main/data/picked_up_4/upsampled/Black_Elderberry_Syrup_54_oz_Gaia_Herbs_Elastic_hard_upsampled.csv,2160,The object has been released.
/home/mdxuser/Genesis/main/data/picked_up_4/upsampled/Black_Elderberry_Syrup_54_oz_Gaia_Herbs_Elastic_hard_upsampled.csv,2430,Target object has been let go of.
/home/mdxuser/Genesis/main/data/picked_up_4/upsampled/Black_Elderberry_Syrup_54_oz_Gaia_Herbs_Elastic_hard_upsampled.csv,2700,The object has been dropped.
/home/mdxuser/Genesis/main/data/picked_up_4/upsampled/Mens_Mako_Canoe_Moc_2Eye_Boat_Shoe_in_OysterTaupe_otyRrfvPMiA_Elastic_medium_upsampled.csv,0,"Fingers aligning towards the object, to begin the task."
/home/mdxuser/Genesis/main/data/picked_up_4/upsampled/Mens_Mako_Canoe_Moc_2Eye_Boat_Shoe_in_OysterTaupe_otyRrfvPMiA_Elastic_medium_upsampled.csv,270,"End-effector holding target object, using controlled pressure, causing steady-resistance, with growing pressure."
/home/mdxuser/Genesis/main/data/picked_up_4/upsampled/Mens_Mako_Canoe_Moc_2Eye_Boat_Shoe_in_OysterTaupe_otyRrfvPMiA_Elastic_medium_upsampled.csv,540,"Gripping mechanism continue holding the object, using steady force, causing firm-contact, with increasing force."
/home/mdxuser/Genesis/main/data/picked_up_4/upsampled/Mens_Mako_Canoe_Moc_2Eye_Boat_Shoe_in_OysterTaupe_otyRrfvPMiA_Elastic_medium_upsampled.csv,810,"Gripper raising item, using moderate force, causing steady-resistance, with rising force."
/home/mdxuser/Genesis/main/data/picked_up_4/upsampled/Mens_Mako_Canoe_Moc_2Eye_Boat_Shoe_in_OysterTaupe_otyRrfvPMiA_Elastic_medium_upsampled.csv,1080,"Fingers twisting the object, by an angle of 45.0 degrees, using controlled pressure, causing firm-contact, with constant force."
/home/mdxuser/Genesis/main/data/picked_up_4/upsampled/Mens_Mako_Canoe_Moc_2Eye_Boat_Shoe_in_OysterTaupe_otyRrfvPMiA_Elastic_medium_upsampled.csv,1350,"Gripper steadying item, maintaining a stable hold, using steady force, causing controlled-yielding."
/home/mdxuser/Genesis/main/data/picked_up_4/upsampled/Mens_Mako_Canoe_Moc_2Eye_Boat_Shoe_in_OysterTaupe_otyRrfvPMiA_Elastic_medium_upsampled.csv,1620,"Fingers continue maintaining hold of target object, maintaining a stable hold, using steady force, causing medium-deformation."
/home/mdxuser/Genesis/main/data/picked_up_4/upsampled/Mens_Mako_Canoe_Moc_2Eye_Boat_Shoe_in_OysterTaupe_otyRrfvPMiA_Elastic_medium_upsampled.csv,1890,"Fingers turning item, by an angle of 45.0 degrees, using moderate force, causing steady-resistance, with constant force."
/home/mdxuser/Genesis/main/data/picked_up_4/upsampled/Mens_Mako_Canoe_Moc_2Eye_Boat_Shoe_in_OysterTaupe_otyRrfvPMiA_Elastic_medium_upsampled.csv,2160,"Gripping mechanism continue twisting the object, by an angle of 45.0 degrees, using moderate force, causing moderate-compression, with constant force."
/home/mdxuser/Genesis/main/data/picked_up_4/upsampled/Mens_Mako_Canoe_Moc_2Eye_Boat_Shoe_in_OysterTaupe_otyRrfvPMiA_Elastic_medium_upsampled.csv,2430,Item has been let go of.
/home/mdxuser/Genesis/main/data/picked_up_4/upsampled/Mens_Mako_Canoe_Moc_2Eye_Boat_Shoe_in_OysterTaupe_otyRrfvPMiA_Elastic_medium_upsampled.csv,2700,The object has been dropped.
/home/mdxuser/Genesis/main/data/picked_up_4/upsampled/JarroDophilusFOS_Value_Size_Elastic_hard_upsampled.csv,0,"Fingers advancing towards the object, to begin the task."
/home/mdxuser/Genesis/main/data/picked_up_4/upsampled/JarroDophilusFOS_Value_Size_Elastic_hard_upsampled.csv,270,"Gripper pinching item, using strong force, causing significant-compression, with growing pressure."
/home/mdxuser/Genesis/main/data/picked_up_4/upsampled/JarroDophilusFOS_Value_Size_Elastic_hard_upsampled.csv,540,"Gripping mechanism continue clamping item, using strong contact, causing substantial-yielding, with increasing force."
/home/mdxuser/Genesis/main/data/picked_up_4/upsampled/JarroDophilusFOS_Value_Size_Elastic_hard_upsampled.csv,810,"End-effector picking up the object, using intense pressure, causing strong-resistance, with growing pressure."
/home/mdxuser/Genesis/main/data/picked_up_4/upsampled/JarroDophilusFOS_Value_Size_Elastic_hard_upsampled.csv,1080,"End-effector rotating the object, by an angle of 45.0 degrees, using heavy force, causing strong-resistance, with steady pressure."
/home/mdxuser/Genesis/main/data/picked_up_4/upsampled/JarroDophilusFOS_Value_Size_Elastic_hard_upsampled.csv,1350,"End-effector continue turning target object, by an angle of 45.0 degrees, using firm pressure, causing rigid-contact, with constant force."
/home/mdxuser/Genesis/main/data/picked_up_4/upsampled/JarroDophilusFOS_Value_Size_Elastic_hard_upsampled.csv,1620,"End-effector pausing motion of target object, maintaining a stable hold, using strong contact, causing rigid-contact."
/home/mdxuser/Genesis/main/data/picked_up_4/upsampled/JarroDophilusFOS_Value_Size_Elastic_hard_upsampled.csv,1890,"Fingers rotating target object, by an angle of 30.0 degrees, using heavy force, causing significant-compression, with steady pressure."
/home/mdxuser/Genesis/main/data/picked_up_4/upsampled/JarroDophilusFOS_Value_Size_Elastic_hard_upsampled.csv,2160,"Gripper continue twisting the object, by an angle of 30.0 degrees, using heavy force, causing rigid-contact, with unchanging force."
/home/mdxuser/Genesis/main/data/picked_up_4/upsampled/JarroDophilusFOS_Value_Size_Elastic_hard_upsampled.csv,2430,"Gripper pausing motion of item, maintaining a stable hold, using strong force, causing hard-deformation."
/home/mdxuser/Genesis/main/data/picked_up_4/upsampled/JarroDophilusFOS_Value_Size_Elastic_hard_upsampled.csv,2700,"Fingers decelerating motion of item, using forceless methods, causing contactless."
/home/mdxuser/Genesis/main/data/picked_up_4/upsampled/Black_Decker_Stainless_Steel_Toaster_4_Slice_Elastic_soft_upsampled.csv,0,"Gripping mechanism approaching towards target object, to begin the task."
/home/mdxuser/Genesis/main/data/picked_up_4/upsampled/Black_Decker_Stainless_Steel_Toaster_4_Slice_Elastic_soft_upsampled.csv,270,"End-effector squeezing the object, using light pressure, causing slight-yielding, with growing pressure."
/home/mdxuser/Genesis/main/data/picked_up_4/upsampled/Black_Decker_Stainless_Steel_Toaster_4_Slice_Elastic_soft_upsampled.csv,540,"Fingers continue squeezing target object, using soft contact, causing slight-yielding, with increasing force."
/home/mdxuser/Genesis/main/data/picked_up_4/upsampled/Black_Decker_Stainless_Steel_Toaster_4_Slice_Elastic_soft_upsampled.csv,810,"Gripper lifting target object, using cushioned pressure, causing cushioned-contact, with growing pressure."
/home/mdxuser/Genesis/main/data/picked_up_4/upsampled/Black_Decker_Stainless_Steel_Toaster_4_Slice_Elastic_soft_upsampled.csv,1080,"Fingers turning target object, by an angle of 45.0 degrees, using gentle force, causing cushioned-contact, with unchanging force."
/home/mdxuser/Genesis/main/data/picked_up_4/upsampled/Black_Decker_Stainless_Steel_Toaster_4_Slice_Elastic_soft_upsampled.csv,1350,"Fingers continue turning item, by an angle of 45.0 degrees, using soft contact, causing lightly-yielding, with unchanging force."
/home/mdxuser/Genesis/main/data/picked_up_4/upsampled/Black_Decker_Stainless_Steel_Toaster_4_Slice_Elastic_soft_upsampled.csv,1620,"Gripper holding position of target object, maintaining a stable hold, using soft contact, causing slight-yielding."
/home/mdxuser/Genesis/main/data/picked_up_4/upsampled/Black_Decker_Stainless_Steel_Toaster_4_Slice_Elastic_soft_upsampled.csv,1890,"End-effector rotating target object, by an angle of 30.0 degrees, using gentle force, causing soft-deformation, with steady pressure."
/home/mdxuser/Genesis/main/data/picked_up_4/upsampled/Black_Decker_Stainless_Steel_Toaster_4_Slice_Elastic_soft_upsampled.csv,2160,"Fingers continue rotating item, by an angle of 30.0 degrees, using soft contact, causing soft-deformation, with constant force."
/home/mdxuser/Genesis/main/data/picked_up_4/upsampled/Black_Decker_Stainless_Steel_Toaster_4_Slice_Elastic_soft_upsampled.csv,2430,"End-effector maintaining hold of the object, maintaining a stable hold, using minimal force, causing cushioned-contact."
/home/mdxuser/Genesis/main/data/picked_up_4/upsampled/Black_Decker_Stainless_Steel_Toaster_4_Slice_Elastic_soft_upsampled.csv,2700,The object has been dropped.
/home/mdxuser/Genesis/main/data/picked_up_4/upsampled/Bifidus_Balance_FOS_Elastic_medium_upsampled.csv,0,"Gripping mechanism reaching towards target object, to begin the task."
/home/mdxuser/Genesis/main/data/picked_up_4/upsampled/Bifidus_Balance_FOS_Elastic_medium_upsampled.csv,270,"End-effector capturing target object, using steady force, causing steady-resistance, with growing pressure."
/home/mdxuser/Genesis/main/data/picked_up_4/upsampled/Bifidus_Balance_FOS_Elastic_medium_upsampled.csv,540,"Gripper continue gripping item, using firm contact, causing steady-resistance, with increasing force."
/home/mdxuser/Genesis/main/data/picked_up_4/upsampled/Bifidus_Balance_FOS_Elastic_medium_upsampled.csv,810,"End-effector elevating item, using firm contact, causing controlled-yielding, with rising force."
/home/mdxuser/Genesis/main/data/picked_up_4/upsampled/Bifidus_Balance_FOS_Elastic_medium_upsampled.csv,1080,"Gripper turning target object, by an angle of 30.0 degrees, using firm contact, causing controlled-yielding, with unchanging force."
/home/mdxuser/Genesis/main/data/picked_up_4/upsampled/Bifidus_Balance_FOS_Elastic_medium_upsampled.csv,1350,"Gripping mechanism continue twisting target object, by an angle of 30.0 degrees, using controlled pressure, causing medium-deformation, with constant force."
/home/mdxuser/Genesis/main/data/picked_up_4/upsampled/Bifidus_Balance_FOS_Elastic_medium_upsampled.csv,1620,"Gripper holding position of target object, maintaining a stable hold, using moderate force, causing medium-deformation."
/home/mdxuser/Genesis/main/data/picked_up_4/upsampled/Bifidus_Balance_FOS_Elastic_medium_upsampled.csv,1890,"End-effector rotating target object, by an angle of 45.0 degrees, using controlled pressure, causing controlled-yielding, with unchanging force."
/home/mdxuser/Genesis/main/data/picked_up_4/upsampled/Bifidus_Balance_FOS_Elastic_medium_upsampled.csv,2160,"Gripper continue twisting item, by an angle of 45.0 degrees, using moderate force, causing moderate-compression, with steady pressure."
/home/mdxuser/Genesis/main/data/picked_up_4/upsampled/Bifidus_Balance_FOS_Elastic_medium_upsampled.csv,2430,"Fingers pausing motion of item, maintaining a stable hold, using firm contact, causing moderate-compression."
/home/mdxuser/Genesis/main/data/picked_up_4/upsampled/Bifidus_Balance_FOS_Elastic_medium_upsampled.csv,2700,"End-effector decelerating motion of the object, using zero-pressure, causing form-conservation."
/home/mdxuser/Genesis/main/data/picked_up_4/upsampled/Cootie_Game_tDhURNbfU5J_Elastic_medium_upsampled.csv,0,"Fingers starting movement towards the object, to begin the task."
/home/mdxuser/Genesis/main/data/picked_up_4/upsampled/Cootie_Game_tDhURNbfU5J_Elastic_medium_upsampled.csv,270,"Gripper gripping item, using moderate force, causing balanced-yielding, with growing pressure."
/home/mdxuser/Genesis/main/data/picked_up_4/upsampled/Cootie_Game_tDhURNbfU5J_Elastic_medium_upsampled.csv,540,"End-effector continue squeezing item, using moderate force, causing moderate-compression, with growing pressure."
/home/mdxuser/Genesis/main/data/picked_up_4/upsampled/Cootie_Game_tDhURNbfU5J_Elastic_medium_upsampled.csv,810,"Fingers raising item, using moderate force, causing steady-resistance, with rising force."
/home/mdxuser/Genesis/main/data/picked_up_4/upsampled/Cootie_Game_tDhURNbfU5J_Elastic_medium_upsampled.csv,1080,"Gripper twisting item, by an angle of 45.0 degrees, using moderate force, causing steady-resistance, with constant force."
/home/mdxuser/Genesis/main/data/picked_up_4/upsampled/Cootie_Game_tDhURNbfU5J_Elastic_medium_upsampled.csv,1350,"Gripping mechanism steadying the object, maintaining a stable hold, using controlled pressure, causing balanced-yielding."
/home/mdxuser/Genesis/main/data/picked_up_4/upsampled/Cootie_Game_tDhURNbfU5J_Elastic_medium_upsampled.csv,1620,"Fingers continue pausing motion of the object, maintaining a stable hold, using firm contact, causing firm-contact."
/home/mdxuser/Genesis/main/data/picked_up_4/upsampled/Cootie_Game_tDhURNbfU5J_Elastic_medium_upsampled.csv,1890,"End-effector twisting target object, by an angle of 45.0 degrees, using controlled pressure, causing balanced-yielding, with unchanging force."
/home/mdxuser/Genesis/main/data/picked_up_4/upsampled/Cootie_Game_tDhURNbfU5J_Elastic_medium_upsampled.csv,2160,"Fingers maintaining hold of item, maintaining a stable hold, using balanced pressure, causing steady-resistance."
/home/mdxuser/Genesis/main/data/picked_up_4/upsampled/Cootie_Game_tDhURNbfU5J_Elastic_medium_upsampled.csv,2430,"Gripping mechanism continue maintaining hold of the object, maintaining a stable hold, using balanced pressure, causing controlled-yielding."
/home/mdxuser/Genesis/main/data/picked_up_4/upsampled/Cootie_Game_tDhURNbfU5J_Elastic_medium_upsampled.csv,2700,"Fingers slowing down motion of item, using contactless method, causing undeformed shape."
/home/mdxuser/Genesis/main/data/picked_up_4/upsampled/Office_Depot_HP_920XL_920_High_Yield_Black_and_Standard_CMY_Color_Ink_Cartridges_Elastic_hard_upsampled.csv,0,"End-effector reaching towards item, to begin the task."
/home/mdxuser/Genesis/main/data/picked_up_4/upsampled/Office_Depot_HP_920XL_920_High_Yield_Black_and_Standard_CMY_Color_Ink_Cartridges_Elastic_hard_upsampled.csv,270,"Gripping mechanism grasping item, using strong contact, causing significant-compression, with increasing force."
/home/mdxuser/Genesis/main/data/picked_up_4/upsampled/Office_Depot_HP_920XL_920_High_Yield_Black_and_Standard_CMY_Color_Ink_Cartridges_Elastic_hard_upsampled.csv,540,"Gripper continue holding target object, using strong contact, causing rigid-contact, with growing pressure."
/home/mdxuser/Genesis/main/data/picked_up_4/upsampled/Office_Depot_HP_920XL_920_High_Yield_Black_and_Standard_CMY_Color_Ink_Cartridges_Elastic_hard_upsampled.csv,810,"Fingers raising target object, using strong force, causing substantial-yielding, with growing pressure."
/home/mdxuser/Genesis/main/data/picked_up_4/upsampled/Office_Depot_HP_920XL_920_High_Yield_Black_and_Standard_CMY_Color_Ink_Cartridges_Elastic_hard_upsampled.csv,1080,"Gripper rotating item, by an angle of 45.0 degrees, using heavy force, causing firm-yielding, with constant force."
/home/mdxuser/Genesis/main/data/picked_up_4/upsampled/Office_Depot_HP_920XL_920_High_Yield_Black_and_Standard_CMY_Color_Ink_Cartridges_Elastic_hard_upsampled.csv,1350,"Gripper steadying target object, maintaining a stable hold, using strong contact, causing firm-yielding."
/home/mdxuser/Genesis/main/data/picked_up_4/upsampled/Office_Depot_HP_920XL_920_High_Yield_Black_and_Standard_CMY_Color_Ink_Cartridges_Elastic_hard_upsampled.csv,1620,"Gripper continue pausing motion of item, maintaining a stable hold, using firm pressure, causing hard-deformation."
/home/mdxuser/Genesis/main/data/picked_up_4/upsampled/Office_Depot_HP_920XL_920_High_Yield_Black_and_Standard_CMY_Color_Ink_Cartridges_Elastic_hard_upsampled.csv,1890,"End-effector turning the object, by an angle of 45.0 degrees, using strong force, causing firm-yielding, with constant force."
/home/mdxuser/Genesis/main/data/picked_up_4/upsampled/Office_Depot_HP_920XL_920_High_Yield_Black_and_Standard_CMY_Color_Ink_Cartridges_Elastic_hard_upsampled.csv,2160,"Fingers continue turning target object, by an angle of 45.0 degrees, using strong contact, causing substantial-yielding, with unchanging force."
/home/mdxuser/Genesis/main/data/picked_up_4/upsampled/Office_Depot_HP_920XL_920_High_Yield_Black_and_Standard_CMY_Color_Ink_Cartridges_Elastic_hard_upsampled.csv,2430,"Fingers maintaining hold of the object, maintaining a stable hold, using strong contact, causing firm-yielding."
/home/mdxuser/Genesis/main/data/picked_up_4/upsampled/Office_Depot_HP_920XL_920_High_Yield_Black_and_Standard_CMY_Color_Ink_Cartridges_Elastic_hard_upsampled.csv,2700,"Gripper decelerating motion of item, using zero-force, causing maintaining shape."
/home/mdxuser/Genesis/main/data/picked_up_4/upsampled/3D_Dollhouse_Refrigerator_Elastic_hard_upsampled.csv,0,"Gripper preparing towards the object, to begin the task."
/home/mdxuser/Genesis/main/data/picked_up_4/upsampled/3D_Dollhouse_Refrigerator_Elastic_hard_upsampled.csv,270,"Gripper clasping item, using firm pressure, causing hard-deformation, with growing pressure."
/home/mdxuser/Genesis/main/data/picked_up_4/upsampled/3D_Dollhouse_Refrigerator_Elastic_hard_upsampled.csv,540,"End-effector continue securing the object, using intense pressure, causing substantial-yielding, with rising force."
/home/mdxuser/Genesis/main/data/picked_up_4/upsampled/3D_Dollhouse_Refrigerator_Elastic_hard_upsampled.csv,810,"Fingers raising item, using strong contact, causing firm-yielding, with growing pressure."
/home/mdxuser/Genesis/main/data/picked_up_4/upsampled/3D_Dollhouse_Refrigerator_Elastic_hard_upsampled.csv,1080,"Gripping mechanism twisting the object, by an angle of 30.0 degrees, using firm pressure, causing substantial-yielding, with constant force."
/home/mdxuser/Genesis/main/data/picked_up_4/upsampled/3D_Dollhouse_Refrigerator_Elastic_hard_upsampled.csv,1350,"Gripping mechanism continue twisting target object, by an angle of 30.0 degrees, using strong force, causing strong-resistance, with constant force."
/home/mdxuser/Genesis/main/data/picked_up_4/upsampled/3D_Dollhouse_Refrigerator_Elastic_hard_upsampled.csv,1620,"Gripper maintaining hold of target object, maintaining a stable hold, using significant force, causing significant-compression."
/home/mdxuser/Genesis/main/data/picked_up_4/upsampled/3D_Dollhouse_Refrigerator_Elastic_hard_upsampled.csv,1890,Target object has been dropped.
/home/mdxuser/Genesis/main/data/picked_up_4/upsampled/3D_Dollhouse_Refrigerator_Elastic_hard_upsampled.csv,2160,Item has been dropped.
/home/mdxuser/Genesis/main/data/picked_up_4/upsampled/3D_Dollhouse_Refrigerator_Elastic_hard_upsampled.csv,2430,Target object has been released.
/home/mdxuser/Genesis/main/data/picked_up_4/upsampled/3D_Dollhouse_Refrigerator_Elastic_hard_upsampled.csv,2700,The object has been released.
/home/mdxuser/Genesis/main/data/picked_up_4/upsampled/Cole_Hardware_Electric_Pot_Cabana_55_Elastic_soft_upsampled.csv,0,"Fingers reaching towards item, to begin the task."
/home/mdxuser/Genesis/main/data/picked_up_4/upsampled/Cole_Hardware_Electric_Pot_Cabana_55_Elastic_soft_upsampled.csv,270,"Gripper clamping target object, using gentle force, causing gentle-compression, with growing pressure."
/home/mdxuser/Genesis/main/data/picked_up_4/upsampled/Cole_Hardware_Electric_Pot_Cabana_55_Elastic_soft_upsampled.csv,540,"Fingers continue securing item, using subtle force, causing minimal-resistance, with rising force."
/home/mdxuser/Genesis/main/data/picked_up_4/upsampled/Cole_Hardware_Electric_Pot_Cabana_55_Elastic_soft_upsampled.csv,810,"Gripping mechanism elevating the object, using subtle force, causing lightly-yielding, with rising force."
/home/mdxuser/Genesis/main/data/picked_up_4/upsampled/Cole_Hardware_Electric_Pot_Cabana_55_Elastic_soft_upsampled.csv,1080,"Gripper rotating target object, by an angle of 45.0 degrees, using light pressure, causing gentle-compression, with unchanging force."
/home/mdxuser/Genesis/main/data/picked_up_4/upsampled/Cole_Hardware_Electric_Pot_Cabana_55_Elastic_soft_upsampled.csv,1350,"Fingers maintaining hold of the object, maintaining a stable hold, using light pressure, causing cushioned-contact."
/home/mdxuser/Genesis/main/data/picked_up_4/upsampled/Cole_Hardware_Electric_Pot_Cabana_55_Elastic_soft_upsampled.csv,1620,"Gripper continue steadying the object, maintaining a stable hold, using subtle force, causing cushioned-contact."
/home/mdxuser/Genesis/main/data/picked_up_4/upsampled/Cole_Hardware_Electric_Pot_Cabana_55_Elastic_soft_upsampled.csv,1890,"Gripper rotating target object, by an angle of 45.0 degrees, using light pressure, causing gentle-compression, with steady pressure."
/home/mdxuser/Genesis/main/data/picked_up_4/upsampled/Cole_Hardware_Electric_Pot_Cabana_55_Elastic_soft_upsampled.csv,2160,"Fingers maintaining hold of target object, maintaining a stable hold, using light pressure, causing lightly-yielding."
/home/mdxuser/Genesis/main/data/picked_up_4/upsampled/Cole_Hardware_Electric_Pot_Cabana_55_Elastic_soft_upsampled.csv,2430,"Fingers continue pausing motion of target object, maintaining a stable hold, using soft contact, causing slight-yielding."
/home/mdxuser/Genesis/main/data/picked_up_4/upsampled/Cole_Hardware_Electric_Pot_Cabana_55_Elastic_soft_upsampled.csv,2700,"Fingers slowing down motion of target object, using contactless method, causing maintaining shape."
/home/mdxuser/Genesis/main/data/picked_up_4/upsampled/Beetle_Adventure_Racing_Nintendo_64_Elastic_hard_upsampled.csv,0,"Gripper reaching towards item, to begin the task."
/home/mdxuser/Genesis/main/data/picked_up_4/upsampled/Beetle_Adventure_Racing_Nintendo_64_Elastic_hard_upsampled.csv,270,"Fingers grasping the object, using strong force, causing hard-deformation, with increasing force."
/home/mdxuser/Genesis/main/data/picked_up_4/upsampled/Beetle_Adventure_Racing_Nintendo_64_Elastic_hard_upsampled.csv,540,"End-effector continue clamping item, using intense pressure, causing hard-deformation, with growing pressure."
/home/mdxuser/Genesis/main/data/picked_up_4/upsampled/Beetle_Adventure_Racing_Nintendo_64_Elastic_hard_upsampled.csv,810,"Fingers picking up item, using intense pressure, causing firm-yielding, with rising force."
/home/mdxuser/Genesis/main/data/picked_up_4/upsampled/Beetle_Adventure_Racing_Nintendo_64_Elastic_hard_upsampled.csv,1080,"Fingers twisting the object, by an angle of 30.0 degrees, using significant force, causing firm-yielding, with constant force."
/home/mdxuser/Genesis/main/data/picked_up_4/upsampled/Beetle_Adventure_Racing_Nintendo_64_Elastic_hard_upsampled.csv,1350,"Gripping mechanism continue twisting item, by an angle of 30.0 degrees, using strong force, causing hard-deformation, with steady pressure."
/home/mdxuser/Genesis/main/data/picked_up_4/upsampled/Beetle_Adventure_Racing_Nintendo_64_Elastic_hard_upsampled.csv,1620,"End-effector maintaining hold of target object, maintaining a stable hold, using firm pressure, causing hard-deformation."
/home/mdxuser/Genesis/main/data/picked_up_4/upsampled/Beetle_Adventure_Racing_Nintendo_64_Elastic_hard_upsampled.csv,1890,"Gripping mechanism rotating the object, by an angle of 30.0 degrees, using significant force, causing substantial-yielding, with steady pressure."
/home/mdxuser/Genesis/main/data/picked_up_4/upsampled/Beetle_Adventure_Racing_Nintendo_64_Elastic_hard_upsampled.csv,2160,"Fingers continue turning item, by an angle of 30.0 degrees, using firm pressure, causing strong-resistance, with unchanging force."
/home/mdxuser/Genesis/main/data/picked_up_4/upsampled/Beetle_Adventure_Racing_Nintendo_64_Elastic_hard_upsampled.csv,2430,"End-effector maintaining hold of the object, maintaining a stable hold, using intense pressure, causing firm-yielding."
/home/mdxuser/Genesis/main/data/picked_up_4/upsampled/Beetle_Adventure_Racing_Nintendo_64_Elastic_hard_upsampled.csv,2700,"Gripper coming to rest with the object, using zero-force, causing contactless."
/home/mdxuser/Genesis/main/data/picked_up_4/upsampled/adistar_boost_m_Elastic_hard_upsampled.csv,0,"Gripper approaching towards the object, to begin the task."
/home/mdxuser/Genesis/main/data/picked_up_4/upsampled/adistar_boost_m_Elastic_hard_upsampled.csv,270,"End-effector holding target object, using strong force, causing significant-compression, with growing pressure."
/home/mdxuser/Genesis/main/data/picked_up_4/upsampled/adistar_boost_m_Elastic_hard_upsampled.csv,540,"End-effector continue gripping target object, using strong contact, causing hard-deformation, with growing pressure."
/home/mdxuser/Genesis/main/data/picked_up_4/upsampled/adistar_boost_m_Elastic_hard_upsampled.csv,810,"Gripper picking up item, using firm pressure, causing hard-deformation, with rising force."
/home/mdxuser/Genesis/main/data/picked_up_4/upsampled/adistar_boost_m_Elastic_hard_upsampled.csv,1080,"End-effector rotating target object, by an angle of 30.0 degrees, using strong contact, causing hard-deformation, with steady pressure."
/home/mdxuser/Genesis/main/data/picked_up_4/upsampled/adistar_boost_m_Elastic_hard_upsampled.csv,1350,"Gripping mechanism continue rotating item, by an angle of 30.0 degrees, using strong contact, causing firm-yielding, with steady pressure."
/home/mdxuser/Genesis/main/data/picked_up_4/upsampled/adistar_boost_m_Elastic_hard_upsampled.csv,1620,"End-effector steadying target object, maintaining a stable hold, using significant force, causing hard-deformation."
/home/mdxuser/Genesis/main/data/picked_up_4/upsampled/adistar_boost_m_Elastic_hard_upsampled.csv,1890,"Gripper twisting item, by an angle of 30.0 degrees, using heavy force, causing firm-yielding, with constant force."
/home/mdxuser/Genesis/main/data/picked_up_4/upsampled/adistar_boost_m_Elastic_hard_upsampled.csv,2160,"Gripping mechanism continue twisting target object, by an angle of 30.0 degrees, using heavy force, causing firm-yielding, with steady pressure."
/home/mdxuser/Genesis/main/data/picked_up_4/upsampled/adistar_boost_m_Elastic_hard_upsampled.csv,2430,Item has been dropped.
/home/mdxuser/Genesis/main/data/picked_up_4/upsampled/adistar_boost_m_Elastic_hard_upsampled.csv,2700,Item has been let go of.
/home/mdxuser/Genesis/main/data/picked_up_4/upsampled/ASICS_GELChallenger_9_Royal_BlueWhiteBlack_Elastic_medium_upsampled.csv,0,"End-effector initiating towards item, to begin the task."
/home/mdxuser/Genesis/main/data/picked_up_4/upsampled/ASICS_GELChallenger_9_Royal_BlueWhiteBlack_Elastic_medium_upsampled.csv,270,"End-effector pinching the object, using controlled pressure, causing balanced-yielding, with growing pressure."
/home/mdxuser/Genesis/main/data/picked_up_4/upsampled/ASICS_GELChallenger_9_Royal_BlueWhiteBlack_Elastic_medium_upsampled.csv,540,"Gripping mechanism continue securing target object, using moderate force, causing moderate-compression, with growing pressure."
/home/mdxuser/Genesis/main/data/picked_up_4/upsampled/ASICS_GELChallenger_9_Royal_BlueWhiteBlack_Elastic_medium_upsampled.csv,810,"Gripping mechanism lifting item, using balanced pressure, causing firm-contact, with rising force."
/home/mdxuser/Genesis/main/data/picked_up_4/upsampled/ASICS_GELChallenger_9_Royal_BlueWhiteBlack_Elastic_medium_upsampled.csv,1080,"Gripping mechanism turning target object, by an angle of 45.0 degrees, using moderate force, causing moderate-compression, with steady pressure."
/home/mdxuser/Genesis/main/data/picked_up_4/upsampled/ASICS_GELChallenger_9_Royal_BlueWhiteBlack_Elastic_medium_upsampled.csv,1350,"Gripper continue turning item, by an angle of 45.0 degrees, using steady force, causing medium-deformation, with constant force."
/home/mdxuser/Genesis/main/data/picked_up_4/upsampled/ASICS_GELChallenger_9_Royal_BlueWhiteBlack_Elastic_medium_upsampled.csv,1620,"Gripping mechanism steadying the object, maintaining a stable hold, using steady force, causing medium-deformation."
/home/mdxuser/Genesis/main/data/picked_up_4/upsampled/ASICS_GELChallenger_9_Royal_BlueWhiteBlack_Elastic_medium_upsampled.csv,1890,"Gripping mechanism twisting target object, by an angle of 30.0 degrees, using steady force, causing firm-contact, with steady pressure."
/home/mdxuser/Genesis/main/data/picked_up_4/upsampled/ASICS_GELChallenger_9_Royal_BlueWhiteBlack_Elastic_medium_upsampled.csv,2160,"Gripper continue twisting item, by an angle of 30.0 degrees, using balanced pressure, causing steady-resistance, with constant force."
/home/mdxuser/Genesis/main/data/picked_up_4/upsampled/ASICS_GELChallenger_9_Royal_BlueWhiteBlack_Elastic_medium_upsampled.csv,2430,The object has been let go of.
/home/mdxuser/Genesis/main/data/picked_up_4/upsampled/ASICS_GELChallenger_9_Royal_BlueWhiteBlack_Elastic_medium_upsampled.csv,2700,Target object has been dropped.
/home/mdxuser/Genesis/main/data/picked_up_4/upsampled/Nickelodeon_Teenage_Mutant_Ninja_Turtles_Raphael_Elastic_hard_upsampled.csv,0,"Fingers aligning towards target object, to begin the task."
/home/mdxuser/Genesis/main/data/picked_up_4/upsampled/Nickelodeon_Teenage_Mutant_Ninja_Turtles_Raphael_Elastic_hard_upsampled.csv,270,"Fingers clasping the object, using intense pressure, causing strong-resistance, with increasing force."
/home/mdxuser/Genesis/main/data/picked_up_4/upsampled/Nickelodeon_Teenage_Mutant_Ninja_Turtles_Raphael_Elastic_hard_upsampled.csv,540,"End-effector continue gripping item, using firm pressure, causing hard-deformation, with increasing force."
/home/mdxuser/Genesis/main/data/picked_up_4/upsampled/Nickelodeon_Teenage_Mutant_Ninja_Turtles_Raphael_Elastic_hard_upsampled.csv,810,"Gripping mechanism raising item, using significant force, causing firm-yielding, with growing pressure."
/home/mdxuser/Genesis/main/data/picked_up_4/upsampled/Nickelodeon_Teenage_Mutant_Ninja_Turtles_Raphael_Elastic_hard_upsampled.csv,1080,"Fingers twisting the object, by an angle of 45.0 degrees, using heavy force, causing hard-deformation, with constant force."
/home/mdxuser/Genesis/main/data/picked_up_4/upsampled/Nickelodeon_Teenage_Mutant_Ninja_Turtles_Raphael_Elastic_hard_upsampled.csv,1350,"Gripping mechanism pausing motion of item, maintaining a stable hold, using strong force, causing significant-compression."
/home/mdxuser/Genesis/main/data/picked_up_4/upsampled/Nickelodeon_Teenage_Mutant_Ninja_Turtles_Raphael_Elastic_hard_upsampled.csv,1620,"Gripper continue pausing motion of target object, maintaining a stable hold, using firm pressure, causing substantial-yielding."
/home/mdxuser/Genesis/main/data/picked_up_4/upsampled/Nickelodeon_Teenage_Mutant_Ninja_Turtles_Raphael_Elastic_hard_upsampled.csv,1890,"End-effector turning the object, by an angle of 30.0 degrees, using firm pressure, causing hard-deformation, with steady pressure."
/home/mdxuser/Genesis/main/data/picked_up_4/upsampled/Nickelodeon_Teenage_Mutant_Ninja_Turtles_Raphael_Elastic_hard_upsampled.csv,2160,"Gripper continue turning item, by an angle of 30.0 degrees, using heavy force, causing firm-yielding, with constant force."
/home/mdxuser/Genesis/main/data/picked_up_4/upsampled/Nickelodeon_Teenage_Mutant_Ninja_Turtles_Raphael_Elastic_hard_upsampled.csv,2430,"Gripping mechanism pausing motion of item, maintaining a stable hold, using heavy force, causing rigid-contact."
/home/mdxuser/Genesis/main/data/picked_up_4/upsampled/Nickelodeon_Teenage_Mutant_Ninja_Turtles_Raphael_Elastic_hard_upsampled.csv,2700,Target object has been released.
/home/mdxuser/Genesis/main/data/picked_up_4/upsampled/CASTLE_BLOCKS_Elastic_medium_upsampled.csv,0,"Fingers preparing towards the object, to begin the task."
/home/mdxuser/Genesis/main/data/picked_up_4/upsampled/CASTLE_BLOCKS_Elastic_medium_upsampled.csv,270,"Gripper squeezing item, using moderate force, causing medium-deformation, with growing pressure."
/home/mdxuser/Genesis/main/data/picked_up_4/upsampled/CASTLE_BLOCKS_Elastic_medium_upsampled.csv,540,"Gripper continue securing target object, using moderate force, causing balanced-yielding, with growing pressure."
/home/mdxuser/Genesis/main/data/picked_up_4/upsampled/CASTLE_BLOCKS_Elastic_medium_upsampled.csv,810,"Gripper picking up target object, using balanced pressure, causing medium-deformation, with growing pressure."
/home/mdxuser/Genesis/main/data/picked_up_4/upsampled/CASTLE_BLOCKS_Elastic_medium_upsampled.csv,1080,"Gripper twisting the object, by an angle of 45.0 degrees, using balanced pressure, causing steady-resistance, with steady pressure."
/home/mdxuser/Genesis/main/data/picked_up_4/upsampled/CASTLE_BLOCKS_Elastic_medium_upsampled.csv,1350,Target object has been let go of.
/home/mdxuser/Genesis/main/data/picked_up_4/upsampled/CASTLE_BLOCKS_Elastic_medium_upsampled.csv,1620,Target object has been dropped.
/home/mdxuser/Genesis/main/data/picked_up_4/upsampled/CASTLE_BLOCKS_Elastic_medium_upsampled.csv,1890,Item has been let go of.
/home/mdxuser/Genesis/main/data/picked_up_4/upsampled/CASTLE_BLOCKS_Elastic_medium_upsampled.csv,2160,Item has been released.
/home/mdxuser/Genesis/main/data/picked_up_4/upsampled/CASTLE_BLOCKS_Elastic_medium_upsampled.csv,2430,Target object has been let go of.
/home/mdxuser/Genesis/main/data/picked_up_4/upsampled/CASTLE_BLOCKS_Elastic_medium_upsampled.csv,2700,The object has been released.
/home/mdxuser/Genesis/main/data/picked_up_4/upsampled/Dixie_10_ounce_Bowls_35_ct_Elastic_hard_upsampled.csv,0,"Gripper reaching towards item, to begin the task."
/home/mdxuser/Genesis/main/data/picked_up_4/upsampled/Dixie_10_ounce_Bowls_35_ct_Elastic_hard_upsampled.csv,270,"Gripper clamping the object, using strong force, causing rigid-contact, with rising force."
/home/mdxuser/Genesis/main/data/picked_up_4/upsampled/Dixie_10_ounce_Bowls_35_ct_Elastic_hard_upsampled.csv,540,"Fingers continue squeezing the object, using significant force, causing hard-deformation, with increasing force."
/home/mdxuser/Genesis/main/data/picked_up_4/upsampled/Dixie_10_ounce_Bowls_35_ct_Elastic_hard_upsampled.csv,810,"End-effector lifting item, using strong contact, causing strong-resistance, with increasing force."
/home/mdxuser/Genesis/main/data/picked_up_4/upsampled/Dixie_10_ounce_Bowls_35_ct_Elastic_hard_upsampled.csv,1080,"Gripping mechanism rotating item, by an angle of 45.0 degrees, using strong contact, causing significant-compression, with steady pressure."
/home/mdxuser/Genesis/main/data/picked_up_4/upsampled/Dixie_10_ounce_Bowls_35_ct_Elastic_hard_upsampled.csv,1350,"Fingers continue twisting the object, by an angle of 45.0 degrees, using strong contact, causing rigid-contact, with constant force."
/home/mdxuser/Genesis/main/data/picked_up_4/upsampled/Dixie_10_ounce_Bowls_35_ct_Elastic_hard_upsampled.csv,1620,Target object has been released.
/home/mdxuser/Genesis/main/data/picked_up_4/upsampled/Dixie_10_ounce_Bowls_35_ct_Elastic_hard_upsampled.csv,1890,Target object has been dropped.
/home/mdxuser/Genesis/main/data/picked_up_4/upsampled/Dixie_10_ounce_Bowls_35_ct_Elastic_hard_upsampled.csv,2160,Item has been dropped.
/home/mdxuser/Genesis/main/data/picked_up_4/upsampled/Dixie_10_ounce_Bowls_35_ct_Elastic_hard_upsampled.csv,2430,Target object has been released.
/home/mdxuser/Genesis/main/data/picked_up_4/upsampled/Dixie_10_ounce_Bowls_35_ct_Elastic_hard_upsampled.csv,2700,Target object has been let go of.
/home/mdxuser/Genesis/main/data/picked_up_4/upsampled/Mens_ASV_Shock_Light_Bungee_in_Light_Grey_xGCOvtLDnQJ_Elastic_medium_upsampled.csv,0,"Gripper starting movement towards the object, to begin the task."
/home/mdxuser/Genesis/main/data/picked_up_4/upsampled/Mens_ASV_Shock_Light_Bungee_in_Light_Grey_xGCOvtLDnQJ_Elastic_medium_upsampled.csv,270,"Fingers clasping item, using moderate force, causing steady-resistance, with rising force."
/home/mdxuser/Genesis/main/data/picked_up_4/upsampled/Mens_ASV_Shock_Light_Bungee_in_Light_Grey_xGCOvtLDnQJ_Elastic_medium_upsampled.csv,540,"Fingers continue gripping the object, using steady force, causing controlled-yielding, with rising force."
/home/mdxuser/Genesis/main/data/picked_up_4/upsampled/Mens_ASV_Shock_Light_Bungee_in_Light_Grey_xGCOvtLDnQJ_Elastic_medium_upsampled.csv,810,"Gripping mechanism picking up item, using moderate force, causing controlled-yielding, with rising force."
/home/mdxuser/Genesis/main/data/picked_up_4/upsampled/Mens_ASV_Shock_Light_Bungee_in_Light_Grey_xGCOvtLDnQJ_Elastic_medium_upsampled.csv,1080,"Gripper rotating target object, by an angle of 30.0 degrees, using moderate force, causing moderate-compression, with constant force."
/home/mdxuser/Genesis/main/data/picked_up_4/upsampled/Mens_ASV_Shock_Light_Bungee_in_Light_Grey_xGCOvtLDnQJ_Elastic_medium_upsampled.csv,1350,"Gripping mechanism continue turning item, by an angle of 30.0 degrees, using balanced pressure, causing firm-contact, with steady pressure."
/home/mdxuser/Genesis/main/data/picked_up_4/upsampled/Mens_ASV_Shock_Light_Bungee_in_Light_Grey_xGCOvtLDnQJ_Elastic_medium_upsampled.csv,1620,"Fingers pausing motion of item, maintaining a stable hold, using balanced pressure, causing medium-deformation."
/home/mdxuser/Genesis/main/data/picked_up_4/upsampled/Mens_ASV_Shock_Light_Bungee_in_Light_Grey_xGCOvtLDnQJ_Elastic_medium_upsampled.csv,1890,The object has been let go of.
/home/mdxuser/Genesis/main/data/picked_up_4/upsampled/Mens_ASV_Shock_Light_Bungee_in_Light_Grey_xGCOvtLDnQJ_Elastic_medium_upsampled.csv,2160,Target object has been let go of.
/home/mdxuser/Genesis/main/data/picked_up_4/upsampled/Mens_ASV_Shock_Light_Bungee_in_Light_Grey_xGCOvtLDnQJ_Elastic_medium_upsampled.csv,2430,The object has been released.
/home/mdxuser/Genesis/main/data/picked_up_4/upsampled/Mens_ASV_Shock_Light_Bungee_in_Light_Grey_xGCOvtLDnQJ_Elastic_medium_upsampled.csv,2700,The object has been dropped.
/home/mdxuser/Genesis/main/data/picked_up_4/upsampled/Perricone_MD_Hypoallergenic_Gentle_Cleanser_Elastic_hard_upsampled.csv,0,"Gripping mechanism preparing towards target object, to begin the task."
/home/mdxuser/Genesis/main/data/picked_up_4/upsampled/Perricone_MD_Hypoallergenic_Gentle_Cleanser_Elastic_hard_upsampled.csv,270,"Fingers holding target object, using significant force, causing significant-compression, with rising force."
/home/mdxuser/Genesis/main/data/picked_up_4/upsampled/Perricone_MD_Hypoallergenic_Gentle_Cleanser_Elastic_hard_upsampled.csv,540,"Gripping mechanism continue clamping the object, using strong contact, causing significant-compression, with rising force."
/home/mdxuser/Genesis/main/data/picked_up_4/upsampled/Perricone_MD_Hypoallergenic_Gentle_Cleanser_Elastic_hard_upsampled.csv,810,"Gripper elevating item, using heavy force, causing significant-compression, with rising force."
/home/mdxuser/Genesis/main/data/picked_up_4/upsampled/Perricone_MD_Hypoallergenic_Gentle_Cleanser_Elastic_hard_upsampled.csv,1080,"Gripper twisting item, by an angle of 45.0 degrees, using firm pressure, causing strong-resistance, with steady pressure."
/home/mdxuser/Genesis/main/data/picked_up_4/upsampled/Perricone_MD_Hypoallergenic_Gentle_Cleanser_Elastic_hard_upsampled.csv,1350,"End-effector continue turning item, by an angle of 45.0 degrees, using significant force, causing hard-deformation, with constant force."
/home/mdxuser/Genesis/main/data/picked_up_4/upsampled/Perricone_MD_Hypoallergenic_Gentle_Cleanser_Elastic_hard_upsampled.csv,1620,"End-effector steadying target object, maintaining a stable hold, using significant force, causing firm-yielding."
/home/mdxuser/Genesis/main/data/picked_up_4/upsampled/Perricone_MD_Hypoallergenic_Gentle_Cleanser_Elastic_hard_upsampled.csv,1890,"End-effector turning target object, by an angle of 30.0 degrees, using significant force, causing rigid-contact, with constant force."
/home/mdxuser/Genesis/main/data/picked_up_4/upsampled/Perricone_MD_Hypoallergenic_Gentle_Cleanser_Elastic_hard_upsampled.csv,2160,"Fingers continue turning the object, by an angle of 30.0 degrees, using heavy force, causing hard-deformation, with constant force."
/home/mdxuser/Genesis/main/data/picked_up_4/upsampled/Perricone_MD_Hypoallergenic_Gentle_Cleanser_Elastic_hard_upsampled.csv,2430,"End-effector steadying the object, maintaining a stable hold, using strong force, causing hard-deformation."
/home/mdxuser/Genesis/main/data/picked_up_4/upsampled/Perricone_MD_Hypoallergenic_Gentle_Cleanser_Elastic_hard_upsampled.csv,2700,"Fingers slowing down motion of the object, using contactless method, causing undeformed shape."
/home/mdxuser/Genesis/main/data/picked_up_4/upsampled/CHICKEN_RACER_Elastic_medium_upsampled.csv,0,"End-effector approaching towards target object, to begin the task."
/home/mdxuser/Genesis/main/data/picked_up_4/upsampled/CHICKEN_RACER_Elastic_medium_upsampled.csv,270,"Gripper capturing the object, using steady force, causing controlled-yielding, with growing pressure."
/home/mdxuser/Genesis/main/data/picked_up_4/upsampled/CHICKEN_RACER_Elastic_medium_upsampled.csv,540,"Gripping mechanism continue clamping the object, using balanced pressure, causing steady-resistance, with increasing force."
/home/mdxuser/Genesis/main/data/picked_up_4/upsampled/CHICKEN_RACER_Elastic_medium_upsampled.csv,810,"Gripper lifting target object, using steady force, causing controlled-yielding, with increasing force."
/home/mdxuser/Genesis/main/data/picked_up_4/upsampled/CHICKEN_RACER_Elastic_medium_upsampled.csv,1080,"Gripper twisting the object, by an angle of 45.0 degrees, using controlled pressure, causing firm-contact, with steady pressure."
/home/mdxuser/Genesis/main/data/picked_up_4/upsampled/CHICKEN_RACER_Elastic_medium_upsampled.csv,1350,"Fingers continue turning the object, by an angle of 45.0 degrees, using balanced pressure, causing medium-deformation, with constant force."
/home/mdxuser/Genesis/main/data/picked_up_4/upsampled/CHICKEN_RACER_Elastic_medium_upsampled.csv,1620,"Fingers holding position of item, maintaining a stable hold, using moderate force, causing balanced-yielding."
/home/mdxuser/Genesis/main/data/picked_up_4/upsampled/CHICKEN_RACER_Elastic_medium_upsampled.csv,1890,"Gripper turning the object, by an angle of 30.0 degrees, using firm contact, causing steady-resistance, with steady pressure."
/home/mdxuser/Genesis/main/data/picked_up_4/upsampled/CHICKEN_RACER_Elastic_medium_upsampled.csv,2160,"Fingers continue rotating the object, by an angle of 30.0 degrees, using moderate force, causing medium-deformation, with unchanging force."
/home/mdxuser/Genesis/main/data/picked_up_4/upsampled/CHICKEN_RACER_Elastic_medium_upsampled.csv,2430,"Gripper pausing motion of the object, maintaining a stable hold, using moderate force, causing controlled-yielding."
/home/mdxuser/Genesis/main/data/picked_up_4/upsampled/CHICKEN_RACER_Elastic_medium_upsampled.csv,2700,"Fingers slowing down motion of the object, using contactless method, causing undeformed shape."
/home/mdxuser/Genesis/main/data/picked_up_4/upsampled/D_ROSE_ENGLEWOOD_II_Elastic_soft_upsampled.csv,0,"Fingers aligning towards the object, to begin the task."
/home/mdxuser/Genesis/main/data/picked_up_4/upsampled/D_ROSE_ENGLEWOOD_II_Elastic_soft_upsampled.csv,270,"Gripping mechanism grasping target object, using gentle force, causing cushioned-contact, with growing pressure."
/home/mdxuser/Genesis/main/data/picked_up_4/upsampled/D_ROSE_ENGLEWOOD_II_Elastic_soft_upsampled.csv,540,"Fingers continue clamping item, using subtle force, causing slight-yielding, with increasing force."
/home/mdxuser/Genesis/main/data/picked_up_4/upsampled/D_ROSE_ENGLEWOOD_II_Elastic_soft_upsampled.csv,810,"Gripper picking up the object, using cushioned pressure, causing minimal-resistance, with rising force."
/home/mdxuser/Genesis/main/data/picked_up_4/upsampled/D_ROSE_ENGLEWOOD_II_Elastic_soft_upsampled.csv,1080,"End-effector turning the object, by an angle of 45.0 degrees, using subtle force, causing minimal-resistance, with unchanging force."
/home/mdxuser/Genesis/main/data/picked_up_4/upsampled/D_ROSE_ENGLEWOOD_II_Elastic_soft_upsampled.csv,1350,"Gripper continue rotating target object, by an angle of 45.0 degrees, using light pressure, causing soft-deformation, with constant force."
/home/mdxuser/Genesis/main/data/picked_up_4/upsampled/D_ROSE_ENGLEWOOD_II_Elastic_soft_upsampled.csv,1620,"Gripping mechanism holding position of target object, maintaining a stable hold, using soft contact, causing cushioned-contact."
/home/mdxuser/Genesis/main/data/picked_up_4/upsampled/D_ROSE_ENGLEWOOD_II_Elastic_soft_upsampled.csv,1890,"Gripping mechanism twisting item, by an angle of 45.0 degrees, using subtle force, causing soft-deformation, with steady pressure."
/home/mdxuser/Genesis/main/data/picked_up_4/upsampled/D_ROSE_ENGLEWOOD_II_Elastic_soft_upsampled.csv,2160,"Gripping mechanism holding position of target object, maintaining a stable hold, using cushioned pressure, causing soft-deformation."
/home/mdxuser/Genesis/main/data/picked_up_4/upsampled/D_ROSE_ENGLEWOOD_II_Elastic_soft_upsampled.csv,2430,"Gripping mechanism continue steadying item, maintaining a stable hold, using slight force, causing slight-yielding."
/home/mdxuser/Genesis/main/data/picked_up_4/upsampled/D_ROSE_ENGLEWOOD_II_Elastic_soft_upsampled.csv,2700,The object has been let go of.
/home/mdxuser/Genesis/main/data/picked_up_4/upsampled/3D_Dollhouse_Happy_Brother_Elastic_hard_upsampled.csv,0,"Fingers starting movement towards target object, to begin the task."
/home/mdxuser/Genesis/main/data/picked_up_4/upsampled/3D_Dollhouse_Happy_Brother_Elastic_hard_upsampled.csv,270,"Fingers securing target object, using strong force, causing hard-deformation, with rising force."
/home/mdxuser/Genesis/main/data/picked_up_4/upsampled/3D_Dollhouse_Happy_Brother_Elastic_hard_upsampled.csv,540,"End-effector continue grasping item, using intense pressure, causing substantial-yielding, with rising force."
/home/mdxuser/Genesis/main/data/picked_up_4/upsampled/3D_Dollhouse_Happy_Brother_Elastic_hard_upsampled.csv,810,"Fingers picking up item, using strong contact, causing firm-yielding, with increasing force."
/home/mdxuser/Genesis/main/data/picked_up_4/upsampled/3D_Dollhouse_Happy_Brother_Elastic_hard_upsampled.csv,1080,"Fingers rotating item, by an angle of 45.0 degrees, using heavy force, causing hard-deformation, with constant force."
/home/mdxuser/Genesis/main/data/picked_up_4/upsampled/3D_Dollhouse_Happy_Brother_Elastic_hard_upsampled.csv,1350,"Gripper steadying the object, maintaining a stable hold, using significant force, causing significant-compression."
/home/mdxuser/Genesis/main/data/picked_up_4/upsampled/3D_Dollhouse_Happy_Brother_Elastic_hard_upsampled.csv,1620,"Fingers continue steadying the object, maintaining a stable hold, using strong force, causing substantial-yielding."
/home/mdxuser/Genesis/main/data/picked_up_4/upsampled/3D_Dollhouse_Happy_Brother_Elastic_hard_upsampled.csv,1890,"Gripping mechanism twisting item, by an angle of 45.0 degrees, using heavy force, causing rigid-contact, with steady pressure."
/home/mdxuser/Genesis/main/data/picked_up_4/upsampled/3D_Dollhouse_Happy_Brother_Elastic_hard_upsampled.csv,2160,"Fingers continue twisting the object, by an angle of 45.0 degrees, using intense pressure, causing firm-yielding, with steady pressure."
/home/mdxuser/Genesis/main/data/picked_up_4/upsampled/3D_Dollhouse_Happy_Brother_Elastic_hard_upsampled.csv,2430,"Gripping mechanism maintaining hold of the object, maintaining a stable hold, using significant force, causing strong-resistance."
/home/mdxuser/Genesis/main/data/picked_up_4/upsampled/3D_Dollhouse_Happy_Brother_Elastic_hard_upsampled.csv,2700,"Fingers slowing down motion of the object, using contactless method, causing contactless."
/home/mdxuser/Genesis/main/data/picked_up_4/upsampled/Cole_Hardware_Electric_Pot_Assortment_55_Elastic_soft_upsampled.csv,0,"Gripper starting movement towards the object, to begin the task."
/home/mdxuser/Genesis/main/data/picked_up_4/upsampled/Cole_Hardware_Electric_Pot_Assortment_55_Elastic_soft_upsampled.csv,270,"Fingers capturing item, using soft contact, causing slight-yielding, with growing pressure."
/home/mdxuser/Genesis/main/data/picked_up_4/upsampled/Cole_Hardware_Electric_Pot_Assortment_55_Elastic_soft_upsampled.csv,540,"Gripper continue holding the object, using cushioned pressure, causing slight-yielding, with growing pressure."
/home/mdxuser/Genesis/main/data/picked_up_4/upsampled/Cole_Hardware_Electric_Pot_Assortment_55_Elastic_soft_upsampled.csv,810,"Gripper picking up item, using subtle force, causing soft-deformation, with rising force."
/home/mdxuser/Genesis/main/data/picked_up_4/upsampled/Cole_Hardware_Electric_Pot_Assortment_55_Elastic_soft_upsampled.csv,1080,"Fingers turning item, by an angle of 30.0 degrees, using light pressure, causing lightly-yielding, with constant force."
/home/mdxuser/Genesis/main/data/picked_up_4/upsampled/Cole_Hardware_Electric_Pot_Assortment_55_Elastic_soft_upsampled.csv,1350,"End-effector continue turning target object, by an angle of 30.0 degrees, using light pressure, causing minimal-resistance, with constant force."
/home/mdxuser/Genesis/main/data/picked_up_4/upsampled/Cole_Hardware_Electric_Pot_Assortment_55_Elastic_soft_upsampled.csv,1620,"Fingers pausing motion of the object, maintaining a stable hold, using gentle force, causing gentle-compression."
/home/mdxuser/Genesis/main/data/picked_up_4/upsampled/Cole_Hardware_Electric_Pot_Assortment_55_Elastic_soft_upsampled.csv,1890,"End-effector rotating the object, by an angle of 30.0 degrees, using gentle force, causing slight-yielding, with steady pressure."
/home/mdxuser/Genesis/main/data/picked_up_4/upsampled/Cole_Hardware_Electric_Pot_Assortment_55_Elastic_soft_upsampled.csv,2160,"Gripping mechanism continue rotating target object, by an angle of 30.0 degrees, using minimal force, causing minimal-resistance, with steady pressure."
/home/mdxuser/Genesis/main/data/picked_up_4/upsampled/Cole_Hardware_Electric_Pot_Assortment_55_Elastic_soft_upsampled.csv,2430,"Gripping mechanism pausing motion of the object, maintaining a stable hold, using soft contact, causing soft-deformation."
/home/mdxuser/Genesis/main/data/picked_up_4/upsampled/Cole_Hardware_Electric_Pot_Assortment_55_Elastic_soft_upsampled.csv,2700,Item has been released.
/home/mdxuser/Genesis/main/data/picked_up_4/upsampled/Eat_to_Live_The_Amazing_NutrientRich_Program_for_Fast_and_Sustained_Weight_Loss_Revised_Edition_Book_Elastic_medium_upsampled.csv,0,"Fingers initiating towards target object, to begin the task."
/home/mdxuser/Genesis/main/data/picked_up_4/upsampled/Eat_to_Live_The_Amazing_NutrientRich_Program_for_Fast_and_Sustained_Weight_Loss_Revised_Edition_Book_Elastic_medium_upsampled.csv,270,"End-effector holding target object, using moderate force, causing medium-deformation, with rising force."
/home/mdxuser/Genesis/main/data/picked_up_4/upsampled/Eat_to_Live_The_Amazing_NutrientRich_Program_for_Fast_and_Sustained_Weight_Loss_Revised_Edition_Book_Elastic_medium_upsampled.csv,540,"End-effector continue securing the object, using moderate force, causing firm-contact, with growing pressure."
/home/mdxuser/Genesis/main/data/picked_up_4/upsampled/Eat_to_Live_The_Amazing_NutrientRich_Program_for_Fast_and_Sustained_Weight_Loss_Revised_Edition_Book_Elastic_medium_upsampled.csv,810,"End-effector lifting the object, using controlled pressure, causing firm-contact, with rising force."
/home/mdxuser/Genesis/main/data/picked_up_4/upsampled/Eat_to_Live_The_Amazing_NutrientRich_Program_for_Fast_and_Sustained_Weight_Loss_Revised_Edition_Book_Elastic_medium_upsampled.csv,1080,"End-effector rotating the object, by an angle of 30.0 degrees, using steady force, causing firm-contact, with unchanging force."
/home/mdxuser/Genesis/main/data/picked_up_4/upsampled/Eat_to_Live_The_Amazing_NutrientRich_Program_for_Fast_and_Sustained_Weight_Loss_Revised_Edition_Book_Elastic_medium_upsampled.csv,1350,"Fingers continue turning target object, by an angle of 30.0 degrees, using controlled pressure, causing moderate-compression, with unchanging force."
/home/mdxuser/Genesis/main/data/picked_up_4/upsampled/Eat_to_Live_The_Amazing_NutrientRich_Program_for_Fast_and_Sustained_Weight_Loss_Revised_Edition_Book_Elastic_medium_upsampled.csv,1620,Target object has been dropped.
/home/mdxuser/Genesis/main/data/picked_up_4/upsampled/Eat_to_Live_The_Amazing_NutrientRich_Program_for_Fast_and_Sustained_Weight_Loss_Revised_Edition_Book_Elastic_medium_upsampled.csv,1890,The object has been released.
/home/mdxuser/Genesis/main/data/picked_up_4/upsampled/Eat_to_Live_The_Amazing_NutrientRich_Program_for_Fast_and_Sustained_Weight_Loss_Revised_Edition_Book_Elastic_medium_upsampled.csv,2160,Target object has been released.
/home/mdxuser/Genesis/main/data/picked_up_4/upsampled/Eat_to_Live_The_Amazing_NutrientRich_Program_for_Fast_and_Sustained_Weight_Loss_Revised_Edition_Book_Elastic_medium_upsampled.csv,2430,Item has been dropped.
/home/mdxuser/Genesis/main/data/picked_up_4/upsampled/Eat_to_Live_The_Amazing_NutrientRich_Program_for_Fast_and_Sustained_Weight_Loss_Revised_Edition_Book_Elastic_medium_upsampled.csv,2700,Item has been let go of.
/home/mdxuser/Genesis/main/data/picked_up_4/upsampled/Balderdash_Game_Elastic_medium_upsampled.csv,0,"End-effector aligning towards item, to begin the task."
/home/mdxuser/Genesis/main/data/picked_up_4/upsampled/Balderdash_Game_Elastic_medium_upsampled.csv,270,"Gripper grasping target object, using balanced pressure, causing medium-deformation, with rising force."
/home/mdxuser/Genesis/main/data/picked_up_4/upsampled/Balderdash_Game_Elastic_medium_upsampled.csv,540,"Gripper continue grasping item, using balanced pressure, causing balanced-yielding, with rising force."
/home/mdxuser/Genesis/main/data/picked_up_4/upsampled/Balderdash_Game_Elastic_medium_upsampled.csv,810,"Gripper picking up target object, using controlled pressure, causing moderate-compression, with increasing force."
/home/mdxuser/Genesis/main/data/picked_up_4/upsampled/Balderdash_Game_Elastic_medium_upsampled.csv,1080,"Fingers twisting the object, by an angle of 45.0 degrees, using moderate force, causing controlled-yielding, with constant force."
/home/mdxuser/Genesis/main/data/picked_up_4/upsampled/Balderdash_Game_Elastic_medium_upsampled.csv,1350,"Gripper continue twisting item, by an angle of 45.0 degrees, using moderate force, causing controlled-yielding, with unchanging force."
/home/mdxuser/Genesis/main/data/picked_up_4/upsampled/Balderdash_Game_Elastic_medium_upsampled.csv,1620,Target object has been dropped.
/home/mdxuser/Genesis/main/data/picked_up_4/upsampled/Balderdash_Game_Elastic_medium_upsampled.csv,1890,Target object has been let go of.
/home/mdxuser/Genesis/main/data/picked_up_4/upsampled/Balderdash_Game_Elastic_medium_upsampled.csv,2160,The object has been released.
/home/mdxuser/Genesis/main/data/picked_up_4/upsampled/Balderdash_Game_Elastic_medium_upsampled.csv,2430,Item has been released.
/home/mdxuser/Genesis/main/data/picked_up_4/upsampled/Balderdash_Game_Elastic_medium_upsampled.csv,2700,The object has been let go of.
/home/mdxuser/Genesis/main/data/picked_up_4/upsampled/Just_For_Men_ShampooIn_Haircolor_Jet_Black_60_Elastic_soft_upsampled.csv,0,"Fingers advancing towards target object, to begin the task."
/home/mdxuser/Genesis/main/data/picked_up_4/upsampled/Just_For_Men_ShampooIn_Haircolor_Jet_Black_60_Elastic_soft_upsampled.csv,270,"End-effector clamping target object, using subtle force, causing slight-yielding, with growing pressure."
/home/mdxuser/Genesis/main/data/picked_up_4/upsampled/Just_For_Men_ShampooIn_Haircolor_Jet_Black_60_Elastic_soft_upsampled.csv,540,"End-effector continue capturing the object, using light pressure, causing minimal-resistance, with rising force."
/home/mdxuser/Genesis/main/data/picked_up_4/upsampled/Just_For_Men_ShampooIn_Haircolor_Jet_Black_60_Elastic_soft_upsampled.csv,810,"End-effector raising item, using subtle force, causing minimal-resistance, with increasing force."
/home/mdxuser/Genesis/main/data/picked_up_4/upsampled/Just_For_Men_ShampooIn_Haircolor_Jet_Black_60_Elastic_soft_upsampled.csv,1080,"End-effector turning the object, by an angle of 45.0 degrees, using slight force, causing lightly-yielding, with constant force."
/home/mdxuser/Genesis/main/data/picked_up_4/upsampled/Just_For_Men_ShampooIn_Haircolor_Jet_Black_60_Elastic_soft_upsampled.csv,1350,"Gripper continue twisting target object, by an angle of 45.0 degrees, using slight force, causing gentle-compression, with constant force."
/home/mdxuser/Genesis/main/data/picked_up_4/upsampled/Just_For_Men_ShampooIn_Haircolor_Jet_Black_60_Elastic_soft_upsampled.csv,1620,Target object has been released.
/home/mdxuser/Genesis/main/data/picked_up_4/upsampled/Just_For_Men_ShampooIn_Haircolor_Jet_Black_60_Elastic_soft_upsampled.csv,1890,Item has been released.
/home/mdxuser/Genesis/main/data/picked_up_4/upsampled/Just_For_Men_ShampooIn_Haircolor_Jet_Black_60_Elastic_soft_upsampled.csv,2160,Item has been let go of.
/home/mdxuser/Genesis/main/data/picked_up_4/upsampled/Just_For_Men_ShampooIn_Haircolor_Jet_Black_60_Elastic_soft_upsampled.csv,2430,The object has been dropped.
/home/mdxuser/Genesis/main/data/picked_up_4/upsampled/Just_For_Men_ShampooIn_Haircolor_Jet_Black_60_Elastic_soft_upsampled.csv,2700,Target object has been released.
/home/mdxuser/Genesis/main/data/picked_up_4/upsampled/Crayola_Crayons_120_crayons_Elastic_hard_upsampled.csv,0,"Fingers advancing towards target object, to begin the task."
/home/mdxuser/Genesis/main/data/picked_up_4/upsampled/Crayola_Crayons_120_crayons_Elastic_hard_upsampled.csv,270,"Gripping mechanism clamping the object, using strong contact, causing substantial-yielding, with growing pressure."
/home/mdxuser/Genesis/main/data/picked_up_4/upsampled/Crayola_Crayons_120_crayons_Elastic_hard_upsampled.csv,540,"Fingers continue clasping target object, using heavy force, causing strong-resistance, with increasing force."
/home/mdxuser/Genesis/main/data/picked_up_4/upsampled/Crayola_Crayons_120_crayons_Elastic_hard_upsampled.csv,810,"Gripping mechanism elevating target object, using intense pressure, causing strong-resistance, with growing pressure."
/home/mdxuser/Genesis/main/data/picked_up_4/upsampled/Crayola_Crayons_120_crayons_Elastic_hard_upsampled.csv,1080,"End-effector twisting the object, by an angle of 45.0 degrees, using significant force, causing hard-deformation, with steady pressure."
/home/mdxuser/Genesis/main/data/picked_up_4/upsampled/Crayola_Crayons_120_crayons_Elastic_hard_upsampled.csv,1350,"End-effector continue twisting the object, by an angle of 45.0 degrees, using firm pressure, causing firm-yielding, with constant force."
/home/mdxuser/Genesis/main/data/picked_up_4/upsampled/Crayola_Crayons_120_crayons_Elastic_hard_upsampled.csv,1620,Item has been dropped.
/home/mdxuser/Genesis/main/data/picked_up_4/upsampled/Crayola_Crayons_120_crayons_Elastic_hard_upsampled.csv,1890,Target object has been dropped.
/home/mdxuser/Genesis/main/data/picked_up_4/upsampled/Crayola_Crayons_120_crayons_Elastic_hard_upsampled.csv,2160,The object has been let go of.
/home/mdxuser/Genesis/main/data/picked_up_4/upsampled/Crayola_Crayons_120_crayons_Elastic_hard_upsampled.csv,2430,Item has been let go of.
/home/mdxuser/Genesis/main/data/picked_up_4/upsampled/Crayola_Crayons_120_crayons_Elastic_hard_upsampled.csv,2700,The object has been released.
/home/mdxuser/Genesis/main/data/picked_up_4/upsampled/Phillips_Colon_Health_Probiotic_Capsule_Elastic_soft_upsampled.csv,0,"Gripping mechanism positioning towards item, to begin the task."
/home/mdxuser/Genesis/main/data/picked_up_4/upsampled/Phillips_Colon_Health_Probiotic_Capsule_Elastic_soft_upsampled.csv,270,"Fingers clamping item, using slight force, causing gentle-compression, with growing pressure."
/home/mdxuser/Genesis/main/data/picked_up_4/upsampled/Phillips_Colon_Health_Probiotic_Capsule_Elastic_soft_upsampled.csv,540,"End-effector continue clasping the object, using soft contact, causing cushioned-contact, with rising force."
/home/mdxuser/Genesis/main/data/picked_up_4/upsampled/Phillips_Colon_Health_Probiotic_Capsule_Elastic_soft_upsampled.csv,810,"End-effector picking up item, using gentle force, causing soft-deformation, with growing pressure."
/home/mdxuser/Genesis/main/data/picked_up_4/upsampled/Phillips_Colon_Health_Probiotic_Capsule_Elastic_soft_upsampled.csv,1080,"Gripping mechanism twisting item, by an angle of 45.0 degrees, using cushioned pressure, causing lightly-yielding, with unchanging force."
/home/mdxuser/Genesis/main/data/picked_up_4/upsampled/Phillips_Colon_Health_Probiotic_Capsule_Elastic_soft_upsampled.csv,1350,"Fingers continue turning target object, by an angle of 45.0 degrees, using cushioned pressure, causing gentle-compression, with constant force."
/home/mdxuser/Genesis/main/data/picked_up_4/upsampled/Phillips_Colon_Health_Probiotic_Capsule_Elastic_soft_upsampled.csv,1620,"Gripper steadying target object, maintaining a stable hold, using minimal force, causing lightly-yielding."
/home/mdxuser/Genesis/main/data/picked_up_4/upsampled/Phillips_Colon_Health_Probiotic_Capsule_Elastic_soft_upsampled.csv,1890,Item has been released.
/home/mdxuser/Genesis/main/data/picked_up_4/upsampled/Phillips_Colon_Health_Probiotic_Capsule_Elastic_soft_upsampled.csv,2160,The object has been released.
/home/mdxuser/Genesis/main/data/picked_up_4/upsampled/Phillips_Colon_Health_Probiotic_Capsule_Elastic_soft_upsampled.csv,2430,The object has been released.
/home/mdxuser/Genesis/main/data/picked_up_4/upsampled/Phillips_Colon_Health_Probiotic_Capsule_Elastic_soft_upsampled.csv,2700,Item has been dropped.
/home/mdxuser/Genesis/main/data/picked_up_4/upsampled/Cole_Hardware_Electric_Pot_Assortment_55_Elastic_medium_upsampled.csv,0,"Gripping mechanism aligning towards item, to begin the task."
/home/mdxuser/Genesis/main/data/picked_up_4/upsampled/Cole_Hardware_Electric_Pot_Assortment_55_Elastic_medium_upsampled.csv,270,"Fingers squeezing target object, using controlled pressure, causing medium-deformation, with increasing force."
/home/mdxuser/Genesis/main/data/picked_up_4/upsampled/Cole_Hardware_Electric_Pot_Assortment_55_Elastic_medium_upsampled.csv,540,"Gripper continue squeezing target object, using balanced pressure, causing steady-resistance, with rising force."
/home/mdxuser/Genesis/main/data/picked_up_4/upsampled/Cole_Hardware_Electric_Pot_Assortment_55_Elastic_medium_upsampled.csv,810,"Gripping mechanism lifting target object, using steady force, causing balanced-yielding, with rising force."
/home/mdxuser/Genesis/main/data/picked_up_4/upsampled/Cole_Hardware_Electric_Pot_Assortment_55_Elastic_medium_upsampled.csv,1080,"Fingers turning item, by an angle of 45.0 degrees, using controlled pressure, causing firm-contact, with constant force."
/home/mdxuser/Genesis/main/data/picked_up_4/upsampled/Cole_Hardware_Electric_Pot_Assortment_55_Elastic_medium_upsampled.csv,1350,"End-effector maintaining hold of target object, maintaining a stable hold, using moderate force, causing controlled-yielding."
/home/mdxuser/Genesis/main/data/picked_up_4/upsampled/Cole_Hardware_Electric_Pot_Assortment_55_Elastic_medium_upsampled.csv,1620,"Gripping mechanism continue steadying item, maintaining a stable hold, using steady force, causing medium-deformation."
/home/mdxuser/Genesis/main/data/picked_up_4/upsampled/Cole_Hardware_Electric_Pot_Assortment_55_Elastic_medium_upsampled.csv,1890,"Fingers turning target object, by an angle of 30.0 degrees, using balanced pressure, causing steady-resistance, with constant force."
/home/mdxuser/Genesis/main/data/picked_up_4/upsampled/Cole_Hardware_Electric_Pot_Assortment_55_Elastic_medium_upsampled.csv,2160,"Gripping mechanism continue twisting item, by an angle of 30.0 degrees, using steady force, causing controlled-yielding, with unchanging force."
/home/mdxuser/Genesis/main/data/picked_up_4/upsampled/Cole_Hardware_Electric_Pot_Assortment_55_Elastic_medium_upsampled.csv,2430,"Gripper steadying item, maintaining a stable hold, using steady force, causing firm-contact."
/home/mdxuser/Genesis/main/data/picked_up_4/upsampled/Cole_Hardware_Electric_Pot_Assortment_55_Elastic_medium_upsampled.csv,2700,Target object has been let go of.
/home/mdxuser/Genesis/main/data/picked_up_4/upsampled/Crayola_Washable_Fingerpaint_Red_Blue_Yellow_3_count_8_fl_oz_bottes_each_Elastic_medium_upsampled.csv,0,"Gripping mechanism reaching towards the object, to begin the task."
/home/mdxuser/Genesis/main/data/picked_up_4/upsampled/Crayola_Washable_Fingerpaint_Red_Blue_Yellow_3_count_8_fl_oz_bottes_each_Elastic_medium_upsampled.csv,270,"Fingers holding target object, using moderate force, causing firm-contact, with increasing force."
/home/mdxuser/Genesis/main/data/picked_up_4/upsampled/Crayola_Washable_Fingerpaint_Red_Blue_Yellow_3_count_8_fl_oz_bottes_each_Elastic_medium_upsampled.csv,540,"Gripper continue holding item, using moderate force, causing steady-resistance, with increasing force."
/home/mdxuser/Genesis/main/data/picked_up_4/upsampled/Crayola_Washable_Fingerpaint_Red_Blue_Yellow_3_count_8_fl_oz_bottes_each_Elastic_medium_upsampled.csv,810,"Gripper raising target object, using moderate force, causing steady-resistance, with increasing force."
/home/mdxuser/Genesis/main/data/picked_up_4/upsampled/Crayola_Washable_Fingerpaint_Red_Blue_Yellow_3_count_8_fl_oz_bottes_each_Elastic_medium_upsampled.csv,1080,"End-effector turning item, by an angle of 45.0 degrees, using balanced pressure, causing moderate-compression, with unchanging force."
/home/mdxuser/Genesis/main/data/picked_up_4/upsampled/Crayola_Washable_Fingerpaint_Red_Blue_Yellow_3_count_8_fl_oz_bottes_each_Elastic_medium_upsampled.csv,1350,"Fingers continue twisting the object, by an angle of 45.0 degrees, using moderate force, causing moderate-compression, with constant force."
/home/mdxuser/Genesis/main/data/picked_up_4/upsampled/Crayola_Washable_Fingerpaint_Red_Blue_Yellow_3_count_8_fl_oz_bottes_each_Elastic_medium_upsampled.csv,1620,Target object has been dropped.
/home/mdxuser/Genesis/main/data/picked_up_4/upsampled/Crayola_Washable_Fingerpaint_Red_Blue_Yellow_3_count_8_fl_oz_bottes_each_Elastic_medium_upsampled.csv,1890,Target object has been let go of.
/home/mdxuser/Genesis/main/data/picked_up_4/upsampled/Crayola_Washable_Fingerpaint_Red_Blue_Yellow_3_count_8_fl_oz_bottes_each_Elastic_medium_upsampled.csv,2160,Target object has been dropped.
/home/mdxuser/Genesis/main/data/picked_up_4/upsampled/Crayola_Washable_Fingerpaint_Red_Blue_Yellow_3_count_8_fl_oz_bottes_each_Elastic_medium_upsampled.csv,2430,The object has been let go of.
/home/mdxuser/Genesis/main/data/picked_up_4/upsampled/Crayola_Washable_Fingerpaint_Red_Blue_Yellow_3_count_8_fl_oz_bottes_each_Elastic_medium_upsampled.csv,2700,Item has been let go of.
/home/mdxuser/Genesis/main/data/picked_up_4/upsampled/Cascadia_8_Color_AquariusHibscsBearingSeaBlk_Size_50_Elastic_soft_upsampled.csv,0,"Fingers initiating towards item, to begin the task."
/home/mdxuser/Genesis/main/data/picked_up_4/upsampled/Cascadia_8_Color_AquariusHibscsBearingSeaBlk_Size_50_Elastic_soft_upsampled.csv,270,"Gripper clamping the object, using light pressure, causing gentle-compression, with increasing force."
/home/mdxuser/Genesis/main/data/picked_up_4/upsampled/Cascadia_8_Color_AquariusHibscsBearingSeaBlk_Size_50_Elastic_soft_upsampled.csv,540,"Gripper continue gripping target object, using soft contact, causing soft-deformation, with growing pressure."
/home/mdxuser/Genesis/main/data/picked_up_4/upsampled/Cascadia_8_Color_AquariusHibscsBearingSeaBlk_Size_50_Elastic_soft_upsampled.csv,810,"Gripper picking up target object, using gentle force, causing cushioned-contact, with rising force."
/home/mdxuser/Genesis/main/data/picked_up_4/upsampled/Cascadia_8_Color_AquariusHibscsBearingSeaBlk_Size_50_Elastic_soft_upsampled.csv,1080,"End-effector turning the object, by an angle of 45.0 degrees, using subtle force, causing lightly-yielding, with unchanging force."
/home/mdxuser/Genesis/main/data/picked_up_4/upsampled/Cascadia_8_Color_AquariusHibscsBearingSeaBlk_Size_50_Elastic_soft_upsampled.csv,1350,"Gripper continue twisting the object, by an angle of 45.0 degrees, using cushioned pressure, causing slight-yielding, with unchanging force."
/home/mdxuser/Genesis/main/data/picked_up_4/upsampled/Cascadia_8_Color_AquariusHibscsBearingSeaBlk_Size_50_Elastic_soft_upsampled.csv,1620,"Gripping mechanism pausing motion of the object, maintaining a stable hold, using gentle force, causing minimal-resistance."
/home/mdxuser/Genesis/main/data/picked_up_4/upsampled/Cascadia_8_Color_AquariusHibscsBearingSeaBlk_Size_50_Elastic_soft_upsampled.csv,1890,"Gripping mechanism turning item, by an angle of 45.0 degrees, using soft contact, causing minimal-resistance, with steady pressure."
/home/mdxuser/Genesis/main/data/picked_up_4/upsampled/Cascadia_8_Color_AquariusHibscsBearingSeaBlk_Size_50_Elastic_soft_upsampled.csv,2160,"End-effector maintaining hold of item, maintaining a stable hold, using cushioned pressure, causing slight-yielding."
/home/mdxuser/Genesis/main/data/picked_up_4/upsampled/Cascadia_8_Color_AquariusHibscsBearingSeaBlk_Size_50_Elastic_soft_upsampled.csv,2430,"Gripper continue steadying target object, maintaining a stable hold, using slight force, causing lightly-yielding."
/home/mdxuser/Genesis/main/data/picked_up_4/upsampled/Cascadia_8_Color_AquariusHibscsBearingSeaBlk_Size_50_Elastic_soft_upsampled.csv,2700,"Fingers slowing down motion of item, using zero-force, causing undeformed shape."
/home/mdxuser/Genesis/main/data/picked_up_4/upsampled/Office_Depot_Dell_Series_11_Remanufactured_Ink_Cartridge_TriColor_Elastic_medium_upsampled.csv,0,"Gripper starting movement towards the object, to begin the task."
/home/mdxuser/Genesis/main/data/picked_up_4/upsampled/Office_Depot_Dell_Series_11_Remanufactured_Ink_Cartridge_TriColor_Elastic_medium_upsampled.csv,270,"End-effector clamping the object, using controlled pressure, causing controlled-yielding, with increasing force."
/home/mdxuser/Genesis/main/data/picked_up_4/upsampled/Office_Depot_Dell_Series_11_Remanufactured_Ink_Cartridge_TriColor_Elastic_medium_upsampled.csv,540,"Gripper continue grasping target object, using steady force, causing medium-deformation, with growing pressure."
/home/mdxuser/Genesis/main/data/picked_up_4/upsampled/Office_Depot_Dell_Series_11_Remanufactured_Ink_Cartridge_TriColor_Elastic_medium_upsampled.csv,810,"Gripper picking up target object, using firm contact, causing moderate-compression, with rising force."
/home/mdxuser/Genesis/main/data/picked_up_4/upsampled/Office_Depot_Dell_Series_11_Remanufactured_Ink_Cartridge_TriColor_Elastic_medium_upsampled.csv,1080,"End-effector twisting target object, by an angle of 45.0 degrees, using steady force, causing firm-contact, with steady pressure."
/home/mdxuser/Genesis/main/data/picked_up_4/upsampled/Office_Depot_Dell_Series_11_Remanufactured_Ink_Cartridge_TriColor_Elastic_medium_upsampled.csv,1350,"Gripper maintaining hold of item, maintaining a stable hold, using firm contact, causing controlled-yielding."
/home/mdxuser/Genesis/main/data/picked_up_4/upsampled/Office_Depot_Dell_Series_11_Remanufactured_Ink_Cartridge_TriColor_Elastic_medium_upsampled.csv,1620,"Fingers continue pausing motion of the object, maintaining a stable hold, using controlled pressure, causing moderate-compression."
/home/mdxuser/Genesis/main/data/picked_up_4/upsampled/Office_Depot_Dell_Series_11_Remanufactured_Ink_Cartridge_TriColor_Elastic_medium_upsampled.csv,1890,"Fingers turning the object, by an angle of 45.0 degrees, using controlled pressure, causing moderate-compression, with constant force."
/home/mdxuser/Genesis/main/data/picked_up_4/upsampled/Office_Depot_Dell_Series_11_Remanufactured_Ink_Cartridge_TriColor_Elastic_medium_upsampled.csv,2160,"Fingers steadying item, maintaining a stable hold, using controlled pressure, causing controlled-yielding."
/home/mdxuser/Genesis/main/data/picked_up_4/upsampled/Office_Depot_Dell_Series_11_Remanufactured_Ink_Cartridge_TriColor_Elastic_medium_upsampled.csv,2430,"Fingers continue maintaining hold of target object, maintaining a stable hold, using moderate force, causing balanced-yielding."
/home/mdxuser/Genesis/main/data/picked_up_4/upsampled/Office_Depot_Dell_Series_11_Remanufactured_Ink_Cartridge_TriColor_Elastic_medium_upsampled.csv,2700,The object has been dropped.
/home/mdxuser/Genesis/main/data/picked_up_4/upsampled/CLIMACOOL_BOAT_BREEZE_IE6CyqSaDwN_Elastic_medium_upsampled.csv,0,"Gripper preparing towards the object, to begin the task."
/home/mdxuser/Genesis/main/data/picked_up_4/upsampled/CLIMACOOL_BOAT_BREEZE_IE6CyqSaDwN_Elastic_medium_upsampled.csv,270,"Gripping mechanism gripping target object, using steady force, causing controlled-yielding, with rising force."
/home/mdxuser/Genesis/main/data/picked_up_4/upsampled/CLIMACOOL_BOAT_BREEZE_IE6CyqSaDwN_Elastic_medium_upsampled.csv,540,"Fingers continue pinching the object, using moderate force, causing medium-deformation, with growing pressure."
/home/mdxuser/Genesis/main/data/picked_up_4/upsampled/CLIMACOOL_BOAT_BREEZE_IE6CyqSaDwN_Elastic_medium_upsampled.csv,810,"Gripping mechanism picking up item, using balanced pressure, causing moderate-compression, with increasing force."
/home/mdxuser/Genesis/main/data/picked_up_4/upsampled/CLIMACOOL_BOAT_BREEZE_IE6CyqSaDwN_Elastic_medium_upsampled.csv,1080,"End-effector rotating the object, by an angle of 45.0 degrees, using moderate force, causing controlled-yielding, with constant force."
/home/mdxuser/Genesis/main/data/picked_up_4/upsampled/CLIMACOOL_BOAT_BREEZE_IE6CyqSaDwN_Elastic_medium_upsampled.csv,1350,"Gripper continue rotating the object, by an angle of 45.0 degrees, using controlled pressure, causing firm-contact, with constant force."
/home/mdxuser/Genesis/main/data/picked_up_4/upsampled/CLIMACOOL_BOAT_BREEZE_IE6CyqSaDwN_Elastic_medium_upsampled.csv,1620,"Gripper holding position of target object, maintaining a stable hold, using moderate force, causing controlled-yielding."
/home/mdxuser/Genesis/main/data/picked_up_4/upsampled/CLIMACOOL_BOAT_BREEZE_IE6CyqSaDwN_Elastic_medium_upsampled.csv,1890,"Fingers turning target object, by an angle of 45.0 degrees, using balanced pressure, causing steady-resistance, with constant force."
/home/mdxuser/Genesis/main/data/picked_up_4/upsampled/CLIMACOOL_BOAT_BREEZE_IE6CyqSaDwN_Elastic_medium_upsampled.csv,2160,The object has been dropped.
/home/mdxuser/Genesis/main/data/picked_up_4/upsampled/CLIMACOOL_BOAT_BREEZE_IE6CyqSaDwN_Elastic_medium_upsampled.csv,2430,The object has been let go of.
/home/mdxuser/Genesis/main/data/picked_up_4/upsampled/CLIMACOOL_BOAT_BREEZE_IE6CyqSaDwN_Elastic_medium_upsampled.csv,2700,The object has been dropped.
/home/mdxuser/Genesis/main/data/picked_up_4/upsampled/D_ROSE_ENGLEWOOD_II_Elastic_medium_upsampled.csv,0,"Gripping mechanism positioning towards item, to begin the task."
/home/mdxuser/Genesis/main/data/picked_up_4/upsampled/D_ROSE_ENGLEWOOD_II_Elastic_medium_upsampled.csv,270,"Gripping mechanism capturing the object, using balanced pressure, causing firm-contact, with rising force."
/home/mdxuser/Genesis/main/data/picked_up_4/upsampled/D_ROSE_ENGLEWOOD_II_Elastic_medium_upsampled.csv,540,"End-effector continue clamping the object, using controlled pressure, causing controlled-yielding, with growing pressure."
/home/mdxuser/Genesis/main/data/picked_up_4/upsampled/D_ROSE_ENGLEWOOD_II_Elastic_medium_upsampled.csv,810,"Fingers raising item, using firm contact, causing steady-resistance, with rising force."
/home/mdxuser/Genesis/main/data/picked_up_4/upsampled/D_ROSE_ENGLEWOOD_II_Elastic_medium_upsampled.csv,1080,"Fingers rotating target object, by an angle of 30.0 degrees, using moderate force, causing steady-resistance, with unchanging force."
/home/mdxuser/Genesis/main/data/picked_up_4/upsampled/D_ROSE_ENGLEWOOD_II_Elastic_medium_upsampled.csv,1350,"Fingers continue rotating item, by an angle of 30.0 degrees, using steady force, causing firm-contact, with steady pressure."
/home/mdxuser/Genesis/main/data/picked_up_4/upsampled/D_ROSE_ENGLEWOOD_II_Elastic_medium_upsampled.csv,1620,"Fingers steadying item, maintaining a stable hold, using moderate force, causing medium-deformation."
/home/mdxuser/Genesis/main/data/picked_up_4/upsampled/D_ROSE_ENGLEWOOD_II_Elastic_medium_upsampled.csv,1890,Item has been released.
/home/mdxuser/Genesis/main/data/picked_up_4/upsampled/D_ROSE_ENGLEWOOD_II_Elastic_medium_upsampled.csv,2160,Item has been dropped.
/home/mdxuser/Genesis/main/data/picked_up_4/upsampled/D_ROSE_ENGLEWOOD_II_Elastic_medium_upsampled.csv,2430,Target object has been released.
/home/mdxuser/Genesis/main/data/picked_up_4/upsampled/D_ROSE_ENGLEWOOD_II_Elastic_medium_upsampled.csv,2700,Target object has been let go of.
/home/mdxuser/Genesis/main/data/picked_up_4/upsampled/Eat_to_Live_The_Amazing_NutrientRich_Program_for_Fast_and_Sustained_Weight_Loss_Revised_Edition_Book_Elastic_hard_upsampled.csv,0,"Gripping mechanism reaching towards item, to begin the task."
/home/mdxuser/Genesis/main/data/picked_up_4/upsampled/Eat_to_Live_The_Amazing_NutrientRich_Program_for_Fast_and_Sustained_Weight_Loss_Revised_Edition_Book_Elastic_hard_upsampled.csv,270,"Fingers gripping target object, using heavy force, causing hard-deformation, with rising force."
/home/mdxuser/Genesis/main/data/picked_up_4/upsampled/Eat_to_Live_The_Amazing_NutrientRich_Program_for_Fast_and_Sustained_Weight_Loss_Revised_Edition_Book_Elastic_hard_upsampled.csv,540,"Gripper continue clasping item, using strong contact, causing strong-resistance, with growing pressure."
/home/mdxuser/Genesis/main/data/picked_up_4/upsampled/Eat_to_Live_The_Amazing_NutrientRich_Program_for_Fast_and_Sustained_Weight_Loss_Revised_Edition_Book_Elastic_hard_upsampled.csv,810,"End-effector picking up item, using significant force, causing significant-compression, with increasing force."
/home/mdxuser/Genesis/main/data/picked_up_4/upsampled/Eat_to_Live_The_Amazing_NutrientRich_Program_for_Fast_and_Sustained_Weight_Loss_Revised_Edition_Book_Elastic_hard_upsampled.csv,1080,"Gripping mechanism twisting the object, by an angle of 45.0 degrees, using strong force, causing hard-deformation, with constant force."
/home/mdxuser/Genesis/main/data/picked_up_4/upsampled/Eat_to_Live_The_Amazing_NutrientRich_Program_for_Fast_and_Sustained_Weight_Loss_Revised_Edition_Book_Elastic_hard_upsampled.csv,1350,The object has been released.
/home/mdxuser/Genesis/main/data/picked_up_4/upsampled/Eat_to_Live_The_Amazing_NutrientRich_Program_for_Fast_and_Sustained_Weight_Loss_Revised_Edition_Book_Elastic_hard_upsampled.csv,1620,Target object has been released.
/home/mdxuser/Genesis/main/data/picked_up_4/upsampled/Eat_to_Live_The_Amazing_NutrientRich_Program_for_Fast_and_Sustained_Weight_Loss_Revised_Edition_Book_Elastic_hard_upsampled.csv,1890,The object has been let go of.
/home/mdxuser/Genesis/main/data/picked_up_4/upsampled/Eat_to_Live_The_Amazing_NutrientRich_Program_for_Fast_and_Sustained_Weight_Loss_Revised_Edition_Book_Elastic_hard_upsampled.csv,2160,The object has been let go of.
/home/mdxuser/Genesis/main/data/picked_up_4/upsampled/Eat_to_Live_The_Amazing_NutrientRich_Program_for_Fast_and_Sustained_Weight_Loss_Revised_Edition_Book_Elastic_hard_upsampled.csv,2430,Target object has been released.
/home/mdxuser/Genesis/main/data/picked_up_4/upsampled/Eat_to_Live_The_Amazing_NutrientRich_Program_for_Fast_and_Sustained_Weight_Loss_Revised_Edition_Book_Elastic_hard_upsampled.csv,2700,The object has been let go of.
/home/mdxuser/Genesis/main/data/picked_up_4/upsampled/Brother_LC_1053PKS_Ink_Cartridge_CyanMagentaYellow_1pack_Elastic_medium_upsampled.csv,0,"Gripper positioning towards the object, to begin the task."
/home/mdxuser/Genesis/main/data/picked_up_4/upsampled/Brother_LC_1053PKS_Ink_Cartridge_CyanMagentaYellow_1pack_Elastic_medium_upsampled.csv,270,"End-effector clamping item, using balanced pressure, causing balanced-yielding, with growing pressure."
/home/mdxuser/Genesis/main/data/picked_up_4/upsampled/Brother_LC_1053PKS_Ink_Cartridge_CyanMagentaYellow_1pack_Elastic_medium_upsampled.csv,540,"Fingers continue pinching item, using controlled pressure, causing moderate-compression, with rising force."
/home/mdxuser/Genesis/main/data/picked_up_4/upsampled/Brother_LC_1053PKS_Ink_Cartridge_CyanMagentaYellow_1pack_Elastic_medium_upsampled.csv,810,"Gripper elevating item, using controlled pressure, causing firm-contact, with increasing force."
/home/mdxuser/Genesis/main/data/picked_up_4/upsampled/Brother_LC_1053PKS_Ink_Cartridge_CyanMagentaYellow_1pack_Elastic_medium_upsampled.csv,1080,"End-effector rotating the object, by an angle of 45.0 degrees, using balanced pressure, causing balanced-yielding, with constant force."
/home/mdxuser/Genesis/main/data/picked_up_4/upsampled/Brother_LC_1053PKS_Ink_Cartridge_CyanMagentaYellow_1pack_Elastic_medium_upsampled.csv,1350,"Gripper continue rotating item, by an angle of 45.0 degrees, using steady force, causing balanced-yielding, with unchanging force."
/home/mdxuser/Genesis/main/data/picked_up_4/upsampled/Brother_LC_1053PKS_Ink_Cartridge_CyanMagentaYellow_1pack_Elastic_medium_upsampled.csv,1620,The object has been released.
/home/mdxuser/Genesis/main/data/picked_up_4/upsampled/Brother_LC_1053PKS_Ink_Cartridge_CyanMagentaYellow_1pack_Elastic_medium_upsampled.csv,1890,Target object has been dropped.
/home/mdxuser/Genesis/main/data/picked_up_4/upsampled/Brother_LC_1053PKS_Ink_Cartridge_CyanMagentaYellow_1pack_Elastic_medium_upsampled.csv,2160,Item has been released.
/home/mdxuser/Genesis/main/data/picked_up_4/upsampled/Brother_LC_1053PKS_Ink_Cartridge_CyanMagentaYellow_1pack_Elastic_medium_upsampled.csv,2430,Item has been released.
/home/mdxuser/Genesis/main/data/picked_up_4/upsampled/Brother_LC_1053PKS_Ink_Cartridge_CyanMagentaYellow_1pack_Elastic_medium_upsampled.csv,2700,Target object has been dropped.
/home/mdxuser/Genesis/main/data/picked_up_4/upsampled/ClimaCool_Aerate_2_W_Wide_Elastic_soft_upsampled.csv,0,"Fingers preparing towards target object, to begin the task."
/home/mdxuser/Genesis/main/data/picked_up_4/upsampled/ClimaCool_Aerate_2_W_Wide_Elastic_soft_upsampled.csv,270,"Gripping mechanism securing item, using cushioned pressure, causing gentle-compression, with increasing force."
/home/mdxuser/Genesis/main/data/picked_up_4/upsampled/ClimaCool_Aerate_2_W_Wide_Elastic_soft_upsampled.csv,540,"Gripper continue securing the object, using slight force, causing gentle-compression, with rising force."
/home/mdxuser/Genesis/main/data/picked_up_4/upsampled/ClimaCool_Aerate_2_W_Wide_Elastic_soft_upsampled.csv,810,"Gripping mechanism picking up item, using light pressure, causing gentle-compression, with growing pressure."
/home/mdxuser/Genesis/main/data/picked_up_4/upsampled/ClimaCool_Aerate_2_W_Wide_Elastic_soft_upsampled.csv,1080,"End-effector twisting the object, by an angle of 45.0 degrees, using cushioned pressure, causing minimal-resistance, with steady pressure."
/home/mdxuser/Genesis/main/data/picked_up_4/upsampled/ClimaCool_Aerate_2_W_Wide_Elastic_soft_upsampled.csv,1350,"Fingers continue twisting item, by an angle of 45.0 degrees, using light pressure, causing soft-deformation, with unchanging force."
/home/mdxuser/Genesis/main/data/picked_up_4/upsampled/ClimaCool_Aerate_2_W_Wide_Elastic_soft_upsampled.csv,1620,"Gripping mechanism maintaining hold of the object, maintaining a stable hold, using slight force, causing minimal-resistance."
/home/mdxuser/Genesis/main/data/picked_up_4/upsampled/ClimaCool_Aerate_2_W_Wide_Elastic_soft_upsampled.csv,1890,"Gripper turning the object, by an angle of 45.0 degrees, using minimal force, causing gentle-compression, with unchanging force."
/home/mdxuser/Genesis/main/data/picked_up_4/upsampled/ClimaCool_Aerate_2_W_Wide_Elastic_soft_upsampled.csv,2160,"Gripping mechanism steadying target object, maintaining a stable hold, using slight force, causing gentle-compression."
/home/mdxuser/Genesis/main/data/picked_up_4/upsampled/ClimaCool_Aerate_2_W_Wide_Elastic_soft_upsampled.csv,2430,"Gripping mechanism continue steadying the object, maintaining a stable hold, using slight force, causing minimal-resistance."
/home/mdxuser/Genesis/main/data/picked_up_4/upsampled/ClimaCool_Aerate_2_W_Wide_Elastic_soft_upsampled.csv,2700,"End-effector coming to rest with the object, using zero-pressure, causing undeformed shape."
/home/mdxuser/Genesis/main/data/picked_up_4/upsampled/Beyonc_Life_is_But_a_Dream_DVD_Elastic_soft_upsampled.csv,0,"Fingers reaching towards target object, to begin the task."
/home/mdxuser/Genesis/main/data/picked_up_4/upsampled/Beyonc_Life_is_But_a_Dream_DVD_Elastic_soft_upsampled.csv,270,"End-effector clamping target object, using cushioned pressure, causing minimal-resistance, with growing pressure."
/home/mdxuser/Genesis/main/data/picked_up_4/upsampled/Beyonc_Life_is_But_a_Dream_DVD_Elastic_soft_upsampled.csv,540,"End-effector continue holding the object, using subtle force, causing soft-deformation, with growing pressure."
/home/mdxuser/Genesis/main/data/picked_up_4/upsampled/Beyonc_Life_is_But_a_Dream_DVD_Elastic_soft_upsampled.csv,810,"Fingers picking up item, using gentle force, causing minimal-resistance, with increasing force."
/home/mdxuser/Genesis/main/data/picked_up_4/upsampled/Beyonc_Life_is_But_a_Dream_DVD_Elastic_soft_upsampled.csv,1080,"Fingers rotating target object, by an angle of 45.0 degrees, using slight force, causing soft-deformation, with unchanging force."
/home/mdxuser/Genesis/main/data/picked_up_4/upsampled/Beyonc_Life_is_But_a_Dream_DVD_Elastic_soft_upsampled.csv,1350,Item has been let go of.
/home/mdxuser/Genesis/main/data/picked_up_4/upsampled/Beyonc_Life_is_But_a_Dream_DVD_Elastic_soft_upsampled.csv,1620,Target object has been dropped.
/home/mdxuser/Genesis/main/data/picked_up_4/upsampled/Beyonc_Life_is_But_a_Dream_DVD_Elastic_soft_upsampled.csv,1890,Target object has been released.
/home/mdxuser/Genesis/main/data/picked_up_4/upsampled/Beyonc_Life_is_But_a_Dream_DVD_Elastic_soft_upsampled.csv,2160,The object has been dropped.
/home/mdxuser/Genesis/main/data/picked_up_4/upsampled/Beyonc_Life_is_But_a_Dream_DVD_Elastic_soft_upsampled.csv,2430,Target object has been dropped.
/home/mdxuser/Genesis/main/data/picked_up_4/upsampled/Beyonc_Life_is_But_a_Dream_DVD_Elastic_soft_upsampled.csv,2700,Item has been dropped.
/home/mdxuser/Genesis/main/data/picked_up_4/upsampled/Black_Decker_Stainless_Steel_Toaster_4_Slice_Elastic_medium_upsampled.csv,0,"End-effector starting movement towards target object, to begin the task."
/home/mdxuser/Genesis/main/data/picked_up_4/upsampled/Black_Decker_Stainless_Steel_Toaster_4_Slice_Elastic_medium_upsampled.csv,270,"End-effector clamping item, using moderate force, causing steady-resistance, with rising force."
/home/mdxuser/Genesis/main/data/picked_up_4/upsampled/Black_Decker_Stainless_Steel_Toaster_4_Slice_Elastic_medium_upsampled.csv,540,"Gripper continue pinching item, using balanced pressure, causing controlled-yielding, with increasing force."
/home/mdxuser/Genesis/main/data/picked_up_4/upsampled/Black_Decker_Stainless_Steel_Toaster_4_Slice_Elastic_medium_upsampled.csv,810,"Gripper elevating item, using moderate force, causing controlled-yielding, with increasing force."
/home/mdxuser/Genesis/main/data/picked_up_4/upsampled/Black_Decker_Stainless_Steel_Toaster_4_Slice_Elastic_medium_upsampled.csv,1080,"Gripper turning the object, by an angle of 45.0 degrees, using balanced pressure, causing balanced-yielding, with unchanging force."
/home/mdxuser/Genesis/main/data/picked_up_4/upsampled/Black_Decker_Stainless_Steel_Toaster_4_Slice_Elastic_medium_upsampled.csv,1350,"Gripper holding position of the object, maintaining a stable hold, using firm contact, causing medium-deformation."
/home/mdxuser/Genesis/main/data/picked_up_4/upsampled/Black_Decker_Stainless_Steel_Toaster_4_Slice_Elastic_medium_upsampled.csv,1620,"Fingers continue pausing motion of the object, maintaining a stable hold, using balanced pressure, causing steady-resistance."
/home/mdxuser/Genesis/main/data/picked_up_4/upsampled/Black_Decker_Stainless_Steel_Toaster_4_Slice_Elastic_medium_upsampled.csv,1890,"Gripper rotating item, by an angle of 30.0 degrees, using firm contact, causing steady-resistance, with constant force."
/home/mdxuser/Genesis/main/data/picked_up_4/upsampled/Black_Decker_Stainless_Steel_Toaster_4_Slice_Elastic_medium_upsampled.csv,2160,"Fingers continue turning target object, by an angle of 30.0 degrees, using moderate force, causing moderate-compression, with unchanging force."
/home/mdxuser/Genesis/main/data/picked_up_4/upsampled/Black_Decker_Stainless_Steel_Toaster_4_Slice_Elastic_medium_upsampled.csv,2430,Target object has been let go of.
/home/mdxuser/Genesis/main/data/picked_up_4/upsampled/Black_Decker_Stainless_Steel_Toaster_4_Slice_Elastic_medium_upsampled.csv,2700,Item has been released.
/home/mdxuser/Genesis/main/data/picked_up_4/upsampled/Android_Lego_Elastic_hard_upsampled.csv,0,"End-effector starting movement towards item, to begin the task."
/home/mdxuser/Genesis/main/data/picked_up_4/upsampled/Android_Lego_Elastic_hard_upsampled.csv,270,"End-effector clasping target object, using intense pressure, causing significant-compression, with growing pressure."
/home/mdxuser/Genesis/main/data/picked_up_4/upsampled/Android_Lego_Elastic_hard_upsampled.csv,540,"Gripping mechanism continue capturing item, using intense pressure, causing strong-resistance, with rising force."
/home/mdxuser/Genesis/main/data/picked_up_4/upsampled/Android_Lego_Elastic_hard_upsampled.csv,810,"End-effector lifting item, using firm pressure, causing significant-compression, with increasing force."
/home/mdxuser/Genesis/main/data/picked_up_4/upsampled/Android_Lego_Elastic_hard_upsampled.csv,1080,"Gripper turning item, by an angle of 30.0 degrees, using heavy force, causing substantial-yielding, with unchanging force."
/home/mdxuser/Genesis/main/data/picked_up_4/upsampled/Android_Lego_Elastic_hard_upsampled.csv,1350,"Gripping mechanism continue rotating item, by an angle of 30.0 degrees, using significant force, causing significant-compression, with unchanging force."
/home/mdxuser/Genesis/main/data/picked_up_4/upsampled/Android_Lego_Elastic_hard_upsampled.csv,1620,"Gripping mechanism pausing motion of the object, maintaining a stable hold, using intense pressure, causing firm-yielding."
/home/mdxuser/Genesis/main/data/picked_up_4/upsampled/Android_Lego_Elastic_hard_upsampled.csv,1890,"Fingers rotating item, by an angle of 45.0 degrees, using significant force, causing substantial-yielding, with steady pressure."
/home/mdxuser/Genesis/main/data/picked_up_4/upsampled/Android_Lego_Elastic_hard_upsampled.csv,2160,"Fingers continue rotating the object, by an angle of 45.0 degrees, using firm pressure, causing rigid-contact, with steady pressure."
/home/mdxuser/Genesis/main/data/picked_up_4/upsampled/Android_Lego_Elastic_hard_upsampled.csv,2430,"Gripping mechanism pausing motion of item, maintaining a stable hold, using intense pressure, causing hard-deformation."
/home/mdxuser/Genesis/main/data/picked_up_4/upsampled/Android_Lego_Elastic_hard_upsampled.csv,2700,"End-effector slowing down motion of target object, using zero-pressure, causing shape-conservation."
/home/mdxuser/Genesis/main/data/picked_up_4/upsampled/Diet_Pepsi_Soda_Cola12_Pack_12_oz_Cans_Elastic_medium_upsampled.csv,0,"End-effector preparing towards item, to begin the task."
/home/mdxuser/Genesis/main/data/picked_up_4/upsampled/Diet_Pepsi_Soda_Cola12_Pack_12_oz_Cans_Elastic_medium_upsampled.csv,270,"Gripper grasping target object, using moderate force, causing balanced-yielding, with rising force."
/home/mdxuser/Genesis/main/data/picked_up_4/upsampled/Diet_Pepsi_Soda_Cola12_Pack_12_oz_Cans_Elastic_medium_upsampled.csv,540,"Fingers continue holding target object, using moderate force, causing medium-deformation, with growing pressure."
/home/mdxuser/Genesis/main/data/picked_up_4/upsampled/Diet_Pepsi_Soda_Cola12_Pack_12_oz_Cans_Elastic_medium_upsampled.csv,810,"Gripper raising item, using moderate force, causing steady-resistance, with increasing force."
/home/mdxuser/Genesis/main/data/picked_up_4/upsampled/Diet_Pepsi_Soda_Cola12_Pack_12_oz_Cans_Elastic_medium_upsampled.csv,1080,"Fingers rotating the object, by an angle of 45.0 degrees, using firm contact, causing medium-deformation, with unchanging force."
/home/mdxuser/Genesis/main/data/picked_up_4/upsampled/Diet_Pepsi_Soda_Cola12_Pack_12_oz_Cans_Elastic_medium_upsampled.csv,1350,Item has been dropped.
/home/mdxuser/Genesis/main/data/picked_up_4/upsampled/Diet_Pepsi_Soda_Cola12_Pack_12_oz_Cans_Elastic_medium_upsampled.csv,1620,The object has been dropped.
/home/mdxuser/Genesis/main/data/picked_up_4/upsampled/Diet_Pepsi_Soda_Cola12_Pack_12_oz_Cans_Elastic_medium_upsampled.csv,1890,The object has been released.
/home/mdxuser/Genesis/main/data/picked_up_4/upsampled/Diet_Pepsi_Soda_Cola12_Pack_12_oz_Cans_Elastic_medium_upsampled.csv,2160,The object has been released.
/home/mdxuser/Genesis/main/data/picked_up_4/upsampled/Diet_Pepsi_Soda_Cola12_Pack_12_oz_Cans_Elastic_medium_upsampled.csv,2430,The object has been dropped.
/home/mdxuser/Genesis/main/data/picked_up_4/upsampled/Diet_Pepsi_Soda_Cola12_Pack_12_oz_Cans_Elastic_medium_upsampled.csv,2700,Target object has been dropped.
/home/mdxuser/Genesis/main/data/picked_up_4/upsampled/Circo_Fish_Toothbrush_Holder_14995988_Elastic_soft_upsampled.csv,0,"End-effector aligning towards target object, to begin the task."
/home/mdxuser/Genesis/main/data/picked_up_4/upsampled/Circo_Fish_Toothbrush_Holder_14995988_Elastic_soft_upsampled.csv,270,"Gripping mechanism gripping the object, using slight force, causing cushioned-contact, with rising force."
/home/mdxuser/Genesis/main/data/picked_up_4/upsampled/Circo_Fish_Toothbrush_Holder_14995988_Elastic_soft_upsampled.csv,540,"Gripper continue gripping target object, using light pressure, causing slight-yielding, with growing pressure."
/home/mdxuser/Genesis/main/data/picked_up_4/upsampled/Circo_Fish_Toothbrush_Holder_14995988_Elastic_soft_upsampled.csv,810,"Fingers raising target object, using gentle force, causing gentle-compression, with rising force."
/home/mdxuser/Genesis/main/data/picked_up_4/upsampled/Circo_Fish_Toothbrush_Holder_14995988_Elastic_soft_upsampled.csv,1080,"Fingers rotating target object, by an angle of 45.0 degrees, using minimal force, causing cushioned-contact, with steady pressure."
/home/mdxuser/Genesis/main/data/picked_up_4/upsampled/Circo_Fish_Toothbrush_Holder_14995988_Elastic_soft_upsampled.csv,1350,"Gripping mechanism continue turning item, by an angle of 45.0 degrees, using slight force, causing slight-yielding, with constant force."
/home/mdxuser/Genesis/main/data/picked_up_4/upsampled/Circo_Fish_Toothbrush_Holder_14995988_Elastic_soft_upsampled.csv,1620,"Fingers pausing motion of the object, maintaining a stable hold, using soft contact, causing gentle-compression."
/home/mdxuser/Genesis/main/data/picked_up_4/upsampled/Circo_Fish_Toothbrush_Holder_14995988_Elastic_soft_upsampled.csv,1890,"Gripping mechanism twisting the object, by an angle of 45.0 degrees, using minimal force, causing minimal-resistance, with steady pressure."
/home/mdxuser/Genesis/main/data/picked_up_4/upsampled/Circo_Fish_Toothbrush_Holder_14995988_Elastic_soft_upsampled.csv,2160,"Gripping mechanism maintaining hold of item, maintaining a stable hold, using soft contact, causing slight-yielding."
/home/mdxuser/Genesis/main/data/picked_up_4/upsampled/Circo_Fish_Toothbrush_Holder_14995988_Elastic_soft_upsampled.csv,2430,"Gripping mechanism continue steadying the object, maintaining a stable hold, using subtle force, causing slight-yielding."
/home/mdxuser/Genesis/main/data/picked_up_4/upsampled/Circo_Fish_Toothbrush_Holder_14995988_Elastic_soft_upsampled.csv,2700,Item has been let go of.
/home/mdxuser/Genesis/main/data/picked_up_4/upsampled/Mens_Largo_Slip_On_in_Taupe_gooyS417q4R_Elastic_hard_upsampled.csv,0,"Gripping mechanism positioning towards item, to begin the task."
/home/mdxuser/Genesis/main/data/picked_up_4/upsampled/Mens_Largo_Slip_On_in_Taupe_gooyS417q4R_Elastic_hard_upsampled.csv,270,"Gripping mechanism pinching the object, using intense pressure, causing hard-deformation, with growing pressure."
/home/mdxuser/Genesis/main/data/picked_up_4/upsampled/Mens_Largo_Slip_On_in_Taupe_gooyS417q4R_Elastic_hard_upsampled.csv,540,"Gripping mechanism continue securing target object, using significant force, causing substantial-yielding, with growing pressure."
/home/mdxuser/Genesis/main/data/picked_up_4/upsampled/Mens_Largo_Slip_On_in_Taupe_gooyS417q4R_Elastic_hard_upsampled.csv,810,"Fingers picking up target object, using strong force, causing firm-yielding, with rising force."
/home/mdxuser/Genesis/main/data/picked_up_4/upsampled/Mens_Largo_Slip_On_in_Taupe_gooyS417q4R_Elastic_hard_upsampled.csv,1080,"Gripping mechanism turning the object, by an angle of 45.0 degrees, using strong force, causing rigid-contact, with constant force."
/home/mdxuser/Genesis/main/data/picked_up_4/upsampled/Mens_Largo_Slip_On_in_Taupe_gooyS417q4R_Elastic_hard_upsampled.csv,1350,Item has been dropped.
/home/mdxuser/Genesis/main/data/picked_up_4/upsampled/Mens_Largo_Slip_On_in_Taupe_gooyS417q4R_Elastic_hard_upsampled.csv,1620,Target object has been dropped.
/home/mdxuser/Genesis/main/data/picked_up_4/upsampled/Mens_Largo_Slip_On_in_Taupe_gooyS417q4R_Elastic_hard_upsampled.csv,1890,Target object has been released.
/home/mdxuser/Genesis/main/data/picked_up_4/upsampled/Mens_Largo_Slip_On_in_Taupe_gooyS417q4R_Elastic_hard_upsampled.csv,2160,Target object has been released.
/home/mdxuser/Genesis/main/data/picked_up_4/upsampled/Mens_Largo_Slip_On_in_Taupe_gooyS417q4R_Elastic_hard_upsampled.csv,2430,Target object has been released.
/home/mdxuser/Genesis/main/data/picked_up_4/upsampled/Mens_Largo_Slip_On_in_Taupe_gooyS417q4R_Elastic_hard_upsampled.csv,2700,Target object has been dropped.
/home/mdxuser/Genesis/main/data/picked_up_4/upsampled/Crayola_Bonus_64_Crayons_Elastic_hard_upsampled.csv,0,"End-effector initiating towards target object, to begin the task."
/home/mdxuser/Genesis/main/data/picked_up_4/upsampled/Crayola_Bonus_64_Crayons_Elastic_hard_upsampled.csv,270,"Gripping mechanism clasping target object, using firm pressure, causing significant-compression, with rising force."
/home/mdxuser/Genesis/main/data/picked_up_4/upsampled/Crayola_Bonus_64_Crayons_Elastic_hard_upsampled.csv,540,"End-effector continue securing the object, using intense pressure, causing firm-yielding, with increasing force."
/home/mdxuser/Genesis/main/data/picked_up_4/upsampled/Crayola_Bonus_64_Crayons_Elastic_hard_upsampled.csv,810,"End-effector lifting the object, using strong contact, causing substantial-yielding, with rising force."
/home/mdxuser/Genesis/main/data/picked_up_4/upsampled/Crayola_Bonus_64_Crayons_Elastic_hard_upsampled.csv,1080,"Fingers rotating the object, by an angle of 45.0 degrees, using strong contact, causing significant-compression, with unchanging force."
/home/mdxuser/Genesis/main/data/picked_up_4/upsampled/Crayola_Bonus_64_Crayons_Elastic_hard_upsampled.csv,1350,"Gripping mechanism holding position of target object, maintaining a stable hold, using significant force, causing significant-compression."
/home/mdxuser/Genesis/main/data/picked_up_4/upsampled/Crayola_Bonus_64_Crayons_Elastic_hard_upsampled.csv,1620,"Gripper continue holding position of item, maintaining a stable hold, using strong contact, causing significant-compression."
/home/mdxuser/Genesis/main/data/picked_up_4/upsampled/Crayola_Bonus_64_Crayons_Elastic_hard_upsampled.csv,1890,"End-effector turning target object, by an angle of 45.0 degrees, using intense pressure, causing significant-compression, with constant force."
/home/mdxuser/Genesis/main/data/picked_up_4/upsampled/Crayola_Bonus_64_Crayons_Elastic_hard_upsampled.csv,2160,"Gripper continue turning the object, by an angle of 45.0 degrees, using significant force, causing substantial-yielding, with unchanging force."
/home/mdxuser/Genesis/main/data/picked_up_4/upsampled/Crayola_Bonus_64_Crayons_Elastic_hard_upsampled.csv,2430,Target object has been released.
/home/mdxuser/Genesis/main/data/picked_up_4/upsampled/Crayola_Bonus_64_Crayons_Elastic_hard_upsampled.csv,2700,Target object has been let go of.
/home/mdxuser/Genesis/main/data/picked_up_4/upsampled/CREATIVE_BLOCKS_35_MM_Elastic_medium_upsampled.csv,0,"End-effector aligning towards item, to begin the task."
/home/mdxuser/Genesis/main/data/picked_up_4/upsampled/CREATIVE_BLOCKS_35_MM_Elastic_medium_upsampled.csv,270,"End-effector securing the object, using moderate force, causing steady-resistance, with rising force."
/home/mdxuser/Genesis/main/data/picked_up_4/upsampled/CREATIVE_BLOCKS_35_MM_Elastic_medium_upsampled.csv,540,"Gripper continue gripping target object, using controlled pressure, causing balanced-yielding, with rising force."
/home/mdxuser/Genesis/main/data/picked_up_4/upsampled/CREATIVE_BLOCKS_35_MM_Elastic_medium_upsampled.csv,810,"Gripper raising the object, using firm contact, causing medium-deformation, with rising force."
/home/mdxuser/Genesis/main/data/picked_up_4/upsampled/CREATIVE_BLOCKS_35_MM_Elastic_medium_upsampled.csv,1080,"Gripping mechanism twisting item, by an angle of 45.0 degrees, using firm contact, causing controlled-yielding, with steady pressure."
/home/mdxuser/Genesis/main/data/picked_up_4/upsampled/CREATIVE_BLOCKS_35_MM_Elastic_medium_upsampled.csv,1350,"Fingers continue rotating item, by an angle of 45.0 degrees, using moderate force, causing controlled-yielding, with constant force."
/home/mdxuser/Genesis/main/data/picked_up_4/upsampled/CREATIVE_BLOCKS_35_MM_Elastic_medium_upsampled.csv,1620,"Gripper maintaining hold of the object, maintaining a stable hold, using balanced pressure, causing moderate-compression."
/home/mdxuser/Genesis/main/data/picked_up_4/upsampled/CREATIVE_BLOCKS_35_MM_Elastic_medium_upsampled.csv,1890,"Gripping mechanism rotating item, by an angle of 45.0 degrees, using controlled pressure, causing balanced-yielding, with steady pressure."
/home/mdxuser/Genesis/main/data/picked_up_4/upsampled/CREATIVE_BLOCKS_35_MM_Elastic_medium_upsampled.csv,2160,"End-effector pausing motion of item, maintaining a stable hold, using balanced pressure, causing controlled-yielding."
/home/mdxuser/Genesis/main/data/picked_up_4/upsampled/CREATIVE_BLOCKS_35_MM_Elastic_medium_upsampled.csv,2430,"Gripping mechanism continue holding position of item, maintaining a stable hold, using balanced pressure, causing controlled-yielding."
/home/mdxuser/Genesis/main/data/picked_up_4/upsampled/CREATIVE_BLOCKS_35_MM_Elastic_medium_upsampled.csv,2700,"End-effector coming to rest with target object, using zero-pressure, causing undeformed shape."
/home/mdxuser/Genesis/main/data/picked_up_4/upsampled/Animal_Crossing_New_Leaf_Nintendo_3DS_Game_Elastic_medium_upsampled.csv,0,"Gripping mechanism starting movement towards the object, to begin the task."
/home/mdxuser/Genesis/main/data/picked_up_4/upsampled/Animal_Crossing_New_Leaf_Nintendo_3DS_Game_Elastic_medium_upsampled.csv,270,"Gripper gripping the object, using balanced pressure, causing moderate-compression, with rising force."
/home/mdxuser/Genesis/main/data/picked_up_4/upsampled/Animal_Crossing_New_Leaf_Nintendo_3DS_Game_Elastic_medium_upsampled.csv,540,"Gripping mechanism continue holding target object, using moderate force, causing moderate-compression, with increasing force."
/home/mdxuser/Genesis/main/data/picked_up_4/upsampled/Animal_Crossing_New_Leaf_Nintendo_3DS_Game_Elastic_medium_upsampled.csv,810,"Gripper raising the object, using balanced pressure, causing medium-deformation, with rising force."
/home/mdxuser/Genesis/main/data/picked_up_4/upsampled/Animal_Crossing_New_Leaf_Nintendo_3DS_Game_Elastic_medium_upsampled.csv,1080,"Gripping mechanism twisting the object, by an angle of 45.0 degrees, using moderate force, causing firm-contact, with steady pressure."
/home/mdxuser/Genesis/main/data/picked_up_4/upsampled/Animal_Crossing_New_Leaf_Nintendo_3DS_Game_Elastic_medium_upsampled.csv,1350,"Gripper continue rotating target object, by an angle of 45.0 degrees, using controlled pressure, causing medium-deformation, with constant force."
/home/mdxuser/Genesis/main/data/picked_up_4/upsampled/Animal_Crossing_New_Leaf_Nintendo_3DS_Game_Elastic_medium_upsampled.csv,1620,Item has been released.
/home/mdxuser/Genesis/main/data/picked_up_4/upsampled/Animal_Crossing_New_Leaf_Nintendo_3DS_Game_Elastic_medium_upsampled.csv,1890,Target object has been dropped.
/home/mdxuser/Genesis/main/data/picked_up_4/upsampled/Animal_Crossing_New_Leaf_Nintendo_3DS_Game_Elastic_medium_upsampled.csv,2160,Target object has been released.
/home/mdxuser/Genesis/main/data/picked_up_4/upsampled/Animal_Crossing_New_Leaf_Nintendo_3DS_Game_Elastic_medium_upsampled.csv,2430,Target object has been let go of.
/home/mdxuser/Genesis/main/data/picked_up_4/upsampled/Animal_Crossing_New_Leaf_Nintendo_3DS_Game_Elastic_medium_upsampled.csv,2700,The object has been dropped.
/home/mdxuser/Genesis/main/data/picked_up_4/upsampled/Office_Depot_HP_71_Remanufactured_Ink_Cartridge_Black_Elastic_hard_upsampled.csv,0,"Gripper approaching towards item, to begin the task."
/home/mdxuser/Genesis/main/data/picked_up_4/upsampled/Office_Depot_HP_71_Remanufactured_Ink_Cartridge_Black_Elastic_hard_upsampled.csv,270,"End-effector clamping item, using firm pressure, causing rigid-contact, with increasing force."
/home/mdxuser/Genesis/main/data/picked_up_4/upsampled/Office_Depot_HP_71_Remanufactured_Ink_Cartridge_Black_Elastic_hard_upsampled.csv,540,"Fingers continue gripping item, using intense pressure, causing hard-deformation, with growing pressure."
/home/mdxuser/Genesis/main/data/picked_up_4/upsampled/Office_Depot_HP_71_Remanufactured_Ink_Cartridge_Black_Elastic_hard_upsampled.csv,810,"End-effector lifting target object, using significant force, causing hard-deformation, with growing pressure."
/home/mdxuser/Genesis/main/data/picked_up_4/upsampled/Office_Depot_HP_71_Remanufactured_Ink_Cartridge_Black_Elastic_hard_upsampled.csv,1080,"Gripping mechanism turning the object, by an angle of 30.0 degrees, using significant force, causing strong-resistance, with unchanging force."
/home/mdxuser/Genesis/main/data/picked_up_4/upsampled/Office_Depot_HP_71_Remanufactured_Ink_Cartridge_Black_Elastic_hard_upsampled.csv,1350,"Gripping mechanism continue twisting item, by an angle of 30.0 degrees, using strong contact, causing firm-yielding, with constant force."
/home/mdxuser/Genesis/main/data/picked_up_4/upsampled/Office_Depot_HP_71_Remanufactured_Ink_Cartridge_Black_Elastic_hard_upsampled.csv,1620,"Fingers steadying target object, maintaining a stable hold, using firm pressure, causing significant-compression."
/home/mdxuser/Genesis/main/data/picked_up_4/upsampled/Office_Depot_HP_71_Remanufactured_Ink_Cartridge_Black_Elastic_hard_upsampled.csv,1890,"Fingers rotating target object, by an angle of 45.0 degrees, using firm pressure, causing firm-yielding, with unchanging force."
/home/mdxuser/Genesis/main/data/picked_up_4/upsampled/Office_Depot_HP_71_Remanufactured_Ink_Cartridge_Black_Elastic_hard_upsampled.csv,2160,"End-effector continue twisting the object, by an angle of 45.0 degrees, using heavy force, causing significant-compression, with constant force."
/home/mdxuser/Genesis/main/data/picked_up_4/upsampled/Office_Depot_HP_71_Remanufactured_Ink_Cartridge_Black_Elastic_hard_upsampled.csv,2430,The object has been dropped.
/home/mdxuser/Genesis/main/data/picked_up_4/upsampled/Office_Depot_HP_71_Remanufactured_Ink_Cartridge_Black_Elastic_hard_upsampled.csv,2700,The object has been released.
/home/mdxuser/Genesis/main/data/picked_up_4/upsampled/Big_Dot_Aqua_Pencil_Case_Elastic_hard_upsampled.csv,0,"Gripper initiating towards the object, to begin the task."
/home/mdxuser/Genesis/main/data/picked_up_4/upsampled/Big_Dot_Aqua_Pencil_Case_Elastic_hard_upsampled.csv,270,"Gripper clamping target object, using strong force, causing substantial-yielding, with increasing force."
/home/mdxuser/Genesis/main/data/picked_up_4/upsampled/Big_Dot_Aqua_Pencil_Case_Elastic_hard_upsampled.csv,540,"End-effector continue securing the object, using heavy force, causing firm-yielding, with increasing force."
/home/mdxuser/Genesis/main/data/picked_up_4/upsampled/Big_Dot_Aqua_Pencil_Case_Elastic_hard_upsampled.csv,810,"Fingers elevating target object, using firm pressure, causing rigid-contact, with rising force."
/home/mdxuser/Genesis/main/data/picked_up_4/upsampled/Big_Dot_Aqua_Pencil_Case_Elastic_hard_upsampled.csv,1080,"Gripper turning item, by an angle of 45.0 degrees, using significant force, causing firm-yielding, with unchanging force."
/home/mdxuser/Genesis/main/data/picked_up_4/upsampled/Big_Dot_Aqua_Pencil_Case_Elastic_hard_upsampled.csv,1350,"Fingers continue twisting the object, by an angle of 45.0 degrees, using firm pressure, causing firm-yielding, with unchanging force."
/home/mdxuser/Genesis/main/data/picked_up_4/upsampled/Big_Dot_Aqua_Pencil_Case_Elastic_hard_upsampled.csv,1620,Item has been let go of.
/home/mdxuser/Genesis/main/data/picked_up_4/upsampled/Big_Dot_Aqua_Pencil_Case_Elastic_hard_upsampled.csv,1890,The object has been released.
/home/mdxuser/Genesis/main/data/picked_up_4/upsampled/Big_Dot_Aqua_Pencil_Case_Elastic_hard_upsampled.csv,2160,The object has been dropped.
/home/mdxuser/Genesis/main/data/picked_up_4/upsampled/Big_Dot_Aqua_Pencil_Case_Elastic_hard_upsampled.csv,2430,Target object has been released.
/home/mdxuser/Genesis/main/data/picked_up_4/upsampled/Big_Dot_Aqua_Pencil_Case_Elastic_hard_upsampled.csv,2700,Item has been released.
/home/mdxuser/Genesis/main/data/picked_up_4/upsampled/Cole_Hardware_Electric_Pot_Cabana_55_Elastic_medium_upsampled.csv,0,"Gripping mechanism positioning towards item, to begin the task."
/home/mdxuser/Genesis/main/data/picked_up_4/upsampled/Cole_Hardware_Electric_Pot_Cabana_55_Elastic_medium_upsampled.csv,270,"Fingers clasping target object, using moderate force, causing moderate-compression, with rising force."
/home/mdxuser/Genesis/main/data/picked_up_4/upsampled/Cole_Hardware_Electric_Pot_Cabana_55_Elastic_medium_upsampled.csv,540,"End-effector continue pinching the object, using moderate force, causing steady-resistance, with growing pressure."
/home/mdxuser/Genesis/main/data/picked_up_4/upsampled/Cole_Hardware_Electric_Pot_Cabana_55_Elastic_medium_upsampled.csv,810,"Gripper raising item, using moderate force, causing firm-contact, with rising force."
/home/mdxuser/Genesis/main/data/picked_up_4/upsampled/Cole_Hardware_Electric_Pot_Cabana_55_Elastic_medium_upsampled.csv,1080,"Gripping mechanism twisting item, by an angle of 30.0 degrees, using moderate force, causing firm-contact, with unchanging force."
/home/mdxuser/Genesis/main/data/picked_up_4/upsampled/Cole_Hardware_Electric_Pot_Cabana_55_Elastic_medium_upsampled.csv,1350,"Gripper continue turning the object, by an angle of 30.0 degrees, using controlled pressure, causing controlled-yielding, with unchanging force."
/home/mdxuser/Genesis/main/data/picked_up_4/upsampled/Cole_Hardware_Electric_Pot_Cabana_55_Elastic_medium_upsampled.csv,1620,"End-effector steadying target object, maintaining a stable hold, using firm contact, causing steady-resistance."
/home/mdxuser/Genesis/main/data/picked_up_4/upsampled/Cole_Hardware_Electric_Pot_Cabana_55_Elastic_medium_upsampled.csv,1890,"End-effector twisting the object, by an angle of 30.0 degrees, using balanced pressure, causing medium-deformation, with unchanging force."
/home/mdxuser/Genesis/main/data/picked_up_4/upsampled/Cole_Hardware_Electric_Pot_Cabana_55_Elastic_medium_upsampled.csv,2160,"Gripper continue twisting the object, by an angle of 30.0 degrees, using moderate force, causing moderate-compression, with unchanging force."
/home/mdxuser/Genesis/main/data/picked_up_4/upsampled/Cole_Hardware_Electric_Pot_Cabana_55_Elastic_medium_upsampled.csv,2430,"Gripper steadying the object, maintaining a stable hold, using moderate force, causing controlled-yielding."
/home/mdxuser/Genesis/main/data/picked_up_4/upsampled/Cole_Hardware_Electric_Pot_Cabana_55_Elastic_medium_upsampled.csv,2700,"Gripping mechanism slowing down motion of the object, using zero-force, causing shape-conservation."
/home/mdxuser/Genesis/main/data/picked_up_4/upsampled/Brother_LC_1053PKS_Ink_Cartridge_CyanMagentaYellow_1pack_Elastic_soft_upsampled.csv,0,"Fingers preparing towards item, to begin the task."
/home/mdxuser/Genesis/main/data/picked_up_4/upsampled/Brother_LC_1053PKS_Ink_Cartridge_CyanMagentaYellow_1pack_Elastic_soft_upsampled.csv,270,"End-effector squeezing target object, using light pressure, causing lightly-yielding, with increasing force."
/home/mdxuser/Genesis/main/data/picked_up_4/upsampled/Brother_LC_1053PKS_Ink_Cartridge_CyanMagentaYellow_1pack_Elastic_soft_upsampled.csv,540,"Fingers continue grasping item, using subtle force, causing cushioned-contact, with growing pressure."
/home/mdxuser/Genesis/main/data/picked_up_4/upsampled/Brother_LC_1053PKS_Ink_Cartridge_CyanMagentaYellow_1pack_Elastic_soft_upsampled.csv,810,"Fingers lifting the object, using soft contact, causing soft-deformation, with growing pressure."
/home/mdxuser/Genesis/main/data/picked_up_4/upsampled/Brother_LC_1053PKS_Ink_Cartridge_CyanMagentaYellow_1pack_Elastic_soft_upsampled.csv,1080,"Gripping mechanism rotating the object, by an angle of 45.0 degrees, using subtle force, causing cushioned-contact, with constant force."
/home/mdxuser/Genesis/main/data/picked_up_4/upsampled/Brother_LC_1053PKS_Ink_Cartridge_CyanMagentaYellow_1pack_Elastic_soft_upsampled.csv,1350,"End-effector continue rotating target object, by an angle of 45.0 degrees, using minimal force, causing lightly-yielding, with steady pressure."
/home/mdxuser/Genesis/main/data/picked_up_4/upsampled/Brother_LC_1053PKS_Ink_Cartridge_CyanMagentaYellow_1pack_Elastic_soft_upsampled.csv,1620,"Fingers holding position of the object, maintaining a stable hold, using slight force, causing slight-yielding."
/home/mdxuser/Genesis/main/data/picked_up_4/upsampled/Brother_LC_1053PKS_Ink_Cartridge_CyanMagentaYellow_1pack_Elastic_soft_upsampled.csv,1890,"Gripping mechanism rotating item, by an angle of 45.0 degrees, using soft contact, causing lightly-yielding, with steady pressure."
/home/mdxuser/Genesis/main/data/picked_up_4/upsampled/Brother_LC_1053PKS_Ink_Cartridge_CyanMagentaYellow_1pack_Elastic_soft_upsampled.csv,2160,"Gripping mechanism steadying item, maintaining a stable hold, using cushioned pressure, causing cushioned-contact."
/home/mdxuser/Genesis/main/data/picked_up_4/upsampled/Brother_LC_1053PKS_Ink_Cartridge_CyanMagentaYellow_1pack_Elastic_soft_upsampled.csv,2430,"End-effector continue maintaining hold of target object, maintaining a stable hold, using minimal force, causing slight-yielding."
/home/mdxuser/Genesis/main/data/picked_up_4/upsampled/Brother_LC_1053PKS_Ink_Cartridge_CyanMagentaYellow_1pack_Elastic_soft_upsampled.csv,2700,Item has been let go of.
/home/mdxuser/Genesis/main/data/picked_up_4/upsampled/Big_Dot_Aqua_Pencil_Case_Elastic_medium_upsampled.csv,0,"End-effector positioning towards item, to begin the task."
/home/mdxuser/Genesis/main/data/picked_up_4/upsampled/Big_Dot_Aqua_Pencil_Case_Elastic_medium_upsampled.csv,270,"Gripping mechanism grasping item, using controlled pressure, causing medium-deformation, with growing pressure."
/home/mdxuser/Genesis/main/data/picked_up_4/upsampled/Big_Dot_Aqua_Pencil_Case_Elastic_medium_upsampled.csv,540,"Gripper continue pinching target object, using moderate force, causing firm-contact, with growing pressure."
/home/mdxuser/Genesis/main/data/picked_up_4/upsampled/Big_Dot_Aqua_Pencil_Case_Elastic_medium_upsampled.csv,810,"Fingers raising target object, using balanced pressure, causing moderate-compression, with rising force."
/home/mdxuser/Genesis/main/data/picked_up_4/upsampled/Big_Dot_Aqua_Pencil_Case_Elastic_medium_upsampled.csv,1080,"Fingers rotating item, by an angle of 30.0 degrees, using firm contact, causing medium-deformation, with steady pressure."
/home/mdxuser/Genesis/main/data/picked_up_4/upsampled/Big_Dot_Aqua_Pencil_Case_Elastic_medium_upsampled.csv,1350,"Fingers continue twisting item, by an angle of 30.0 degrees, using moderate force, causing steady-resistance, with steady pressure."
/home/mdxuser/Genesis/main/data/picked_up_4/upsampled/Big_Dot_Aqua_Pencil_Case_Elastic_medium_upsampled.csv,1620,"Gripping mechanism holding position of item, maintaining a stable hold, using moderate force, causing steady-resistance."
/home/mdxuser/Genesis/main/data/picked_up_4/upsampled/Big_Dot_Aqua_Pencil_Case_Elastic_medium_upsampled.csv,1890,"Gripping mechanism twisting target object, by an angle of 30.0 degrees, using controlled pressure, causing firm-contact, with steady pressure."
/home/mdxuser/Genesis/main/data/picked_up_4/upsampled/Big_Dot_Aqua_Pencil_Case_Elastic_medium_upsampled.csv,2160,"End-effector continue rotating the object, by an angle of 30.0 degrees, using controlled pressure, causing firm-contact, with constant force."
/home/mdxuser/Genesis/main/data/picked_up_4/upsampled/Big_Dot_Aqua_Pencil_Case_Elastic_medium_upsampled.csv,2430,The object has been let go of.
/home/mdxuser/Genesis/main/data/picked_up_4/upsampled/Big_Dot_Aqua_Pencil_Case_Elastic_medium_upsampled.csv,2700,The object has been dropped.
/home/mdxuser/Genesis/main/data/picked_up_4/upsampled/Olive_Kids_Mermaids_Pack_n_Snack_Backpack_Elastic_medium_upsampled.csv,0,"Fingers approaching towards item, to begin the task."
/home/mdxuser/Genesis/main/data/picked_up_4/upsampled/Olive_Kids_Mermaids_Pack_n_Snack_Backpack_Elastic_medium_upsampled.csv,270,"Gripping mechanism clamping target object, using moderate force, causing steady-resistance, with rising force."
/home/mdxuser/Genesis/main/data/picked_up_4/upsampled/Olive_Kids_Mermaids_Pack_n_Snack_Backpack_Elastic_medium_upsampled.csv,540,"Fingers continue gripping target object, using controlled pressure, causing steady-resistance, with increasing force."
/home/mdxuser/Genesis/main/data/picked_up_4/upsampled/Olive_Kids_Mermaids_Pack_n_Snack_Backpack_Elastic_medium_upsampled.csv,810,"End-effector lifting target object, using controlled pressure, causing balanced-yielding, with growing pressure."
/home/mdxuser/Genesis/main/data/picked_up_4/upsampled/Olive_Kids_Mermaids_Pack_n_Snack_Backpack_Elastic_medium_upsampled.csv,1080,"Gripping mechanism twisting target object, by an angle of 45.0 degrees, using moderate force, causing balanced-yielding, with steady pressure."
/home/mdxuser/Genesis/main/data/picked_up_4/upsampled/Olive_Kids_Mermaids_Pack_n_Snack_Backpack_Elastic_medium_upsampled.csv,1350,"End-effector steadying target object, maintaining a stable hold, using firm contact, causing steady-resistance."
/home/mdxuser/Genesis/main/data/picked_up_4/upsampled/Olive_Kids_Mermaids_Pack_n_Snack_Backpack_Elastic_medium_upsampled.csv,1620,"End-effector continue holding position of item, maintaining a stable hold, using moderate force, causing firm-contact."
/home/mdxuser/Genesis/main/data/picked_up_4/upsampled/Olive_Kids_Mermaids_Pack_n_Snack_Backpack_Elastic_medium_upsampled.csv,1890,"End-effector twisting item, by an angle of 45.0 degrees, using firm contact, causing controlled-yielding, with steady pressure."
/home/mdxuser/Genesis/main/data/picked_up_4/upsampled/Olive_Kids_Mermaids_Pack_n_Snack_Backpack_Elastic_medium_upsampled.csv,2160,"End-effector continue twisting item, by an angle of 45.0 degrees, using steady force, causing firm-contact, with steady pressure."
/home/mdxuser/Genesis/main/data/picked_up_4/upsampled/Olive_Kids_Mermaids_Pack_n_Snack_Backpack_Elastic_medium_upsampled.csv,2430,"Fingers pausing motion of item, maintaining a stable hold, using firm contact, causing steady-resistance."
/home/mdxuser/Genesis/main/data/picked_up_4/upsampled/Olive_Kids_Mermaids_Pack_n_Snack_Backpack_Elastic_medium_upsampled.csv,2700,Target object has been let go of.
/home/mdxuser/Genesis/main/data/picked_up_4/upsampled/Mens_ASV_Shock_Light_Bungee_in_Light_Grey_xGCOvtLDnQJ_Elastic_hard_upsampled.csv,0,"Fingers preparing towards the object, to begin the task."
/home/mdxuser/Genesis/main/data/picked_up_4/upsampled/Mens_ASV_Shock_Light_Bungee_in_Light_Grey_xGCOvtLDnQJ_Elastic_hard_upsampled.csv,270,"Gripper clasping target object, using strong contact, causing firm-yielding, with increasing force."
/home/mdxuser/Genesis/main/data/picked_up_4/upsampled/Mens_ASV_Shock_Light_Bungee_in_Light_Grey_xGCOvtLDnQJ_Elastic_hard_upsampled.csv,540,"Gripping mechanism continue capturing item, using strong contact, causing firm-yielding, with growing pressure."
/home/mdxuser/Genesis/main/data/picked_up_4/upsampled/Mens_ASV_Shock_Light_Bungee_in_Light_Grey_xGCOvtLDnQJ_Elastic_hard_upsampled.csv,810,"Gripping mechanism raising target object, using significant force, causing strong-resistance, with increasing force."
/home/mdxuser/Genesis/main/data/picked_up_4/upsampled/Mens_ASV_Shock_Light_Bungee_in_Light_Grey_xGCOvtLDnQJ_Elastic_hard_upsampled.csv,1080,"End-effector twisting the object, by an angle of 45.0 degrees, using strong force, causing hard-deformation, with constant force."
/home/mdxuser/Genesis/main/data/picked_up_4/upsampled/Mens_ASV_Shock_Light_Bungee_in_Light_Grey_xGCOvtLDnQJ_Elastic_hard_upsampled.csv,1350,"Gripper maintaining hold of the object, maintaining a stable hold, using strong contact, causing strong-resistance."
/home/mdxuser/Genesis/main/data/picked_up_4/upsampled/Mens_ASV_Shock_Light_Bungee_in_Light_Grey_xGCOvtLDnQJ_Elastic_hard_upsampled.csv,1620,"Gripper continue maintaining hold of the object, maintaining a stable hold, using firm pressure, causing significant-compression."
/home/mdxuser/Genesis/main/data/picked_up_4/upsampled/Mens_ASV_Shock_Light_Bungee_in_Light_Grey_xGCOvtLDnQJ_Elastic_hard_upsampled.csv,1890,"Gripping mechanism rotating target object, by an angle of 45.0 degrees, using strong force, causing firm-yielding, with unchanging force."
/home/mdxuser/Genesis/main/data/picked_up_4/upsampled/Mens_ASV_Shock_Light_Bungee_in_Light_Grey_xGCOvtLDnQJ_Elastic_hard_upsampled.csv,2160,The object has been let go of.
/home/mdxuser/Genesis/main/data/picked_up_4/upsampled/Mens_ASV_Shock_Light_Bungee_in_Light_Grey_xGCOvtLDnQJ_Elastic_hard_upsampled.csv,2430,The object has been let go of.
/home/mdxuser/Genesis/main/data/picked_up_4/upsampled/Mens_ASV_Shock_Light_Bungee_in_Light_Grey_xGCOvtLDnQJ_Elastic_hard_upsampled.csv,2700,The object has been dropped.
/home/mdxuser/Genesis/main/data/picked_up_4/upsampled/ASICS_GELDirt_Dog_4_SunFlameBlack_Elastic_soft_upsampled.csv,0,"Gripper approaching towards target object, to begin the task."
/home/mdxuser/Genesis/main/data/picked_up_4/upsampled/ASICS_GELDirt_Dog_4_SunFlameBlack_Elastic_soft_upsampled.csv,270,"Gripper securing the object, using minimal force, causing lightly-yielding, with rising force."
/home/mdxuser/Genesis/main/data/picked_up_4/upsampled/ASICS_GELDirt_Dog_4_SunFlameBlack_Elastic_soft_upsampled.csv,540,"Gripping mechanism continue clasping item, using slight force, causing lightly-yielding, with growing pressure."
/home/mdxuser/Genesis/main/data/picked_up_4/upsampled/ASICS_GELDirt_Dog_4_SunFlameBlack_Elastic_soft_upsampled.csv,810,"End-effector elevating the object, using slight force, causing lightly-yielding, with growing pressure."
/home/mdxuser/Genesis/main/data/picked_up_4/upsampled/ASICS_GELDirt_Dog_4_SunFlameBlack_Elastic_soft_upsampled.csv,1080,"Fingers twisting item, by an angle of 30.0 degrees, using minimal force, causing minimal-resistance, with steady pressure."
/home/mdxuser/Genesis/main/data/picked_up_4/upsampled/ASICS_GELDirt_Dog_4_SunFlameBlack_Elastic_soft_upsampled.csv,1350,"Gripping mechanism continue twisting item, by an angle of 30.0 degrees, using slight force, causing soft-deformation, with constant force."
/home/mdxuser/Genesis/main/data/picked_up_4/upsampled/ASICS_GELDirt_Dog_4_SunFlameBlack_Elastic_soft_upsampled.csv,1620,"Fingers holding position of target object, maintaining a stable hold, using slight force, causing minimal-resistance."
/home/mdxuser/Genesis/main/data/picked_up_4/upsampled/ASICS_GELDirt_Dog_4_SunFlameBlack_Elastic_soft_upsampled.csv,1890,"Fingers twisting item, by an angle of 45.0 degrees, using gentle force, causing gentle-compression, with unchanging force."
/home/mdxuser/Genesis/main/data/picked_up_4/upsampled/ASICS_GELDirt_Dog_4_SunFlameBlack_Elastic_soft_upsampled.csv,2160,"Fingers maintaining hold of target object, maintaining a stable hold, using cushioned pressure, causing cushioned-contact."
/home/mdxuser/Genesis/main/data/picked_up_4/upsampled/ASICS_GELDirt_Dog_4_SunFlameBlack_Elastic_soft_upsampled.csv,2430,"End-effector continue pausing motion of target object, maintaining a stable hold, using minimal force, causing gentle-compression."
/home/mdxuser/Genesis/main/data/picked_up_4/upsampled/ASICS_GELDirt_Dog_4_SunFlameBlack_Elastic_soft_upsampled.csv,2700,Target object has been dropped.
/home/mdxuser/Genesis/main/data/picked_up_4/upsampled/Black_and_Decker_PBJ2000_FusionBlade_Blender_Jars_Elastic_hard_upsampled.csv,0,"Fingers starting movement towards item, to begin the task."
/home/mdxuser/Genesis/main/data/picked_up_4/upsampled/Black_and_Decker_PBJ2000_FusionBlade_Blender_Jars_Elastic_hard_upsampled.csv,270,"Fingers capturing item, using intense pressure, causing hard-deformation, with rising force."
/home/mdxuser/Genesis/main/data/picked_up_4/upsampled/Black_and_Decker_PBJ2000_FusionBlade_Blender_Jars_Elastic_hard_upsampled.csv,540,"Fingers continue gripping the object, using firm pressure, causing hard-deformation, with increasing force."
/home/mdxuser/Genesis/main/data/picked_up_4/upsampled/Black_and_Decker_PBJ2000_FusionBlade_Blender_Jars_Elastic_hard_upsampled.csv,810,"End-effector raising the object, using strong force, causing rigid-contact, with rising force."
/home/mdxuser/Genesis/main/data/picked_up_4/upsampled/Black_and_Decker_PBJ2000_FusionBlade_Blender_Jars_Elastic_hard_upsampled.csv,1080,"Gripper rotating item, by an angle of 45.0 degrees, using strong contact, causing substantial-yielding, with steady pressure."
/home/mdxuser/Genesis/main/data/picked_up_4/upsampled/Black_and_Decker_PBJ2000_FusionBlade_Blender_Jars_Elastic_hard_upsampled.csv,1350,Item has been released.
/home/mdxuser/Genesis/main/data/picked_up_4/upsampled/Black_and_Decker_PBJ2000_FusionBlade_Blender_Jars_Elastic_hard_upsampled.csv,1620,Target object has been let go of.
/home/mdxuser/Genesis/main/data/picked_up_4/upsampled/Black_and_Decker_PBJ2000_FusionBlade_Blender_Jars_Elastic_hard_upsampled.csv,1890,Item has been let go of.
/home/mdxuser/Genesis/main/data/picked_up_4/upsampled/Black_and_Decker_PBJ2000_FusionBlade_Blender_Jars_Elastic_hard_upsampled.csv,2160,The object has been let go of.
/home/mdxuser/Genesis/main/data/picked_up_4/upsampled/Black_and_Decker_PBJ2000_FusionBlade_Blender_Jars_Elastic_hard_upsampled.csv,2430,Target object has been released.
/home/mdxuser/Genesis/main/data/picked_up_4/upsampled/Black_and_Decker_PBJ2000_FusionBlade_Blender_Jars_Elastic_hard_upsampled.csv,2700,The object has been let go of.
/home/mdxuser/Genesis/main/data/picked_up_4/upsampled/Pokémon_Omega_Ruby_Alpha_Sapphire_Dual_Pack_Nintendo_3DS_Elastic_medium_upsampled.csv,0,"End-effector initiating towards the object, to begin the task."
/home/mdxuser/Genesis/main/data/picked_up_4/upsampled/Pokémon_Omega_Ruby_Alpha_Sapphire_Dual_Pack_Nintendo_3DS_Elastic_medium_upsampled.csv,270,"Fingers squeezing target object, using firm contact, causing controlled-yielding, with increasing force."
/home/mdxuser/Genesis/main/data/picked_up_4/upsampled/Pokémon_Omega_Ruby_Alpha_Sapphire_Dual_Pack_Nintendo_3DS_Elastic_medium_upsampled.csv,540,"Gripping mechanism continue securing target object, using steady force, causing medium-deformation, with increasing force."
/home/mdxuser/Genesis/main/data/picked_up_4/upsampled/Pokémon_Omega_Ruby_Alpha_Sapphire_Dual_Pack_Nintendo_3DS_Elastic_medium_upsampled.csv,810,"Gripper raising the object, using moderate force, causing medium-deformation, with growing pressure."
/home/mdxuser/Genesis/main/data/picked_up_4/upsampled/Pokémon_Omega_Ruby_Alpha_Sapphire_Dual_Pack_Nintendo_3DS_Elastic_medium_upsampled.csv,1080,"Gripper rotating the object, by an angle of 45.0 degrees, using moderate force, causing controlled-yielding, with steady pressure."
/home/mdxuser/Genesis/main/data/picked_up_4/upsampled/Pokémon_Omega_Ruby_Alpha_Sapphire_Dual_Pack_Nintendo_3DS_Elastic_medium_upsampled.csv,1350,"Gripping mechanism holding position of item, maintaining a stable hold, using controlled pressure, causing moderate-compression."
/home/mdxuser/Genesis/main/data/picked_up_4/upsampled/Pokémon_Omega_Ruby_Alpha_Sapphire_Dual_Pack_Nintendo_3DS_Elastic_medium_upsampled.csv,1620,"End-effector continue holding position of target object, maintaining a stable hold, using controlled pressure, causing balanced-yielding."
/home/mdxuser/Genesis/main/data/picked_up_4/upsampled/Pokémon_Omega_Ruby_Alpha_Sapphire_Dual_Pack_Nintendo_3DS_Elastic_medium_upsampled.csv,1890,"Fingers twisting the object, by an angle of 30.0 degrees, using moderate force, causing moderate-compression, with steady pressure."
/home/mdxuser/Genesis/main/data/picked_up_4/upsampled/Pokémon_Omega_Ruby_Alpha_Sapphire_Dual_Pack_Nintendo_3DS_Elastic_medium_upsampled.csv,2160,"End-effector continue turning the object, by an angle of 30.0 degrees, using moderate force, causing steady-resistance, with constant force."
/home/mdxuser/Genesis/main/data/picked_up_4/upsampled/Pokémon_Omega_Ruby_Alpha_Sapphire_Dual_Pack_Nintendo_3DS_Elastic_medium_upsampled.csv,2430,"End-effector maintaining hold of target object, maintaining a stable hold, using moderate force, causing balanced-yielding."
/home/mdxuser/Genesis/main/data/picked_up_4/upsampled/Pokémon_Omega_Ruby_Alpha_Sapphire_Dual_Pack_Nintendo_3DS_Elastic_medium_upsampled.csv,2700,Item has been let go of.
/home/mdxuser/Genesis/main/data/picked_up_4/upsampled/Dog_Elastic_hard_upsampled.csv,0,"Fingers preparing towards the object, to begin the task."
/home/mdxuser/Genesis/main/data/picked_up_4/upsampled/Dog_Elastic_hard_upsampled.csv,270,"Gripper gripping item, using strong contact, causing firm-yielding, with increasing force."
/home/mdxuser/Genesis/main/data/picked_up_4/upsampled/Dog_Elastic_hard_upsampled.csv,540,"Gripper continue capturing the object, using firm pressure, causing firm-yielding, with increasing force."
/home/mdxuser/Genesis/main/data/picked_up_4/upsampled/Dog_Elastic_hard_upsampled.csv,810,"End-effector lifting target object, using firm pressure, causing rigid-contact, with rising force."
/home/mdxuser/Genesis/main/data/picked_up_4/upsampled/Dog_Elastic_hard_upsampled.csv,1080,"Fingers rotating the object, by an angle of 30.0 degrees, using strong force, causing rigid-contact, with constant force."
/home/mdxuser/Genesis/main/data/picked_up_4/upsampled/Dog_Elastic_hard_upsampled.csv,1350,"Gripper continue turning item, by an angle of 30.0 degrees, using intense pressure, causing firm-yielding, with constant force."
/home/mdxuser/Genesis/main/data/picked_up_4/upsampled/Dog_Elastic_hard_upsampled.csv,1620,"Gripping mechanism holding position of item, maintaining a stable hold, using firm pressure, causing rigid-contact."
/home/mdxuser/Genesis/main/data/picked_up_4/upsampled/Dog_Elastic_hard_upsampled.csv,1890,"Gripping mechanism rotating item, by an angle of 45.0 degrees, using intense pressure, causing hard-deformation, with unchanging force."
/home/mdxuser/Genesis/main/data/picked_up_4/upsampled/Dog_Elastic_hard_upsampled.csv,2160,"Gripper pausing motion of target object, maintaining a stable hold, using strong force, causing strong-resistance."
/home/mdxuser/Genesis/main/data/picked_up_4/upsampled/Dog_Elastic_hard_upsampled.csv,2430,"Gripper continue maintaining hold of item, maintaining a stable hold, using heavy force, causing substantial-yielding."
/home/mdxuser/Genesis/main/data/picked_up_4/upsampled/Dog_Elastic_hard_upsampled.csv,2700,"Gripper slowing down motion of item, using zero-pressure, causing shape-conservation."
/home/mdxuser/Genesis/main/data/picked_up_4/upsampled/Melissa_Doug_Pound_and_Roll_Elastic_soft_upsampled.csv,0,"Gripper aligning towards the object, to begin the task."
/home/mdxuser/Genesis/main/data/picked_up_4/upsampled/Melissa_Doug_Pound_and_Roll_Elastic_soft_upsampled.csv,270,"Gripper grasping the object, using cushioned pressure, causing minimal-resistance, with increasing force."
/home/mdxuser/Genesis/main/data/picked_up_4/upsampled/Melissa_Doug_Pound_and_Roll_Elastic_soft_upsampled.csv,540,"Gripper continue capturing the object, using soft contact, causing soft-deformation, with increasing force."
/home/mdxuser/Genesis/main/data/picked_up_4/upsampled/Melissa_Doug_Pound_and_Roll_Elastic_soft_upsampled.csv,810,"Gripping mechanism raising target object, using slight force, causing lightly-yielding, with growing pressure."
/home/mdxuser/Genesis/main/data/picked_up_4/upsampled/Melissa_Doug_Pound_and_Roll_Elastic_soft_upsampled.csv,1080,"End-effector twisting target object, by an angle of 30.0 degrees, using minimal force, causing soft-deformation, with unchanging force."
/home/mdxuser/Genesis/main/data/picked_up_4/upsampled/Melissa_Doug_Pound_and_Roll_Elastic_soft_upsampled.csv,1350,"Gripper continue twisting the object, by an angle of 30.0 degrees, using cushioned pressure, causing cushioned-contact, with steady pressure."
/home/mdxuser/Genesis/main/data/picked_up_4/upsampled/Melissa_Doug_Pound_and_Roll_Elastic_soft_upsampled.csv,1620,"Gripping mechanism maintaining hold of item, maintaining a stable hold, using gentle force, causing lightly-yielding."
/home/mdxuser/Genesis/main/data/picked_up_4/upsampled/Melissa_Doug_Pound_and_Roll_Elastic_soft_upsampled.csv,1890,"Gripping mechanism twisting target object, by an angle of 30.0 degrees, using cushioned pressure, causing minimal-resistance, with steady pressure."
/home/mdxuser/Genesis/main/data/picked_up_4/upsampled/Melissa_Doug_Pound_and_Roll_Elastic_soft_upsampled.csv,2160,"Gripper continue twisting the object, by an angle of 30.0 degrees, using slight force, causing lightly-yielding, with constant force."
/home/mdxuser/Genesis/main/data/picked_up_4/upsampled/Melissa_Doug_Pound_and_Roll_Elastic_soft_upsampled.csv,2430,The object has been released.
/home/mdxuser/Genesis/main/data/picked_up_4/upsampled/Melissa_Doug_Pound_and_Roll_Elastic_soft_upsampled.csv,2700,The object has been dropped.
/home/mdxuser/Genesis/main/data/picked_up_4/upsampled/CoQ10_wSSVoxVppVD_Elastic_hard_upsampled.csv,0,"Fingers reaching towards target object, to begin the task."
/home/mdxuser/Genesis/main/data/picked_up_4/upsampled/CoQ10_wSSVoxVppVD_Elastic_hard_upsampled.csv,270,"End-effector clasping item, using heavy force, causing hard-deformation, with rising force."
/home/mdxuser/Genesis/main/data/picked_up_4/upsampled/CoQ10_wSSVoxVppVD_Elastic_hard_upsampled.csv,540,"Gripper continue pinching item, using significant force, causing strong-resistance, with increasing force."
/home/mdxuser/Genesis/main/data/picked_up_4/upsampled/CoQ10_wSSVoxVppVD_Elastic_hard_upsampled.csv,810,"Fingers picking up the object, using strong contact, causing substantial-yielding, with growing pressure."
/home/mdxuser/Genesis/main/data/picked_up_4/upsampled/CoQ10_wSSVoxVppVD_Elastic_hard_upsampled.csv,1080,"Fingers rotating the object, by an angle of 45.0 degrees, using firm pressure, causing strong-resistance, with unchanging force."
/home/mdxuser/Genesis/main/data/picked_up_4/upsampled/CoQ10_wSSVoxVppVD_Elastic_hard_upsampled.csv,1350,"Gripping mechanism steadying target object, maintaining a stable hold, using strong force, causing rigid-contact."
/home/mdxuser/Genesis/main/data/picked_up_4/upsampled/CoQ10_wSSVoxVppVD_Elastic_hard_upsampled.csv,1620,"End-effector continue steadying item, maintaining a stable hold, using strong force, causing strong-resistance."
/home/mdxuser/Genesis/main/data/picked_up_4/upsampled/CoQ10_wSSVoxVppVD_Elastic_hard_upsampled.csv,1890,"End-effector rotating the object, by an angle of 30.0 degrees, using significant force, causing hard-deformation, with constant force."
/home/mdxuser/Genesis/main/data/picked_up_4/upsampled/CoQ10_wSSVoxVppVD_Elastic_hard_upsampled.csv,2160,"Gripper continue twisting item, by an angle of 30.0 degrees, using intense pressure, causing hard-deformation, with unchanging force."
/home/mdxuser/Genesis/main/data/picked_up_4/upsampled/CoQ10_wSSVoxVppVD_Elastic_hard_upsampled.csv,2430,"Gripping mechanism steadying the object, maintaining a stable hold, using strong force, causing substantial-yielding."
/home/mdxuser/Genesis/main/data/picked_up_4/upsampled/CoQ10_wSSVoxVppVD_Elastic_hard_upsampled.csv,2700,"Fingers slowing down motion of target object, using forceless methods, causing maintaining shape."
/home/mdxuser/Genesis/main/data/picked_up_4/upsampled/CREATIVE_BLOCKS_35_MM_Elastic_soft_upsampled.csv,0,"Fingers preparing towards target object, to begin the task."
/home/mdxuser/Genesis/main/data/picked_up_4/upsampled/CREATIVE_BLOCKS_35_MM_Elastic_soft_upsampled.csv,270,"Gripping mechanism holding item, using slight force, causing soft-deformation, with growing pressure."
/home/mdxuser/Genesis/main/data/picked_up_4/upsampled/CREATIVE_BLOCKS_35_MM_Elastic_soft_upsampled.csv,540,"Gripper continue grasping the object, using minimal force, causing minimal-resistance, with increasing force."
/home/mdxuser/Genesis/main/data/picked_up_4/upsampled/CREATIVE_BLOCKS_35_MM_Elastic_soft_upsampled.csv,810,"Fingers elevating the object, using slight force, causing lightly-yielding, with rising force."
/home/mdxuser/Genesis/main/data/picked_up_4/upsampled/CREATIVE_BLOCKS_35_MM_Elastic_soft_upsampled.csv,1080,"End-effector rotating target object, by an angle of 45.0 degrees, using slight force, causing soft-deformation, with constant force."
/home/mdxuser/Genesis/main/data/picked_up_4/upsampled/CREATIVE_BLOCKS_35_MM_Elastic_soft_upsampled.csv,1350,Item has been dropped.
/home/mdxuser/Genesis/main/data/picked_up_4/upsampled/CREATIVE_BLOCKS_35_MM_Elastic_soft_upsampled.csv,1620,Target object has been let go of.
/home/mdxuser/Genesis/main/data/picked_up_4/upsampled/CREATIVE_BLOCKS_35_MM_Elastic_soft_upsampled.csv,1890,Item has been let go of.
/home/mdxuser/Genesis/main/data/picked_up_4/upsampled/CREATIVE_BLOCKS_35_MM_Elastic_soft_upsampled.csv,2160,Item has been dropped.
/home/mdxuser/Genesis/main/data/picked_up_4/upsampled/CREATIVE_BLOCKS_35_MM_Elastic_soft_upsampled.csv,2430,Item has been let go of.
/home/mdxuser/Genesis/main/data/picked_up_4/upsampled/CREATIVE_BLOCKS_35_MM_Elastic_soft_upsampled.csv,2700,Target object has been let go of.
/home/mdxuser/Genesis/main/data/picked_up_4/upsampled/COAST_GUARD_BOAT_Elastic_medium_upsampled.csv,0,"Gripper advancing towards target object, to begin the task."
/home/mdxuser/Genesis/main/data/picked_up_4/upsampled/COAST_GUARD_BOAT_Elastic_medium_upsampled.csv,270,"Gripper squeezing item, using firm contact, causing balanced-yielding, with rising force."
/home/mdxuser/Genesis/main/data/picked_up_4/upsampled/COAST_GUARD_BOAT_Elastic_medium_upsampled.csv,540,"Gripper continue clamping target object, using moderate force, causing controlled-yielding, with increasing force."
/home/mdxuser/Genesis/main/data/picked_up_4/upsampled/COAST_GUARD_BOAT_Elastic_medium_upsampled.csv,810,"Fingers elevating item, using moderate force, causing moderate-compression, with growing pressure."
/home/mdxuser/Genesis/main/data/picked_up_4/upsampled/COAST_GUARD_BOAT_Elastic_medium_upsampled.csv,1080,"Gripping mechanism twisting the object, by an angle of 45.0 degrees, using moderate force, causing medium-deformation, with constant force."
/home/mdxuser/Genesis/main/data/picked_up_4/upsampled/COAST_GUARD_BOAT_Elastic_medium_upsampled.csv,1350,"Gripper continue turning the object, by an angle of 45.0 degrees, using firm contact, causing controlled-yielding, with steady pressure."
/home/mdxuser/Genesis/main/data/picked_up_4/upsampled/COAST_GUARD_BOAT_Elastic_medium_upsampled.csv,1620,The object has been dropped.
/home/mdxuser/Genesis/main/data/picked_up_4/upsampled/COAST_GUARD_BOAT_Elastic_medium_upsampled.csv,1890,The object has been released.
/home/mdxuser/Genesis/main/data/picked_up_4/upsampled/COAST_GUARD_BOAT_Elastic_medium_upsampled.csv,2160,Target object has been let go of.
/home/mdxuser/Genesis/main/data/picked_up_4/upsampled/COAST_GUARD_BOAT_Elastic_medium_upsampled.csv,2430,Target object has been let go of.
/home/mdxuser/Genesis/main/data/picked_up_4/upsampled/COAST_GUARD_BOAT_Elastic_medium_upsampled.csv,2700,The object has been released.
/home/mdxuser/Genesis/main/data/picked_up_4/upsampled/ASICS_GELLinksmaster_WhiteSilverCarolina_Blue_Elastic_medium_upsampled.csv,0,"End-effector starting movement towards the object, to begin the task."
/home/mdxuser/Genesis/main/data/picked_up_4/upsampled/ASICS_GELLinksmaster_WhiteSilverCarolina_Blue_Elastic_medium_upsampled.csv,270,"Gripper capturing the object, using steady force, causing balanced-yielding, with growing pressure."
/home/mdxuser/Genesis/main/data/picked_up_4/upsampled/ASICS_GELLinksmaster_WhiteSilverCarolina_Blue_Elastic_medium_upsampled.csv,540,"Gripping mechanism continue squeezing target object, using controlled pressure, causing moderate-compression, with increasing force."
/home/mdxuser/Genesis/main/data/picked_up_4/upsampled/ASICS_GELLinksmaster_WhiteSilverCarolina_Blue_Elastic_medium_upsampled.csv,810,"Gripping mechanism elevating the object, using steady force, causing firm-contact, with growing pressure."
/home/mdxuser/Genesis/main/data/picked_up_4/upsampled/ASICS_GELLinksmaster_WhiteSilverCarolina_Blue_Elastic_medium_upsampled.csv,1080,"Gripper turning item, by an angle of 45.0 degrees, using controlled pressure, causing balanced-yielding, with unchanging force."
/home/mdxuser/Genesis/main/data/picked_up_4/upsampled/ASICS_GELLinksmaster_WhiteSilverCarolina_Blue_Elastic_medium_upsampled.csv,1350,"End-effector continue twisting target object, by an angle of 45.0 degrees, using steady force, causing balanced-yielding, with unchanging force."
/home/mdxuser/Genesis/main/data/picked_up_4/upsampled/ASICS_GELLinksmaster_WhiteSilverCarolina_Blue_Elastic_medium_upsampled.csv,1620,Item has been let go of.
/home/mdxuser/Genesis/main/data/picked_up_4/upsampled/ASICS_GELLinksmaster_WhiteSilverCarolina_Blue_Elastic_medium_upsampled.csv,1890,Target object has been let go of.
/home/mdxuser/Genesis/main/data/picked_up_4/upsampled/ASICS_GELLinksmaster_WhiteSilverCarolina_Blue_Elastic_medium_upsampled.csv,2160,The object has been released.
/home/mdxuser/Genesis/main/data/picked_up_4/upsampled/ASICS_GELLinksmaster_WhiteSilverCarolina_Blue_Elastic_medium_upsampled.csv,2430,Target object has been dropped.
/home/mdxuser/Genesis/main/data/picked_up_4/upsampled/ASICS_GELLinksmaster_WhiteSilverCarolina_Blue_Elastic_medium_upsampled.csv,2700,The object has been dropped.
/home/mdxuser/Genesis/main/data/picked_up_4/upsampled/Nickelodeon_Teenage_Mutant_Ninja_Turtles_Raphael_Elastic_soft_upsampled.csv,0,"Gripping mechanism positioning towards the object, to begin the task."
/home/mdxuser/Genesis/main/data/picked_up_4/upsampled/Nickelodeon_Teenage_Mutant_Ninja_Turtles_Raphael_Elastic_soft_upsampled.csv,270,"Gripping mechanism clamping target object, using light pressure, causing gentle-compression, with rising force."
/home/mdxuser/Genesis/main/data/picked_up_4/upsampled/Nickelodeon_Teenage_Mutant_Ninja_Turtles_Raphael_Elastic_soft_upsampled.csv,540,"Gripper continue grasping item, using cushioned pressure, causing cushioned-contact, with increasing force."
/home/mdxuser/Genesis/main/data/picked_up_4/upsampled/Nickelodeon_Teenage_Mutant_Ninja_Turtles_Raphael_Elastic_soft_upsampled.csv,810,"Fingers lifting the object, using slight force, causing slight-yielding, with growing pressure."
/home/mdxuser/Genesis/main/data/picked_up_4/upsampled/Nickelodeon_Teenage_Mutant_Ninja_Turtles_Raphael_Elastic_soft_upsampled.csv,1080,"Gripper twisting target object, by an angle of 45.0 degrees, using minimal force, causing soft-deformation, with steady pressure."
/home/mdxuser/Genesis/main/data/picked_up_4/upsampled/Nickelodeon_Teenage_Mutant_Ninja_Turtles_Raphael_Elastic_soft_upsampled.csv,1350,"Gripping mechanism steadying the object, maintaining a stable hold, using gentle force, causing lightly-yielding."
/home/mdxuser/Genesis/main/data/picked_up_4/upsampled/Nickelodeon_Teenage_Mutant_Ninja_Turtles_Raphael_Elastic_soft_upsampled.csv,1620,"End-effector continue steadying the object, maintaining a stable hold, using slight force, causing minimal-resistance."
/home/mdxuser/Genesis/main/data/picked_up_4/upsampled/Nickelodeon_Teenage_Mutant_Ninja_Turtles_Raphael_Elastic_soft_upsampled.csv,1890,"Gripping mechanism rotating the object, by an angle of 45.0 degrees, using minimal force, causing minimal-resistance, with constant force."
/home/mdxuser/Genesis/main/data/picked_up_4/upsampled/Nickelodeon_Teenage_Mutant_Ninja_Turtles_Raphael_Elastic_soft_upsampled.csv,2160,"End-effector continue twisting item, by an angle of 45.0 degrees, using gentle force, causing minimal-resistance, with unchanging force."
/home/mdxuser/Genesis/main/data/picked_up_4/upsampled/Nickelodeon_Teenage_Mutant_Ninja_Turtles_Raphael_Elastic_soft_upsampled.csv,2430,The object has been let go of.
/home/mdxuser/Genesis/main/data/picked_up_4/upsampled/Nickelodeon_Teenage_Mutant_Ninja_Turtles_Raphael_Elastic_soft_upsampled.csv,2700,Target object has been let go of.
/home/mdxuser/Genesis/main/data/picked_up_4/upsampled/Office_Depot_Canon_CLI_8Y_Ink_Cartridge_Yellow_0623B002_Elastic_soft_upsampled.csv,0,"Gripping mechanism positioning towards item, to begin the task."
/home/mdxuser/Genesis/main/data/picked_up_4/upsampled/Office_Depot_Canon_CLI_8Y_Ink_Cartridge_Yellow_0623B002_Elastic_soft_upsampled.csv,270,"Gripping mechanism grasping the object, using soft contact, causing soft-deformation, with growing pressure."
/home/mdxuser/Genesis/main/data/picked_up_4/upsampled/Office_Depot_Canon_CLI_8Y_Ink_Cartridge_Yellow_0623B002_Elastic_soft_upsampled.csv,540,"Fingers continue grasping the object, using subtle force, causing gentle-compression, with increasing force."
/home/mdxuser/Genesis/main/data/picked_up_4/upsampled/Office_Depot_Canon_CLI_8Y_Ink_Cartridge_Yellow_0623B002_Elastic_soft_upsampled.csv,810,"End-effector elevating target object, using light pressure, causing slight-yielding, with increasing force."
/home/mdxuser/Genesis/main/data/picked_up_4/upsampled/Office_Depot_Canon_CLI_8Y_Ink_Cartridge_Yellow_0623B002_Elastic_soft_upsampled.csv,1080,"Gripping mechanism twisting item, by an angle of 30.0 degrees, using subtle force, causing soft-deformation, with unchanging force."
/home/mdxuser/Genesis/main/data/picked_up_4/upsampled/Office_Depot_Canon_CLI_8Y_Ink_Cartridge_Yellow_0623B002_Elastic_soft_upsampled.csv,1350,"Gripper continue rotating item, by an angle of 30.0 degrees, using slight force, causing cushioned-contact, with unchanging force."
/home/mdxuser/Genesis/main/data/picked_up_4/upsampled/Office_Depot_Canon_CLI_8Y_Ink_Cartridge_Yellow_0623B002_Elastic_soft_upsampled.csv,1620,"End-effector pausing motion of item, maintaining a stable hold, using light pressure, causing gentle-compression."
/home/mdxuser/Genesis/main/data/picked_up_4/upsampled/Office_Depot_Canon_CLI_8Y_Ink_Cartridge_Yellow_0623B002_Elastic_soft_upsampled.csv,1890,"End-effector rotating item, by an angle of 45.0 degrees, using soft contact, causing soft-deformation, with steady pressure."
/home/mdxuser/Genesis/main/data/picked_up_4/upsampled/Office_Depot_Canon_CLI_8Y_Ink_Cartridge_Yellow_0623B002_Elastic_soft_upsampled.csv,2160,"Fingers continue twisting target object, by an angle of 45.0 degrees, using cushioned pressure, causing slight-yielding, with constant force."
/home/mdxuser/Genesis/main/data/picked_up_4/upsampled/Office_Depot_Canon_CLI_8Y_Ink_Cartridge_Yellow_0623B002_Elastic_soft_upsampled.csv,2430,"Fingers pausing motion of target object, maintaining a stable hold, using cushioned pressure, causing gentle-compression."
/home/mdxuser/Genesis/main/data/picked_up_4/upsampled/Office_Depot_Canon_CLI_8Y_Ink_Cartridge_Yellow_0623B002_Elastic_soft_upsampled.csv,2700,Item has been dropped.
/home/mdxuser/Genesis/main/data/picked_up_4/upsampled/Big_Dot_Pink_Pencil_Case_Elastic_soft_upsampled.csv,0,"Gripping mechanism advancing towards the object, to begin the task."
/home/mdxuser/Genesis/main/data/picked_up_4/upsampled/Big_Dot_Pink_Pencil_Case_Elastic_soft_upsampled.csv,270,"Fingers squeezing the object, using cushioned pressure, causing slight-yielding, with rising force."
/home/mdxuser/Genesis/main/data/picked_up_4/upsampled/Big_Dot_Pink_Pencil_Case_Elastic_soft_upsampled.csv,540,"Fingers continue holding target object, using gentle force, causing soft-deformation, with increasing force."
/home/mdxuser/Genesis/main/data/picked_up_4/upsampled/Big_Dot_Pink_Pencil_Case_Elastic_soft_upsampled.csv,810,"Fingers lifting item, using subtle force, causing gentle-compression, with rising force."
/home/mdxuser/Genesis/main/data/picked_up_4/upsampled/Big_Dot_Pink_Pencil_Case_Elastic_soft_upsampled.csv,1080,"Gripping mechanism twisting target object, by an angle of 45.0 degrees, using minimal force, causing slight-yielding, with unchanging force."
/home/mdxuser/Genesis/main/data/picked_up_4/upsampled/Big_Dot_Pink_Pencil_Case_Elastic_soft_upsampled.csv,1350,"Fingers maintaining hold of the object, maintaining a stable hold, using light pressure, causing soft-deformation."
/home/mdxuser/Genesis/main/data/picked_up_4/upsampled/Big_Dot_Pink_Pencil_Case_Elastic_soft_upsampled.csv,1620,"Fingers continue steadying target object, maintaining a stable hold, using gentle force, causing gentle-compression."
/home/mdxuser/Genesis/main/data/picked_up_4/upsampled/Big_Dot_Pink_Pencil_Case_Elastic_soft_upsampled.csv,1890,"Gripper turning target object, by an angle of 45.0 degrees, using soft contact, causing gentle-compression, with steady pressure."
/home/mdxuser/Genesis/main/data/picked_up_4/upsampled/Big_Dot_Pink_Pencil_Case_Elastic_soft_upsampled.csv,2160,"End-effector continue twisting the object, by an angle of 45.0 degrees, using minimal force, causing cushioned-contact, with unchanging force."
/home/mdxuser/Genesis/main/data/picked_up_4/upsampled/Big_Dot_Pink_Pencil_Case_Elastic_soft_upsampled.csv,2430,"Gripper maintaining hold of the object, maintaining a stable hold, using minimal force, causing minimal-resistance."
/home/mdxuser/Genesis/main/data/picked_up_4/upsampled/Big_Dot_Pink_Pencil_Case_Elastic_soft_upsampled.csv,2700,"Fingers slowing down motion of target object, using forceless methods, causing form-conservation."
/home/mdxuser/Genesis/main/data/picked_up_4/upsampled/ASICS_GELChallenger_9_Royal_BlueWhiteBlack_Elastic_soft_upsampled.csv,0,"Gripper starting movement towards item, to begin the task."
/home/mdxuser/Genesis/main/data/picked_up_4/upsampled/ASICS_GELChallenger_9_Royal_BlueWhiteBlack_Elastic_soft_upsampled.csv,270,"Fingers capturing target object, using subtle force, causing lightly-yielding, with rising force."
/home/mdxuser/Genesis/main/data/picked_up_4/upsampled/ASICS_GELChallenger_9_Royal_BlueWhiteBlack_Elastic_soft_upsampled.csv,540,"Gripper continue clamping the object, using slight force, causing slight-yielding, with increasing force."
/home/mdxuser/Genesis/main/data/picked_up_4/upsampled/ASICS_GELChallenger_9_Royal_BlueWhiteBlack_Elastic_soft_upsampled.csv,810,"End-effector lifting item, using slight force, causing soft-deformation, with increasing force."
/home/mdxuser/Genesis/main/data/picked_up_4/upsampled/ASICS_GELChallenger_9_Royal_BlueWhiteBlack_Elastic_soft_upsampled.csv,1080,"Gripping mechanism twisting target object, by an angle of 45.0 degrees, using minimal force, causing soft-deformation, with constant force."
/home/mdxuser/Genesis/main/data/picked_up_4/upsampled/ASICS_GELChallenger_9_Royal_BlueWhiteBlack_Elastic_soft_upsampled.csv,1350,"Gripping mechanism maintaining hold of item, maintaining a stable hold, using light pressure, causing soft-deformation."
/home/mdxuser/Genesis/main/data/picked_up_4/upsampled/ASICS_GELChallenger_9_Royal_BlueWhiteBlack_Elastic_soft_upsampled.csv,1620,"Gripping mechanism continue holding position of item, maintaining a stable hold, using minimal force, causing soft-deformation."
/home/mdxuser/Genesis/main/data/picked_up_4/upsampled/ASICS_GELChallenger_9_Royal_BlueWhiteBlack_Elastic_soft_upsampled.csv,1890,Target object has been dropped.
/home/mdxuser/Genesis/main/data/picked_up_4/upsampled/ASICS_GELChallenger_9_Royal_BlueWhiteBlack_Elastic_soft_upsampled.csv,2160,The object has been dropped.
/home/mdxuser/Genesis/main/data/picked_up_4/upsampled/ASICS_GELChallenger_9_Royal_BlueWhiteBlack_Elastic_soft_upsampled.csv,2430,Target object has been released.
/home/mdxuser/Genesis/main/data/picked_up_4/upsampled/ASICS_GELChallenger_9_Royal_BlueWhiteBlack_Elastic_soft_upsampled.csv,2700,Target object has been let go of.
/home/mdxuser/Genesis/main/data/picked_up_4/upsampled/Little_Debbie_Donut_Sticks_6_cake_donuts_10_oz_total_Elastic_hard_upsampled.csv,0,"Gripper approaching towards the object, to begin the task."
/home/mdxuser/Genesis/main/data/picked_up_4/upsampled/Little_Debbie_Donut_Sticks_6_cake_donuts_10_oz_total_Elastic_hard_upsampled.csv,270,"Gripping mechanism holding target object, using intense pressure, causing firm-yielding, with growing pressure."
/home/mdxuser/Genesis/main/data/picked_up_4/upsampled/Little_Debbie_Donut_Sticks_6_cake_donuts_10_oz_total_Elastic_hard_upsampled.csv,540,"End-effector continue grasping target object, using significant force, causing firm-yielding, with rising force."
/home/mdxuser/Genesis/main/data/picked_up_4/upsampled/Little_Debbie_Donut_Sticks_6_cake_donuts_10_oz_total_Elastic_hard_upsampled.csv,810,"End-effector elevating the object, using intense pressure, causing hard-deformation, with rising force."
/home/mdxuser/Genesis/main/data/picked_up_4/upsampled/Little_Debbie_Donut_Sticks_6_cake_donuts_10_oz_total_Elastic_hard_upsampled.csv,1080,"Gripping mechanism twisting the object, by an angle of 45.0 degrees, using intense pressure, causing rigid-contact, with steady pressure."
/home/mdxuser/Genesis/main/data/picked_up_4/upsampled/Little_Debbie_Donut_Sticks_6_cake_donuts_10_oz_total_Elastic_hard_upsampled.csv,1350,"End-effector continue twisting target object, by an angle of 45.0 degrees, using strong force, causing substantial-yielding, with steady pressure."
/home/mdxuser/Genesis/main/data/picked_up_4/upsampled/Little_Debbie_Donut_Sticks_6_cake_donuts_10_oz_total_Elastic_hard_upsampled.csv,1620,Item has been dropped.
/home/mdxuser/Genesis/main/data/picked_up_4/upsampled/Little_Debbie_Donut_Sticks_6_cake_donuts_10_oz_total_Elastic_hard_upsampled.csv,1890,The object has been released.
/home/mdxuser/Genesis/main/data/picked_up_4/upsampled/Little_Debbie_Donut_Sticks_6_cake_donuts_10_oz_total_Elastic_hard_upsampled.csv,2160,Target object has been dropped.
/home/mdxuser/Genesis/main/data/picked_up_4/upsampled/Little_Debbie_Donut_Sticks_6_cake_donuts_10_oz_total_Elastic_hard_upsampled.csv,2430,Item has been let go of.
/home/mdxuser/Genesis/main/data/picked_up_4/upsampled/Little_Debbie_Donut_Sticks_6_cake_donuts_10_oz_total_Elastic_hard_upsampled.csv,2700,Item has been dropped.
/home/mdxuser/Genesis/main/data/picked_up_4/upsampled/ASICS_GELBlur33_20_GS_Flash_YellowHot_PunchSilver_Elastic_hard_upsampled.csv,0,"Gripper reaching towards item, to begin the task."
/home/mdxuser/Genesis/main/data/picked_up_4/upsampled/ASICS_GELBlur33_20_GS_Flash_YellowHot_PunchSilver_Elastic_hard_upsampled.csv,270,"Gripping mechanism grasping the object, using intense pressure, causing firm-yielding, with increasing force."
/home/mdxuser/Genesis/main/data/picked_up_4/upsampled/ASICS_GELBlur33_20_GS_Flash_YellowHot_PunchSilver_Elastic_hard_upsampled.csv,540,"Gripping mechanism continue squeezing the object, using intense pressure, causing rigid-contact, with rising force."
/home/mdxuser/Genesis/main/data/picked_up_4/upsampled/ASICS_GELBlur33_20_GS_Flash_YellowHot_PunchSilver_Elastic_hard_upsampled.csv,810,"End-effector elevating item, using strong contact, causing hard-deformation, with rising force."
/home/mdxuser/Genesis/main/data/picked_up_4/upsampled/ASICS_GELBlur33_20_GS_Flash_YellowHot_PunchSilver_Elastic_hard_upsampled.csv,1080,"Fingers turning target object, by an angle of 45.0 degrees, using firm pressure, causing substantial-yielding, with steady pressure."
/home/mdxuser/Genesis/main/data/picked_up_4/upsampled/ASICS_GELBlur33_20_GS_Flash_YellowHot_PunchSilver_Elastic_hard_upsampled.csv,1350,"Gripper continue turning the object, by an angle of 45.0 degrees, using firm pressure, causing strong-resistance, with constant force."
/home/mdxuser/Genesis/main/data/picked_up_4/upsampled/ASICS_GELBlur33_20_GS_Flash_YellowHot_PunchSilver_Elastic_hard_upsampled.csv,1620,"End-effector steadying item, maintaining a stable hold, using strong force, causing substantial-yielding."
/home/mdxuser/Genesis/main/data/picked_up_4/upsampled/ASICS_GELBlur33_20_GS_Flash_YellowHot_PunchSilver_Elastic_hard_upsampled.csv,1890,Target object has been dropped.
/home/mdxuser/Genesis/main/data/picked_up_4/upsampled/ASICS_GELBlur33_20_GS_Flash_YellowHot_PunchSilver_Elastic_hard_upsampled.csv,2160,Target object has been dropped.
/home/mdxuser/Genesis/main/data/picked_up_4/upsampled/ASICS_GELBlur33_20_GS_Flash_YellowHot_PunchSilver_Elastic_hard_upsampled.csv,2430,Item has been dropped.
/home/mdxuser/Genesis/main/data/picked_up_4/upsampled/ASICS_GELBlur33_20_GS_Flash_YellowHot_PunchSilver_Elastic_hard_upsampled.csv,2700,Target object has been dropped.
/home/mdxuser/Genesis/main/data/picked_up_4/upsampled/Crayola_Model_Magic_Modeling_Material_White_3_oz_Elastic_hard_upsampled.csv,0,"Fingers positioning towards the object, to begin the task."
/home/mdxuser/Genesis/main/data/picked_up_4/upsampled/Crayola_Model_Magic_Modeling_Material_White_3_oz_Elastic_hard_upsampled.csv,270,"Gripper clasping item, using intense pressure, causing hard-deformation, with rising force."
/home/mdxuser/Genesis/main/data/picked_up_4/upsampled/Crayola_Model_Magic_Modeling_Material_White_3_oz_Elastic_hard_upsampled.csv,540,"Gripper continue clasping item, using strong force, causing significant-compression, with rising force."
/home/mdxuser/Genesis/main/data/picked_up_4/upsampled/Crayola_Model_Magic_Modeling_Material_White_3_oz_Elastic_hard_upsampled.csv,810,"Gripper elevating the object, using intense pressure, causing significant-compression, with increasing force."
/home/mdxuser/Genesis/main/data/picked_up_4/upsampled/Crayola_Model_Magic_Modeling_Material_White_3_oz_Elastic_hard_upsampled.csv,1080,"End-effector twisting target object, by an angle of 45.0 degrees, using intense pressure, causing rigid-contact, with constant force."
/home/mdxuser/Genesis/main/data/picked_up_4/upsampled/Crayola_Model_Magic_Modeling_Material_White_3_oz_Elastic_hard_upsampled.csv,1350,"Fingers continue rotating item, by an angle of 45.0 degrees, using strong contact, causing strong-resistance, with unchanging force."
/home/mdxuser/Genesis/main/data/picked_up_4/upsampled/Crayola_Model_Magic_Modeling_Material_White_3_oz_Elastic_hard_upsampled.csv,1620,Target object has been dropped.
/home/mdxuser/Genesis/main/data/picked_up_4/upsampled/Crayola_Model_Magic_Modeling_Material_White_3_oz_Elastic_hard_upsampled.csv,1890,Item has been let go of.
/home/mdxuser/Genesis/main/data/picked_up_4/upsampled/Crayola_Model_Magic_Modeling_Material_White_3_oz_Elastic_hard_upsampled.csv,2160,Target object has been let go of.
/home/mdxuser/Genesis/main/data/picked_up_4/upsampled/Crayola_Model_Magic_Modeling_Material_White_3_oz_Elastic_hard_upsampled.csv,2430,The object has been let go of.
/home/mdxuser/Genesis/main/data/picked_up_4/upsampled/Crayola_Model_Magic_Modeling_Material_White_3_oz_Elastic_hard_upsampled.csv,2700,The object has been dropped.
/home/mdxuser/Genesis/main/data/picked_up_4/upsampled/JarroDophilusFOS_Value_Size_Elastic_medium_upsampled.csv,0,"Gripping mechanism approaching towards the object, to begin the task."
/home/mdxuser/Genesis/main/data/picked_up_4/upsampled/JarroDophilusFOS_Value_Size_Elastic_medium_upsampled.csv,270,"Fingers pinching target object, using balanced pressure, causing controlled-yielding, with growing pressure."
/home/mdxuser/Genesis/main/data/picked_up_4/upsampled/JarroDophilusFOS_Value_Size_Elastic_medium_upsampled.csv,540,"Fingers continue pinching item, using controlled pressure, causing medium-deformation, with rising force."
/home/mdxuser/Genesis/main/data/picked_up_4/upsampled/JarroDophilusFOS_Value_Size_Elastic_medium_upsampled.csv,810,"End-effector picking up target object, using moderate force, causing steady-resistance, with increasing force."
/home/mdxuser/Genesis/main/data/picked_up_4/upsampled/JarroDophilusFOS_Value_Size_Elastic_medium_upsampled.csv,1080,"End-effector turning target object, by an angle of 45.0 degrees, using balanced pressure, causing balanced-yielding, with steady pressure."
/home/mdxuser/Genesis/main/data/picked_up_4/upsampled/JarroDophilusFOS_Value_Size_Elastic_medium_upsampled.csv,1350,"End-effector pausing motion of the object, maintaining a stable hold, using balanced pressure, causing controlled-yielding."
/home/mdxuser/Genesis/main/data/picked_up_4/upsampled/JarroDophilusFOS_Value_Size_Elastic_medium_upsampled.csv,1620,"End-effector continue pausing motion of item, maintaining a stable hold, using controlled pressure, causing moderate-compression."
/home/mdxuser/Genesis/main/data/picked_up_4/upsampled/JarroDophilusFOS_Value_Size_Elastic_medium_upsampled.csv,1890,"End-effector twisting the object, by an angle of 30.0 degrees, using balanced pressure, causing firm-contact, with unchanging force."
/home/mdxuser/Genesis/main/data/picked_up_4/upsampled/JarroDophilusFOS_Value_Size_Elastic_medium_upsampled.csv,2160,"End-effector continue rotating target object, by an angle of 30.0 degrees, using firm contact, causing steady-resistance, with unchanging force."
/home/mdxuser/Genesis/main/data/picked_up_4/upsampled/JarroDophilusFOS_Value_Size_Elastic_medium_upsampled.csv,2430,"Gripping mechanism steadying target object, maintaining a stable hold, using moderate force, causing controlled-yielding."
/home/mdxuser/Genesis/main/data/picked_up_4/upsampled/JarroDophilusFOS_Value_Size_Elastic_medium_upsampled.csv,2700,"Fingers coming to rest with target object, using zero-force, causing undeformed shape."
/home/mdxuser/Genesis/main/data/picked_up_4/upsampled/Asus_Z97IPLUS_Motherboard_Mini_ITX_LGA1150_Socket_Elastic_hard_upsampled.csv,0,"End-effector reaching towards item, to begin the task."
/home/mdxuser/Genesis/main/data/picked_up_4/upsampled/Asus_Z97IPLUS_Motherboard_Mini_ITX_LGA1150_Socket_Elastic_hard_upsampled.csv,270,"Fingers gripping item, using strong force, causing hard-deformation, with increasing force."
/home/mdxuser/Genesis/main/data/picked_up_4/upsampled/Asus_Z97IPLUS_Motherboard_Mini_ITX_LGA1150_Socket_Elastic_hard_upsampled.csv,540,"End-effector continue squeezing target object, using strong force, causing hard-deformation, with growing pressure."
/home/mdxuser/Genesis/main/data/picked_up_4/upsampled/Asus_Z97IPLUS_Motherboard_Mini_ITX_LGA1150_Socket_Elastic_hard_upsampled.csv,810,"End-effector elevating item, using firm pressure, causing significant-compression, with rising force."
/home/mdxuser/Genesis/main/data/picked_up_4/upsampled/Asus_Z97IPLUS_Motherboard_Mini_ITX_LGA1150_Socket_Elastic_hard_upsampled.csv,1080,"Gripping mechanism turning item, by an angle of 45.0 degrees, using strong contact, causing significant-compression, with unchanging force."
/home/mdxuser/Genesis/main/data/picked_up_4/upsampled/Asus_Z97IPLUS_Motherboard_Mini_ITX_LGA1150_Socket_Elastic_hard_upsampled.csv,1350,"Gripping mechanism holding position of target object, maintaining a stable hold, using strong contact, causing hard-deformation."
/home/mdxuser/Genesis/main/data/picked_up_4/upsampled/Asus_Z97IPLUS_Motherboard_Mini_ITX_LGA1150_Socket_Elastic_hard_upsampled.csv,1620,"Gripping mechanism continue holding position of item, maintaining a stable hold, using significant force, causing substantial-yielding."
/home/mdxuser/Genesis/main/data/picked_up_4/upsampled/Asus_Z97IPLUS_Motherboard_Mini_ITX_LGA1150_Socket_Elastic_hard_upsampled.csv,1890,"Fingers twisting item, by an angle of 30.0 degrees, using strong contact, causing firm-yielding, with unchanging force."
/home/mdxuser/Genesis/main/data/picked_up_4/upsampled/Asus_Z97IPLUS_Motherboard_Mini_ITX_LGA1150_Socket_Elastic_hard_upsampled.csv,2160,"End-effector continue turning target object, by an angle of 30.0 degrees, using strong contact, causing rigid-contact, with steady pressure."
/home/mdxuser/Genesis/main/data/picked_up_4/upsampled/Asus_Z97IPLUS_Motherboard_Mini_ITX_LGA1150_Socket_Elastic_hard_upsampled.csv,2430,"Gripper pausing motion of the object, maintaining a stable hold, using strong contact, causing firm-yielding."
/home/mdxuser/Genesis/main/data/picked_up_4/upsampled/Asus_Z97IPLUS_Motherboard_Mini_ITX_LGA1150_Socket_Elastic_hard_upsampled.csv,2700,"Gripping mechanism coming to rest with item, using forceless methods, causing maintaining shape."
/home/mdxuser/Genesis/main/data/picked_up_4/upsampled/Down_To_Earth_Ceramic_Orchid_Pot_Asst_Blue_Elastic_medium_upsampled.csv,0,"Fingers reaching towards the object, to begin the task."
/home/mdxuser/Genesis/main/data/picked_up_4/upsampled/Down_To_Earth_Ceramic_Orchid_Pot_Asst_Blue_Elastic_medium_upsampled.csv,270,"End-effector clamping target object, using moderate force, causing controlled-yielding, with increasing force."
/home/mdxuser/Genesis/main/data/picked_up_4/upsampled/Down_To_Earth_Ceramic_Orchid_Pot_Asst_Blue_Elastic_medium_upsampled.csv,540,"Gripper continue holding target object, using steady force, causing controlled-yielding, with rising force."
/home/mdxuser/Genesis/main/data/picked_up_4/upsampled/Down_To_Earth_Ceramic_Orchid_Pot_Asst_Blue_Elastic_medium_upsampled.csv,810,"End-effector elevating the object, using steady force, causing medium-deformation, with growing pressure."
/home/mdxuser/Genesis/main/data/picked_up_4/upsampled/Down_To_Earth_Ceramic_Orchid_Pot_Asst_Blue_Elastic_medium_upsampled.csv,1080,"Fingers twisting item, by an angle of 45.0 degrees, using steady force, causing moderate-compression, with unchanging force."
/home/mdxuser/Genesis/main/data/picked_up_4/upsampled/Down_To_Earth_Ceramic_Orchid_Pot_Asst_Blue_Elastic_medium_upsampled.csv,1350,"End-effector continue twisting target object, by an angle of 45.0 degrees, using controlled pressure, causing controlled-yielding, with unchanging force."
/home/mdxuser/Genesis/main/data/picked_up_4/upsampled/Down_To_Earth_Ceramic_Orchid_Pot_Asst_Blue_Elastic_medium_upsampled.csv,1620,"Gripper steadying item, maintaining a stable hold, using firm contact, causing medium-deformation."
/home/mdxuser/Genesis/main/data/picked_up_4/upsampled/Down_To_Earth_Ceramic_Orchid_Pot_Asst_Blue_Elastic_medium_upsampled.csv,1890,"Gripping mechanism turning target object, by an angle of 30.0 degrees, using moderate force, causing balanced-yielding, with constant force."
/home/mdxuser/Genesis/main/data/picked_up_4/upsampled/Down_To_Earth_Ceramic_Orchid_Pot_Asst_Blue_Elastic_medium_upsampled.csv,2160,"Fingers continue twisting the object, by an angle of 30.0 degrees, using moderate force, causing balanced-yielding, with steady pressure."
/home/mdxuser/Genesis/main/data/picked_up_4/upsampled/Down_To_Earth_Ceramic_Orchid_Pot_Asst_Blue_Elastic_medium_upsampled.csv,2430,"Fingers pausing motion of the object, maintaining a stable hold, using balanced pressure, causing steady-resistance."
/home/mdxuser/Genesis/main/data/picked_up_4/upsampled/Down_To_Earth_Ceramic_Orchid_Pot_Asst_Blue_Elastic_medium_upsampled.csv,2700,Item has been let go of.
/home/mdxuser/Genesis/main/data/picked_up_4/upsampled/Office_Depot_HP_75_Remanufactured_Ink_Cartridge_TriColor_Elastic_hard_upsampled.csv,0,"End-effector advancing towards target object, to begin the task."
/home/mdxuser/Genesis/main/data/picked_up_4/upsampled/Office_Depot_HP_75_Remanufactured_Ink_Cartridge_TriColor_Elastic_hard_upsampled.csv,270,"End-effector capturing target object, using significant force, causing firm-yielding, with growing pressure."
/home/mdxuser/Genesis/main/data/picked_up_4/upsampled/Office_Depot_HP_75_Remanufactured_Ink_Cartridge_TriColor_Elastic_hard_upsampled.csv,540,"Gripper continue securing target object, using intense pressure, causing substantial-yielding, with increasing force."
/home/mdxuser/Genesis/main/data/picked_up_4/upsampled/Office_Depot_HP_75_Remanufactured_Ink_Cartridge_TriColor_Elastic_hard_upsampled.csv,810,"Fingers lifting the object, using intense pressure, causing firm-yielding, with increasing force."
/home/mdxuser/Genesis/main/data/picked_up_4/upsampled/Office_Depot_HP_75_Remanufactured_Ink_Cartridge_TriColor_Elastic_hard_upsampled.csv,1080,"Fingers turning the object, by an angle of 45.0 degrees, using strong contact, causing strong-resistance, with constant force."
/home/mdxuser/Genesis/main/data/picked_up_4/upsampled/Office_Depot_HP_75_Remanufactured_Ink_Cartridge_TriColor_Elastic_hard_upsampled.csv,1350,"Fingers continue rotating item, by an angle of 45.0 degrees, using strong contact, causing significant-compression, with steady pressure."
/home/mdxuser/Genesis/main/data/picked_up_4/upsampled/Office_Depot_HP_75_Remanufactured_Ink_Cartridge_TriColor_Elastic_hard_upsampled.csv,1620,Target object has been let go of.
/home/mdxuser/Genesis/main/data/picked_up_4/upsampled/Office_Depot_HP_75_Remanufactured_Ink_Cartridge_TriColor_Elastic_hard_upsampled.csv,1890,The object has been let go of.
/home/mdxuser/Genesis/main/data/picked_up_4/upsampled/Office_Depot_HP_75_Remanufactured_Ink_Cartridge_TriColor_Elastic_hard_upsampled.csv,2160,The object has been let go of.
/home/mdxuser/Genesis/main/data/picked_up_4/upsampled/Office_Depot_HP_75_Remanufactured_Ink_Cartridge_TriColor_Elastic_hard_upsampled.csv,2430,Target object has been released.
/home/mdxuser/Genesis/main/data/picked_up_4/upsampled/Office_Depot_HP_75_Remanufactured_Ink_Cartridge_TriColor_Elastic_hard_upsampled.csv,2700,Target object has been released.
/home/mdxuser/Genesis/main/data/picked_up_4/upsampled/MK7_Elastic_hard_upsampled.csv,0,"Fingers aligning towards target object, to begin the task."
/home/mdxuser/Genesis/main/data/picked_up_4/upsampled/MK7_Elastic_hard_upsampled.csv,270,"Gripping mechanism grasping the object, using intense pressure, causing firm-yielding, with increasing force."
/home/mdxuser/Genesis/main/data/picked_up_4/upsampled/MK7_Elastic_hard_upsampled.csv,540,"End-effector continue clasping the object, using strong force, causing rigid-contact, with rising force."
/home/mdxuser/Genesis/main/data/picked_up_4/upsampled/MK7_Elastic_hard_upsampled.csv,810,"Gripping mechanism picking up target object, using firm pressure, causing substantial-yielding, with increasing force."
/home/mdxuser/Genesis/main/data/picked_up_4/upsampled/MK7_Elastic_hard_upsampled.csv,1080,"Fingers turning the object, by an angle of 45.0 degrees, using strong contact, causing hard-deformation, with unchanging force."
/home/mdxuser/Genesis/main/data/picked_up_4/upsampled/MK7_Elastic_hard_upsampled.csv,1350,"Gripping mechanism steadying item, maintaining a stable hold, using strong force, causing strong-resistance."
/home/mdxuser/Genesis/main/data/picked_up_4/upsampled/MK7_Elastic_hard_upsampled.csv,1620,"Gripper continue pausing motion of the object, maintaining a stable hold, using intense pressure, causing hard-deformation."
/home/mdxuser/Genesis/main/data/picked_up_4/upsampled/MK7_Elastic_hard_upsampled.csv,1890,"Gripper rotating item, by an angle of 45.0 degrees, using heavy force, causing hard-deformation, with steady pressure."
/home/mdxuser/Genesis/main/data/picked_up_4/upsampled/MK7_Elastic_hard_upsampled.csv,2160,"Gripping mechanism continue twisting the object, by an angle of 45.0 degrees, using intense pressure, causing hard-deformation, with unchanging force."
/home/mdxuser/Genesis/main/data/picked_up_4/upsampled/MK7_Elastic_hard_upsampled.csv,2430,"Gripper holding position of item, maintaining a stable hold, using strong contact, causing firm-yielding."
/home/mdxuser/Genesis/main/data/picked_up_4/upsampled/MK7_Elastic_hard_upsampled.csv,2700,"Gripper decelerating motion of the object, using zero-pressure, causing undeformed shape."
/home/mdxuser/Genesis/main/data/picked_up_4/upsampled/Perricone_MD_No_Foundation_Serum_Elastic_medium_upsampled.csv,0,"Gripping mechanism initiating towards target object, to begin the task."
/home/mdxuser/Genesis/main/data/picked_up_4/upsampled/Perricone_MD_No_Foundation_Serum_Elastic_medium_upsampled.csv,270,"Gripper clamping the object, using firm contact, causing steady-resistance, with rising force."
/home/mdxuser/Genesis/main/data/picked_up_4/upsampled/Perricone_MD_No_Foundation_Serum_Elastic_medium_upsampled.csv,540,"End-effector continue squeezing target object, using firm contact, causing moderate-compression, with increasing force."
/home/mdxuser/Genesis/main/data/picked_up_4/upsampled/Perricone_MD_No_Foundation_Serum_Elastic_medium_upsampled.csv,810,"Fingers picking up item, using moderate force, causing steady-resistance, with rising force."
/home/mdxuser/Genesis/main/data/picked_up_4/upsampled/Perricone_MD_No_Foundation_Serum_Elastic_medium_upsampled.csv,1080,"Gripper rotating item, by an angle of 45.0 degrees, using moderate force, causing controlled-yielding, with constant force."
/home/mdxuser/Genesis/main/data/picked_up_4/upsampled/Perricone_MD_No_Foundation_Serum_Elastic_medium_upsampled.csv,1350,"Fingers continue turning the object, by an angle of 45.0 degrees, using firm contact, causing controlled-yielding, with constant force."
/home/mdxuser/Genesis/main/data/picked_up_4/upsampled/Perricone_MD_No_Foundation_Serum_Elastic_medium_upsampled.csv,1620,"Gripping mechanism holding position of item, maintaining a stable hold, using balanced pressure, causing medium-deformation."
/home/mdxuser/Genesis/main/data/picked_up_4/upsampled/Perricone_MD_No_Foundation_Serum_Elastic_medium_upsampled.csv,1890,"Gripper rotating item, by an angle of 45.0 degrees, using balanced pressure, causing controlled-yielding, with steady pressure."
/home/mdxuser/Genesis/main/data/picked_up_4/upsampled/Perricone_MD_No_Foundation_Serum_Elastic_medium_upsampled.csv,2160,"Fingers steadying the object, maintaining a stable hold, using firm contact, causing balanced-yielding."
/home/mdxuser/Genesis/main/data/picked_up_4/upsampled/Perricone_MD_No_Foundation_Serum_Elastic_medium_upsampled.csv,2430,"End-effector continue maintaining hold of target object, maintaining a stable hold, using firm contact, causing medium-deformation."
/home/mdxuser/Genesis/main/data/picked_up_4/upsampled/Perricone_MD_No_Foundation_Serum_Elastic_medium_upsampled.csv,2700,"Gripper decelerating motion of item, using contactless method, causing maintaining shape."
/home/mdxuser/Genesis/main/data/picked_up_4/upsampled/Crayola_Washable_Sidewalk_Chalk_16_pack_Elastic_soft_upsampled.csv,0,"End-effector advancing towards target object, to begin the task."
/home/mdxuser/Genesis/main/data/picked_up_4/upsampled/Crayola_Washable_Sidewalk_Chalk_16_pack_Elastic_soft_upsampled.csv,270,"Gripper capturing target object, using slight force, causing soft-deformation, with growing pressure."
/home/mdxuser/Genesis/main/data/picked_up_4/upsampled/Crayola_Washable_Sidewalk_Chalk_16_pack_Elastic_soft_upsampled.csv,540,"Fingers continue securing target object, using light pressure, causing minimal-resistance, with rising force."
/home/mdxuser/Genesis/main/data/picked_up_4/upsampled/Crayola_Washable_Sidewalk_Chalk_16_pack_Elastic_soft_upsampled.csv,810,"Fingers raising item, using minimal force, causing minimal-resistance, with increasing force."
/home/mdxuser/Genesis/main/data/picked_up_4/upsampled/Crayola_Washable_Sidewalk_Chalk_16_pack_Elastic_soft_upsampled.csv,1080,"Fingers turning target object, by an angle of 45.0 degrees, using minimal force, causing gentle-compression, with steady pressure."
/home/mdxuser/Genesis/main/data/picked_up_4/upsampled/Crayola_Washable_Sidewalk_Chalk_16_pack_Elastic_soft_upsampled.csv,1350,"Gripper maintaining hold of item, maintaining a stable hold, using soft contact, causing soft-deformation."
/home/mdxuser/Genesis/main/data/picked_up_4/upsampled/Crayola_Washable_Sidewalk_Chalk_16_pack_Elastic_soft_upsampled.csv,1620,"Gripper continue steadying the object, maintaining a stable hold, using light pressure, causing soft-deformation."
/home/mdxuser/Genesis/main/data/picked_up_4/upsampled/Crayola_Washable_Sidewalk_Chalk_16_pack_Elastic_soft_upsampled.csv,1890,"Gripping mechanism rotating item, by an angle of 30.0 degrees, using soft contact, causing minimal-resistance, with unchanging force."
/home/mdxuser/Genesis/main/data/picked_up_4/upsampled/Crayola_Washable_Sidewalk_Chalk_16_pack_Elastic_soft_upsampled.csv,2160,"Gripping mechanism continue turning target object, by an angle of 30.0 degrees, using light pressure, causing soft-deformation, with constant force."
/home/mdxuser/Genesis/main/data/picked_up_4/upsampled/Crayola_Washable_Sidewalk_Chalk_16_pack_Elastic_soft_upsampled.csv,2430,"Fingers holding position of the object, maintaining a stable hold, using minimal force, causing slight-yielding."
/home/mdxuser/Genesis/main/data/picked_up_4/upsampled/Crayola_Washable_Sidewalk_Chalk_16_pack_Elastic_soft_upsampled.csv,2700,"End-effector decelerating motion of target object, using zero-pressure, causing form-conservation."
/home/mdxuser/Genesis/main/data/picked_up_4/upsampled/Lactoferrin_Elastic_soft_upsampled.csv,0,"Fingers aligning towards the object, to begin the task."
/home/mdxuser/Genesis/main/data/picked_up_4/upsampled/Lactoferrin_Elastic_soft_upsampled.csv,270,"Fingers grasping item, using light pressure, causing gentle-compression, with rising force."
/home/mdxuser/Genesis/main/data/picked_up_4/upsampled/Lactoferrin_Elastic_soft_upsampled.csv,540,"Fingers continue squeezing the object, using soft contact, causing gentle-compression, with rising force."
/home/mdxuser/Genesis/main/data/picked_up_4/upsampled/Lactoferrin_Elastic_soft_upsampled.csv,810,"End-effector lifting target object, using gentle force, causing cushioned-contact, with increasing force."
/home/mdxuser/Genesis/main/data/picked_up_4/upsampled/Lactoferrin_Elastic_soft_upsampled.csv,1080,"Gripper twisting the object, by an angle of 45.0 degrees, using gentle force, causing soft-deformation, with constant force."
/home/mdxuser/Genesis/main/data/picked_up_4/upsampled/Lactoferrin_Elastic_soft_upsampled.csv,1350,"End-effector pausing motion of target object, maintaining a stable hold, using gentle force, causing cushioned-contact."
/home/mdxuser/Genesis/main/data/picked_up_4/upsampled/Lactoferrin_Elastic_soft_upsampled.csv,1620,"Gripping mechanism continue pausing motion of target object, maintaining a stable hold, using slight force, causing minimal-resistance."
/home/mdxuser/Genesis/main/data/picked_up_4/upsampled/Lactoferrin_Elastic_soft_upsampled.csv,1890,"Fingers turning target object, by an angle of 45.0 degrees, using cushioned pressure, causing lightly-yielding, with constant force."
/home/mdxuser/Genesis/main/data/picked_up_4/upsampled/Lactoferrin_Elastic_soft_upsampled.csv,2160,"End-effector continue turning target object, by an angle of 45.0 degrees, using cushioned pressure, causing slight-yielding, with unchanging force."
/home/mdxuser/Genesis/main/data/picked_up_4/upsampled/Lactoferrin_Elastic_soft_upsampled.csv,2430,The object has been dropped.
/home/mdxuser/Genesis/main/data/picked_up_4/upsampled/Lactoferrin_Elastic_soft_upsampled.csv,2700,Item has been dropped.
/home/mdxuser/Genesis/main/data/picked_up_4/upsampled/Pepsi_Caffeine_Free_Diet_12_CT_Elastic_hard_upsampled.csv,0,"Fingers approaching towards item, to begin the task."
/home/mdxuser/Genesis/main/data/picked_up_4/upsampled/Pepsi_Caffeine_Free_Diet_12_CT_Elastic_hard_upsampled.csv,270,"End-effector clamping target object, using strong force, causing firm-yielding, with increasing force."
/home/mdxuser/Genesis/main/data/picked_up_4/upsampled/Pepsi_Caffeine_Free_Diet_12_CT_Elastic_hard_upsampled.csv,540,"Gripping mechanism continue pinching the object, using strong contact, causing strong-resistance, with increasing force."
/home/mdxuser/Genesis/main/data/picked_up_4/upsampled/Pepsi_Caffeine_Free_Diet_12_CT_Elastic_hard_upsampled.csv,810,"Fingers lifting target object, using significant force, causing substantial-yielding, with rising force."
/home/mdxuser/Genesis/main/data/picked_up_4/upsampled/Pepsi_Caffeine_Free_Diet_12_CT_Elastic_hard_upsampled.csv,1080,"Gripping mechanism twisting target object, by an angle of 30.0 degrees, using strong force, causing strong-resistance, with unchanging force."
/home/mdxuser/Genesis/main/data/picked_up_4/upsampled/Pepsi_Caffeine_Free_Diet_12_CT_Elastic_hard_upsampled.csv,1350,"Gripper continue rotating the object, by an angle of 30.0 degrees, using strong contact, causing hard-deformation, with unchanging force."
/home/mdxuser/Genesis/main/data/picked_up_4/upsampled/Pepsi_Caffeine_Free_Diet_12_CT_Elastic_hard_upsampled.csv,1620,"End-effector pausing motion of the object, maintaining a stable hold, using heavy force, causing hard-deformation."
/home/mdxuser/Genesis/main/data/picked_up_4/upsampled/Pepsi_Caffeine_Free_Diet_12_CT_Elastic_hard_upsampled.csv,1890,Item has been released.
/home/mdxuser/Genesis/main/data/picked_up_4/upsampled/Pepsi_Caffeine_Free_Diet_12_CT_Elastic_hard_upsampled.csv,2160,The object has been let go of.
/home/mdxuser/Genesis/main/data/picked_up_4/upsampled/Pepsi_Caffeine_Free_Diet_12_CT_Elastic_hard_upsampled.csv,2430,The object has been dropped.
/home/mdxuser/Genesis/main/data/picked_up_4/upsampled/Pepsi_Caffeine_Free_Diet_12_CT_Elastic_hard_upsampled.csv,2700,Target object has been let go of.
/home/mdxuser/Genesis/main/data/picked_up_4/upsampled/Olive_Kids_Trains_Planes_Trucks_Bogo_Backpack_Elastic_medium_upsampled.csv,0,"End-effector positioning towards target object, to begin the task."
/home/mdxuser/Genesis/main/data/picked_up_4/upsampled/Olive_Kids_Trains_Planes_Trucks_Bogo_Backpack_Elastic_medium_upsampled.csv,270,"Fingers grasping target object, using firm contact, causing moderate-compression, with growing pressure."
/home/mdxuser/Genesis/main/data/picked_up_4/upsampled/Olive_Kids_Trains_Planes_Trucks_Bogo_Backpack_Elastic_medium_upsampled.csv,540,"Gripper continue securing target object, using balanced pressure, causing steady-resistance, with increasing force."
/home/mdxuser/Genesis/main/data/picked_up_4/upsampled/Olive_Kids_Trains_Planes_Trucks_Bogo_Backpack_Elastic_medium_upsampled.csv,810,"End-effector lifting the object, using moderate force, causing steady-resistance, with rising force."
/home/mdxuser/Genesis/main/data/picked_up_4/upsampled/Olive_Kids_Trains_Planes_Trucks_Bogo_Backpack_Elastic_medium_upsampled.csv,1080,"Fingers turning the object, by an angle of 30.0 degrees, using moderate force, causing controlled-yielding, with constant force."
/home/mdxuser/Genesis/main/data/picked_up_4/upsampled/Olive_Kids_Trains_Planes_Trucks_Bogo_Backpack_Elastic_medium_upsampled.csv,1350,"Fingers continue twisting target object, by an angle of 30.0 degrees, using moderate force, causing moderate-compression, with constant force."
/home/mdxuser/Genesis/main/data/picked_up_4/upsampled/Olive_Kids_Trains_Planes_Trucks_Bogo_Backpack_Elastic_medium_upsampled.csv,1620,"Gripping mechanism maintaining hold of the object, maintaining a stable hold, using balanced pressure, causing controlled-yielding."
/home/mdxuser/Genesis/main/data/picked_up_4/upsampled/Olive_Kids_Trains_Planes_Trucks_Bogo_Backpack_Elastic_medium_upsampled.csv,1890,"Gripper rotating target object, by an angle of 30.0 degrees, using steady force, causing controlled-yielding, with constant force."
/home/mdxuser/Genesis/main/data/picked_up_4/upsampled/Olive_Kids_Trains_Planes_Trucks_Bogo_Backpack_Elastic_medium_upsampled.csv,2160,"Gripper continue rotating item, by an angle of 30.0 degrees, using controlled pressure, causing steady-resistance, with steady pressure."
/home/mdxuser/Genesis/main/data/picked_up_4/upsampled/Olive_Kids_Trains_Planes_Trucks_Bogo_Backpack_Elastic_medium_upsampled.csv,2430,"End-effector steadying target object, maintaining a stable hold, using firm contact, causing moderate-compression."
/home/mdxuser/Genesis/main/data/picked_up_4/upsampled/Olive_Kids_Trains_Planes_Trucks_Bogo_Backpack_Elastic_medium_upsampled.csv,2700,"Gripper slowing down motion of target object, using contactless method, causing contactless."
/home/mdxuser/Genesis/main/data/picked_up_4/upsampled/ASICS_GELAce_Pro_Pearl_WhitePink_Elastic_soft_upsampled.csv,0,"Gripping mechanism positioning towards item, to begin the task."
/home/mdxuser/Genesis/main/data/picked_up_4/upsampled/ASICS_GELAce_Pro_Pearl_WhitePink_Elastic_soft_upsampled.csv,270,"End-effector gripping the object, using minimal force, causing lightly-yielding, with rising force."
/home/mdxuser/Genesis/main/data/picked_up_4/upsampled/ASICS_GELAce_Pro_Pearl_WhitePink_Elastic_soft_upsampled.csv,540,"Gripping mechanism continue gripping item, using soft contact, causing cushioned-contact, with increasing force."
/home/mdxuser/Genesis/main/data/picked_up_4/upsampled/ASICS_GELAce_Pro_Pearl_WhitePink_Elastic_soft_upsampled.csv,810,"Fingers raising target object, using gentle force, causing slight-yielding, with growing pressure."
/home/mdxuser/Genesis/main/data/picked_up_4/upsampled/ASICS_GELAce_Pro_Pearl_WhitePink_Elastic_soft_upsampled.csv,1080,"Gripping mechanism turning the object, by an angle of 45.0 degrees, using gentle force, causing minimal-resistance, with constant force."
/home/mdxuser/Genesis/main/data/picked_up_4/upsampled/ASICS_GELAce_Pro_Pearl_WhitePink_Elastic_soft_upsampled.csv,1350,"Fingers continue twisting the object, by an angle of 45.0 degrees, using cushioned pressure, causing soft-deformation, with constant force."
/home/mdxuser/Genesis/main/data/picked_up_4/upsampled/ASICS_GELAce_Pro_Pearl_WhitePink_Elastic_soft_upsampled.csv,1620,Item has been dropped.
/home/mdxuser/Genesis/main/data/picked_up_4/upsampled/ASICS_GELAce_Pro_Pearl_WhitePink_Elastic_soft_upsampled.csv,1890,Target object has been dropped.
/home/mdxuser/Genesis/main/data/picked_up_4/upsampled/ASICS_GELAce_Pro_Pearl_WhitePink_Elastic_soft_upsampled.csv,2160,Target object has been dropped.
/home/mdxuser/Genesis/main/data/picked_up_4/upsampled/ASICS_GELAce_Pro_Pearl_WhitePink_Elastic_soft_upsampled.csv,2430,The object has been dropped.
/home/mdxuser/Genesis/main/data/picked_up_4/upsampled/ASICS_GELAce_Pro_Pearl_WhitePink_Elastic_soft_upsampled.csv,2700,Target object has been let go of.
/home/mdxuser/Genesis/main/data/picked_up_4/upsampled/CLIMACOOL_BOAT_BREEZE_IE6CyqSaDwN_Elastic_hard_upsampled.csv,0,"Fingers aligning towards target object, to begin the task."
/home/mdxuser/Genesis/main/data/picked_up_4/upsampled/CLIMACOOL_BOAT_BREEZE_IE6CyqSaDwN_Elastic_hard_upsampled.csv,270,"Gripper grasping the object, using intense pressure, causing substantial-yielding, with growing pressure."
/home/mdxuser/Genesis/main/data/picked_up_4/upsampled/CLIMACOOL_BOAT_BREEZE_IE6CyqSaDwN_Elastic_hard_upsampled.csv,540,"End-effector continue capturing the object, using strong force, causing rigid-contact, with rising force."
/home/mdxuser/Genesis/main/data/picked_up_4/upsampled/CLIMACOOL_BOAT_BREEZE_IE6CyqSaDwN_Elastic_hard_upsampled.csv,810,"End-effector raising target object, using intense pressure, causing firm-yielding, with rising force."
/home/mdxuser/Genesis/main/data/picked_up_4/upsampled/CLIMACOOL_BOAT_BREEZE_IE6CyqSaDwN_Elastic_hard_upsampled.csv,1080,"Gripping mechanism twisting item, by an angle of 30.0 degrees, using intense pressure, causing hard-deformation, with constant force."
/home/mdxuser/Genesis/main/data/picked_up_4/upsampled/CLIMACOOL_BOAT_BREEZE_IE6CyqSaDwN_Elastic_hard_upsampled.csv,1350,"End-effector continue rotating item, by an angle of 30.0 degrees, using heavy force, causing strong-resistance, with steady pressure."
/home/mdxuser/Genesis/main/data/picked_up_4/upsampled/CLIMACOOL_BOAT_BREEZE_IE6CyqSaDwN_Elastic_hard_upsampled.csv,1620,"Fingers pausing motion of the object, maintaining a stable hold, using strong force, causing substantial-yielding."
/home/mdxuser/Genesis/main/data/picked_up_4/upsampled/CLIMACOOL_BOAT_BREEZE_IE6CyqSaDwN_Elastic_hard_upsampled.csv,1890,"End-effector turning item, by an angle of 45.0 degrees, using intense pressure, causing rigid-contact, with unchanging force."
/home/mdxuser/Genesis/main/data/picked_up_4/upsampled/CLIMACOOL_BOAT_BREEZE_IE6CyqSaDwN_Elastic_hard_upsampled.csv,2160,The object has been dropped.
/home/mdxuser/Genesis/main/data/picked_up_4/upsampled/CLIMACOOL_BOAT_BREEZE_IE6CyqSaDwN_Elastic_hard_upsampled.csv,2430,The object has been released.
/home/mdxuser/Genesis/main/data/picked_up_4/upsampled/CLIMACOOL_BOAT_BREEZE_IE6CyqSaDwN_Elastic_hard_upsampled.csv,2700,Target object has been dropped.
/home/mdxuser/Genesis/main/data/picked_up_4/upsampled/Big_Dot_Pink_Pencil_Case_Elastic_hard_upsampled.csv,0,"Gripping mechanism initiating towards item, to begin the task."
/home/mdxuser/Genesis/main/data/picked_up_4/upsampled/Big_Dot_Pink_Pencil_Case_Elastic_hard_upsampled.csv,270,"Gripper clamping the object, using intense pressure, causing rigid-contact, with growing pressure."
/home/mdxuser/Genesis/main/data/picked_up_4/upsampled/Big_Dot_Pink_Pencil_Case_Elastic_hard_upsampled.csv,540,"Gripping mechanism continue gripping the object, using strong force, causing rigid-contact, with increasing force."
/home/mdxuser/Genesis/main/data/picked_up_4/upsampled/Big_Dot_Pink_Pencil_Case_Elastic_hard_upsampled.csv,810,"End-effector picking up target object, using heavy force, causing firm-yielding, with growing pressure."
/home/mdxuser/Genesis/main/data/picked_up_4/upsampled/Big_Dot_Pink_Pencil_Case_Elastic_hard_upsampled.csv,1080,"End-effector turning target object, by an angle of 30.0 degrees, using strong contact, causing hard-deformation, with constant force."
/home/mdxuser/Genesis/main/data/picked_up_4/upsampled/Big_Dot_Pink_Pencil_Case_Elastic_hard_upsampled.csv,1350,"End-effector continue rotating target object, by an angle of 30.0 degrees, using firm pressure, causing firm-yielding, with unchanging force."
/home/mdxuser/Genesis/main/data/picked_up_4/upsampled/Big_Dot_Pink_Pencil_Case_Elastic_hard_upsampled.csv,1620,"Gripper maintaining hold of item, maintaining a stable hold, using intense pressure, causing strong-resistance."
/home/mdxuser/Genesis/main/data/picked_up_4/upsampled/Big_Dot_Pink_Pencil_Case_Elastic_hard_upsampled.csv,1890,"Gripping mechanism rotating the object, by an angle of 30.0 degrees, using strong contact, causing strong-resistance, with unchanging force."
/home/mdxuser/Genesis/main/data/picked_up_4/upsampled/Big_Dot_Pink_Pencil_Case_Elastic_hard_upsampled.csv,2160,"End-effector continue rotating target object, by an angle of 30.0 degrees, using intense pressure, causing firm-yielding, with steady pressure."
/home/mdxuser/Genesis/main/data/picked_up_4/upsampled/Big_Dot_Pink_Pencil_Case_Elastic_hard_upsampled.csv,2430,"Gripping mechanism steadying item, maintaining a stable hold, using heavy force, causing strong-resistance."
/home/mdxuser/Genesis/main/data/picked_up_4/upsampled/Big_Dot_Pink_Pencil_Case_Elastic_hard_upsampled.csv,2700,"Fingers decelerating motion of item, using contactless method, causing contactless."
/home/mdxuser/Genesis/main/data/picked_up_4/upsampled/New_Super_Mario_BrosWii_Wii_Game_Elastic_soft_upsampled.csv,0,"Gripper positioning towards item, to begin the task."
/home/mdxuser/Genesis/main/data/picked_up_4/upsampled/New_Super_Mario_BrosWii_Wii_Game_Elastic_soft_upsampled.csv,270,"Gripper pinching the object, using minimal force, causing gentle-compression, with growing pressure."
/home/mdxuser/Genesis/main/data/picked_up_4/upsampled/New_Super_Mario_BrosWii_Wii_Game_Elastic_soft_upsampled.csv,540,"Gripper continue gripping the object, using gentle force, causing slight-yielding, with rising force."
/home/mdxuser/Genesis/main/data/picked_up_4/upsampled/New_Super_Mario_BrosWii_Wii_Game_Elastic_soft_upsampled.csv,810,"End-effector lifting the object, using minimal force, causing slight-yielding, with increasing force."
/home/mdxuser/Genesis/main/data/picked_up_4/upsampled/New_Super_Mario_BrosWii_Wii_Game_Elastic_soft_upsampled.csv,1080,"Gripper twisting the object, by an angle of 45.0 degrees, using light pressure, causing gentle-compression, with unchanging force."
/home/mdxuser/Genesis/main/data/picked_up_4/upsampled/New_Super_Mario_BrosWii_Wii_Game_Elastic_soft_upsampled.csv,1350,"End-effector continue rotating the object, by an angle of 45.0 degrees, using gentle force, causing minimal-resistance, with steady pressure."
/home/mdxuser/Genesis/main/data/picked_up_4/upsampled/New_Super_Mario_BrosWii_Wii_Game_Elastic_soft_upsampled.csv,1620,The object has been dropped.
/home/mdxuser/Genesis/main/data/picked_up_4/upsampled/New_Super_Mario_BrosWii_Wii_Game_Elastic_soft_upsampled.csv,1890,The object has been released.
/home/mdxuser/Genesis/main/data/picked_up_4/upsampled/New_Super_Mario_BrosWii_Wii_Game_Elastic_soft_upsampled.csv,2160,Item has been released.
/home/mdxuser/Genesis/main/data/picked_up_4/upsampled/New_Super_Mario_BrosWii_Wii_Game_Elastic_soft_upsampled.csv,2430,The object has been let go of.
/home/mdxuser/Genesis/main/data/picked_up_4/upsampled/New_Super_Mario_BrosWii_Wii_Game_Elastic_soft_upsampled.csv,2700,Target object has been dropped.
/home/mdxuser/Genesis/main/data/picked_up_4/upsampled/Pepsi_Cola_Wild_Cherry_Diet_12_12_fl_oz_355_ml_cans_144_fl_oz_426_lt_Elastic_hard_upsampled.csv,0,"Gripping mechanism reaching towards target object, to begin the task."
/home/mdxuser/Genesis/main/data/picked_up_4/upsampled/Pepsi_Cola_Wild_Cherry_Diet_12_12_fl_oz_355_ml_cans_144_fl_oz_426_lt_Elastic_hard_upsampled.csv,270,"End-effector clasping target object, using heavy force, causing significant-compression, with rising force."
/home/mdxuser/Genesis/main/data/picked_up_4/upsampled/Pepsi_Cola_Wild_Cherry_Diet_12_12_fl_oz_355_ml_cans_144_fl_oz_426_lt_Elastic_hard_upsampled.csv,540,"Gripping mechanism continue squeezing item, using strong contact, causing strong-resistance, with rising force."
/home/mdxuser/Genesis/main/data/picked_up_4/upsampled/Pepsi_Cola_Wild_Cherry_Diet_12_12_fl_oz_355_ml_cans_144_fl_oz_426_lt_Elastic_hard_upsampled.csv,810,"Fingers raising the object, using strong force, causing substantial-yielding, with rising force."
/home/mdxuser/Genesis/main/data/picked_up_4/upsampled/Pepsi_Cola_Wild_Cherry_Diet_12_12_fl_oz_355_ml_cans_144_fl_oz_426_lt_Elastic_hard_upsampled.csv,1080,"Gripper twisting item, by an angle of 45.0 degrees, using strong force, causing firm-yielding, with steady pressure."
/home/mdxuser/Genesis/main/data/picked_up_4/upsampled/Pepsi_Cola_Wild_Cherry_Diet_12_12_fl_oz_355_ml_cans_144_fl_oz_426_lt_Elastic_hard_upsampled.csv,1350,"End-effector continue turning the object, by an angle of 45.0 degrees, using strong force, causing substantial-yielding, with steady pressure."
/home/mdxuser/Genesis/main/data/picked_up_4/upsampled/Pepsi_Cola_Wild_Cherry_Diet_12_12_fl_oz_355_ml_cans_144_fl_oz_426_lt_Elastic_hard_upsampled.csv,1620,"Gripping mechanism maintaining hold of the object, maintaining a stable hold, using strong force, causing substantial-yielding."
/home/mdxuser/Genesis/main/data/picked_up_4/upsampled/Pepsi_Cola_Wild_Cherry_Diet_12_12_fl_oz_355_ml_cans_144_fl_oz_426_lt_Elastic_hard_upsampled.csv,1890,"Fingers rotating item, by an angle of 45.0 degrees, using strong force, causing significant-compression, with constant force."
/home/mdxuser/Genesis/main/data/picked_up_4/upsampled/Pepsi_Cola_Wild_Cherry_Diet_12_12_fl_oz_355_ml_cans_144_fl_oz_426_lt_Elastic_hard_upsampled.csv,2160,"End-effector steadying target object, maintaining a stable hold, using heavy force, causing substantial-yielding."
/home/mdxuser/Genesis/main/data/picked_up_4/upsampled/Pepsi_Cola_Wild_Cherry_Diet_12_12_fl_oz_355_ml_cans_144_fl_oz_426_lt_Elastic_hard_upsampled.csv,2430,"Gripper continue holding position of the object, maintaining a stable hold, using strong force, causing significant-compression."
/home/mdxuser/Genesis/main/data/picked_up_4/upsampled/Pepsi_Cola_Wild_Cherry_Diet_12_12_fl_oz_355_ml_cans_144_fl_oz_426_lt_Elastic_hard_upsampled.csv,2700,The object has been let go of.
/home/mdxuser/Genesis/main/data/picked_up_4/upsampled/3D_Dollhouse_Happy_Brother_Elastic_medium_upsampled.csv,0,"End-effector positioning towards item, to begin the task."
/home/mdxuser/Genesis/main/data/picked_up_4/upsampled/3D_Dollhouse_Happy_Brother_Elastic_medium_upsampled.csv,270,"Gripping mechanism grasping item, using moderate force, causing steady-resistance, with growing pressure."
/home/mdxuser/Genesis/main/data/picked_up_4/upsampled/3D_Dollhouse_Happy_Brother_Elastic_medium_upsampled.csv,540,"Fingers continue squeezing item, using firm contact, causing controlled-yielding, with increasing force."
/home/mdxuser/Genesis/main/data/picked_up_4/upsampled/3D_Dollhouse_Happy_Brother_Elastic_medium_upsampled.csv,810,"End-effector elevating target object, using controlled pressure, causing controlled-yielding, with growing pressure."
/home/mdxuser/Genesis/main/data/picked_up_4/upsampled/3D_Dollhouse_Happy_Brother_Elastic_medium_upsampled.csv,1080,"End-effector twisting item, by an angle of 30.0 degrees, using balanced pressure, causing balanced-yielding, with steady pressure."
/home/mdxuser/Genesis/main/data/picked_up_4/upsampled/3D_Dollhouse_Happy_Brother_Elastic_medium_upsampled.csv,1350,"Fingers continue twisting the object, by an angle of 30.0 degrees, using moderate force, causing steady-resistance, with steady pressure."
/home/mdxuser/Genesis/main/data/picked_up_4/upsampled/3D_Dollhouse_Happy_Brother_Elastic_medium_upsampled.csv,1620,"End-effector maintaining hold of target object, maintaining a stable hold, using balanced pressure, causing steady-resistance."
/home/mdxuser/Genesis/main/data/picked_up_4/upsampled/3D_Dollhouse_Happy_Brother_Elastic_medium_upsampled.csv,1890,"Fingers twisting item, by an angle of 45.0 degrees, using moderate force, causing balanced-yielding, with unchanging force."
/home/mdxuser/Genesis/main/data/picked_up_4/upsampled/3D_Dollhouse_Happy_Brother_Elastic_medium_upsampled.csv,2160,"Gripping mechanism steadying item, maintaining a stable hold, using controlled pressure, causing steady-resistance."
/home/mdxuser/Genesis/main/data/picked_up_4/upsampled/3D_Dollhouse_Happy_Brother_Elastic_medium_upsampled.csv,2430,"End-effector continue pausing motion of the object, maintaining a stable hold, using moderate force, causing moderate-compression."
/home/mdxuser/Genesis/main/data/picked_up_4/upsampled/3D_Dollhouse_Happy_Brother_Elastic_medium_upsampled.csv,2700,"End-effector coming to rest with target object, using forceless methods, causing form-conservation."
/home/mdxuser/Genesis/main/data/picked_up_4/upsampled/Crunch_Girl_Scouts_Candy_Bars_Peanut_Butter_Creme_78_oz_box_Elastic_hard_upsampled.csv,0,"Fingers preparing towards target object, to begin the task."
/home/mdxuser/Genesis/main/data/picked_up_4/upsampled/Crunch_Girl_Scouts_Candy_Bars_Peanut_Butter_Creme_78_oz_box_Elastic_hard_upsampled.csv,270,"Fingers clasping target object, using strong contact, causing rigid-contact, with increasing force."
/home/mdxuser/Genesis/main/data/picked_up_4/upsampled/Crunch_Girl_Scouts_Candy_Bars_Peanut_Butter_Creme_78_oz_box_Elastic_hard_upsampled.csv,540,"End-effector continue pinching item, using intense pressure, causing rigid-contact, with increasing force."
/home/mdxuser/Genesis/main/data/picked_up_4/upsampled/Crunch_Girl_Scouts_Candy_Bars_Peanut_Butter_Creme_78_oz_box_Elastic_hard_upsampled.csv,810,"Fingers raising target object, using firm pressure, causing firm-yielding, with growing pressure."
/home/mdxuser/Genesis/main/data/picked_up_4/upsampled/Crunch_Girl_Scouts_Candy_Bars_Peanut_Butter_Creme_78_oz_box_Elastic_hard_upsampled.csv,1080,"Gripping mechanism rotating item, by an angle of 30.0 degrees, using significant force, causing firm-yielding, with steady pressure."
/home/mdxuser/Genesis/main/data/picked_up_4/upsampled/Crunch_Girl_Scouts_Candy_Bars_Peanut_Butter_Creme_78_oz_box_Elastic_hard_upsampled.csv,1350,"Gripper continue turning the object, by an angle of 30.0 degrees, using intense pressure, causing strong-resistance, with unchanging force."
/home/mdxuser/Genesis/main/data/picked_up_4/upsampled/Crunch_Girl_Scouts_Candy_Bars_Peanut_Butter_Creme_78_oz_box_Elastic_hard_upsampled.csv,1620,"End-effector pausing motion of the object, maintaining a stable hold, using significant force, causing strong-resistance."
/home/mdxuser/Genesis/main/data/picked_up_4/upsampled/Crunch_Girl_Scouts_Candy_Bars_Peanut_Butter_Creme_78_oz_box_Elastic_hard_upsampled.csv,1890,"Gripper twisting item, by an angle of 30.0 degrees, using intense pressure, causing substantial-yielding, with unchanging force."
/home/mdxuser/Genesis/main/data/picked_up_4/upsampled/Crunch_Girl_Scouts_Candy_Bars_Peanut_Butter_Creme_78_oz_box_Elastic_hard_upsampled.csv,2160,"End-effector continue turning target object, by an angle of 30.0 degrees, using firm pressure, causing substantial-yielding, with constant force."
/home/mdxuser/Genesis/main/data/picked_up_4/upsampled/Crunch_Girl_Scouts_Candy_Bars_Peanut_Butter_Creme_78_oz_box_Elastic_hard_upsampled.csv,2430,"Fingers pausing motion of the object, maintaining a stable hold, using firm pressure, causing firm-yielding."
/home/mdxuser/Genesis/main/data/picked_up_4/upsampled/Crunch_Girl_Scouts_Candy_Bars_Peanut_Butter_Creme_78_oz_box_Elastic_hard_upsampled.csv,2700,"Fingers decelerating motion of the object, using zero-pressure, causing contactless."
/home/mdxuser/Genesis/main/data/picked_up_4/upsampled/BABY_CAR_Elastic_medium_upsampled.csv,0,"Fingers positioning towards the object, to begin the task."
/home/mdxuser/Genesis/main/data/picked_up_4/upsampled/BABY_CAR_Elastic_medium_upsampled.csv,270,"Fingers pinching item, using firm contact, causing balanced-yielding, with growing pressure."
/home/mdxuser/Genesis/main/data/picked_up_4/upsampled/BABY_CAR_Elastic_medium_upsampled.csv,540,"Fingers continue clasping item, using firm contact, causing balanced-yielding, with increasing force."
/home/mdxuser/Genesis/main/data/picked_up_4/upsampled/BABY_CAR_Elastic_medium_upsampled.csv,810,"Fingers lifting item, using controlled pressure, causing balanced-yielding, with rising force."
/home/mdxuser/Genesis/main/data/picked_up_4/upsampled/BABY_CAR_Elastic_medium_upsampled.csv,1080,"Gripping mechanism twisting the object, by an angle of 30.0 degrees, using balanced pressure, causing moderate-compression, with unchanging force."
/home/mdxuser/Genesis/main/data/picked_up_4/upsampled/BABY_CAR_Elastic_medium_upsampled.csv,1350,"Gripping mechanism continue rotating item, by an angle of 30.0 degrees, using moderate force, causing medium-deformation, with constant force."
/home/mdxuser/Genesis/main/data/picked_up_4/upsampled/BABY_CAR_Elastic_medium_upsampled.csv,1620,"Gripping mechanism pausing motion of item, maintaining a stable hold, using steady force, causing firm-contact."
/home/mdxuser/Genesis/main/data/picked_up_4/upsampled/BABY_CAR_Elastic_medium_upsampled.csv,1890,"Gripper turning item, by an angle of 45.0 degrees, using moderate force, causing controlled-yielding, with unchanging force."
/home/mdxuser/Genesis/main/data/picked_up_4/upsampled/BABY_CAR_Elastic_medium_upsampled.csv,2160,"End-effector continue turning the object, by an angle of 45.0 degrees, using firm contact, causing controlled-yielding, with unchanging force."
/home/mdxuser/Genesis/main/data/picked_up_4/upsampled/BABY_CAR_Elastic_medium_upsampled.csv,2430,The object has been dropped.
/home/mdxuser/Genesis/main/data/picked_up_4/upsampled/BABY_CAR_Elastic_medium_upsampled.csv,2700,Item has been let go of.
/home/mdxuser/Genesis/main/data/picked_up_4/upsampled/Pepsi_Cola_Wild_Cherry_Diet_12_12_fl_oz_355_ml_cans_144_fl_oz_426_lt_Elastic_medium_upsampled.csv,0,"Fingers positioning towards item, to begin the task."
/home/mdxuser/Genesis/main/data/picked_up_4/upsampled/Pepsi_Cola_Wild_Cherry_Diet_12_12_fl_oz_355_ml_cans_144_fl_oz_426_lt_Elastic_medium_upsampled.csv,270,"Gripper squeezing item, using controlled pressure, causing controlled-yielding, with rising force."
/home/mdxuser/Genesis/main/data/picked_up_4/upsampled/Pepsi_Cola_Wild_Cherry_Diet_12_12_fl_oz_355_ml_cans_144_fl_oz_426_lt_Elastic_medium_upsampled.csv,540,"Gripping mechanism continue pinching item, using moderate force, causing steady-resistance, with rising force."
/home/mdxuser/Genesis/main/data/picked_up_4/upsampled/Pepsi_Cola_Wild_Cherry_Diet_12_12_fl_oz_355_ml_cans_144_fl_oz_426_lt_Elastic_medium_upsampled.csv,810,"Fingers picking up item, using steady force, causing steady-resistance, with growing pressure."
/home/mdxuser/Genesis/main/data/picked_up_4/upsampled/Pepsi_Cola_Wild_Cherry_Diet_12_12_fl_oz_355_ml_cans_144_fl_oz_426_lt_Elastic_medium_upsampled.csv,1080,"Gripping mechanism twisting target object, by an angle of 30.0 degrees, using balanced pressure, causing steady-resistance, with constant force."
/home/mdxuser/Genesis/main/data/picked_up_4/upsampled/Pepsi_Cola_Wild_Cherry_Diet_12_12_fl_oz_355_ml_cans_144_fl_oz_426_lt_Elastic_medium_upsampled.csv,1350,"Gripper continue turning item, by an angle of 30.0 degrees, using moderate force, causing medium-deformation, with unchanging force."
/home/mdxuser/Genesis/main/data/picked_up_4/upsampled/Pepsi_Cola_Wild_Cherry_Diet_12_12_fl_oz_355_ml_cans_144_fl_oz_426_lt_Elastic_medium_upsampled.csv,1620,"End-effector maintaining hold of target object, maintaining a stable hold, using steady force, causing firm-contact."
/home/mdxuser/Genesis/main/data/picked_up_4/upsampled/Pepsi_Cola_Wild_Cherry_Diet_12_12_fl_oz_355_ml_cans_144_fl_oz_426_lt_Elastic_medium_upsampled.csv,1890,"End-effector twisting item, by an angle of 45.0 degrees, using steady force, causing balanced-yielding, with steady pressure."
/home/mdxuser/Genesis/main/data/picked_up_4/upsampled/Pepsi_Cola_Wild_Cherry_Diet_12_12_fl_oz_355_ml_cans_144_fl_oz_426_lt_Elastic_medium_upsampled.csv,2160,"Gripper holding position of item, maintaining a stable hold, using moderate force, causing controlled-yielding."
/home/mdxuser/Genesis/main/data/picked_up_4/upsampled/Pepsi_Cola_Wild_Cherry_Diet_12_12_fl_oz_355_ml_cans_144_fl_oz_426_lt_Elastic_medium_upsampled.csv,2430,"Gripper continue steadying target object, maintaining a stable hold, using balanced pressure, causing steady-resistance."
/home/mdxuser/Genesis/main/data/picked_up_4/upsampled/Pepsi_Cola_Wild_Cherry_Diet_12_12_fl_oz_355_ml_cans_144_fl_oz_426_lt_Elastic_medium_upsampled.csv,2700,Target object has been let go of.
/home/mdxuser/Genesis/main/data/picked_up_4/upsampled/Home_Fashions_Washcloth_Olive_Green_Elastic_medium_upsampled.csv,0,"Gripper advancing towards target object, to begin the task."
/home/mdxuser/Genesis/main/data/picked_up_4/upsampled/Home_Fashions_Washcloth_Olive_Green_Elastic_medium_upsampled.csv,270,"Gripper clasping the object, using moderate force, causing steady-resistance, with increasing force."
/home/mdxuser/Genesis/main/data/picked_up_4/upsampled/Home_Fashions_Washcloth_Olive_Green_Elastic_medium_upsampled.csv,540,"Gripping mechanism continue clamping item, using firm contact, causing medium-deformation, with increasing force."
/home/mdxuser/Genesis/main/data/picked_up_4/upsampled/Home_Fashions_Washcloth_Olive_Green_Elastic_medium_upsampled.csv,810,"Fingers raising the object, using steady force, causing balanced-yielding, with increasing force."
/home/mdxuser/Genesis/main/data/picked_up_4/upsampled/Home_Fashions_Washcloth_Olive_Green_Elastic_medium_upsampled.csv,1080,"Fingers turning target object, by an angle of 45.0 degrees, using firm contact, causing medium-deformation, with unchanging force."
/home/mdxuser/Genesis/main/data/picked_up_4/upsampled/Home_Fashions_Washcloth_Olive_Green_Elastic_medium_upsampled.csv,1350,Target object has been dropped.
/home/mdxuser/Genesis/main/data/picked_up_4/upsampled/Home_Fashions_Washcloth_Olive_Green_Elastic_medium_upsampled.csv,1620,The object has been dropped.
/home/mdxuser/Genesis/main/data/picked_up_4/upsampled/Home_Fashions_Washcloth_Olive_Green_Elastic_medium_upsampled.csv,1890,Target object has been let go of.
/home/mdxuser/Genesis/main/data/picked_up_4/upsampled/Home_Fashions_Washcloth_Olive_Green_Elastic_medium_upsampled.csv,2160,Item has been released.
/home/mdxuser/Genesis/main/data/picked_up_4/upsampled/Home_Fashions_Washcloth_Olive_Green_Elastic_medium_upsampled.csv,2430,Target object has been dropped.
/home/mdxuser/Genesis/main/data/picked_up_4/upsampled/Home_Fashions_Washcloth_Olive_Green_Elastic_medium_upsampled.csv,2700,Item has been dropped.
/home/mdxuser/Genesis/main/data/picked_up_4/upsampled/Cootie_Game_tDhURNbfU5J_Elastic_soft_upsampled.csv,0,"Gripping mechanism positioning towards the object, to begin the task."
/home/mdxuser/Genesis/main/data/picked_up_4/upsampled/Cootie_Game_tDhURNbfU5J_Elastic_soft_upsampled.csv,270,"End-effector squeezing the object, using slight force, causing cushioned-contact, with rising force."
/home/mdxuser/Genesis/main/data/picked_up_4/upsampled/Cootie_Game_tDhURNbfU5J_Elastic_soft_upsampled.csv,540,"Gripping mechanism continue squeezing the object, using cushioned pressure, causing slight-yielding, with increasing force."
/home/mdxuser/Genesis/main/data/picked_up_4/upsampled/Cootie_Game_tDhURNbfU5J_Elastic_soft_upsampled.csv,810,"End-effector raising target object, using minimal force, causing cushioned-contact, with growing pressure."
/home/mdxuser/Genesis/main/data/picked_up_4/upsampled/Cootie_Game_tDhURNbfU5J_Elastic_soft_upsampled.csv,1080,"End-effector twisting item, by an angle of 45.0 degrees, using minimal force, causing cushioned-contact, with steady pressure."
/home/mdxuser/Genesis/main/data/picked_up_4/upsampled/Cootie_Game_tDhURNbfU5J_Elastic_soft_upsampled.csv,1350,"Gripper pausing motion of item, maintaining a stable hold, using slight force, causing slight-yielding."
/home/mdxuser/Genesis/main/data/picked_up_4/upsampled/Cootie_Game_tDhURNbfU5J_Elastic_soft_upsampled.csv,1620,"End-effector continue steadying item, maintaining a stable hold, using gentle force, causing gentle-compression."
/home/mdxuser/Genesis/main/data/picked_up_4/upsampled/Cootie_Game_tDhURNbfU5J_Elastic_soft_upsampled.csv,1890,"Gripping mechanism twisting target object, by an angle of 30.0 degrees, using soft contact, causing gentle-compression, with constant force."
/home/mdxuser/Genesis/main/data/picked_up_4/upsampled/Cootie_Game_tDhURNbfU5J_Elastic_soft_upsampled.csv,2160,"Gripper continue twisting item, by an angle of 30.0 degrees, using light pressure, causing minimal-resistance, with constant force."
/home/mdxuser/Genesis/main/data/picked_up_4/upsampled/Cootie_Game_tDhURNbfU5J_Elastic_soft_upsampled.csv,2430,"Fingers pausing motion of item, maintaining a stable hold, using cushioned pressure, causing lightly-yielding."
/home/mdxuser/Genesis/main/data/picked_up_4/upsampled/Cootie_Game_tDhURNbfU5J_Elastic_soft_upsampled.csv,2700,Item has been let go of.
/home/mdxuser/Genesis/main/data/picked_up_4/upsampled/Crayola_Bonus_64_Crayons_Elastic_medium_upsampled.csv,0,"Fingers reaching towards target object, to begin the task."
/home/mdxuser/Genesis/main/data/picked_up_4/upsampled/Crayola_Bonus_64_Crayons_Elastic_medium_upsampled.csv,270,"Gripper holding item, using firm contact, causing moderate-compression, with growing pressure."
/home/mdxuser/Genesis/main/data/picked_up_4/upsampled/Crayola_Bonus_64_Crayons_Elastic_medium_upsampled.csv,540,"Gripper continue capturing target object, using steady force, causing controlled-yielding, with growing pressure."
/home/mdxuser/Genesis/main/data/picked_up_4/upsampled/Crayola_Bonus_64_Crayons_Elastic_medium_upsampled.csv,810,"Gripper elevating target object, using moderate force, causing medium-deformation, with increasing force."
/home/mdxuser/Genesis/main/data/picked_up_4/upsampled/Crayola_Bonus_64_Crayons_Elastic_medium_upsampled.csv,1080,"Gripper rotating item, by an angle of 30.0 degrees, using steady force, causing balanced-yielding, with constant force."
/home/mdxuser/Genesis/main/data/picked_up_4/upsampled/Crayola_Bonus_64_Crayons_Elastic_medium_upsampled.csv,1350,"Gripper continue twisting target object, by an angle of 30.0 degrees, using firm contact, causing moderate-compression, with unchanging force."
/home/mdxuser/Genesis/main/data/picked_up_4/upsampled/Crayola_Bonus_64_Crayons_Elastic_medium_upsampled.csv,1620,"Fingers holding position of the object, maintaining a stable hold, using balanced pressure, causing moderate-compression."
/home/mdxuser/Genesis/main/data/picked_up_4/upsampled/Crayola_Bonus_64_Crayons_Elastic_medium_upsampled.csv,1890,"Fingers rotating target object, by an angle of 30.0 degrees, using steady force, causing medium-deformation, with constant force."
/home/mdxuser/Genesis/main/data/picked_up_4/upsampled/Crayola_Bonus_64_Crayons_Elastic_medium_upsampled.csv,2160,"End-effector continue twisting the object, by an angle of 30.0 degrees, using moderate force, causing medium-deformation, with steady pressure."
/home/mdxuser/Genesis/main/data/picked_up_4/upsampled/Crayola_Bonus_64_Crayons_Elastic_medium_upsampled.csv,2430,"Gripper steadying item, maintaining a stable hold, using moderate force, causing moderate-compression."
/home/mdxuser/Genesis/main/data/picked_up_4/upsampled/Crayola_Bonus_64_Crayons_Elastic_medium_upsampled.csv,2700,"Gripping mechanism coming to rest with the object, using zero-pressure, causing unyielding."
/home/mdxuser/Genesis/main/data/picked_up_4/upsampled/ClimaCool_Aerate_2_W_Wide_Elastic_hard_upsampled.csv,0,"Gripping mechanism aligning towards target object, to begin the task."
/home/mdxuser/Genesis/main/data/picked_up_4/upsampled/ClimaCool_Aerate_2_W_Wide_Elastic_hard_upsampled.csv,270,"Gripper pinching item, using firm pressure, causing firm-yielding, with growing pressure."
/home/mdxuser/Genesis/main/data/picked_up_4/upsampled/ClimaCool_Aerate_2_W_Wide_Elastic_hard_upsampled.csv,540,"Gripper continue squeezing target object, using firm pressure, causing substantial-yielding, with growing pressure."
/home/mdxuser/Genesis/main/data/picked_up_4/upsampled/ClimaCool_Aerate_2_W_Wide_Elastic_hard_upsampled.csv,810,"Gripping mechanism elevating the object, using heavy force, causing strong-resistance, with growing pressure."
/home/mdxuser/Genesis/main/data/picked_up_4/upsampled/ClimaCool_Aerate_2_W_Wide_Elastic_hard_upsampled.csv,1080,"Fingers rotating target object, by an angle of 30.0 degrees, using significant force, causing rigid-contact, with unchanging force."
/home/mdxuser/Genesis/main/data/picked_up_4/upsampled/ClimaCool_Aerate_2_W_Wide_Elastic_hard_upsampled.csv,1350,"End-effector continue twisting item, by an angle of 30.0 degrees, using significant force, causing rigid-contact, with constant force."
/home/mdxuser/Genesis/main/data/picked_up_4/upsampled/ClimaCool_Aerate_2_W_Wide_Elastic_hard_upsampled.csv,1620,"Fingers maintaining hold of item, maintaining a stable hold, using heavy force, causing significant-compression."
/home/mdxuser/Genesis/main/data/picked_up_4/upsampled/ClimaCool_Aerate_2_W_Wide_Elastic_hard_upsampled.csv,1890,"Fingers turning item, by an angle of 45.0 degrees, using heavy force, causing strong-resistance, with steady pressure."
/home/mdxuser/Genesis/main/data/picked_up_4/upsampled/ClimaCool_Aerate_2_W_Wide_Elastic_hard_upsampled.csv,2160,"Fingers holding position of item, maintaining a stable hold, using intense pressure, causing strong-resistance."
/home/mdxuser/Genesis/main/data/picked_up_4/upsampled/ClimaCool_Aerate_2_W_Wide_Elastic_hard_upsampled.csv,2430,"Fingers continue steadying item, maintaining a stable hold, using significant force, causing substantial-yielding."
/home/mdxuser/Genesis/main/data/picked_up_4/upsampled/ClimaCool_Aerate_2_W_Wide_Elastic_hard_upsampled.csv,2700,Target object has been released.
/home/mdxuser/Genesis/main/data/picked_up_4/upsampled/Cole_Hardware_Antislip_Surfacing_White_2_x_60_Elastic_medium_upsampled.csv,0,"Fingers aligning towards the object, to begin the task."
/home/mdxuser/Genesis/main/data/picked_up_4/upsampled/Cole_Hardware_Antislip_Surfacing_White_2_x_60_Elastic_medium_upsampled.csv,270,"Gripper grasping item, using firm contact, causing firm-contact, with rising force."
/home/mdxuser/Genesis/main/data/picked_up_4/upsampled/Cole_Hardware_Antislip_Surfacing_White_2_x_60_Elastic_medium_upsampled.csv,540,"Fingers continue securing item, using moderate force, causing steady-resistance, with increasing force."
/home/mdxuser/Genesis/main/data/picked_up_4/upsampled/Cole_Hardware_Antislip_Surfacing_White_2_x_60_Elastic_medium_upsampled.csv,810,"End-effector lifting item, using moderate force, causing moderate-compression, with rising force."
/home/mdxuser/Genesis/main/data/picked_up_4/upsampled/Cole_Hardware_Antislip_Surfacing_White_2_x_60_Elastic_medium_upsampled.csv,1080,"End-effector twisting item, by an angle of 45.0 degrees, using balanced pressure, causing moderate-compression, with unchanging force."
/home/mdxuser/Genesis/main/data/picked_up_4/upsampled/Cole_Hardware_Antislip_Surfacing_White_2_x_60_Elastic_medium_upsampled.csv,1350,"End-effector continue rotating item, by an angle of 45.0 degrees, using moderate force, causing firm-contact, with unchanging force."
/home/mdxuser/Genesis/main/data/picked_up_4/upsampled/Cole_Hardware_Antislip_Surfacing_White_2_x_60_Elastic_medium_upsampled.csv,1620,"Fingers holding position of target object, maintaining a stable hold, using moderate force, causing moderate-compression."
/home/mdxuser/Genesis/main/data/picked_up_4/upsampled/Cole_Hardware_Antislip_Surfacing_White_2_x_60_Elastic_medium_upsampled.csv,1890,"End-effector turning the object, by an angle of 30.0 degrees, using balanced pressure, causing moderate-compression, with constant force."
/home/mdxuser/Genesis/main/data/picked_up_4/upsampled/Cole_Hardware_Antislip_Surfacing_White_2_x_60_Elastic_medium_upsampled.csv,2160,"Gripping mechanism continue rotating item, by an angle of 30.0 degrees, using moderate force, causing steady-resistance, with unchanging force."
/home/mdxuser/Genesis/main/data/picked_up_4/upsampled/Cole_Hardware_Antislip_Surfacing_White_2_x_60_Elastic_medium_upsampled.csv,2430,"Gripping mechanism holding position of the object, maintaining a stable hold, using firm contact, causing balanced-yielding."
/home/mdxuser/Genesis/main/data/picked_up_4/upsampled/Cole_Hardware_Antislip_Surfacing_White_2_x_60_Elastic_medium_upsampled.csv,2700,"Fingers coming to rest with item, using zero-pressure, causing undeformed shape."
/home/mdxuser/Genesis/main/data/picked_up_4/upsampled/BABY_CAR_Elastic_hard_upsampled.csv,0,"Fingers aligning towards item, to begin the task."
/home/mdxuser/Genesis/main/data/picked_up_4/upsampled/BABY_CAR_Elastic_hard_upsampled.csv,270,"End-effector clamping item, using intense pressure, causing strong-resistance, with increasing force."
/home/mdxuser/Genesis/main/data/picked_up_4/upsampled/BABY_CAR_Elastic_hard_upsampled.csv,540,"Gripping mechanism continue securing item, using intense pressure, causing significant-compression, with increasing force."
/home/mdxuser/Genesis/main/data/picked_up_4/upsampled/BABY_CAR_Elastic_hard_upsampled.csv,810,"End-effector elevating target object, using firm pressure, causing hard-deformation, with rising force."
/home/mdxuser/Genesis/main/data/picked_up_4/upsampled/BABY_CAR_Elastic_hard_upsampled.csv,1080,"Gripping mechanism rotating the object, by an angle of 45.0 degrees, using intense pressure, causing strong-resistance, with steady pressure."
/home/mdxuser/Genesis/main/data/picked_up_4/upsampled/BABY_CAR_Elastic_hard_upsampled.csv,1350,"Gripper steadying the object, maintaining a stable hold, using significant force, causing rigid-contact."
/home/mdxuser/Genesis/main/data/picked_up_4/upsampled/BABY_CAR_Elastic_hard_upsampled.csv,1620,"Fingers continue holding position of target object, maintaining a stable hold, using intense pressure, causing rigid-contact."
/home/mdxuser/Genesis/main/data/picked_up_4/upsampled/BABY_CAR_Elastic_hard_upsampled.csv,1890,"Fingers rotating item, by an angle of 45.0 degrees, using heavy force, causing rigid-contact, with steady pressure."
/home/mdxuser/Genesis/main/data/picked_up_4/upsampled/BABY_CAR_Elastic_hard_upsampled.csv,2160,"Gripper continue turning item, by an angle of 45.0 degrees, using significant force, causing firm-yielding, with constant force."
/home/mdxuser/Genesis/main/data/picked_up_4/upsampled/BABY_CAR_Elastic_hard_upsampled.csv,2430,"End-effector holding position of the object, maintaining a stable hold, using significant force, causing strong-resistance."
/home/mdxuser/Genesis/main/data/picked_up_4/upsampled/BABY_CAR_Elastic_hard_upsampled.csv,2700,"End-effector coming to rest with target object, using zero-force, causing undeformed shape."
