csv_path,timestep_start,annotation
/home/mdxuser/Genesis/main/data/picked_up_4/csv/Borage_GLA240Gamma_Tocopherol/Elastic/medium/Borage_GLA240Gamma_Tocopherol_Elastic_medium.csv,0,"End-effector start towards the object, to begin the task."
/home/mdxuser/Genesis/main/data/picked_up_4/csv/Borage_GLA240Gamma_Tocopherol/Elastic/medium/Borage_GLA240Gamma_Tocopherol_Elastic_medium.csv,270,"End-effector grasping the object, using moderate force, causing medium-deformation, with increasing force."
/home/mdxuser/Genesis/main/data/picked_up_4/csv/Borage_GLA240Gamma_Tocopherol/Elastic/medium/Borage_GLA240Gamma_Tocopherol_Elastic_medium.csv,540,"End-effector continue grasping the object, using moderate force, causing medium-deformation, with increasing force."
/home/mdxuser/Genesis/main/data/picked_up_4/csv/Borage_GLA240Gamma_Tocopherol/Elastic/medium/Borage_GLA240Gamma_Tocopherol_Elastic_medium.csv,810,"End-effector lifting the object, using moderate force, causing medium-deformation, with increasing force."
/home/mdxuser/Genesis/main/data/picked_up_4/csv/Borage_GLA240Gamma_Tocopherol/Elastic/medium/Borage_GLA240Gamma_Tocopherol_Elastic_medium.csv,1080,"End-effector rotating the object, by an angle of 45.0 degrees, using moderate force, causing medium-deformation, with constant force."
/home/mdxuser/Genesis/main/data/picked_up_4/csv/Borage_GLA240Gamma_Tocopherol/Elastic/medium/Borage_GLA240Gamma_Tocopherol_Elastic_medium.csv,1350,"End-effector continue rotating the object, by an angle of 45.0 degrees, using moderate force, causing medium-deformation, with constant force."
/home/mdxuser/Genesis/main/data/picked_up_4/csv/Borage_GLA240Gamma_Tocopherol/Elastic/medium/Borage_GLA240Gamma_Tocopherol_Elastic_medium.csv,1620,"End-effector holding position of the object, maintaining a stable hold, using moderate force, causing medium-deformation."
/home/mdxuser/Genesis/main/data/picked_up_4/csv/Borage_GLA240Gamma_Tocopherol/Elastic/medium/Borage_GLA240Gamma_Tocopherol_Elastic_medium.csv,1890,"End-effector rotating the object, by an angle of 45.0 degrees, using moderate force, causing medium-deformation, with constant force."
/home/mdxuser/Genesis/main/data/picked_up_4/csv/Borage_GLA240Gamma_Tocopherol/Elastic/medium/Borage_GLA240Gamma_Tocopherol_Elastic_medium.csv,2160,"End-effector holding position of the object, maintaining a stable hold, using moderate force, causing medium-deformation."
/home/mdxuser/Genesis/main/data/picked_up_4/csv/Borage_GLA240Gamma_Tocopherol/Elastic/medium/Borage_GLA240Gamma_Tocopherol_Elastic_medium.csv,2430,"End-effector continue holding position of the object, maintaining a stable hold, using moderate force, causing medium-deformation."
/home/mdxuser/Genesis/main/data/picked_up_4/csv/Borage_GLA240Gamma_Tocopherol/Elastic/medium/Borage_GLA240Gamma_Tocopherol_Elastic_medium.csv,2700,"End-effector stopping the object, using zero-force, causing undeformed shape."
/home/mdxuser/Genesis/main/data/picked_up_4/csv/Cascadia_8_Color_AquariusHibscsBearingSeaBlk_Size_50/Elastic/medium/Cascadia_8_Color_AquariusHibscsBearingSeaBlk_Size_50_Elastic_medium.csv,0,"End-effector start towards the object, to begin the task."
/home/mdxuser/Genesis/main/data/picked_up_4/csv/Cascadia_8_Color_AquariusHibscsBearingSeaBlk_Size_50/Elastic/medium/Cascadia_8_Color_AquariusHibscsBearingSeaBlk_Size_50_Elastic_medium.csv,270,"End-effector grasping the object, using moderate force, causing medium-deformation, with increasing force."
/home/mdxuser/Genesis/main/data/picked_up_4/csv/Cascadia_8_Color_AquariusHibscsBearingSeaBlk_Size_50/Elastic/medium/Cascadia_8_Color_AquariusHibscsBearingSeaBlk_Size_50_Elastic_medium.csv,540,"End-effector continue grasping the object, using moderate force, causing medium-deformation, with increasing force."
/home/mdxuser/Genesis/main/data/picked_up_4/csv/Cascadia_8_Color_AquariusHibscsBearingSeaBlk_Size_50/Elastic/medium/Cascadia_8_Color_AquariusHibscsBearingSeaBlk_Size_50_Elastic_medium.csv,810,"End-effector lifting the object, using moderate force, causing medium-deformation, with increasing force."
/home/mdxuser/Genesis/main/data/picked_up_4/csv/Cascadia_8_Color_AquariusHibscsBearingSeaBlk_Size_50/Elastic/medium/Cascadia_8_Color_AquariusHibscsBearingSeaBlk_Size_50_Elastic_medium.csv,1080,"End-effector rotating the object, by an angle of 30.0 degrees, using moderate force, causing medium-deformation, with constant force."
/home/mdxuser/Genesis/main/data/picked_up_4/csv/Cascadia_8_Color_AquariusHibscsBearingSeaBlk_Size_50/Elastic/medium/Cascadia_8_Color_AquariusHibscsBearingSeaBlk_Size_50_Elastic_medium.csv,1350,"End-effector continue rotating the object, by an angle of 30.0 degrees, using moderate force, causing medium-deformation, with constant force."
/home/mdxuser/Genesis/main/data/picked_up_4/csv/Cascadia_8_Color_AquariusHibscsBearingSeaBlk_Size_50/Elastic/medium/Cascadia_8_Color_AquariusHibscsBearingSeaBlk_Size_50_Elastic_medium.csv,1620,"End-effector holding position of the object, maintaining a stable hold, using moderate force, causing medium-deformation."
/home/mdxuser/Genesis/main/data/picked_up_4/csv/Cascadia_8_Color_AquariusHibscsBearingSeaBlk_Size_50/Elastic/medium/Cascadia_8_Color_AquariusHibscsBearingSeaBlk_Size_50_Elastic_medium.csv,1890,"End-effector rotating the object, by an angle of 45.0 degrees, using moderate force, causing medium-deformation, with constant force."
/home/mdxuser/Genesis/main/data/picked_up_4/csv/Cascadia_8_Color_AquariusHibscsBearingSeaBlk_Size_50/Elastic/medium/Cascadia_8_Color_AquariusHibscsBearingSeaBlk_Size_50_Elastic_medium.csv,2160,"End-effector continue rotating the object, by an angle of 45.0 degrees, using moderate force, causing medium-deformation, with constant force."
/home/mdxuser/Genesis/main/data/picked_up_4/csv/Cascadia_8_Color_AquariusHibscsBearingSeaBlk_Size_50/Elastic/medium/Cascadia_8_Color_AquariusHibscsBearingSeaBlk_Size_50_Elastic_medium.csv,2430,The object has been dropped.
/home/mdxuser/Genesis/main/data/picked_up_4/csv/Cascadia_8_Color_AquariusHibscsBearingSeaBlk_Size_50/Elastic/medium/Cascadia_8_Color_AquariusHibscsBearingSeaBlk_Size_50_Elastic_medium.csv,2700,The object has been dropped.
/home/mdxuser/Genesis/main/data/picked_up_4/csv/Crayola_Crayons_24_count/Elastic/medium/Crayola_Crayons_24_count_Elastic_medium.csv,0,"End-effector start towards the object, to begin the task."
/home/mdxuser/Genesis/main/data/picked_up_4/csv/Crayola_Crayons_24_count/Elastic/medium/Crayola_Crayons_24_count_Elastic_medium.csv,270,"End-effector grasping the object, using moderate force, causing medium-deformation, with increasing force."
/home/mdxuser/Genesis/main/data/picked_up_4/csv/Crayola_Crayons_24_count/Elastic/medium/Crayola_Crayons_24_count_Elastic_medium.csv,540,"End-effector continue grasping the object, using moderate force, causing medium-deformation, with increasing force."
/home/mdxuser/Genesis/main/data/picked_up_4/csv/Crayola_Crayons_24_count/Elastic/medium/Crayola_Crayons_24_count_Elastic_medium.csv,810,"End-effector lifting the object, using moderate force, causing medium-deformation, with increasing force."
/home/mdxuser/Genesis/main/data/picked_up_4/csv/Crayola_Crayons_24_count/Elastic/medium/Crayola_Crayons_24_count_Elastic_medium.csv,1080,"End-effector rotating the object, by an angle of 30.0 degrees, using moderate force, causing medium-deformation, with constant force."
/home/mdxuser/Genesis/main/data/picked_up_4/csv/Crayola_Crayons_24_count/Elastic/medium/Crayola_Crayons_24_count_Elastic_medium.csv,1350,"End-effector continue rotating the object, by an angle of 30.0 degrees, using moderate force, causing medium-deformation, with constant force."
/home/mdxuser/Genesis/main/data/picked_up_4/csv/Crayola_Crayons_24_count/Elastic/medium/Crayola_Crayons_24_count_Elastic_medium.csv,1620,"End-effector holding position of the object, maintaining a stable hold, using moderate force, causing medium-deformation."
/home/mdxuser/Genesis/main/data/picked_up_4/csv/Crayola_Crayons_24_count/Elastic/medium/Crayola_Crayons_24_count_Elastic_medium.csv,1890,"End-effector rotating the object, by an angle of 45.0 degrees, using moderate force, causing medium-deformation, with constant force."
/home/mdxuser/Genesis/main/data/picked_up_4/csv/Crayola_Crayons_24_count/Elastic/medium/Crayola_Crayons_24_count_Elastic_medium.csv,2160,"End-effector continue rotating the object, by an angle of 45.0 degrees, using moderate force, causing medium-deformation, with constant force."
/home/mdxuser/Genesis/main/data/picked_up_4/csv/Crayola_Crayons_24_count/Elastic/medium/Crayola_Crayons_24_count_Elastic_medium.csv,2430,The object has been dropped.
/home/mdxuser/Genesis/main/data/picked_up_4/csv/Crayola_Crayons_24_count/Elastic/medium/Crayola_Crayons_24_count_Elastic_medium.csv,2700,The object has been dropped.
/home/mdxuser/Genesis/main/data/picked_up_4/csv/Cole_Hardware_School_Bell_Solid_Brass_38/Elastic/medium/Cole_Hardware_School_Bell_Solid_Brass_38_Elastic_medium.csv,0,"End-effector start towards the object, to begin the task."
/home/mdxuser/Genesis/main/data/picked_up_4/csv/Cole_Hardware_School_Bell_Solid_Brass_38/Elastic/medium/Cole_Hardware_School_Bell_Solid_Brass_38_Elastic_medium.csv,270,"End-effector grasping the object, using moderate force, causing medium-deformation, with increasing force."
/home/mdxuser/Genesis/main/data/picked_up_4/csv/Cole_Hardware_School_Bell_Solid_Brass_38/Elastic/medium/Cole_Hardware_School_Bell_Solid_Brass_38_Elastic_medium.csv,540,"End-effector continue grasping the object, using moderate force, causing medium-deformation, with increasing force."
/home/mdxuser/Genesis/main/data/picked_up_4/csv/Cole_Hardware_School_Bell_Solid_Brass_38/Elastic/medium/Cole_Hardware_School_Bell_Solid_Brass_38_Elastic_medium.csv,810,"End-effector lifting the object, using moderate force, causing medium-deformation, with increasing force."
/home/mdxuser/Genesis/main/data/picked_up_4/csv/Cole_Hardware_School_Bell_Solid_Brass_38/Elastic/medium/Cole_Hardware_School_Bell_Solid_Brass_38_Elastic_medium.csv,1080,"End-effector rotating the object, by an angle of 45.0 degrees, using moderate force, causing medium-deformation, with constant force."
/home/mdxuser/Genesis/main/data/picked_up_4/csv/Cole_Hardware_School_Bell_Solid_Brass_38/Elastic/medium/Cole_Hardware_School_Bell_Solid_Brass_38_Elastic_medium.csv,1350,"End-effector holding position of the object, maintaining a stable hold, using moderate force, causing medium-deformation."
/home/mdxuser/Genesis/main/data/picked_up_4/csv/Cole_Hardware_School_Bell_Solid_Brass_38/Elastic/medium/Cole_Hardware_School_Bell_Solid_Brass_38_Elastic_medium.csv,1620,"End-effector continue holding position of the object, maintaining a stable hold, using moderate force, causing medium-deformation."
/home/mdxuser/Genesis/main/data/picked_up_4/csv/Cole_Hardware_School_Bell_Solid_Brass_38/Elastic/medium/Cole_Hardware_School_Bell_Solid_Brass_38_Elastic_medium.csv,1890,"End-effector rotating the object, by an angle of 45.0 degrees, using moderate force, causing medium-deformation, with constant force."
/home/mdxuser/Genesis/main/data/picked_up_4/csv/Cole_Hardware_School_Bell_Solid_Brass_38/Elastic/medium/Cole_Hardware_School_Bell_Solid_Brass_38_Elastic_medium.csv,2160,"End-effector holding position of the object, maintaining a stable hold, using moderate force, causing medium-deformation."
/home/mdxuser/Genesis/main/data/picked_up_4/csv/Cole_Hardware_School_Bell_Solid_Brass_38/Elastic/medium/Cole_Hardware_School_Bell_Solid_Brass_38_Elastic_medium.csv,2430,"End-effector continue holding position of the object, maintaining a stable hold, using moderate force, causing medium-deformation."
/home/mdxuser/Genesis/main/data/picked_up_4/csv/Cole_Hardware_School_Bell_Solid_Brass_38/Elastic/medium/Cole_Hardware_School_Bell_Solid_Brass_38_Elastic_medium.csv,2700,The object has been dropped.
/home/mdxuser/Genesis/main/data/picked_up_4/csv/Melissa_Doug_Pound_and_Roll/Elastic/medium/Melissa_Doug_Pound_and_Roll_Elastic_medium.csv,0,"End-effector start towards the object, to begin the task."
/home/mdxuser/Genesis/main/data/picked_up_4/csv/Melissa_Doug_Pound_and_Roll/Elastic/medium/Melissa_Doug_Pound_and_Roll_Elastic_medium.csv,270,"End-effector grasping the object, using moderate force, causing medium-deformation, with increasing force."
/home/mdxuser/Genesis/main/data/picked_up_4/csv/Melissa_Doug_Pound_and_Roll/Elastic/medium/Melissa_Doug_Pound_and_Roll_Elastic_medium.csv,540,"End-effector continue grasping the object, using moderate force, causing medium-deformation, with increasing force."
/home/mdxuser/Genesis/main/data/picked_up_4/csv/Melissa_Doug_Pound_and_Roll/Elastic/medium/Melissa_Doug_Pound_and_Roll_Elastic_medium.csv,810,"End-effector lifting the object, using moderate force, causing medium-deformation, with increasing force."
/home/mdxuser/Genesis/main/data/picked_up_4/csv/Melissa_Doug_Pound_and_Roll/Elastic/medium/Melissa_Doug_Pound_and_Roll_Elastic_medium.csv,1080,"End-effector rotating the object, by an angle of 30.0 degrees, using moderate force, causing medium-deformation, with constant force."
/home/mdxuser/Genesis/main/data/picked_up_4/csv/Melissa_Doug_Pound_and_Roll/Elastic/medium/Melissa_Doug_Pound_and_Roll_Elastic_medium.csv,1350,"End-effector continue rotating the object, by an angle of 30.0 degrees, using moderate force, causing medium-deformation, with constant force."
/home/mdxuser/Genesis/main/data/picked_up_4/csv/Melissa_Doug_Pound_and_Roll/Elastic/medium/Melissa_Doug_Pound_and_Roll_Elastic_medium.csv,1620,"End-effector holding position of the object, maintaining a stable hold, using moderate force, causing medium-deformation."
/home/mdxuser/Genesis/main/data/picked_up_4/csv/Melissa_Doug_Pound_and_Roll/Elastic/medium/Melissa_Doug_Pound_and_Roll_Elastic_medium.csv,1890,"End-effector rotating the object, by an angle of 45.0 degrees, using moderate force, causing medium-deformation, with constant force."
/home/mdxuser/Genesis/main/data/picked_up_4/csv/Melissa_Doug_Pound_and_Roll/Elastic/medium/Melissa_Doug_Pound_and_Roll_Elastic_medium.csv,2160,"End-effector continue rotating the object, by an angle of 45.0 degrees, using moderate force, causing medium-deformation, with constant force."
/home/mdxuser/Genesis/main/data/picked_up_4/csv/Melissa_Doug_Pound_and_Roll/Elastic/medium/Melissa_Doug_Pound_and_Roll_Elastic_medium.csv,2430,The object has been dropped.
/home/mdxuser/Genesis/main/data/picked_up_4/csv/Melissa_Doug_Pound_and_Roll/Elastic/medium/Melissa_Doug_Pound_and_Roll_Elastic_medium.csv,2700,The object has been dropped.
/home/mdxuser/Genesis/main/data/picked_up_4/csv/Perricone_MD_Neuropeptide_Firming_Moisturizer/Elastic/hard/Perricone_MD_Neuropeptide_Firming_Moisturizer_Elastic_hard.csv,0,"End-effector start towards the object, to begin the task."
/home/mdxuser/Genesis/main/data/picked_up_4/csv/Perricone_MD_Neuropeptide_Firming_Moisturizer/Elastic/hard/Perricone_MD_Neuropeptide_Firming_Moisturizer_Elastic_hard.csv,270,"End-effector grasping the object, using strong force, causing hard-deformation, with increasing force."
/home/mdxuser/Genesis/main/data/picked_up_4/csv/Perricone_MD_Neuropeptide_Firming_Moisturizer/Elastic/hard/Perricone_MD_Neuropeptide_Firming_Moisturizer_Elastic_hard.csv,540,"End-effector continue grasping the object, using strong force, causing hard-deformation, with increasing force."
/home/mdxuser/Genesis/main/data/picked_up_4/csv/Perricone_MD_Neuropeptide_Firming_Moisturizer/Elastic/hard/Perricone_MD_Neuropeptide_Firming_Moisturizer_Elastic_hard.csv,810,"End-effector lifting the object, using strong force, causing hard-deformation, with increasing force."
/home/mdxuser/Genesis/main/data/picked_up_4/csv/Perricone_MD_Neuropeptide_Firming_Moisturizer/Elastic/hard/Perricone_MD_Neuropeptide_Firming_Moisturizer_Elastic_hard.csv,1080,"End-effector rotating the object, by an angle of 45.0 degrees, using strong force, causing hard-deformation, with constant force."
/home/mdxuser/Genesis/main/data/picked_up_4/csv/Perricone_MD_Neuropeptide_Firming_Moisturizer/Elastic/hard/Perricone_MD_Neuropeptide_Firming_Moisturizer_Elastic_hard.csv,1350,"End-effector continue rotating the object, by an angle of 45.0 degrees, using strong force, causing hard-deformation, with constant force."
/home/mdxuser/Genesis/main/data/picked_up_4/csv/Perricone_MD_Neuropeptide_Firming_Moisturizer/Elastic/hard/Perricone_MD_Neuropeptide_Firming_Moisturizer_Elastic_hard.csv,1620,"End-effector holding position of the object, maintaining a stable hold, using strong force, causing hard-deformation."
/home/mdxuser/Genesis/main/data/picked_up_4/csv/Perricone_MD_Neuropeptide_Firming_Moisturizer/Elastic/hard/Perricone_MD_Neuropeptide_Firming_Moisturizer_Elastic_hard.csv,1890,"End-effector rotating the object, by an angle of 30.0 degrees, using strong force, causing hard-deformation, with constant force."
/home/mdxuser/Genesis/main/data/picked_up_4/csv/Perricone_MD_Neuropeptide_Firming_Moisturizer/Elastic/hard/Perricone_MD_Neuropeptide_Firming_Moisturizer_Elastic_hard.csv,2160,"End-effector continue rotating the object, by an angle of 30.0 degrees, using strong force, causing hard-deformation, with constant force."
/home/mdxuser/Genesis/main/data/picked_up_4/csv/Perricone_MD_Neuropeptide_Firming_Moisturizer/Elastic/hard/Perricone_MD_Neuropeptide_Firming_Moisturizer_Elastic_hard.csv,2430,"End-effector holding position of the object, maintaining a stable hold, using strong force, causing hard-deformation."
/home/mdxuser/Genesis/main/data/picked_up_4/csv/Perricone_MD_Neuropeptide_Firming_Moisturizer/Elastic/hard/Perricone_MD_Neuropeptide_Firming_Moisturizer_Elastic_hard.csv,2700,The object has been dropped.
/home/mdxuser/Genesis/main/data/picked_up_4/csv/Jarrow_Glucosamine_Chondroitin_Combination_120_Caps/Elastic/soft/Jarrow_Glucosamine_Chondroitin_Combination_120_Caps_Elastic_soft.csv,0,"End-effector start towards the object, to begin the task."
/home/mdxuser/Genesis/main/data/picked_up_4/csv/Jarrow_Glucosamine_Chondroitin_Combination_120_Caps/Elastic/soft/Jarrow_Glucosamine_Chondroitin_Combination_120_Caps_Elastic_soft.csv,270,"End-effector grasping the object, using gentle force, causing soft-deformation, with increasing force."
/home/mdxuser/Genesis/main/data/picked_up_4/csv/Jarrow_Glucosamine_Chondroitin_Combination_120_Caps/Elastic/soft/Jarrow_Glucosamine_Chondroitin_Combination_120_Caps_Elastic_soft.csv,540,"End-effector continue grasping the object, using gentle force, causing soft-deformation, with increasing force."
/home/mdxuser/Genesis/main/data/picked_up_4/csv/Jarrow_Glucosamine_Chondroitin_Combination_120_Caps/Elastic/soft/Jarrow_Glucosamine_Chondroitin_Combination_120_Caps_Elastic_soft.csv,810,"End-effector lifting the object, using gentle force, causing soft-deformation, with increasing force."
/home/mdxuser/Genesis/main/data/picked_up_4/csv/Jarrow_Glucosamine_Chondroitin_Combination_120_Caps/Elastic/soft/Jarrow_Glucosamine_Chondroitin_Combination_120_Caps_Elastic_soft.csv,1080,"End-effector rotating the object, by an angle of 45.0 degrees, using gentle force, causing soft-deformation, with constant force."
/home/mdxuser/Genesis/main/data/picked_up_4/csv/Jarrow_Glucosamine_Chondroitin_Combination_120_Caps/Elastic/soft/Jarrow_Glucosamine_Chondroitin_Combination_120_Caps_Elastic_soft.csv,1350,"End-effector continue rotating the object, by an angle of 45.0 degrees, using gentle force, causing soft-deformation, with constant force."
/home/mdxuser/Genesis/main/data/picked_up_4/csv/Jarrow_Glucosamine_Chondroitin_Combination_120_Caps/Elastic/soft/Jarrow_Glucosamine_Chondroitin_Combination_120_Caps_Elastic_soft.csv,1620,"End-effector holding position of the object, maintaining a stable hold, using gentle force, causing soft-deformation."
/home/mdxuser/Genesis/main/data/picked_up_4/csv/Jarrow_Glucosamine_Chondroitin_Combination_120_Caps/Elastic/soft/Jarrow_Glucosamine_Chondroitin_Combination_120_Caps_Elastic_soft.csv,1890,"End-effector rotating the object, by an angle of 30.0 degrees, using gentle force, causing soft-deformation, with constant force."
/home/mdxuser/Genesis/main/data/picked_up_4/csv/Jarrow_Glucosamine_Chondroitin_Combination_120_Caps/Elastic/soft/Jarrow_Glucosamine_Chondroitin_Combination_120_Caps_Elastic_soft.csv,2160,"End-effector continue rotating the object, by an angle of 30.0 degrees, using gentle force, causing soft-deformation, with constant force."
/home/mdxuser/Genesis/main/data/picked_up_4/csv/Jarrow_Glucosamine_Chondroitin_Combination_120_Caps/Elastic/soft/Jarrow_Glucosamine_Chondroitin_Combination_120_Caps_Elastic_soft.csv,2430,"End-effector holding position of the object, maintaining a stable hold, using gentle force, causing soft-deformation."
/home/mdxuser/Genesis/main/data/picked_up_4/csv/Jarrow_Glucosamine_Chondroitin_Combination_120_Caps/Elastic/soft/Jarrow_Glucosamine_Chondroitin_Combination_120_Caps_Elastic_soft.csv,2700,The object has been dropped.
/home/mdxuser/Genesis/main/data/picked_up_4/csv/Blackcurrant_Lutein/Elastic/medium/Blackcurrant_Lutein_Elastic_medium.csv,0,"End-effector start towards the object, to begin the task."
/home/mdxuser/Genesis/main/data/picked_up_4/csv/Blackcurrant_Lutein/Elastic/medium/Blackcurrant_Lutein_Elastic_medium.csv,270,"End-effector grasping the object, using moderate force, causing medium-deformation, with increasing force."
/home/mdxuser/Genesis/main/data/picked_up_4/csv/Blackcurrant_Lutein/Elastic/medium/Blackcurrant_Lutein_Elastic_medium.csv,540,"End-effector continue grasping the object, using moderate force, causing medium-deformation, with increasing force."
/home/mdxuser/Genesis/main/data/picked_up_4/csv/Blackcurrant_Lutein/Elastic/medium/Blackcurrant_Lutein_Elastic_medium.csv,810,"End-effector lifting the object, using moderate force, causing medium-deformation, with increasing force."
/home/mdxuser/Genesis/main/data/picked_up_4/csv/Blackcurrant_Lutein/Elastic/medium/Blackcurrant_Lutein_Elastic_medium.csv,1080,"End-effector rotating the object, by an angle of 30.0 degrees, using moderate force, causing medium-deformation, with constant force."
/home/mdxuser/Genesis/main/data/picked_up_4/csv/Blackcurrant_Lutein/Elastic/medium/Blackcurrant_Lutein_Elastic_medium.csv,1350,"End-effector continue rotating the object, by an angle of 30.0 degrees, using moderate force, causing medium-deformation, with constant force."
/home/mdxuser/Genesis/main/data/picked_up_4/csv/Blackcurrant_Lutein/Elastic/medium/Blackcurrant_Lutein_Elastic_medium.csv,1620,"End-effector holding position of the object, maintaining a stable hold, using moderate force, causing medium-deformation."
/home/mdxuser/Genesis/main/data/picked_up_4/csv/Blackcurrant_Lutein/Elastic/medium/Blackcurrant_Lutein_Elastic_medium.csv,1890,"End-effector rotating the object, by an angle of 45.0 degrees, using moderate force, causing medium-deformation, with constant force."
/home/mdxuser/Genesis/main/data/picked_up_4/csv/Blackcurrant_Lutein/Elastic/medium/Blackcurrant_Lutein_Elastic_medium.csv,2160,"End-effector continue rotating the object, by an angle of 45.0 degrees, using moderate force, causing medium-deformation, with constant force."
/home/mdxuser/Genesis/main/data/picked_up_4/csv/Blackcurrant_Lutein/Elastic/medium/Blackcurrant_Lutein_Elastic_medium.csv,2430,"End-effector holding position of the object, maintaining a stable hold, using moderate force, causing medium-deformation."
/home/mdxuser/Genesis/main/data/picked_up_4/csv/Blackcurrant_Lutein/Elastic/medium/Blackcurrant_Lutein_Elastic_medium.csv,2700,"End-effector stopping the object, using zero-force, causing undeformed shape."
/home/mdxuser/Genesis/main/data/picked_up_4/csv/Diet_Pepsi_Soda_Cola12_Pack_12_oz_Cans/Elastic/hard/Diet_Pepsi_Soda_Cola12_Pack_12_oz_Cans_Elastic_hard.csv,0,"End-effector start towards the object, to begin the task."
/home/mdxuser/Genesis/main/data/picked_up_4/csv/Diet_Pepsi_Soda_Cola12_Pack_12_oz_Cans/Elastic/hard/Diet_Pepsi_Soda_Cola12_Pack_12_oz_Cans_Elastic_hard.csv,270,"End-effector grasping the object, using strong force, causing hard-deformation, with increasing force."
/home/mdxuser/Genesis/main/data/picked_up_4/csv/Diet_Pepsi_Soda_Cola12_Pack_12_oz_Cans/Elastic/hard/Diet_Pepsi_Soda_Cola12_Pack_12_oz_Cans_Elastic_hard.csv,540,"End-effector continue grasping the object, using strong force, causing hard-deformation, with increasing force."
/home/mdxuser/Genesis/main/data/picked_up_4/csv/Diet_Pepsi_Soda_Cola12_Pack_12_oz_Cans/Elastic/hard/Diet_Pepsi_Soda_Cola12_Pack_12_oz_Cans_Elastic_hard.csv,810,"End-effector lifting the object, using strong force, causing hard-deformation, with increasing force."
/home/mdxuser/Genesis/main/data/picked_up_4/csv/Diet_Pepsi_Soda_Cola12_Pack_12_oz_Cans/Elastic/hard/Diet_Pepsi_Soda_Cola12_Pack_12_oz_Cans_Elastic_hard.csv,1080,"End-effector rotating the object, by an angle of 45.0 degrees, using strong force, causing hard-deformation, with constant force."
/home/mdxuser/Genesis/main/data/picked_up_4/csv/Diet_Pepsi_Soda_Cola12_Pack_12_oz_Cans/Elastic/hard/Diet_Pepsi_Soda_Cola12_Pack_12_oz_Cans_Elastic_hard.csv,1350,"End-effector continue rotating the object, by an angle of 45.0 degrees, using strong force, causing hard-deformation, with constant force."
/home/mdxuser/Genesis/main/data/picked_up_4/csv/Diet_Pepsi_Soda_Cola12_Pack_12_oz_Cans/Elastic/hard/Diet_Pepsi_Soda_Cola12_Pack_12_oz_Cans_Elastic_hard.csv,1620,"End-effector holding position of the object, maintaining a stable hold, using strong force, causing hard-deformation."
/home/mdxuser/Genesis/main/data/picked_up_4/csv/Diet_Pepsi_Soda_Cola12_Pack_12_oz_Cans/Elastic/hard/Diet_Pepsi_Soda_Cola12_Pack_12_oz_Cans_Elastic_hard.csv,1890,"End-effector rotating the object, by an angle of 45.0 degrees, using strong force, causing hard-deformation, with constant force."
/home/mdxuser/Genesis/main/data/picked_up_4/csv/Diet_Pepsi_Soda_Cola12_Pack_12_oz_Cans/Elastic/hard/Diet_Pepsi_Soda_Cola12_Pack_12_oz_Cans_Elastic_hard.csv,2160,"End-effector continue rotating the object, by an angle of 45.0 degrees, using strong force, causing hard-deformation, with constant force."
/home/mdxuser/Genesis/main/data/picked_up_4/csv/Diet_Pepsi_Soda_Cola12_Pack_12_oz_Cans/Elastic/hard/Diet_Pepsi_Soda_Cola12_Pack_12_oz_Cans_Elastic_hard.csv,2430,"End-effector holding position of the object, maintaining a stable hold, using strong force, causing hard-deformation."
/home/mdxuser/Genesis/main/data/picked_up_4/csv/Diet_Pepsi_Soda_Cola12_Pack_12_oz_Cans/Elastic/hard/Diet_Pepsi_Soda_Cola12_Pack_12_oz_Cans_Elastic_hard.csv,2700,The object has been dropped.
/home/mdxuser/Genesis/main/data/picked_up_4/csv/Blackcurrant_Lutein/Elastic/hard/Blackcurrant_Lutein_Elastic_hard.csv,0,"End-effector start towards the object, to begin the task."
/home/mdxuser/Genesis/main/data/picked_up_4/csv/Blackcurrant_Lutein/Elastic/hard/Blackcurrant_Lutein_Elastic_hard.csv,270,"End-effector grasping the object, using strong force, causing hard-deformation, with increasing force."
/home/mdxuser/Genesis/main/data/picked_up_4/csv/Blackcurrant_Lutein/Elastic/hard/Blackcurrant_Lutein_Elastic_hard.csv,540,"End-effector continue grasping the object, using strong force, causing hard-deformation, with increasing force."
/home/mdxuser/Genesis/main/data/picked_up_4/csv/Blackcurrant_Lutein/Elastic/hard/Blackcurrant_Lutein_Elastic_hard.csv,810,"End-effector lifting the object, using strong force, causing hard-deformation, with increasing force."
/home/mdxuser/Genesis/main/data/picked_up_4/csv/Blackcurrant_Lutein/Elastic/hard/Blackcurrant_Lutein_Elastic_hard.csv,1080,"End-effector rotating the object, by an angle of 45.0 degrees, using strong force, causing hard-deformation, with constant force."
/home/mdxuser/Genesis/main/data/picked_up_4/csv/Blackcurrant_Lutein/Elastic/hard/Blackcurrant_Lutein_Elastic_hard.csv,1350,"End-effector holding position of the object, maintaining a stable hold, using strong force, causing hard-deformation."
/home/mdxuser/Genesis/main/data/picked_up_4/csv/Blackcurrant_Lutein/Elastic/hard/Blackcurrant_Lutein_Elastic_hard.csv,1620,"End-effector continue holding position of the object, maintaining a stable hold, using strong force, causing hard-deformation."
/home/mdxuser/Genesis/main/data/picked_up_4/csv/Blackcurrant_Lutein/Elastic/hard/Blackcurrant_Lutein_Elastic_hard.csv,1890,"End-effector rotating the object, by an angle of 45.0 degrees, using strong force, causing hard-deformation, with constant force."
/home/mdxuser/Genesis/main/data/picked_up_4/csv/Blackcurrant_Lutein/Elastic/hard/Blackcurrant_Lutein_Elastic_hard.csv,2160,"End-effector holding position of the object, maintaining a stable hold, using strong force, causing hard-deformation."
/home/mdxuser/Genesis/main/data/picked_up_4/csv/Blackcurrant_Lutein/Elastic/hard/Blackcurrant_Lutein_Elastic_hard.csv,2430,"End-effector continue holding position of the object, maintaining a stable hold, using strong force, causing hard-deformation."
/home/mdxuser/Genesis/main/data/picked_up_4/csv/Blackcurrant_Lutein/Elastic/hard/Blackcurrant_Lutein_Elastic_hard.csv,2700,"End-effector stopping the object, using zero-force, causing undeformed shape."
/home/mdxuser/Genesis/main/data/picked_up_4/csv/Office_Depot_HP_75_Remanufactured_Ink_Cartridge_TriColor/Elastic/soft/Office_Depot_HP_75_Remanufactured_Ink_Cartridge_TriColor_Elastic_soft.csv,0,"End-effector start towards the object, to begin the task."
/home/mdxuser/Genesis/main/data/picked_up_4/csv/Office_Depot_HP_75_Remanufactured_Ink_Cartridge_TriColor/Elastic/soft/Office_Depot_HP_75_Remanufactured_Ink_Cartridge_TriColor_Elastic_soft.csv,270,"End-effector grasping the object, using gentle force, causing soft-deformation, with increasing force."
/home/mdxuser/Genesis/main/data/picked_up_4/csv/Office_Depot_HP_75_Remanufactured_Ink_Cartridge_TriColor/Elastic/soft/Office_Depot_HP_75_Remanufactured_Ink_Cartridge_TriColor_Elastic_soft.csv,540,"End-effector continue grasping the object, using gentle force, causing soft-deformation, with increasing force."
/home/mdxuser/Genesis/main/data/picked_up_4/csv/Office_Depot_HP_75_Remanufactured_Ink_Cartridge_TriColor/Elastic/soft/Office_Depot_HP_75_Remanufactured_Ink_Cartridge_TriColor_Elastic_soft.csv,810,"End-effector lifting the object, using gentle force, causing soft-deformation, with increasing force."
/home/mdxuser/Genesis/main/data/picked_up_4/csv/Office_Depot_HP_75_Remanufactured_Ink_Cartridge_TriColor/Elastic/soft/Office_Depot_HP_75_Remanufactured_Ink_Cartridge_TriColor_Elastic_soft.csv,1080,"End-effector rotating the object, by an angle of 30.0 degrees, using gentle force, causing soft-deformation, with constant force."
/home/mdxuser/Genesis/main/data/picked_up_4/csv/Office_Depot_HP_75_Remanufactured_Ink_Cartridge_TriColor/Elastic/soft/Office_Depot_HP_75_Remanufactured_Ink_Cartridge_TriColor_Elastic_soft.csv,1350,"End-effector continue rotating the object, by an angle of 30.0 degrees, using gentle force, causing soft-deformation, with constant force."
/home/mdxuser/Genesis/main/data/picked_up_4/csv/Office_Depot_HP_75_Remanufactured_Ink_Cartridge_TriColor/Elastic/soft/Office_Depot_HP_75_Remanufactured_Ink_Cartridge_TriColor_Elastic_soft.csv,1620,"End-effector holding position of the object, maintaining a stable hold, using gentle force, causing soft-deformation."
/home/mdxuser/Genesis/main/data/picked_up_4/csv/Office_Depot_HP_75_Remanufactured_Ink_Cartridge_TriColor/Elastic/soft/Office_Depot_HP_75_Remanufactured_Ink_Cartridge_TriColor_Elastic_soft.csv,1890,The object has been dropped.
/home/mdxuser/Genesis/main/data/picked_up_4/csv/Office_Depot_HP_75_Remanufactured_Ink_Cartridge_TriColor/Elastic/soft/Office_Depot_HP_75_Remanufactured_Ink_Cartridge_TriColor_Elastic_soft.csv,2160,The object has been dropped.
/home/mdxuser/Genesis/main/data/picked_up_4/csv/Office_Depot_HP_75_Remanufactured_Ink_Cartridge_TriColor/Elastic/soft/Office_Depot_HP_75_Remanufactured_Ink_Cartridge_TriColor_Elastic_soft.csv,2430,The object has been dropped.
/home/mdxuser/Genesis/main/data/picked_up_4/csv/Office_Depot_HP_75_Remanufactured_Ink_Cartridge_TriColor/Elastic/soft/Office_Depot_HP_75_Remanufactured_Ink_Cartridge_TriColor_Elastic_soft.csv,2700,The object has been dropped.
/home/mdxuser/Genesis/main/data/picked_up_4/csv/BlackBlack_Nintendo_3DSXL/Elastic/medium/BlackBlack_Nintendo_3DSXL_Elastic_medium.csv,0,"End-effector start towards the object, to begin the task."
/home/mdxuser/Genesis/main/data/picked_up_4/csv/BlackBlack_Nintendo_3DSXL/Elastic/medium/BlackBlack_Nintendo_3DSXL_Elastic_medium.csv,270,"End-effector grasping the object, using moderate force, causing medium-deformation, with increasing force."
/home/mdxuser/Genesis/main/data/picked_up_4/csv/BlackBlack_Nintendo_3DSXL/Elastic/medium/BlackBlack_Nintendo_3DSXL_Elastic_medium.csv,540,"End-effector continue grasping the object, using moderate force, causing medium-deformation, with increasing force."
/home/mdxuser/Genesis/main/data/picked_up_4/csv/BlackBlack_Nintendo_3DSXL/Elastic/medium/BlackBlack_Nintendo_3DSXL_Elastic_medium.csv,810,"End-effector lifting the object, using moderate force, causing medium-deformation, with increasing force."
/home/mdxuser/Genesis/main/data/picked_up_4/csv/BlackBlack_Nintendo_3DSXL/Elastic/medium/BlackBlack_Nintendo_3DSXL_Elastic_medium.csv,1080,"End-effector rotating the object, by an angle of 45.0 degrees, using moderate force, causing medium-deformation, with constant force."
/home/mdxuser/Genesis/main/data/picked_up_4/csv/BlackBlack_Nintendo_3DSXL/Elastic/medium/BlackBlack_Nintendo_3DSXL_Elastic_medium.csv,1350,"End-effector holding position of the object, maintaining a stable hold, using moderate force, causing medium-deformation."
/home/mdxuser/Genesis/main/data/picked_up_4/csv/BlackBlack_Nintendo_3DSXL/Elastic/medium/BlackBlack_Nintendo_3DSXL_Elastic_medium.csv,1620,"End-effector continue holding position of the object, maintaining a stable hold, using moderate force, causing medium-deformation."
/home/mdxuser/Genesis/main/data/picked_up_4/csv/BlackBlack_Nintendo_3DSXL/Elastic/medium/BlackBlack_Nintendo_3DSXL_Elastic_medium.csv,1890,The object has been dropped.
/home/mdxuser/Genesis/main/data/picked_up_4/csv/BlackBlack_Nintendo_3DSXL/Elastic/medium/BlackBlack_Nintendo_3DSXL_Elastic_medium.csv,2160,The object has been dropped.
/home/mdxuser/Genesis/main/data/picked_up_4/csv/BlackBlack_Nintendo_3DSXL/Elastic/medium/BlackBlack_Nintendo_3DSXL_Elastic_medium.csv,2430,The object has been dropped.
/home/mdxuser/Genesis/main/data/picked_up_4/csv/BlackBlack_Nintendo_3DSXL/Elastic/medium/BlackBlack_Nintendo_3DSXL_Elastic_medium.csv,2700,The object has been dropped.
/home/mdxuser/Genesis/main/data/picked_up_4/csv/Melissa_Doug_Pound_and_Roll/Elastic/hard/Melissa_Doug_Pound_and_Roll_Elastic_hard.csv,0,"End-effector start towards the object, to begin the task."
/home/mdxuser/Genesis/main/data/picked_up_4/csv/Melissa_Doug_Pound_and_Roll/Elastic/hard/Melissa_Doug_Pound_and_Roll_Elastic_hard.csv,270,"End-effector grasping the object, using strong force, causing hard-deformation, with increasing force."
/home/mdxuser/Genesis/main/data/picked_up_4/csv/Melissa_Doug_Pound_and_Roll/Elastic/hard/Melissa_Doug_Pound_and_Roll_Elastic_hard.csv,540,"End-effector continue grasping the object, using strong force, causing hard-deformation, with increasing force."
/home/mdxuser/Genesis/main/data/picked_up_4/csv/Melissa_Doug_Pound_and_Roll/Elastic/hard/Melissa_Doug_Pound_and_Roll_Elastic_hard.csv,810,"End-effector lifting the object, using strong force, causing hard-deformation, with increasing force."
/home/mdxuser/Genesis/main/data/picked_up_4/csv/Melissa_Doug_Pound_and_Roll/Elastic/hard/Melissa_Doug_Pound_and_Roll_Elastic_hard.csv,1080,"End-effector rotating the object, by an angle of 30.0 degrees, using strong force, causing hard-deformation, with constant force."
/home/mdxuser/Genesis/main/data/picked_up_4/csv/Melissa_Doug_Pound_and_Roll/Elastic/hard/Melissa_Doug_Pound_and_Roll_Elastic_hard.csv,1350,"End-effector continue rotating the object, by an angle of 30.0 degrees, using strong force, causing hard-deformation, with constant force."
/home/mdxuser/Genesis/main/data/picked_up_4/csv/Melissa_Doug_Pound_and_Roll/Elastic/hard/Melissa_Doug_Pound_and_Roll_Elastic_hard.csv,1620,"End-effector holding position of the object, maintaining a stable hold, using strong force, causing hard-deformation."
/home/mdxuser/Genesis/main/data/picked_up_4/csv/Melissa_Doug_Pound_and_Roll/Elastic/hard/Melissa_Doug_Pound_and_Roll_Elastic_hard.csv,1890,The object has been dropped.
/home/mdxuser/Genesis/main/data/picked_up_4/csv/Melissa_Doug_Pound_and_Roll/Elastic/hard/Melissa_Doug_Pound_and_Roll_Elastic_hard.csv,2160,The object has been dropped.
/home/mdxuser/Genesis/main/data/picked_up_4/csv/Melissa_Doug_Pound_and_Roll/Elastic/hard/Melissa_Doug_Pound_and_Roll_Elastic_hard.csv,2430,The object has been dropped.
/home/mdxuser/Genesis/main/data/picked_up_4/csv/Melissa_Doug_Pound_and_Roll/Elastic/hard/Melissa_Doug_Pound_and_Roll_Elastic_hard.csv,2700,The object has been dropped.
/home/mdxuser/Genesis/main/data/picked_up_4/csv/ASICS_GELBlur33_20_GS_Flash_YellowHot_PunchSilver/Elastic/soft/ASICS_GELBlur33_20_GS_Flash_YellowHot_PunchSilver_Elastic_soft.csv,0,"End-effector start towards the object, to begin the task."
/home/mdxuser/Genesis/main/data/picked_up_4/csv/ASICS_GELBlur33_20_GS_Flash_YellowHot_PunchSilver/Elastic/soft/ASICS_GELBlur33_20_GS_Flash_YellowHot_PunchSilver_Elastic_soft.csv,270,"End-effector grasping the object, using gentle force, causing soft-deformation, with increasing force."
/home/mdxuser/Genesis/main/data/picked_up_4/csv/ASICS_GELBlur33_20_GS_Flash_YellowHot_PunchSilver/Elastic/soft/ASICS_GELBlur33_20_GS_Flash_YellowHot_PunchSilver_Elastic_soft.csv,540,"End-effector continue grasping the object, using gentle force, causing soft-deformation, with increasing force."
/home/mdxuser/Genesis/main/data/picked_up_4/csv/ASICS_GELBlur33_20_GS_Flash_YellowHot_PunchSilver/Elastic/soft/ASICS_GELBlur33_20_GS_Flash_YellowHot_PunchSilver_Elastic_soft.csv,810,"End-effector lifting the object, using gentle force, causing soft-deformation, with increasing force."
/home/mdxuser/Genesis/main/data/picked_up_4/csv/ASICS_GELBlur33_20_GS_Flash_YellowHot_PunchSilver/Elastic/soft/ASICS_GELBlur33_20_GS_Flash_YellowHot_PunchSilver_Elastic_soft.csv,1080,"End-effector rotating the object, by an angle of 45.0 degrees, using gentle force, causing soft-deformation, with constant force."
/home/mdxuser/Genesis/main/data/picked_up_4/csv/ASICS_GELBlur33_20_GS_Flash_YellowHot_PunchSilver/Elastic/soft/ASICS_GELBlur33_20_GS_Flash_YellowHot_PunchSilver_Elastic_soft.csv,1350,"End-effector continue rotating the object, by an angle of 45.0 degrees, using gentle force, causing soft-deformation, with constant force."
/home/mdxuser/Genesis/main/data/picked_up_4/csv/ASICS_GELBlur33_20_GS_Flash_YellowHot_PunchSilver/Elastic/soft/ASICS_GELBlur33_20_GS_Flash_YellowHot_PunchSilver_Elastic_soft.csv,1620,The object has been dropped.
/home/mdxuser/Genesis/main/data/picked_up_4/csv/ASICS_GELBlur33_20_GS_Flash_YellowHot_PunchSilver/Elastic/soft/ASICS_GELBlur33_20_GS_Flash_YellowHot_PunchSilver_Elastic_soft.csv,1890,The object has been dropped.
/home/mdxuser/Genesis/main/data/picked_up_4/csv/ASICS_GELBlur33_20_GS_Flash_YellowHot_PunchSilver/Elastic/soft/ASICS_GELBlur33_20_GS_Flash_YellowHot_PunchSilver_Elastic_soft.csv,2160,The object has been dropped.
/home/mdxuser/Genesis/main/data/picked_up_4/csv/ASICS_GELBlur33_20_GS_Flash_YellowHot_PunchSilver/Elastic/soft/ASICS_GELBlur33_20_GS_Flash_YellowHot_PunchSilver_Elastic_soft.csv,2430,The object has been dropped.
/home/mdxuser/Genesis/main/data/picked_up_4/csv/ASICS_GELBlur33_20_GS_Flash_YellowHot_PunchSilver/Elastic/soft/ASICS_GELBlur33_20_GS_Flash_YellowHot_PunchSilver_Elastic_soft.csv,2700,The object has been dropped.
/home/mdxuser/Genesis/main/data/picked_up_4/csv/Crayola_Model_Magic_Modeling_Material_White_3_oz/Elastic/medium/Crayola_Model_Magic_Modeling_Material_White_3_oz_Elastic_medium.csv,0,"End-effector start towards the object, to begin the task."
/home/mdxuser/Genesis/main/data/picked_up_4/csv/Crayola_Model_Magic_Modeling_Material_White_3_oz/Elastic/medium/Crayola_Model_Magic_Modeling_Material_White_3_oz_Elastic_medium.csv,270,"End-effector grasping the object, using moderate force, causing medium-deformation, with increasing force."
/home/mdxuser/Genesis/main/data/picked_up_4/csv/Crayola_Model_Magic_Modeling_Material_White_3_oz/Elastic/medium/Crayola_Model_Magic_Modeling_Material_White_3_oz_Elastic_medium.csv,540,"End-effector continue grasping the object, using moderate force, causing medium-deformation, with increasing force."
/home/mdxuser/Genesis/main/data/picked_up_4/csv/Crayola_Model_Magic_Modeling_Material_White_3_oz/Elastic/medium/Crayola_Model_Magic_Modeling_Material_White_3_oz_Elastic_medium.csv,810,"End-effector lifting the object, using moderate force, causing medium-deformation, with increasing force."
/home/mdxuser/Genesis/main/data/picked_up_4/csv/Crayola_Model_Magic_Modeling_Material_White_3_oz/Elastic/medium/Crayola_Model_Magic_Modeling_Material_White_3_oz_Elastic_medium.csv,1080,"End-effector rotating the object, by an angle of 30.0 degrees, using moderate force, causing medium-deformation, with constant force."
/home/mdxuser/Genesis/main/data/picked_up_4/csv/Crayola_Model_Magic_Modeling_Material_White_3_oz/Elastic/medium/Crayola_Model_Magic_Modeling_Material_White_3_oz_Elastic_medium.csv,1350,"End-effector continue rotating the object, by an angle of 30.0 degrees, using moderate force, causing medium-deformation, with constant force."
/home/mdxuser/Genesis/main/data/picked_up_4/csv/Crayola_Model_Magic_Modeling_Material_White_3_oz/Elastic/medium/Crayola_Model_Magic_Modeling_Material_White_3_oz_Elastic_medium.csv,1620,The object has been dropped.
/home/mdxuser/Genesis/main/data/picked_up_4/csv/Crayola_Model_Magic_Modeling_Material_White_3_oz/Elastic/medium/Crayola_Model_Magic_Modeling_Material_White_3_oz_Elastic_medium.csv,1890,The object has been dropped.
/home/mdxuser/Genesis/main/data/picked_up_4/csv/Crayola_Model_Magic_Modeling_Material_White_3_oz/Elastic/medium/Crayola_Model_Magic_Modeling_Material_White_3_oz_Elastic_medium.csv,2160,The object has been dropped.
/home/mdxuser/Genesis/main/data/picked_up_4/csv/Crayola_Model_Magic_Modeling_Material_White_3_oz/Elastic/medium/Crayola_Model_Magic_Modeling_Material_White_3_oz_Elastic_medium.csv,2430,The object has been dropped.
/home/mdxuser/Genesis/main/data/picked_up_4/csv/Crayola_Model_Magic_Modeling_Material_White_3_oz/Elastic/medium/Crayola_Model_Magic_Modeling_Material_White_3_oz_Elastic_medium.csv,2700,The object has been dropped.
/home/mdxuser/Genesis/main/data/picked_up_4/csv/BAGEL_WITH_CHEESE/Elastic/medium/BAGEL_WITH_CHEESE_Elastic_medium.csv,0,"End-effector start towards the object, to begin the task."
/home/mdxuser/Genesis/main/data/picked_up_4/csv/BAGEL_WITH_CHEESE/Elastic/medium/BAGEL_WITH_CHEESE_Elastic_medium.csv,270,"End-effector grasping the object, using moderate force, causing medium-deformation, with increasing force."
/home/mdxuser/Genesis/main/data/picked_up_4/csv/BAGEL_WITH_CHEESE/Elastic/medium/BAGEL_WITH_CHEESE_Elastic_medium.csv,540,"End-effector continue grasping the object, using moderate force, causing medium-deformation, with increasing force."
/home/mdxuser/Genesis/main/data/picked_up_4/csv/BAGEL_WITH_CHEESE/Elastic/medium/BAGEL_WITH_CHEESE_Elastic_medium.csv,810,"End-effector lifting the object, using moderate force, causing medium-deformation, with increasing force."
/home/mdxuser/Genesis/main/data/picked_up_4/csv/BAGEL_WITH_CHEESE/Elastic/medium/BAGEL_WITH_CHEESE_Elastic_medium.csv,1080,"End-effector rotating the object, by an angle of 45.0 degrees, using moderate force, causing medium-deformation, with constant force."
/home/mdxuser/Genesis/main/data/picked_up_4/csv/BAGEL_WITH_CHEESE/Elastic/medium/BAGEL_WITH_CHEESE_Elastic_medium.csv,1350,The object has been dropped.
/home/mdxuser/Genesis/main/data/picked_up_4/csv/BAGEL_WITH_CHEESE/Elastic/medium/BAGEL_WITH_CHEESE_Elastic_medium.csv,1620,The object has been dropped.
/home/mdxuser/Genesis/main/data/picked_up_4/csv/BAGEL_WITH_CHEESE/Elastic/medium/BAGEL_WITH_CHEESE_Elastic_medium.csv,1890,The object has been dropped.
/home/mdxuser/Genesis/main/data/picked_up_4/csv/BAGEL_WITH_CHEESE/Elastic/medium/BAGEL_WITH_CHEESE_Elastic_medium.csv,2160,The object has been dropped.
/home/mdxuser/Genesis/main/data/picked_up_4/csv/BAGEL_WITH_CHEESE/Elastic/medium/BAGEL_WITH_CHEESE_Elastic_medium.csv,2430,The object has been dropped.
/home/mdxuser/Genesis/main/data/picked_up_4/csv/BAGEL_WITH_CHEESE/Elastic/medium/BAGEL_WITH_CHEESE_Elastic_medium.csv,2700,The object has been dropped.
/home/mdxuser/Genesis/main/data/picked_up_4/csv/CoQ10_BjTLbuRVt1t/Elastic/soft/CoQ10_BjTLbuRVt1t_Elastic_soft.csv,0,"End-effector start towards the object, to begin the task."
/home/mdxuser/Genesis/main/data/picked_up_4/csv/CoQ10_BjTLbuRVt1t/Elastic/soft/CoQ10_BjTLbuRVt1t_Elastic_soft.csv,270,"End-effector grasping the object, using gentle force, causing soft-deformation, with increasing force."
/home/mdxuser/Genesis/main/data/picked_up_4/csv/CoQ10_BjTLbuRVt1t/Elastic/soft/CoQ10_BjTLbuRVt1t_Elastic_soft.csv,540,"End-effector continue grasping the object, using gentle force, causing soft-deformation, with increasing force."
/home/mdxuser/Genesis/main/data/picked_up_4/csv/CoQ10_BjTLbuRVt1t/Elastic/soft/CoQ10_BjTLbuRVt1t_Elastic_soft.csv,810,"End-effector lifting the object, using gentle force, causing soft-deformation, with increasing force."
/home/mdxuser/Genesis/main/data/picked_up_4/csv/CoQ10_BjTLbuRVt1t/Elastic/soft/CoQ10_BjTLbuRVt1t_Elastic_soft.csv,1080,"End-effector rotating the object, by an angle of 30.0 degrees, using gentle force, causing soft-deformation, with constant force."
/home/mdxuser/Genesis/main/data/picked_up_4/csv/CoQ10_BjTLbuRVt1t/Elastic/soft/CoQ10_BjTLbuRVt1t_Elastic_soft.csv,1350,"End-effector continue rotating the object, by an angle of 30.0 degrees, using gentle force, causing soft-deformation, with constant force."
/home/mdxuser/Genesis/main/data/picked_up_4/csv/CoQ10_BjTLbuRVt1t/Elastic/soft/CoQ10_BjTLbuRVt1t_Elastic_soft.csv,1620,"End-effector holding position of the object, maintaining a stable hold, using gentle force, causing soft-deformation."
/home/mdxuser/Genesis/main/data/picked_up_4/csv/CoQ10_BjTLbuRVt1t/Elastic/soft/CoQ10_BjTLbuRVt1t_Elastic_soft.csv,1890,"End-effector rotating the object, by an angle of 30.0 degrees, using gentle force, causing soft-deformation, with constant force."
/home/mdxuser/Genesis/main/data/picked_up_4/csv/CoQ10_BjTLbuRVt1t/Elastic/soft/CoQ10_BjTLbuRVt1t_Elastic_soft.csv,2160,"End-effector continue rotating the object, by an angle of 30.0 degrees, using gentle force, causing soft-deformation, with constant force."
/home/mdxuser/Genesis/main/data/picked_up_4/csv/CoQ10_BjTLbuRVt1t/Elastic/soft/CoQ10_BjTLbuRVt1t_Elastic_soft.csv,2430,The object has been dropped.
/home/mdxuser/Genesis/main/data/picked_up_4/csv/CoQ10_BjTLbuRVt1t/Elastic/soft/CoQ10_BjTLbuRVt1t_Elastic_soft.csv,2700,The object has been dropped.
/home/mdxuser/Genesis/main/data/picked_up_4/csv/Office_Depot_Canon_CL_41_Remanufactured_Ink_Cartridge_TriColor/Elastic/soft/Office_Depot_Canon_CL_41_Remanufactured_Ink_Cartridge_TriColor_Elastic_soft.csv,0,"End-effector start towards the object, to begin the task."
/home/mdxuser/Genesis/main/data/picked_up_4/csv/Office_Depot_Canon_CL_41_Remanufactured_Ink_Cartridge_TriColor/Elastic/soft/Office_Depot_Canon_CL_41_Remanufactured_Ink_Cartridge_TriColor_Elastic_soft.csv,270,"End-effector grasping the object, using gentle force, causing soft-deformation, with increasing force."
/home/mdxuser/Genesis/main/data/picked_up_4/csv/Office_Depot_Canon_CL_41_Remanufactured_Ink_Cartridge_TriColor/Elastic/soft/Office_Depot_Canon_CL_41_Remanufactured_Ink_Cartridge_TriColor_Elastic_soft.csv,540,"End-effector continue grasping the object, using gentle force, causing soft-deformation, with increasing force."
/home/mdxuser/Genesis/main/data/picked_up_4/csv/Office_Depot_Canon_CL_41_Remanufactured_Ink_Cartridge_TriColor/Elastic/soft/Office_Depot_Canon_CL_41_Remanufactured_Ink_Cartridge_TriColor_Elastic_soft.csv,810,"End-effector lifting the object, using gentle force, causing soft-deformation, with increasing force."
/home/mdxuser/Genesis/main/data/picked_up_4/csv/Office_Depot_Canon_CL_41_Remanufactured_Ink_Cartridge_TriColor/Elastic/soft/Office_Depot_Canon_CL_41_Remanufactured_Ink_Cartridge_TriColor_Elastic_soft.csv,1080,"End-effector rotating the object, by an angle of 45.0 degrees, using gentle force, causing soft-deformation, with constant force."
/home/mdxuser/Genesis/main/data/picked_up_4/csv/Office_Depot_Canon_CL_41_Remanufactured_Ink_Cartridge_TriColor/Elastic/soft/Office_Depot_Canon_CL_41_Remanufactured_Ink_Cartridge_TriColor_Elastic_soft.csv,1350,"End-effector holding position of the object, maintaining a stable hold, using gentle force, causing soft-deformation."
/home/mdxuser/Genesis/main/data/picked_up_4/csv/Office_Depot_Canon_CL_41_Remanufactured_Ink_Cartridge_TriColor/Elastic/soft/Office_Depot_Canon_CL_41_Remanufactured_Ink_Cartridge_TriColor_Elastic_soft.csv,1620,"End-effector continue holding position of the object, maintaining a stable hold, using gentle force, causing soft-deformation."
/home/mdxuser/Genesis/main/data/picked_up_4/csv/Office_Depot_Canon_CL_41_Remanufactured_Ink_Cartridge_TriColor/Elastic/soft/Office_Depot_Canon_CL_41_Remanufactured_Ink_Cartridge_TriColor_Elastic_soft.csv,1890,"End-effector rotating the object, by an angle of 45.0 degrees, using gentle force, causing soft-deformation, with constant force."
/home/mdxuser/Genesis/main/data/picked_up_4/csv/Office_Depot_Canon_CL_41_Remanufactured_Ink_Cartridge_TriColor/Elastic/soft/Office_Depot_Canon_CL_41_Remanufactured_Ink_Cartridge_TriColor_Elastic_soft.csv,2160,"End-effector continue rotating the object, by an angle of 45.0 degrees, using gentle force, causing soft-deformation, with constant force."
/home/mdxuser/Genesis/main/data/picked_up_4/csv/Office_Depot_Canon_CL_41_Remanufactured_Ink_Cartridge_TriColor/Elastic/soft/Office_Depot_Canon_CL_41_Remanufactured_Ink_Cartridge_TriColor_Elastic_soft.csv,2430,"End-effector holding position of the object, maintaining a stable hold, using gentle force, causing soft-deformation."
/home/mdxuser/Genesis/main/data/picked_up_4/csv/Office_Depot_Canon_CL_41_Remanufactured_Ink_Cartridge_TriColor/Elastic/soft/Office_Depot_Canon_CL_41_Remanufactured_Ink_Cartridge_TriColor_Elastic_soft.csv,2700,"End-effector stopping the object, using zero-force, causing undeformed shape."
/home/mdxuser/Genesis/main/data/picked_up_4/csv/BAGEL_WITH_CHEESE/Elastic/soft/BAGEL_WITH_CHEESE_Elastic_soft.csv,0,"End-effector start towards the object, to begin the task."
/home/mdxuser/Genesis/main/data/picked_up_4/csv/BAGEL_WITH_CHEESE/Elastic/soft/BAGEL_WITH_CHEESE_Elastic_soft.csv,270,"End-effector grasping the object, using gentle force, causing soft-deformation, with increasing force."
/home/mdxuser/Genesis/main/data/picked_up_4/csv/BAGEL_WITH_CHEESE/Elastic/soft/BAGEL_WITH_CHEESE_Elastic_soft.csv,540,"End-effector continue grasping the object, using gentle force, causing soft-deformation, with increasing force."
/home/mdxuser/Genesis/main/data/picked_up_4/csv/BAGEL_WITH_CHEESE/Elastic/soft/BAGEL_WITH_CHEESE_Elastic_soft.csv,810,"End-effector lifting the object, using gentle force, causing soft-deformation, with increasing force."
/home/mdxuser/Genesis/main/data/picked_up_4/csv/BAGEL_WITH_CHEESE/Elastic/soft/BAGEL_WITH_CHEESE_Elastic_soft.csv,1080,"End-effector rotating the object, by an angle of 45.0 degrees, using gentle force, causing soft-deformation, with constant force."
/home/mdxuser/Genesis/main/data/picked_up_4/csv/BAGEL_WITH_CHEESE/Elastic/soft/BAGEL_WITH_CHEESE_Elastic_soft.csv,1350,"End-effector holding position of the object, maintaining a stable hold, using gentle force, causing soft-deformation."
/home/mdxuser/Genesis/main/data/picked_up_4/csv/BAGEL_WITH_CHEESE/Elastic/soft/BAGEL_WITH_CHEESE_Elastic_soft.csv,1620,"End-effector continue holding position of the object, maintaining a stable hold, using gentle force, causing soft-deformation."
/home/mdxuser/Genesis/main/data/picked_up_4/csv/BAGEL_WITH_CHEESE/Elastic/soft/BAGEL_WITH_CHEESE_Elastic_soft.csv,1890,The object has been dropped.
/home/mdxuser/Genesis/main/data/picked_up_4/csv/BAGEL_WITH_CHEESE/Elastic/soft/BAGEL_WITH_CHEESE_Elastic_soft.csv,2160,The object has been dropped.
/home/mdxuser/Genesis/main/data/picked_up_4/csv/BAGEL_WITH_CHEESE/Elastic/soft/BAGEL_WITH_CHEESE_Elastic_soft.csv,2430,The object has been dropped.
/home/mdxuser/Genesis/main/data/picked_up_4/csv/BAGEL_WITH_CHEESE/Elastic/soft/BAGEL_WITH_CHEESE_Elastic_soft.csv,2700,The object has been dropped.
/home/mdxuser/Genesis/main/data/picked_up_4/csv/Android_Lego/Elastic/soft/Android_Lego_Elastic_soft.csv,0,"End-effector start towards the object, to begin the task."
/home/mdxuser/Genesis/main/data/picked_up_4/csv/Android_Lego/Elastic/soft/Android_Lego_Elastic_soft.csv,270,"End-effector grasping the object, using gentle force, causing soft-deformation, with increasing force."
/home/mdxuser/Genesis/main/data/picked_up_4/csv/Android_Lego/Elastic/soft/Android_Lego_Elastic_soft.csv,540,"End-effector continue grasping the object, using gentle force, causing soft-deformation, with increasing force."
/home/mdxuser/Genesis/main/data/picked_up_4/csv/Android_Lego/Elastic/soft/Android_Lego_Elastic_soft.csv,810,"End-effector lifting the object, using gentle force, causing soft-deformation, with increasing force."
/home/mdxuser/Genesis/main/data/picked_up_4/csv/Android_Lego/Elastic/soft/Android_Lego_Elastic_soft.csv,1080,"End-effector rotating the object, by an angle of 30.0 degrees, using gentle force, causing soft-deformation, with constant force."
/home/mdxuser/Genesis/main/data/picked_up_4/csv/Android_Lego/Elastic/soft/Android_Lego_Elastic_soft.csv,1350,"End-effector continue rotating the object, by an angle of 30.0 degrees, using gentle force, causing soft-deformation, with constant force."
/home/mdxuser/Genesis/main/data/picked_up_4/csv/Android_Lego/Elastic/soft/Android_Lego_Elastic_soft.csv,1620,"End-effector holding position of the object, maintaining a stable hold, using gentle force, causing soft-deformation."
/home/mdxuser/Genesis/main/data/picked_up_4/csv/Android_Lego/Elastic/soft/Android_Lego_Elastic_soft.csv,1890,"End-effector rotating the object, by an angle of 30.0 degrees, using gentle force, causing soft-deformation, with constant force."
/home/mdxuser/Genesis/main/data/picked_up_4/csv/Android_Lego/Elastic/soft/Android_Lego_Elastic_soft.csv,2160,"End-effector continue rotating the object, by an angle of 30.0 degrees, using gentle force, causing soft-deformation, with constant force."
/home/mdxuser/Genesis/main/data/picked_up_4/csv/Android_Lego/Elastic/soft/Android_Lego_Elastic_soft.csv,2430,"End-effector holding position of the object, maintaining a stable hold, using gentle force, causing soft-deformation."
/home/mdxuser/Genesis/main/data/picked_up_4/csv/Android_Lego/Elastic/soft/Android_Lego_Elastic_soft.csv,2700,"End-effector stopping the object, using zero-force, causing undeformed shape."
/home/mdxuser/Genesis/main/data/picked_up_4/csv/Cole_Hardware_Electric_Pot_Cabana_55/Elastic/hard/Cole_Hardware_Electric_Pot_Cabana_55_Elastic_hard.csv,0,"End-effector start towards the object, to begin the task."
/home/mdxuser/Genesis/main/data/picked_up_4/csv/Cole_Hardware_Electric_Pot_Cabana_55/Elastic/hard/Cole_Hardware_Electric_Pot_Cabana_55_Elastic_hard.csv,270,"End-effector grasping the object, using strong force, causing hard-deformation, with increasing force."
/home/mdxuser/Genesis/main/data/picked_up_4/csv/Cole_Hardware_Electric_Pot_Cabana_55/Elastic/hard/Cole_Hardware_Electric_Pot_Cabana_55_Elastic_hard.csv,540,"End-effector continue grasping the object, using strong force, causing hard-deformation, with increasing force."
/home/mdxuser/Genesis/main/data/picked_up_4/csv/Cole_Hardware_Electric_Pot_Cabana_55/Elastic/hard/Cole_Hardware_Electric_Pot_Cabana_55_Elastic_hard.csv,810,"End-effector lifting the object, using strong force, causing hard-deformation, with increasing force."
/home/mdxuser/Genesis/main/data/picked_up_4/csv/Cole_Hardware_Electric_Pot_Cabana_55/Elastic/hard/Cole_Hardware_Electric_Pot_Cabana_55_Elastic_hard.csv,1080,"End-effector rotating the object, by an angle of 30.0 degrees, using strong force, causing hard-deformation, with constant force."
/home/mdxuser/Genesis/main/data/picked_up_4/csv/Cole_Hardware_Electric_Pot_Cabana_55/Elastic/hard/Cole_Hardware_Electric_Pot_Cabana_55_Elastic_hard.csv,1350,"End-effector continue rotating the object, by an angle of 30.0 degrees, using strong force, causing hard-deformation, with constant force."
/home/mdxuser/Genesis/main/data/picked_up_4/csv/Cole_Hardware_Electric_Pot_Cabana_55/Elastic/hard/Cole_Hardware_Electric_Pot_Cabana_55_Elastic_hard.csv,1620,"End-effector holding position of the object, maintaining a stable hold, using strong force, causing hard-deformation."
/home/mdxuser/Genesis/main/data/picked_up_4/csv/Cole_Hardware_Electric_Pot_Cabana_55/Elastic/hard/Cole_Hardware_Electric_Pot_Cabana_55_Elastic_hard.csv,1890,"End-effector rotating the object, by an angle of 30.0 degrees, using strong force, causing hard-deformation, with constant force."
/home/mdxuser/Genesis/main/data/picked_up_4/csv/Cole_Hardware_Electric_Pot_Cabana_55/Elastic/hard/Cole_Hardware_Electric_Pot_Cabana_55_Elastic_hard.csv,2160,"End-effector continue rotating the object, by an angle of 30.0 degrees, using strong force, causing hard-deformation, with constant force."
/home/mdxuser/Genesis/main/data/picked_up_4/csv/Cole_Hardware_Electric_Pot_Cabana_55/Elastic/hard/Cole_Hardware_Electric_Pot_Cabana_55_Elastic_hard.csv,2430,"End-effector holding position of the object, maintaining a stable hold, using strong force, causing hard-deformation."
/home/mdxuser/Genesis/main/data/picked_up_4/csv/Cole_Hardware_Electric_Pot_Cabana_55/Elastic/hard/Cole_Hardware_Electric_Pot_Cabana_55_Elastic_hard.csv,2700,The object has been dropped.
/home/mdxuser/Genesis/main/data/picked_up_4/csv/Perricone_MD_Neuropeptide_Firming_Moisturizer/Elastic/medium/Perricone_MD_Neuropeptide_Firming_Moisturizer_Elastic_medium.csv,0,"End-effector start towards the object, to begin the task."
/home/mdxuser/Genesis/main/data/picked_up_4/csv/Perricone_MD_Neuropeptide_Firming_Moisturizer/Elastic/medium/Perricone_MD_Neuropeptide_Firming_Moisturizer_Elastic_medium.csv,270,"End-effector grasping the object, using moderate force, causing medium-deformation, with increasing force."
/home/mdxuser/Genesis/main/data/picked_up_4/csv/Perricone_MD_Neuropeptide_Firming_Moisturizer/Elastic/medium/Perricone_MD_Neuropeptide_Firming_Moisturizer_Elastic_medium.csv,540,"End-effector continue grasping the object, using moderate force, causing medium-deformation, with increasing force."
/home/mdxuser/Genesis/main/data/picked_up_4/csv/Perricone_MD_Neuropeptide_Firming_Moisturizer/Elastic/medium/Perricone_MD_Neuropeptide_Firming_Moisturizer_Elastic_medium.csv,810,"End-effector lifting the object, using moderate force, causing medium-deformation, with increasing force."
/home/mdxuser/Genesis/main/data/picked_up_4/csv/Perricone_MD_Neuropeptide_Firming_Moisturizer/Elastic/medium/Perricone_MD_Neuropeptide_Firming_Moisturizer_Elastic_medium.csv,1080,"End-effector rotating the object, by an angle of 45.0 degrees, using moderate force, causing medium-deformation, with constant force."
/home/mdxuser/Genesis/main/data/picked_up_4/csv/Perricone_MD_Neuropeptide_Firming_Moisturizer/Elastic/medium/Perricone_MD_Neuropeptide_Firming_Moisturizer_Elastic_medium.csv,1350,"End-effector holding position of the object, maintaining a stable hold, using moderate force, causing medium-deformation."
/home/mdxuser/Genesis/main/data/picked_up_4/csv/Perricone_MD_Neuropeptide_Firming_Moisturizer/Elastic/medium/Perricone_MD_Neuropeptide_Firming_Moisturizer_Elastic_medium.csv,1620,"End-effector continue holding position of the object, maintaining a stable hold, using moderate force, causing medium-deformation."
/home/mdxuser/Genesis/main/data/picked_up_4/csv/Perricone_MD_Neuropeptide_Firming_Moisturizer/Elastic/medium/Perricone_MD_Neuropeptide_Firming_Moisturizer_Elastic_medium.csv,1890,"End-effector rotating the object, by an angle of 45.0 degrees, using moderate force, causing medium-deformation, with constant force."
/home/mdxuser/Genesis/main/data/picked_up_4/csv/Perricone_MD_Neuropeptide_Firming_Moisturizer/Elastic/medium/Perricone_MD_Neuropeptide_Firming_Moisturizer_Elastic_medium.csv,2160,"End-effector holding position of the object, maintaining a stable hold, using moderate force, causing medium-deformation."
/home/mdxuser/Genesis/main/data/picked_up_4/csv/Perricone_MD_Neuropeptide_Firming_Moisturizer/Elastic/medium/Perricone_MD_Neuropeptide_Firming_Moisturizer_Elastic_medium.csv,2430,"End-effector continue holding position of the object, maintaining a stable hold, using moderate force, causing medium-deformation."
/home/mdxuser/Genesis/main/data/picked_up_4/csv/Perricone_MD_Neuropeptide_Firming_Moisturizer/Elastic/medium/Perricone_MD_Neuropeptide_Firming_Moisturizer_Elastic_medium.csv,2700,"End-effector stopping the object, using zero-force, causing undeformed shape."
/home/mdxuser/Genesis/main/data/picked_up_4/csv/Dog/Elastic/medium/Dog_Elastic_medium.csv,0,"End-effector start towards the object, to begin the task."
/home/mdxuser/Genesis/main/data/picked_up_4/csv/Dog/Elastic/medium/Dog_Elastic_medium.csv,270,"End-effector grasping the object, using moderate force, causing medium-deformation, with increasing force."
/home/mdxuser/Genesis/main/data/picked_up_4/csv/Dog/Elastic/medium/Dog_Elastic_medium.csv,540,"End-effector continue grasping the object, using moderate force, causing medium-deformation, with increasing force."
/home/mdxuser/Genesis/main/data/picked_up_4/csv/Dog/Elastic/medium/Dog_Elastic_medium.csv,810,"End-effector lifting the object, using moderate force, causing medium-deformation, with increasing force."
/home/mdxuser/Genesis/main/data/picked_up_4/csv/Dog/Elastic/medium/Dog_Elastic_medium.csv,1080,"End-effector rotating the object, by an angle of 45.0 degrees, using moderate force, causing medium-deformation, with constant force."
/home/mdxuser/Genesis/main/data/picked_up_4/csv/Dog/Elastic/medium/Dog_Elastic_medium.csv,1350,"End-effector holding position of the object, maintaining a stable hold, using moderate force, causing medium-deformation."
/home/mdxuser/Genesis/main/data/picked_up_4/csv/Dog/Elastic/medium/Dog_Elastic_medium.csv,1620,"End-effector continue holding position of the object, maintaining a stable hold, using moderate force, causing medium-deformation."
/home/mdxuser/Genesis/main/data/picked_up_4/csv/Dog/Elastic/medium/Dog_Elastic_medium.csv,1890,"End-effector rotating the object, by an angle of 45.0 degrees, using moderate force, causing medium-deformation, with constant force."
/home/mdxuser/Genesis/main/data/picked_up_4/csv/Dog/Elastic/medium/Dog_Elastic_medium.csv,2160,"End-effector continue rotating the object, by an angle of 45.0 degrees, using moderate force, causing medium-deformation, with constant force."
/home/mdxuser/Genesis/main/data/picked_up_4/csv/Dog/Elastic/medium/Dog_Elastic_medium.csv,2430,"End-effector holding position of the object, maintaining a stable hold, using moderate force, causing medium-deformation."
/home/mdxuser/Genesis/main/data/picked_up_4/csv/Dog/Elastic/medium/Dog_Elastic_medium.csv,2700,"End-effector stopping the object, using zero-force, causing undeformed shape."
/home/mdxuser/Genesis/main/data/picked_up_4/csv/AllergenFree_JarroDophilus/Elastic/soft/AllergenFree_JarroDophilus_Elastic_soft.csv,0,"End-effector start towards the object, to begin the task."
/home/mdxuser/Genesis/main/data/picked_up_4/csv/AllergenFree_JarroDophilus/Elastic/soft/AllergenFree_JarroDophilus_Elastic_soft.csv,270,"End-effector grasping the object, using gentle force, causing soft-deformation, with increasing force."
/home/mdxuser/Genesis/main/data/picked_up_4/csv/AllergenFree_JarroDophilus/Elastic/soft/AllergenFree_JarroDophilus_Elastic_soft.csv,540,"End-effector continue grasping the object, using gentle force, causing soft-deformation, with increasing force."
/home/mdxuser/Genesis/main/data/picked_up_4/csv/AllergenFree_JarroDophilus/Elastic/soft/AllergenFree_JarroDophilus_Elastic_soft.csv,810,"End-effector lifting the object, using gentle force, causing soft-deformation, with increasing force."
/home/mdxuser/Genesis/main/data/picked_up_4/csv/AllergenFree_JarroDophilus/Elastic/soft/AllergenFree_JarroDophilus_Elastic_soft.csv,1080,"End-effector rotating the object, by an angle of 45.0 degrees, using gentle force, causing soft-deformation, with constant force."
/home/mdxuser/Genesis/main/data/picked_up_4/csv/AllergenFree_JarroDophilus/Elastic/soft/AllergenFree_JarroDophilus_Elastic_soft.csv,1350,"End-effector holding position of the object, maintaining a stable hold, using gentle force, causing soft-deformation."
/home/mdxuser/Genesis/main/data/picked_up_4/csv/AllergenFree_JarroDophilus/Elastic/soft/AllergenFree_JarroDophilus_Elastic_soft.csv,1620,"End-effector continue holding position of the object, maintaining a stable hold, using gentle force, causing soft-deformation."
/home/mdxuser/Genesis/main/data/picked_up_4/csv/AllergenFree_JarroDophilus/Elastic/soft/AllergenFree_JarroDophilus_Elastic_soft.csv,1890,"End-effector rotating the object, by an angle of 45.0 degrees, using gentle force, causing soft-deformation, with constant force."
/home/mdxuser/Genesis/main/data/picked_up_4/csv/AllergenFree_JarroDophilus/Elastic/soft/AllergenFree_JarroDophilus_Elastic_soft.csv,2160,"End-effector continue rotating the object, by an angle of 45.0 degrees, using gentle force, causing soft-deformation, with constant force."
/home/mdxuser/Genesis/main/data/picked_up_4/csv/AllergenFree_JarroDophilus/Elastic/soft/AllergenFree_JarroDophilus_Elastic_soft.csv,2430,The object has been dropped.
/home/mdxuser/Genesis/main/data/picked_up_4/csv/AllergenFree_JarroDophilus/Elastic/soft/AllergenFree_JarroDophilus_Elastic_soft.csv,2700,The object has been dropped.
/home/mdxuser/Genesis/main/data/picked_up_4/csv/Crayola_Crayons_Washable_24_crayons/Elastic/medium/Crayola_Crayons_Washable_24_crayons_Elastic_medium.csv,0,"End-effector start towards the object, to begin the task."
/home/mdxuser/Genesis/main/data/picked_up_4/csv/Crayola_Crayons_Washable_24_crayons/Elastic/medium/Crayola_Crayons_Washable_24_crayons_Elastic_medium.csv,270,"End-effector grasping the object, using moderate force, causing medium-deformation, with increasing force."
/home/mdxuser/Genesis/main/data/picked_up_4/csv/Crayola_Crayons_Washable_24_crayons/Elastic/medium/Crayola_Crayons_Washable_24_crayons_Elastic_medium.csv,540,"End-effector continue grasping the object, using moderate force, causing medium-deformation, with increasing force."
/home/mdxuser/Genesis/main/data/picked_up_4/csv/Crayola_Crayons_Washable_24_crayons/Elastic/medium/Crayola_Crayons_Washable_24_crayons_Elastic_medium.csv,810,"End-effector lifting the object, using moderate force, causing medium-deformation, with increasing force."
/home/mdxuser/Genesis/main/data/picked_up_4/csv/Crayola_Crayons_Washable_24_crayons/Elastic/medium/Crayola_Crayons_Washable_24_crayons_Elastic_medium.csv,1080,"End-effector rotating the object, by an angle of 45.0 degrees, using moderate force, causing medium-deformation, with constant force."
/home/mdxuser/Genesis/main/data/picked_up_4/csv/Crayola_Crayons_Washable_24_crayons/Elastic/medium/Crayola_Crayons_Washable_24_crayons_Elastic_medium.csv,1350,"End-effector continue rotating the object, by an angle of 45.0 degrees, using moderate force, causing medium-deformation, with constant force."
/home/mdxuser/Genesis/main/data/picked_up_4/csv/Crayola_Crayons_Washable_24_crayons/Elastic/medium/Crayola_Crayons_Washable_24_crayons_Elastic_medium.csv,1620,"End-effector holding position of the object, maintaining a stable hold, using moderate force, causing medium-deformation."
/home/mdxuser/Genesis/main/data/picked_up_4/csv/Crayola_Crayons_Washable_24_crayons/Elastic/medium/Crayola_Crayons_Washable_24_crayons_Elastic_medium.csv,1890,"End-effector rotating the object, by an angle of 30.0 degrees, using moderate force, causing medium-deformation, with constant force."
/home/mdxuser/Genesis/main/data/picked_up_4/csv/Crayola_Crayons_Washable_24_crayons/Elastic/medium/Crayola_Crayons_Washable_24_crayons_Elastic_medium.csv,2160,"End-effector continue rotating the object, by an angle of 30.0 degrees, using moderate force, causing medium-deformation, with constant force."
/home/mdxuser/Genesis/main/data/picked_up_4/csv/Crayola_Crayons_Washable_24_crayons/Elastic/medium/Crayola_Crayons_Washable_24_crayons_Elastic_medium.csv,2430,"End-effector holding position of the object, maintaining a stable hold, using moderate force, causing medium-deformation."
/home/mdxuser/Genesis/main/data/picked_up_4/csv/Crayola_Crayons_Washable_24_crayons/Elastic/medium/Crayola_Crayons_Washable_24_crayons_Elastic_medium.csv,2700,"End-effector stopping the object, using zero-force, causing undeformed shape."
/home/mdxuser/Genesis/main/data/picked_up_4/csv/3D_Dollhouse_Sink/Elastic/medium/3D_Dollhouse_Sink_Elastic_medium.csv,0,"End-effector start towards the object, to begin the task."
/home/mdxuser/Genesis/main/data/picked_up_4/csv/3D_Dollhouse_Sink/Elastic/medium/3D_Dollhouse_Sink_Elastic_medium.csv,270,"End-effector grasping the object, using moderate force, causing medium-deformation, with increasing force."
/home/mdxuser/Genesis/main/data/picked_up_4/csv/3D_Dollhouse_Sink/Elastic/medium/3D_Dollhouse_Sink_Elastic_medium.csv,540,"End-effector continue grasping the object, using moderate force, causing medium-deformation, with increasing force."
/home/mdxuser/Genesis/main/data/picked_up_4/csv/3D_Dollhouse_Sink/Elastic/medium/3D_Dollhouse_Sink_Elastic_medium.csv,810,"End-effector lifting the object, using moderate force, causing medium-deformation, with increasing force."
/home/mdxuser/Genesis/main/data/picked_up_4/csv/3D_Dollhouse_Sink/Elastic/medium/3D_Dollhouse_Sink_Elastic_medium.csv,1080,"End-effector rotating the object, by an angle of 45.0 degrees, using moderate force, causing medium-deformation, with constant force."
/home/mdxuser/Genesis/main/data/picked_up_4/csv/3D_Dollhouse_Sink/Elastic/medium/3D_Dollhouse_Sink_Elastic_medium.csv,1350,"End-effector holding position of the object, maintaining a stable hold, using moderate force, causing medium-deformation."
/home/mdxuser/Genesis/main/data/picked_up_4/csv/3D_Dollhouse_Sink/Elastic/medium/3D_Dollhouse_Sink_Elastic_medium.csv,1620,"End-effector continue holding position of the object, maintaining a stable hold, using moderate force, causing medium-deformation."
/home/mdxuser/Genesis/main/data/picked_up_4/csv/3D_Dollhouse_Sink/Elastic/medium/3D_Dollhouse_Sink_Elastic_medium.csv,1890,The object has been dropped.
/home/mdxuser/Genesis/main/data/picked_up_4/csv/3D_Dollhouse_Sink/Elastic/medium/3D_Dollhouse_Sink_Elastic_medium.csv,2160,The object has been dropped.
/home/mdxuser/Genesis/main/data/picked_up_4/csv/3D_Dollhouse_Sink/Elastic/medium/3D_Dollhouse_Sink_Elastic_medium.csv,2430,The object has been dropped.
/home/mdxuser/Genesis/main/data/picked_up_4/csv/3D_Dollhouse_Sink/Elastic/medium/3D_Dollhouse_Sink_Elastic_medium.csv,2700,The object has been dropped.
/home/mdxuser/Genesis/main/data/picked_up_4/csv/Cascadia_8_Color_AquariusHibscsBearingSeaBlk_Size_50/Elastic/hard/Cascadia_8_Color_AquariusHibscsBearingSeaBlk_Size_50_Elastic_hard.csv,0,"End-effector start towards the object, to begin the task."
/home/mdxuser/Genesis/main/data/picked_up_4/csv/Cascadia_8_Color_AquariusHibscsBearingSeaBlk_Size_50/Elastic/hard/Cascadia_8_Color_AquariusHibscsBearingSeaBlk_Size_50_Elastic_hard.csv,270,"End-effector grasping the object, using strong force, causing hard-deformation, with increasing force."
/home/mdxuser/Genesis/main/data/picked_up_4/csv/Cascadia_8_Color_AquariusHibscsBearingSeaBlk_Size_50/Elastic/hard/Cascadia_8_Color_AquariusHibscsBearingSeaBlk_Size_50_Elastic_hard.csv,540,"End-effector continue grasping the object, using strong force, causing hard-deformation, with increasing force."
/home/mdxuser/Genesis/main/data/picked_up_4/csv/Cascadia_8_Color_AquariusHibscsBearingSeaBlk_Size_50/Elastic/hard/Cascadia_8_Color_AquariusHibscsBearingSeaBlk_Size_50_Elastic_hard.csv,810,"End-effector lifting the object, using strong force, causing hard-deformation, with increasing force."
/home/mdxuser/Genesis/main/data/picked_up_4/csv/Cascadia_8_Color_AquariusHibscsBearingSeaBlk_Size_50/Elastic/hard/Cascadia_8_Color_AquariusHibscsBearingSeaBlk_Size_50_Elastic_hard.csv,1080,"End-effector rotating the object, by an angle of 45.0 degrees, using strong force, causing hard-deformation, with constant force."
/home/mdxuser/Genesis/main/data/picked_up_4/csv/Cascadia_8_Color_AquariusHibscsBearingSeaBlk_Size_50/Elastic/hard/Cascadia_8_Color_AquariusHibscsBearingSeaBlk_Size_50_Elastic_hard.csv,1350,"End-effector holding position of the object, maintaining a stable hold, using strong force, causing hard-deformation."
/home/mdxuser/Genesis/main/data/picked_up_4/csv/Cascadia_8_Color_AquariusHibscsBearingSeaBlk_Size_50/Elastic/hard/Cascadia_8_Color_AquariusHibscsBearingSeaBlk_Size_50_Elastic_hard.csv,1620,"End-effector continue holding position of the object, maintaining a stable hold, using strong force, causing hard-deformation."
/home/mdxuser/Genesis/main/data/picked_up_4/csv/Cascadia_8_Color_AquariusHibscsBearingSeaBlk_Size_50/Elastic/hard/Cascadia_8_Color_AquariusHibscsBearingSeaBlk_Size_50_Elastic_hard.csv,1890,"End-effector rotating the object, by an angle of 30.0 degrees, using strong force, causing hard-deformation, with constant force."
/home/mdxuser/Genesis/main/data/picked_up_4/csv/Cascadia_8_Color_AquariusHibscsBearingSeaBlk_Size_50/Elastic/hard/Cascadia_8_Color_AquariusHibscsBearingSeaBlk_Size_50_Elastic_hard.csv,2160,"End-effector continue rotating the object, by an angle of 30.0 degrees, using strong force, causing hard-deformation, with constant force."
/home/mdxuser/Genesis/main/data/picked_up_4/csv/Cascadia_8_Color_AquariusHibscsBearingSeaBlk_Size_50/Elastic/hard/Cascadia_8_Color_AquariusHibscsBearingSeaBlk_Size_50_Elastic_hard.csv,2430,"End-effector holding position of the object, maintaining a stable hold, using strong force, causing hard-deformation."
/home/mdxuser/Genesis/main/data/picked_up_4/csv/Cascadia_8_Color_AquariusHibscsBearingSeaBlk_Size_50/Elastic/hard/Cascadia_8_Color_AquariusHibscsBearingSeaBlk_Size_50_Elastic_hard.csv,2700,The object has been dropped.
/home/mdxuser/Genesis/main/data/picked_up_4/csv/ASICS_GELDirt_Dog_4_SunFlameBlack/Elastic/hard/ASICS_GELDirt_Dog_4_SunFlameBlack_Elastic_hard.csv,0,"End-effector start towards the object, to begin the task."
/home/mdxuser/Genesis/main/data/picked_up_4/csv/ASICS_GELDirt_Dog_4_SunFlameBlack/Elastic/hard/ASICS_GELDirt_Dog_4_SunFlameBlack_Elastic_hard.csv,270,"End-effector grasping the object, using strong force, causing hard-deformation, with increasing force."
/home/mdxuser/Genesis/main/data/picked_up_4/csv/ASICS_GELDirt_Dog_4_SunFlameBlack/Elastic/hard/ASICS_GELDirt_Dog_4_SunFlameBlack_Elastic_hard.csv,540,"End-effector continue grasping the object, using strong force, causing hard-deformation, with increasing force."
/home/mdxuser/Genesis/main/data/picked_up_4/csv/ASICS_GELDirt_Dog_4_SunFlameBlack/Elastic/hard/ASICS_GELDirt_Dog_4_SunFlameBlack_Elastic_hard.csv,810,"End-effector lifting the object, using strong force, causing hard-deformation, with increasing force."
/home/mdxuser/Genesis/main/data/picked_up_4/csv/ASICS_GELDirt_Dog_4_SunFlameBlack/Elastic/hard/ASICS_GELDirt_Dog_4_SunFlameBlack_Elastic_hard.csv,1080,"End-effector rotating the object, by an angle of 30.0 degrees, using strong force, causing hard-deformation, with constant force."
/home/mdxuser/Genesis/main/data/picked_up_4/csv/ASICS_GELDirt_Dog_4_SunFlameBlack/Elastic/hard/ASICS_GELDirt_Dog_4_SunFlameBlack_Elastic_hard.csv,1350,"End-effector continue rotating the object, by an angle of 30.0 degrees, using strong force, causing hard-deformation, with constant force."
/home/mdxuser/Genesis/main/data/picked_up_4/csv/ASICS_GELDirt_Dog_4_SunFlameBlack/Elastic/hard/ASICS_GELDirt_Dog_4_SunFlameBlack_Elastic_hard.csv,1620,"End-effector holding position of the object, maintaining a stable hold, using strong force, causing hard-deformation."
/home/mdxuser/Genesis/main/data/picked_up_4/csv/ASICS_GELDirt_Dog_4_SunFlameBlack/Elastic/hard/ASICS_GELDirt_Dog_4_SunFlameBlack_Elastic_hard.csv,1890,"End-effector rotating the object, by an angle of 45.0 degrees, using strong force, causing hard-deformation, with constant force."
/home/mdxuser/Genesis/main/data/picked_up_4/csv/ASICS_GELDirt_Dog_4_SunFlameBlack/Elastic/hard/ASICS_GELDirt_Dog_4_SunFlameBlack_Elastic_hard.csv,2160,"End-effector continue rotating the object, by an angle of 45.0 degrees, using strong force, causing hard-deformation, with constant force."
/home/mdxuser/Genesis/main/data/picked_up_4/csv/ASICS_GELDirt_Dog_4_SunFlameBlack/Elastic/hard/ASICS_GELDirt_Dog_4_SunFlameBlack_Elastic_hard.csv,2430,The object has been dropped.
/home/mdxuser/Genesis/main/data/picked_up_4/csv/ASICS_GELDirt_Dog_4_SunFlameBlack/Elastic/hard/ASICS_GELDirt_Dog_4_SunFlameBlack_Elastic_hard.csv,2700,The object has been dropped.
/home/mdxuser/Genesis/main/data/picked_up_4/csv/Just_For_Men_ShampooIn_Haircolor_Jet_Black_60/Elastic/hard/Just_For_Men_ShampooIn_Haircolor_Jet_Black_60_Elastic_hard.csv,0,"End-effector start towards the object, to begin the task."
/home/mdxuser/Genesis/main/data/picked_up_4/csv/Just_For_Men_ShampooIn_Haircolor_Jet_Black_60/Elastic/hard/Just_For_Men_ShampooIn_Haircolor_Jet_Black_60_Elastic_hard.csv,270,"End-effector grasping the object, using strong force, causing hard-deformation, with increasing force."
/home/mdxuser/Genesis/main/data/picked_up_4/csv/Just_For_Men_ShampooIn_Haircolor_Jet_Black_60/Elastic/hard/Just_For_Men_ShampooIn_Haircolor_Jet_Black_60_Elastic_hard.csv,540,"End-effector continue grasping the object, using strong force, causing hard-deformation, with increasing force."
/home/mdxuser/Genesis/main/data/picked_up_4/csv/Just_For_Men_ShampooIn_Haircolor_Jet_Black_60/Elastic/hard/Just_For_Men_ShampooIn_Haircolor_Jet_Black_60_Elastic_hard.csv,810,"End-effector lifting the object, using strong force, causing hard-deformation, with increasing force."
/home/mdxuser/Genesis/main/data/picked_up_4/csv/Just_For_Men_ShampooIn_Haircolor_Jet_Black_60/Elastic/hard/Just_For_Men_ShampooIn_Haircolor_Jet_Black_60_Elastic_hard.csv,1080,"End-effector rotating the object, by an angle of 45.0 degrees, using strong force, causing hard-deformation, with constant force."
/home/mdxuser/Genesis/main/data/picked_up_4/csv/Just_For_Men_ShampooIn_Haircolor_Jet_Black_60/Elastic/hard/Just_For_Men_ShampooIn_Haircolor_Jet_Black_60_Elastic_hard.csv,1350,"End-effector holding position of the object, maintaining a stable hold, using strong force, causing hard-deformation."
/home/mdxuser/Genesis/main/data/picked_up_4/csv/Just_For_Men_ShampooIn_Haircolor_Jet_Black_60/Elastic/hard/Just_For_Men_ShampooIn_Haircolor_Jet_Black_60_Elastic_hard.csv,1620,"End-effector continue holding position of the object, maintaining a stable hold, using strong force, causing hard-deformation."
/home/mdxuser/Genesis/main/data/picked_up_4/csv/Just_For_Men_ShampooIn_Haircolor_Jet_Black_60/Elastic/hard/Just_For_Men_ShampooIn_Haircolor_Jet_Black_60_Elastic_hard.csv,1890,"End-effector rotating the object, by an angle of 45.0 degrees, using strong force, causing hard-deformation, with constant force."
/home/mdxuser/Genesis/main/data/picked_up_4/csv/Just_For_Men_ShampooIn_Haircolor_Jet_Black_60/Elastic/hard/Just_For_Men_ShampooIn_Haircolor_Jet_Black_60_Elastic_hard.csv,2160,"End-effector continue rotating the object, by an angle of 45.0 degrees, using strong force, causing hard-deformation, with constant force."
/home/mdxuser/Genesis/main/data/picked_up_4/csv/Just_For_Men_ShampooIn_Haircolor_Jet_Black_60/Elastic/hard/Just_For_Men_ShampooIn_Haircolor_Jet_Black_60_Elastic_hard.csv,2430,"End-effector holding position of the object, maintaining a stable hold, using strong force, causing hard-deformation."
/home/mdxuser/Genesis/main/data/picked_up_4/csv/Just_For_Men_ShampooIn_Haircolor_Jet_Black_60/Elastic/hard/Just_For_Men_ShampooIn_Haircolor_Jet_Black_60_Elastic_hard.csv,2700,"End-effector stopping the object, using zero-force, causing undeformed shape."
/home/mdxuser/Genesis/main/data/picked_up_4/csv/Borage_GLA240Gamma_Tocopherol/Elastic/soft/Borage_GLA240Gamma_Tocopherol_Elastic_soft.csv,0,"End-effector start towards the object, to begin the task."
/home/mdxuser/Genesis/main/data/picked_up_4/csv/Borage_GLA240Gamma_Tocopherol/Elastic/soft/Borage_GLA240Gamma_Tocopherol_Elastic_soft.csv,270,"End-effector grasping the object, using gentle force, causing soft-deformation, with increasing force."
/home/mdxuser/Genesis/main/data/picked_up_4/csv/Borage_GLA240Gamma_Tocopherol/Elastic/soft/Borage_GLA240Gamma_Tocopherol_Elastic_soft.csv,540,"End-effector continue grasping the object, using gentle force, causing soft-deformation, with increasing force."
/home/mdxuser/Genesis/main/data/picked_up_4/csv/Borage_GLA240Gamma_Tocopherol/Elastic/soft/Borage_GLA240Gamma_Tocopherol_Elastic_soft.csv,810,"End-effector lifting the object, using gentle force, causing soft-deformation, with increasing force."
/home/mdxuser/Genesis/main/data/picked_up_4/csv/Borage_GLA240Gamma_Tocopherol/Elastic/soft/Borage_GLA240Gamma_Tocopherol_Elastic_soft.csv,1080,"End-effector rotating the object, by an angle of 45.0 degrees, using gentle force, causing soft-deformation, with constant force."
/home/mdxuser/Genesis/main/data/picked_up_4/csv/Borage_GLA240Gamma_Tocopherol/Elastic/soft/Borage_GLA240Gamma_Tocopherol_Elastic_soft.csv,1350,"End-effector holding position of the object, maintaining a stable hold, using gentle force, causing soft-deformation."
/home/mdxuser/Genesis/main/data/picked_up_4/csv/Borage_GLA240Gamma_Tocopherol/Elastic/soft/Borage_GLA240Gamma_Tocopherol_Elastic_soft.csv,1620,"End-effector continue holding position of the object, maintaining a stable hold, using gentle force, causing soft-deformation."
/home/mdxuser/Genesis/main/data/picked_up_4/csv/Borage_GLA240Gamma_Tocopherol/Elastic/soft/Borage_GLA240Gamma_Tocopherol_Elastic_soft.csv,1890,"End-effector rotating the object, by an angle of 30.0 degrees, using gentle force, causing soft-deformation, with constant force."
/home/mdxuser/Genesis/main/data/picked_up_4/csv/Borage_GLA240Gamma_Tocopherol/Elastic/soft/Borage_GLA240Gamma_Tocopherol_Elastic_soft.csv,2160,"End-effector continue rotating the object, by an angle of 30.0 degrees, using gentle force, causing soft-deformation, with constant force."
/home/mdxuser/Genesis/main/data/picked_up_4/csv/Borage_GLA240Gamma_Tocopherol/Elastic/soft/Borage_GLA240Gamma_Tocopherol_Elastic_soft.csv,2430,"End-effector holding position of the object, maintaining a stable hold, using gentle force, causing soft-deformation."
/home/mdxuser/Genesis/main/data/picked_up_4/csv/Borage_GLA240Gamma_Tocopherol/Elastic/soft/Borage_GLA240Gamma_Tocopherol_Elastic_soft.csv,2700,"End-effector stopping the object, using zero-force, causing undeformed shape."
/home/mdxuser/Genesis/main/data/picked_up_4/csv/Crayola_Washable_Fingerpaint_Red_Blue_Yellow_3_count_8_fl_oz_bottes_each/Elastic/hard/Crayola_Washable_Fingerpaint_Red_Blue_Yellow_3_count_8_fl_oz_bottes_each_Elastic_hard.csv,0,"End-effector start towards the object, to begin the task."
/home/mdxuser/Genesis/main/data/picked_up_4/csv/Crayola_Washable_Fingerpaint_Red_Blue_Yellow_3_count_8_fl_oz_bottes_each/Elastic/hard/Crayola_Washable_Fingerpaint_Red_Blue_Yellow_3_count_8_fl_oz_bottes_each_Elastic_hard.csv,270,"End-effector grasping the object, using strong force, causing hard-deformation, with increasing force."
/home/mdxuser/Genesis/main/data/picked_up_4/csv/Crayola_Washable_Fingerpaint_Red_Blue_Yellow_3_count_8_fl_oz_bottes_each/Elastic/hard/Crayola_Washable_Fingerpaint_Red_Blue_Yellow_3_count_8_fl_oz_bottes_each_Elastic_hard.csv,540,"End-effector continue grasping the object, using strong force, causing hard-deformation, with increasing force."
/home/mdxuser/Genesis/main/data/picked_up_4/csv/Crayola_Washable_Fingerpaint_Red_Blue_Yellow_3_count_8_fl_oz_bottes_each/Elastic/hard/Crayola_Washable_Fingerpaint_Red_Blue_Yellow_3_count_8_fl_oz_bottes_each_Elastic_hard.csv,810,"End-effector lifting the object, using strong force, causing hard-deformation, with increasing force."
/home/mdxuser/Genesis/main/data/picked_up_4/csv/Crayola_Washable_Fingerpaint_Red_Blue_Yellow_3_count_8_fl_oz_bottes_each/Elastic/hard/Crayola_Washable_Fingerpaint_Red_Blue_Yellow_3_count_8_fl_oz_bottes_each_Elastic_hard.csv,1080,"End-effector rotating the object, by an angle of 30.0 degrees, using strong force, causing hard-deformation, with constant force."
/home/mdxuser/Genesis/main/data/picked_up_4/csv/Crayola_Washable_Fingerpaint_Red_Blue_Yellow_3_count_8_fl_oz_bottes_each/Elastic/hard/Crayola_Washable_Fingerpaint_Red_Blue_Yellow_3_count_8_fl_oz_bottes_each_Elastic_hard.csv,1350,"End-effector continue rotating the object, by an angle of 30.0 degrees, using strong force, causing hard-deformation, with constant force."
/home/mdxuser/Genesis/main/data/picked_up_4/csv/Crayola_Washable_Fingerpaint_Red_Blue_Yellow_3_count_8_fl_oz_bottes_each/Elastic/hard/Crayola_Washable_Fingerpaint_Red_Blue_Yellow_3_count_8_fl_oz_bottes_each_Elastic_hard.csv,1620,"End-effector holding position of the object, maintaining a stable hold, using strong force, causing hard-deformation."
/home/mdxuser/Genesis/main/data/picked_up_4/csv/Crayola_Washable_Fingerpaint_Red_Blue_Yellow_3_count_8_fl_oz_bottes_each/Elastic/hard/Crayola_Washable_Fingerpaint_Red_Blue_Yellow_3_count_8_fl_oz_bottes_each_Elastic_hard.csv,1890,"End-effector rotating the object, by an angle of 45.0 degrees, using strong force, causing hard-deformation, with constant force."
/home/mdxuser/Genesis/main/data/picked_up_4/csv/Crayola_Washable_Fingerpaint_Red_Blue_Yellow_3_count_8_fl_oz_bottes_each/Elastic/hard/Crayola_Washable_Fingerpaint_Red_Blue_Yellow_3_count_8_fl_oz_bottes_each_Elastic_hard.csv,2160,"End-effector continue rotating the object, by an angle of 45.0 degrees, using strong force, causing hard-deformation, with constant force."
/home/mdxuser/Genesis/main/data/picked_up_4/csv/Crayola_Washable_Fingerpaint_Red_Blue_Yellow_3_count_8_fl_oz_bottes_each/Elastic/hard/Crayola_Washable_Fingerpaint_Red_Blue_Yellow_3_count_8_fl_oz_bottes_each_Elastic_hard.csv,2430,"End-effector holding position of the object, maintaining a stable hold, using strong force, causing hard-deformation."
/home/mdxuser/Genesis/main/data/picked_up_4/csv/Crayola_Washable_Fingerpaint_Red_Blue_Yellow_3_count_8_fl_oz_bottes_each/Elastic/hard/Crayola_Washable_Fingerpaint_Red_Blue_Yellow_3_count_8_fl_oz_bottes_each_Elastic_hard.csv,2700,The object has been dropped.
/home/mdxuser/Genesis/main/data/picked_up_4/csv/Cole_Hardware_Mug_Classic_Blue/Elastic/soft/Cole_Hardware_Mug_Classic_Blue_Elastic_soft.csv,0,"End-effector start towards the object, to begin the task."
/home/mdxuser/Genesis/main/data/picked_up_4/csv/Cole_Hardware_Mug_Classic_Blue/Elastic/soft/Cole_Hardware_Mug_Classic_Blue_Elastic_soft.csv,270,"End-effector grasping the object, using gentle force, causing soft-deformation, with increasing force."
/home/mdxuser/Genesis/main/data/picked_up_4/csv/Cole_Hardware_Mug_Classic_Blue/Elastic/soft/Cole_Hardware_Mug_Classic_Blue_Elastic_soft.csv,540,"End-effector continue grasping the object, using gentle force, causing soft-deformation, with increasing force."
/home/mdxuser/Genesis/main/data/picked_up_4/csv/Cole_Hardware_Mug_Classic_Blue/Elastic/soft/Cole_Hardware_Mug_Classic_Blue_Elastic_soft.csv,810,"End-effector lifting the object, using gentle force, causing soft-deformation, with increasing force."
/home/mdxuser/Genesis/main/data/picked_up_4/csv/Cole_Hardware_Mug_Classic_Blue/Elastic/soft/Cole_Hardware_Mug_Classic_Blue_Elastic_soft.csv,1080,"End-effector rotating the object, by an angle of 45.0 degrees, using gentle force, causing soft-deformation, with constant force."
/home/mdxuser/Genesis/main/data/picked_up_4/csv/Cole_Hardware_Mug_Classic_Blue/Elastic/soft/Cole_Hardware_Mug_Classic_Blue_Elastic_soft.csv,1350,"End-effector continue rotating the object, by an angle of 45.0 degrees, using gentle force, causing soft-deformation, with constant force."
/home/mdxuser/Genesis/main/data/picked_up_4/csv/Cole_Hardware_Mug_Classic_Blue/Elastic/soft/Cole_Hardware_Mug_Classic_Blue_Elastic_soft.csv,1620,The object has been dropped.
/home/mdxuser/Genesis/main/data/picked_up_4/csv/Cole_Hardware_Mug_Classic_Blue/Elastic/soft/Cole_Hardware_Mug_Classic_Blue_Elastic_soft.csv,1890,The object has been dropped.
/home/mdxuser/Genesis/main/data/picked_up_4/csv/Cole_Hardware_Mug_Classic_Blue/Elastic/soft/Cole_Hardware_Mug_Classic_Blue_Elastic_soft.csv,2160,The object has been dropped.
/home/mdxuser/Genesis/main/data/picked_up_4/csv/Cole_Hardware_Mug_Classic_Blue/Elastic/soft/Cole_Hardware_Mug_Classic_Blue_Elastic_soft.csv,2430,The object has been dropped.
/home/mdxuser/Genesis/main/data/picked_up_4/csv/Cole_Hardware_Mug_Classic_Blue/Elastic/soft/Cole_Hardware_Mug_Classic_Blue_Elastic_soft.csv,2700,The object has been dropped.
/home/mdxuser/Genesis/main/data/picked_up_4/csv/Just_For_Men_ShampooIn_Haircolor_Jet_Black_60/Elastic/medium/Just_For_Men_ShampooIn_Haircolor_Jet_Black_60_Elastic_medium.csv,0,"End-effector start towards the object, to begin the task."
/home/mdxuser/Genesis/main/data/picked_up_4/csv/Just_For_Men_ShampooIn_Haircolor_Jet_Black_60/Elastic/medium/Just_For_Men_ShampooIn_Haircolor_Jet_Black_60_Elastic_medium.csv,270,"End-effector grasping the object, using moderate force, causing medium-deformation, with increasing force."
/home/mdxuser/Genesis/main/data/picked_up_4/csv/Just_For_Men_ShampooIn_Haircolor_Jet_Black_60/Elastic/medium/Just_For_Men_ShampooIn_Haircolor_Jet_Black_60_Elastic_medium.csv,540,"End-effector continue grasping the object, using moderate force, causing medium-deformation, with increasing force."
/home/mdxuser/Genesis/main/data/picked_up_4/csv/Just_For_Men_ShampooIn_Haircolor_Jet_Black_60/Elastic/medium/Just_For_Men_ShampooIn_Haircolor_Jet_Black_60_Elastic_medium.csv,810,"End-effector lifting the object, using moderate force, causing medium-deformation, with increasing force."
/home/mdxuser/Genesis/main/data/picked_up_4/csv/Just_For_Men_ShampooIn_Haircolor_Jet_Black_60/Elastic/medium/Just_For_Men_ShampooIn_Haircolor_Jet_Black_60_Elastic_medium.csv,1080,"End-effector rotating the object, by an angle of 30.0 degrees, using moderate force, causing medium-deformation, with constant force."
/home/mdxuser/Genesis/main/data/picked_up_4/csv/Just_For_Men_ShampooIn_Haircolor_Jet_Black_60/Elastic/medium/Just_For_Men_ShampooIn_Haircolor_Jet_Black_60_Elastic_medium.csv,1350,"End-effector continue rotating the object, by an angle of 30.0 degrees, using moderate force, causing medium-deformation, with constant force."
/home/mdxuser/Genesis/main/data/picked_up_4/csv/Just_For_Men_ShampooIn_Haircolor_Jet_Black_60/Elastic/medium/Just_For_Men_ShampooIn_Haircolor_Jet_Black_60_Elastic_medium.csv,1620,"End-effector holding position of the object, maintaining a stable hold, using moderate force, causing medium-deformation."
/home/mdxuser/Genesis/main/data/picked_up_4/csv/Just_For_Men_ShampooIn_Haircolor_Jet_Black_60/Elastic/medium/Just_For_Men_ShampooIn_Haircolor_Jet_Black_60_Elastic_medium.csv,1890,"End-effector rotating the object, by an angle of 30.0 degrees, using moderate force, causing medium-deformation, with constant force."
/home/mdxuser/Genesis/main/data/picked_up_4/csv/Just_For_Men_ShampooIn_Haircolor_Jet_Black_60/Elastic/medium/Just_For_Men_ShampooIn_Haircolor_Jet_Black_60_Elastic_medium.csv,2160,"End-effector continue rotating the object, by an angle of 30.0 degrees, using moderate force, causing medium-deformation, with constant force."
/home/mdxuser/Genesis/main/data/picked_up_4/csv/Just_For_Men_ShampooIn_Haircolor_Jet_Black_60/Elastic/medium/Just_For_Men_ShampooIn_Haircolor_Jet_Black_60_Elastic_medium.csv,2430,"End-effector holding position of the object, maintaining a stable hold, using moderate force, causing medium-deformation."
/home/mdxuser/Genesis/main/data/picked_up_4/csv/Just_For_Men_ShampooIn_Haircolor_Jet_Black_60/Elastic/medium/Just_For_Men_ShampooIn_Haircolor_Jet_Black_60_Elastic_medium.csv,2700,"End-effector stopping the object, using zero-force, causing undeformed shape."
/home/mdxuser/Genesis/main/data/picked_up_4/csv/Circo_Fish_Toothbrush_Holder_14995988/Elastic/hard/Circo_Fish_Toothbrush_Holder_14995988_Elastic_hard.csv,0,"End-effector start towards the object, to begin the task."
/home/mdxuser/Genesis/main/data/picked_up_4/csv/Circo_Fish_Toothbrush_Holder_14995988/Elastic/hard/Circo_Fish_Toothbrush_Holder_14995988_Elastic_hard.csv,270,"End-effector grasping the object, using strong force, causing hard-deformation, with increasing force."
/home/mdxuser/Genesis/main/data/picked_up_4/csv/Circo_Fish_Toothbrush_Holder_14995988/Elastic/hard/Circo_Fish_Toothbrush_Holder_14995988_Elastic_hard.csv,540,"End-effector continue grasping the object, using strong force, causing hard-deformation, with increasing force."
/home/mdxuser/Genesis/main/data/picked_up_4/csv/Circo_Fish_Toothbrush_Holder_14995988/Elastic/hard/Circo_Fish_Toothbrush_Holder_14995988_Elastic_hard.csv,810,"End-effector lifting the object, using strong force, causing hard-deformation, with increasing force."
/home/mdxuser/Genesis/main/data/picked_up_4/csv/Circo_Fish_Toothbrush_Holder_14995988/Elastic/hard/Circo_Fish_Toothbrush_Holder_14995988_Elastic_hard.csv,1080,"End-effector rotating the object, by an angle of 30.0 degrees, using strong force, causing hard-deformation, with constant force."
/home/mdxuser/Genesis/main/data/picked_up_4/csv/Circo_Fish_Toothbrush_Holder_14995988/Elastic/hard/Circo_Fish_Toothbrush_Holder_14995988_Elastic_hard.csv,1350,"End-effector continue rotating the object, by an angle of 30.0 degrees, using strong force, causing hard-deformation, with constant force."
/home/mdxuser/Genesis/main/data/picked_up_4/csv/Circo_Fish_Toothbrush_Holder_14995988/Elastic/hard/Circo_Fish_Toothbrush_Holder_14995988_Elastic_hard.csv,1620,"End-effector holding position of the object, maintaining a stable hold, using strong force, causing hard-deformation."
/home/mdxuser/Genesis/main/data/picked_up_4/csv/Circo_Fish_Toothbrush_Holder_14995988/Elastic/hard/Circo_Fish_Toothbrush_Holder_14995988_Elastic_hard.csv,1890,"End-effector rotating the object, by an angle of 45.0 degrees, using strong force, causing hard-deformation, with constant force."
/home/mdxuser/Genesis/main/data/picked_up_4/csv/Circo_Fish_Toothbrush_Holder_14995988/Elastic/hard/Circo_Fish_Toothbrush_Holder_14995988_Elastic_hard.csv,2160,"End-effector continue rotating the object, by an angle of 45.0 degrees, using strong force, causing hard-deformation, with constant force."
/home/mdxuser/Genesis/main/data/picked_up_4/csv/Circo_Fish_Toothbrush_Holder_14995988/Elastic/hard/Circo_Fish_Toothbrush_Holder_14995988_Elastic_hard.csv,2430,The object has been dropped.
/home/mdxuser/Genesis/main/data/picked_up_4/csv/Circo_Fish_Toothbrush_Holder_14995988/Elastic/hard/Circo_Fish_Toothbrush_Holder_14995988_Elastic_hard.csv,2700,The object has been dropped.
/home/mdxuser/Genesis/main/data/picked_up_4/csv/Cole_Hardware_Butter_Dish_Square_Red/Elastic/medium/Cole_Hardware_Butter_Dish_Square_Red_Elastic_medium.csv,0,"End-effector start towards the object, to begin the task."
/home/mdxuser/Genesis/main/data/picked_up_4/csv/Cole_Hardware_Butter_Dish_Square_Red/Elastic/medium/Cole_Hardware_Butter_Dish_Square_Red_Elastic_medium.csv,270,"End-effector grasping the object, using moderate force, causing medium-deformation, with increasing force."
/home/mdxuser/Genesis/main/data/picked_up_4/csv/Cole_Hardware_Butter_Dish_Square_Red/Elastic/medium/Cole_Hardware_Butter_Dish_Square_Red_Elastic_medium.csv,540,"End-effector continue grasping the object, using moderate force, causing medium-deformation, with increasing force."
/home/mdxuser/Genesis/main/data/picked_up_4/csv/Cole_Hardware_Butter_Dish_Square_Red/Elastic/medium/Cole_Hardware_Butter_Dish_Square_Red_Elastic_medium.csv,810,"End-effector lifting the object, using moderate force, causing medium-deformation, with increasing force."
/home/mdxuser/Genesis/main/data/picked_up_4/csv/Cole_Hardware_Butter_Dish_Square_Red/Elastic/medium/Cole_Hardware_Butter_Dish_Square_Red_Elastic_medium.csv,1080,"End-effector rotating the object, by an angle of 30.0 degrees, using moderate force, causing medium-deformation, with constant force."
/home/mdxuser/Genesis/main/data/picked_up_4/csv/Cole_Hardware_Butter_Dish_Square_Red/Elastic/medium/Cole_Hardware_Butter_Dish_Square_Red_Elastic_medium.csv,1350,"End-effector continue rotating the object, by an angle of 30.0 degrees, using moderate force, causing medium-deformation, with constant force."
/home/mdxuser/Genesis/main/data/picked_up_4/csv/Cole_Hardware_Butter_Dish_Square_Red/Elastic/medium/Cole_Hardware_Butter_Dish_Square_Red_Elastic_medium.csv,1620,"End-effector holding position of the object, maintaining a stable hold, using moderate force, causing medium-deformation."
/home/mdxuser/Genesis/main/data/picked_up_4/csv/Cole_Hardware_Butter_Dish_Square_Red/Elastic/medium/Cole_Hardware_Butter_Dish_Square_Red_Elastic_medium.csv,1890,"End-effector rotating the object, by an angle of 45.0 degrees, using moderate force, causing medium-deformation, with constant force."
/home/mdxuser/Genesis/main/data/picked_up_4/csv/Cole_Hardware_Butter_Dish_Square_Red/Elastic/medium/Cole_Hardware_Butter_Dish_Square_Red_Elastic_medium.csv,2160,"End-effector continue rotating the object, by an angle of 45.0 degrees, using moderate force, causing medium-deformation, with constant force."
/home/mdxuser/Genesis/main/data/picked_up_4/csv/Cole_Hardware_Butter_Dish_Square_Red/Elastic/medium/Cole_Hardware_Butter_Dish_Square_Red_Elastic_medium.csv,2430,"End-effector holding position of the object, maintaining a stable hold, using moderate force, causing medium-deformation."
/home/mdxuser/Genesis/main/data/picked_up_4/csv/Cole_Hardware_Butter_Dish_Square_Red/Elastic/medium/Cole_Hardware_Butter_Dish_Square_Red_Elastic_medium.csv,2700,The object has been dropped.
/home/mdxuser/Genesis/main/data/picked_up_4/csv/Dixie_10_ounce_Bowls_35_ct/Elastic/soft/Dixie_10_ounce_Bowls_35_ct_Elastic_soft.csv,0,"End-effector start towards the object, to begin the task."
/home/mdxuser/Genesis/main/data/picked_up_4/csv/Dixie_10_ounce_Bowls_35_ct/Elastic/soft/Dixie_10_ounce_Bowls_35_ct_Elastic_soft.csv,270,"End-effector grasping the object, using gentle force, causing soft-deformation, with increasing force."
/home/mdxuser/Genesis/main/data/picked_up_4/csv/Dixie_10_ounce_Bowls_35_ct/Elastic/soft/Dixie_10_ounce_Bowls_35_ct_Elastic_soft.csv,540,"End-effector continue grasping the object, using gentle force, causing soft-deformation, with increasing force."
/home/mdxuser/Genesis/main/data/picked_up_4/csv/Dixie_10_ounce_Bowls_35_ct/Elastic/soft/Dixie_10_ounce_Bowls_35_ct_Elastic_soft.csv,810,"End-effector lifting the object, using gentle force, causing soft-deformation, with increasing force."
/home/mdxuser/Genesis/main/data/picked_up_4/csv/Dixie_10_ounce_Bowls_35_ct/Elastic/soft/Dixie_10_ounce_Bowls_35_ct_Elastic_soft.csv,1080,"End-effector rotating the object, by an angle of 45.0 degrees, using gentle force, causing soft-deformation, with constant force."
/home/mdxuser/Genesis/main/data/picked_up_4/csv/Dixie_10_ounce_Bowls_35_ct/Elastic/soft/Dixie_10_ounce_Bowls_35_ct_Elastic_soft.csv,1350,"End-effector continue rotating the object, by an angle of 45.0 degrees, using gentle force, causing soft-deformation, with constant force."
/home/mdxuser/Genesis/main/data/picked_up_4/csv/Dixie_10_ounce_Bowls_35_ct/Elastic/soft/Dixie_10_ounce_Bowls_35_ct_Elastic_soft.csv,1620,The object has been dropped.
/home/mdxuser/Genesis/main/data/picked_up_4/csv/Dixie_10_ounce_Bowls_35_ct/Elastic/soft/Dixie_10_ounce_Bowls_35_ct_Elastic_soft.csv,1890,The object has been dropped.
/home/mdxuser/Genesis/main/data/picked_up_4/csv/Dixie_10_ounce_Bowls_35_ct/Elastic/soft/Dixie_10_ounce_Bowls_35_ct_Elastic_soft.csv,2160,The object has been dropped.
/home/mdxuser/Genesis/main/data/picked_up_4/csv/Dixie_10_ounce_Bowls_35_ct/Elastic/soft/Dixie_10_ounce_Bowls_35_ct_Elastic_soft.csv,2430,The object has been dropped.
/home/mdxuser/Genesis/main/data/picked_up_4/csv/Dixie_10_ounce_Bowls_35_ct/Elastic/soft/Dixie_10_ounce_Bowls_35_ct_Elastic_soft.csv,2700,The object has been dropped.
/home/mdxuser/Genesis/main/data/picked_up_4/csv/Android_Figure_Orange/Elastic/soft/Android_Figure_Orange_Elastic_soft.csv,0,"End-effector start towards the object, to begin the task."
/home/mdxuser/Genesis/main/data/picked_up_4/csv/Android_Figure_Orange/Elastic/soft/Android_Figure_Orange_Elastic_soft.csv,270,"End-effector grasping the object, using gentle force, causing soft-deformation, with increasing force."
/home/mdxuser/Genesis/main/data/picked_up_4/csv/Android_Figure_Orange/Elastic/soft/Android_Figure_Orange_Elastic_soft.csv,540,"End-effector continue grasping the object, using gentle force, causing soft-deformation, with increasing force."
/home/mdxuser/Genesis/main/data/picked_up_4/csv/Android_Figure_Orange/Elastic/soft/Android_Figure_Orange_Elastic_soft.csv,810,"End-effector lifting the object, using gentle force, causing soft-deformation, with increasing force."
/home/mdxuser/Genesis/main/data/picked_up_4/csv/Android_Figure_Orange/Elastic/soft/Android_Figure_Orange_Elastic_soft.csv,1080,"End-effector rotating the object, by an angle of 45.0 degrees, using gentle force, causing soft-deformation, with constant force."
/home/mdxuser/Genesis/main/data/picked_up_4/csv/Android_Figure_Orange/Elastic/soft/Android_Figure_Orange_Elastic_soft.csv,1350,"End-effector continue rotating the object, by an angle of 45.0 degrees, using gentle force, causing soft-deformation, with constant force."
/home/mdxuser/Genesis/main/data/picked_up_4/csv/Android_Figure_Orange/Elastic/soft/Android_Figure_Orange_Elastic_soft.csv,1620,"End-effector holding position of the object, maintaining a stable hold, using gentle force, causing soft-deformation."
/home/mdxuser/Genesis/main/data/picked_up_4/csv/Android_Figure_Orange/Elastic/soft/Android_Figure_Orange_Elastic_soft.csv,1890,"End-effector rotating the object, by an angle of 45.0 degrees, using gentle force, causing soft-deformation, with constant force."
/home/mdxuser/Genesis/main/data/picked_up_4/csv/Android_Figure_Orange/Elastic/soft/Android_Figure_Orange_Elastic_soft.csv,2160,"End-effector holding position of the object, maintaining a stable hold, using gentle force, causing soft-deformation."
/home/mdxuser/Genesis/main/data/picked_up_4/csv/Android_Figure_Orange/Elastic/soft/Android_Figure_Orange_Elastic_soft.csv,2430,"End-effector continue holding position of the object, maintaining a stable hold, using gentle force, causing soft-deformation."
/home/mdxuser/Genesis/main/data/picked_up_4/csv/Android_Figure_Orange/Elastic/soft/Android_Figure_Orange_Elastic_soft.csv,2700,"End-effector stopping the object, using zero-force, causing undeformed shape."
/home/mdxuser/Genesis/main/data/picked_up_4/csv/adizero_F50_TRX_FG_LEA/Elastic/medium/adizero_F50_TRX_FG_LEA_Elastic_medium.csv,0,"End-effector start towards the object, to begin the task."
/home/mdxuser/Genesis/main/data/picked_up_4/csv/adizero_F50_TRX_FG_LEA/Elastic/medium/adizero_F50_TRX_FG_LEA_Elastic_medium.csv,270,"End-effector grasping the object, using moderate force, causing medium-deformation, with increasing force."
/home/mdxuser/Genesis/main/data/picked_up_4/csv/adizero_F50_TRX_FG_LEA/Elastic/medium/adizero_F50_TRX_FG_LEA_Elastic_medium.csv,540,"End-effector continue grasping the object, using moderate force, causing medium-deformation, with increasing force."
/home/mdxuser/Genesis/main/data/picked_up_4/csv/adizero_F50_TRX_FG_LEA/Elastic/medium/adizero_F50_TRX_FG_LEA_Elastic_medium.csv,810,"End-effector lifting the object, using moderate force, causing medium-deformation, with increasing force."
/home/mdxuser/Genesis/main/data/picked_up_4/csv/adizero_F50_TRX_FG_LEA/Elastic/medium/adizero_F50_TRX_FG_LEA_Elastic_medium.csv,1080,"End-effector rotating the object, by an angle of 30.0 degrees, using moderate force, causing medium-deformation, with constant force."
/home/mdxuser/Genesis/main/data/picked_up_4/csv/adizero_F50_TRX_FG_LEA/Elastic/medium/adizero_F50_TRX_FG_LEA_Elastic_medium.csv,1350,"End-effector continue rotating the object, by an angle of 30.0 degrees, using moderate force, causing medium-deformation, with constant force."
/home/mdxuser/Genesis/main/data/picked_up_4/csv/adizero_F50_TRX_FG_LEA/Elastic/medium/adizero_F50_TRX_FG_LEA_Elastic_medium.csv,1620,"End-effector holding position of the object, maintaining a stable hold, using moderate force, causing medium-deformation."
/home/mdxuser/Genesis/main/data/picked_up_4/csv/adizero_F50_TRX_FG_LEA/Elastic/medium/adizero_F50_TRX_FG_LEA_Elastic_medium.csv,1890,"End-effector rotating the object, by an angle of 45.0 degrees, using moderate force, causing medium-deformation, with constant force."
/home/mdxuser/Genesis/main/data/picked_up_4/csv/adizero_F50_TRX_FG_LEA/Elastic/medium/adizero_F50_TRX_FG_LEA_Elastic_medium.csv,2160,"End-effector continue rotating the object, by an angle of 45.0 degrees, using moderate force, causing medium-deformation, with constant force."
/home/mdxuser/Genesis/main/data/picked_up_4/csv/adizero_F50_TRX_FG_LEA/Elastic/medium/adizero_F50_TRX_FG_LEA_Elastic_medium.csv,2430,The object has been dropped.
/home/mdxuser/Genesis/main/data/picked_up_4/csv/adizero_F50_TRX_FG_LEA/Elastic/medium/adizero_F50_TRX_FG_LEA_Elastic_medium.csv,2700,The object has been dropped.
/home/mdxuser/Genesis/main/data/picked_up_4/csv/Beyonc_Life_is_But_a_Dream_DVD/Elastic/medium/Beyonc_Life_is_But_a_Dream_DVD_Elastic_medium.csv,0,"End-effector start towards the object, to begin the task."
/home/mdxuser/Genesis/main/data/picked_up_4/csv/Beyonc_Life_is_But_a_Dream_DVD/Elastic/medium/Beyonc_Life_is_But_a_Dream_DVD_Elastic_medium.csv,270,"End-effector grasping the object, using moderate force, causing medium-deformation, with increasing force."
/home/mdxuser/Genesis/main/data/picked_up_4/csv/Beyonc_Life_is_But_a_Dream_DVD/Elastic/medium/Beyonc_Life_is_But_a_Dream_DVD_Elastic_medium.csv,540,"End-effector continue grasping the object, using moderate force, causing medium-deformation, with increasing force."
/home/mdxuser/Genesis/main/data/picked_up_4/csv/Beyonc_Life_is_But_a_Dream_DVD/Elastic/medium/Beyonc_Life_is_But_a_Dream_DVD_Elastic_medium.csv,810,"End-effector lifting the object, using moderate force, causing medium-deformation, with increasing force."
/home/mdxuser/Genesis/main/data/picked_up_4/csv/Beyonc_Life_is_But_a_Dream_DVD/Elastic/medium/Beyonc_Life_is_But_a_Dream_DVD_Elastic_medium.csv,1080,"End-effector rotating the object, by an angle of 45.0 degrees, using moderate force, causing medium-deformation, with constant force."
/home/mdxuser/Genesis/main/data/picked_up_4/csv/Beyonc_Life_is_But_a_Dream_DVD/Elastic/medium/Beyonc_Life_is_But_a_Dream_DVD_Elastic_medium.csv,1350,The object has been dropped.
/home/mdxuser/Genesis/main/data/picked_up_4/csv/Beyonc_Life_is_But_a_Dream_DVD/Elastic/medium/Beyonc_Life_is_But_a_Dream_DVD_Elastic_medium.csv,1620,The object has been dropped.
/home/mdxuser/Genesis/main/data/picked_up_4/csv/Beyonc_Life_is_But_a_Dream_DVD/Elastic/medium/Beyonc_Life_is_But_a_Dream_DVD_Elastic_medium.csv,1890,The object has been dropped.
/home/mdxuser/Genesis/main/data/picked_up_4/csv/Beyonc_Life_is_But_a_Dream_DVD/Elastic/medium/Beyonc_Life_is_But_a_Dream_DVD_Elastic_medium.csv,2160,The object has been dropped.
/home/mdxuser/Genesis/main/data/picked_up_4/csv/Beyonc_Life_is_But_a_Dream_DVD/Elastic/medium/Beyonc_Life_is_But_a_Dream_DVD_Elastic_medium.csv,2430,The object has been dropped.
/home/mdxuser/Genesis/main/data/picked_up_4/csv/Beyonc_Life_is_But_a_Dream_DVD/Elastic/medium/Beyonc_Life_is_But_a_Dream_DVD_Elastic_medium.csv,2700,The object has been dropped.
/home/mdxuser/Genesis/main/data/picked_up_4/csv/ASICS_GEL1140V_WhiteBlackSilver/Elastic/hard/ASICS_GEL1140V_WhiteBlackSilver_Elastic_hard.csv,0,"End-effector start towards the object, to begin the task."
/home/mdxuser/Genesis/main/data/picked_up_4/csv/ASICS_GEL1140V_WhiteBlackSilver/Elastic/hard/ASICS_GEL1140V_WhiteBlackSilver_Elastic_hard.csv,270,"End-effector grasping the object, using strong force, causing hard-deformation, with increasing force."
/home/mdxuser/Genesis/main/data/picked_up_4/csv/ASICS_GEL1140V_WhiteBlackSilver/Elastic/hard/ASICS_GEL1140V_WhiteBlackSilver_Elastic_hard.csv,540,"End-effector continue grasping the object, using strong force, causing hard-deformation, with increasing force."
/home/mdxuser/Genesis/main/data/picked_up_4/csv/ASICS_GEL1140V_WhiteBlackSilver/Elastic/hard/ASICS_GEL1140V_WhiteBlackSilver_Elastic_hard.csv,810,"End-effector lifting the object, using strong force, causing hard-deformation, with increasing force."
/home/mdxuser/Genesis/main/data/picked_up_4/csv/ASICS_GEL1140V_WhiteBlackSilver/Elastic/hard/ASICS_GEL1140V_WhiteBlackSilver_Elastic_hard.csv,1080,"End-effector rotating the object, by an angle of 45.0 degrees, using strong force, causing hard-deformation, with constant force."
/home/mdxuser/Genesis/main/data/picked_up_4/csv/ASICS_GEL1140V_WhiteBlackSilver/Elastic/hard/ASICS_GEL1140V_WhiteBlackSilver_Elastic_hard.csv,1350,"End-effector holding position of the object, maintaining a stable hold, using strong force, causing hard-deformation."
/home/mdxuser/Genesis/main/data/picked_up_4/csv/ASICS_GEL1140V_WhiteBlackSilver/Elastic/hard/ASICS_GEL1140V_WhiteBlackSilver_Elastic_hard.csv,1620,"End-effector continue holding position of the object, maintaining a stable hold, using strong force, causing hard-deformation."
/home/mdxuser/Genesis/main/data/picked_up_4/csv/ASICS_GEL1140V_WhiteBlackSilver/Elastic/hard/ASICS_GEL1140V_WhiteBlackSilver_Elastic_hard.csv,1890,"End-effector rotating the object, by an angle of 30.0 degrees, using strong force, causing hard-deformation, with constant force."
/home/mdxuser/Genesis/main/data/picked_up_4/csv/ASICS_GEL1140V_WhiteBlackSilver/Elastic/hard/ASICS_GEL1140V_WhiteBlackSilver_Elastic_hard.csv,2160,"End-effector continue rotating the object, by an angle of 30.0 degrees, using strong force, causing hard-deformation, with constant force."
/home/mdxuser/Genesis/main/data/picked_up_4/csv/ASICS_GEL1140V_WhiteBlackSilver/Elastic/hard/ASICS_GEL1140V_WhiteBlackSilver_Elastic_hard.csv,2430,"End-effector holding position of the object, maintaining a stable hold, using strong force, causing hard-deformation."
/home/mdxuser/Genesis/main/data/picked_up_4/csv/ASICS_GEL1140V_WhiteBlackSilver/Elastic/hard/ASICS_GEL1140V_WhiteBlackSilver_Elastic_hard.csv,2700,"End-effector stopping the object, using zero-force, causing undeformed shape."
/home/mdxuser/Genesis/main/data/picked_up_4/csv/Office_Depot_Canon_CL_41_Remanufactured_Ink_Cartridge_TriColor/Elastic/hard/Office_Depot_Canon_CL_41_Remanufactured_Ink_Cartridge_TriColor_Elastic_hard.csv,0,"End-effector start towards the object, to begin the task."
/home/mdxuser/Genesis/main/data/picked_up_4/csv/Office_Depot_Canon_CL_41_Remanufactured_Ink_Cartridge_TriColor/Elastic/hard/Office_Depot_Canon_CL_41_Remanufactured_Ink_Cartridge_TriColor_Elastic_hard.csv,270,"End-effector grasping the object, using strong force, causing hard-deformation, with increasing force."
/home/mdxuser/Genesis/main/data/picked_up_4/csv/Office_Depot_Canon_CL_41_Remanufactured_Ink_Cartridge_TriColor/Elastic/hard/Office_Depot_Canon_CL_41_Remanufactured_Ink_Cartridge_TriColor_Elastic_hard.csv,540,"End-effector continue grasping the object, using strong force, causing hard-deformation, with increasing force."
/home/mdxuser/Genesis/main/data/picked_up_4/csv/Office_Depot_Canon_CL_41_Remanufactured_Ink_Cartridge_TriColor/Elastic/hard/Office_Depot_Canon_CL_41_Remanufactured_Ink_Cartridge_TriColor_Elastic_hard.csv,810,"End-effector lifting the object, using strong force, causing hard-deformation, with increasing force."
/home/mdxuser/Genesis/main/data/picked_up_4/csv/Office_Depot_Canon_CL_41_Remanufactured_Ink_Cartridge_TriColor/Elastic/hard/Office_Depot_Canon_CL_41_Remanufactured_Ink_Cartridge_TriColor_Elastic_hard.csv,1080,"End-effector rotating the object, by an angle of 45.0 degrees, using strong force, causing hard-deformation, with constant force."
/home/mdxuser/Genesis/main/data/picked_up_4/csv/Office_Depot_Canon_CL_41_Remanufactured_Ink_Cartridge_TriColor/Elastic/hard/Office_Depot_Canon_CL_41_Remanufactured_Ink_Cartridge_TriColor_Elastic_hard.csv,1350,"End-effector continue rotating the object, by an angle of 45.0 degrees, using strong force, causing hard-deformation, with constant force."
/home/mdxuser/Genesis/main/data/picked_up_4/csv/Office_Depot_Canon_CL_41_Remanufactured_Ink_Cartridge_TriColor/Elastic/hard/Office_Depot_Canon_CL_41_Remanufactured_Ink_Cartridge_TriColor_Elastic_hard.csv,1620,"End-effector holding position of the object, maintaining a stable hold, using strong force, causing hard-deformation."
/home/mdxuser/Genesis/main/data/picked_up_4/csv/Office_Depot_Canon_CL_41_Remanufactured_Ink_Cartridge_TriColor/Elastic/hard/Office_Depot_Canon_CL_41_Remanufactured_Ink_Cartridge_TriColor_Elastic_hard.csv,1890,"End-effector rotating the object, by an angle of 45.0 degrees, using strong force, causing hard-deformation, with constant force."
/home/mdxuser/Genesis/main/data/picked_up_4/csv/Office_Depot_Canon_CL_41_Remanufactured_Ink_Cartridge_TriColor/Elastic/hard/Office_Depot_Canon_CL_41_Remanufactured_Ink_Cartridge_TriColor_Elastic_hard.csv,2160,"End-effector holding position of the object, maintaining a stable hold, using strong force, causing hard-deformation."
/home/mdxuser/Genesis/main/data/picked_up_4/csv/Office_Depot_Canon_CL_41_Remanufactured_Ink_Cartridge_TriColor/Elastic/hard/Office_Depot_Canon_CL_41_Remanufactured_Ink_Cartridge_TriColor_Elastic_hard.csv,2430,"End-effector continue holding position of the object, maintaining a stable hold, using strong force, causing hard-deformation."
/home/mdxuser/Genesis/main/data/picked_up_4/csv/Office_Depot_Canon_CL_41_Remanufactured_Ink_Cartridge_TriColor/Elastic/hard/Office_Depot_Canon_CL_41_Remanufactured_Ink_Cartridge_TriColor_Elastic_hard.csv,2700,"End-effector stopping the object, using zero-force, causing undeformed shape."
/home/mdxuser/Genesis/main/data/picked_up_4/csv/CoQ10/Elastic/soft/CoQ10_Elastic_soft.csv,0,"End-effector start towards the object, to begin the task."
/home/mdxuser/Genesis/main/data/picked_up_4/csv/CoQ10/Elastic/soft/CoQ10_Elastic_soft.csv,270,"End-effector grasping the object, using gentle force, causing soft-deformation, with increasing force."
/home/mdxuser/Genesis/main/data/picked_up_4/csv/CoQ10/Elastic/soft/CoQ10_Elastic_soft.csv,540,"End-effector continue grasping the object, using gentle force, causing soft-deformation, with increasing force."
/home/mdxuser/Genesis/main/data/picked_up_4/csv/CoQ10/Elastic/soft/CoQ10_Elastic_soft.csv,810,"End-effector lifting the object, using gentle force, causing soft-deformation, with increasing force."
/home/mdxuser/Genesis/main/data/picked_up_4/csv/CoQ10/Elastic/soft/CoQ10_Elastic_soft.csv,1080,"End-effector rotating the object, by an angle of 45.0 degrees, using gentle force, causing soft-deformation, with constant force."
/home/mdxuser/Genesis/main/data/picked_up_4/csv/CoQ10/Elastic/soft/CoQ10_Elastic_soft.csv,1350,"End-effector holding position of the object, maintaining a stable hold, using gentle force, causing soft-deformation."
/home/mdxuser/Genesis/main/data/picked_up_4/csv/CoQ10/Elastic/soft/CoQ10_Elastic_soft.csv,1620,"End-effector continue holding position of the object, maintaining a stable hold, using gentle force, causing soft-deformation."
/home/mdxuser/Genesis/main/data/picked_up_4/csv/CoQ10/Elastic/soft/CoQ10_Elastic_soft.csv,1890,"End-effector rotating the object, by an angle of 30.0 degrees, using gentle force, causing soft-deformation, with constant force."
/home/mdxuser/Genesis/main/data/picked_up_4/csv/CoQ10/Elastic/soft/CoQ10_Elastic_soft.csv,2160,"End-effector continue rotating the object, by an angle of 30.0 degrees, using gentle force, causing soft-deformation, with constant force."
/home/mdxuser/Genesis/main/data/picked_up_4/csv/CoQ10/Elastic/soft/CoQ10_Elastic_soft.csv,2430,"End-effector holding position of the object, maintaining a stable hold, using gentle force, causing soft-deformation."
/home/mdxuser/Genesis/main/data/picked_up_4/csv/CoQ10/Elastic/soft/CoQ10_Elastic_soft.csv,2700,The object has been dropped.
/home/mdxuser/Genesis/main/data/picked_up_4/csv/3D_Dollhouse_Sofa/Elastic/hard/3D_Dollhouse_Sofa_Elastic_hard.csv,0,"End-effector start towards the object, to begin the task."
/home/mdxuser/Genesis/main/data/picked_up_4/csv/3D_Dollhouse_Sofa/Elastic/hard/3D_Dollhouse_Sofa_Elastic_hard.csv,270,"End-effector grasping the object, using strong force, causing hard-deformation, with increasing force."
/home/mdxuser/Genesis/main/data/picked_up_4/csv/3D_Dollhouse_Sofa/Elastic/hard/3D_Dollhouse_Sofa_Elastic_hard.csv,540,"End-effector continue grasping the object, using strong force, causing hard-deformation, with increasing force."
/home/mdxuser/Genesis/main/data/picked_up_4/csv/3D_Dollhouse_Sofa/Elastic/hard/3D_Dollhouse_Sofa_Elastic_hard.csv,810,"End-effector lifting the object, using strong force, causing hard-deformation, with increasing force."
/home/mdxuser/Genesis/main/data/picked_up_4/csv/3D_Dollhouse_Sofa/Elastic/hard/3D_Dollhouse_Sofa_Elastic_hard.csv,1080,"End-effector rotating the object, by an angle of 30.0 degrees, using strong force, causing hard-deformation, with constant force."
/home/mdxuser/Genesis/main/data/picked_up_4/csv/3D_Dollhouse_Sofa/Elastic/hard/3D_Dollhouse_Sofa_Elastic_hard.csv,1350,"End-effector continue rotating the object, by an angle of 30.0 degrees, using strong force, causing hard-deformation, with constant force."
/home/mdxuser/Genesis/main/data/picked_up_4/csv/3D_Dollhouse_Sofa/Elastic/hard/3D_Dollhouse_Sofa_Elastic_hard.csv,1620,"End-effector holding position of the object, maintaining a stable hold, using strong force, causing hard-deformation."
/home/mdxuser/Genesis/main/data/picked_up_4/csv/3D_Dollhouse_Sofa/Elastic/hard/3D_Dollhouse_Sofa_Elastic_hard.csv,1890,The object has been dropped.
/home/mdxuser/Genesis/main/data/picked_up_4/csv/3D_Dollhouse_Sofa/Elastic/hard/3D_Dollhouse_Sofa_Elastic_hard.csv,2160,The object has been dropped.
/home/mdxuser/Genesis/main/data/picked_up_4/csv/3D_Dollhouse_Sofa/Elastic/hard/3D_Dollhouse_Sofa_Elastic_hard.csv,2430,The object has been dropped.
/home/mdxuser/Genesis/main/data/picked_up_4/csv/3D_Dollhouse_Sofa/Elastic/hard/3D_Dollhouse_Sofa_Elastic_hard.csv,2700,The object has been dropped.
/home/mdxuser/Genesis/main/data/picked_up_4/csv/Circo_Fish_Toothbrush_Holder_14995988/Elastic/medium/Circo_Fish_Toothbrush_Holder_14995988_Elastic_medium.csv,0,"End-effector start towards the object, to begin the task."
/home/mdxuser/Genesis/main/data/picked_up_4/csv/Circo_Fish_Toothbrush_Holder_14995988/Elastic/medium/Circo_Fish_Toothbrush_Holder_14995988_Elastic_medium.csv,270,"End-effector grasping the object, using moderate force, causing medium-deformation, with increasing force."
/home/mdxuser/Genesis/main/data/picked_up_4/csv/Circo_Fish_Toothbrush_Holder_14995988/Elastic/medium/Circo_Fish_Toothbrush_Holder_14995988_Elastic_medium.csv,540,"End-effector continue grasping the object, using moderate force, causing medium-deformation, with increasing force."
/home/mdxuser/Genesis/main/data/picked_up_4/csv/Circo_Fish_Toothbrush_Holder_14995988/Elastic/medium/Circo_Fish_Toothbrush_Holder_14995988_Elastic_medium.csv,810,"End-effector lifting the object, using moderate force, causing medium-deformation, with increasing force."
/home/mdxuser/Genesis/main/data/picked_up_4/csv/Circo_Fish_Toothbrush_Holder_14995988/Elastic/medium/Circo_Fish_Toothbrush_Holder_14995988_Elastic_medium.csv,1080,"End-effector rotating the object, by an angle of 45.0 degrees, using moderate force, causing medium-deformation, with constant force."
/home/mdxuser/Genesis/main/data/picked_up_4/csv/Circo_Fish_Toothbrush_Holder_14995988/Elastic/medium/Circo_Fish_Toothbrush_Holder_14995988_Elastic_medium.csv,1350,"End-effector continue rotating the object, by an angle of 45.0 degrees, using moderate force, causing medium-deformation, with constant force."
/home/mdxuser/Genesis/main/data/picked_up_4/csv/Circo_Fish_Toothbrush_Holder_14995988/Elastic/medium/Circo_Fish_Toothbrush_Holder_14995988_Elastic_medium.csv,1620,"End-effector holding position of the object, maintaining a stable hold, using moderate force, causing medium-deformation."
/home/mdxuser/Genesis/main/data/picked_up_4/csv/Circo_Fish_Toothbrush_Holder_14995988/Elastic/medium/Circo_Fish_Toothbrush_Holder_14995988_Elastic_medium.csv,1890,"End-effector rotating the object, by an angle of 30.0 degrees, using moderate force, causing medium-deformation, with constant force."
/home/mdxuser/Genesis/main/data/picked_up_4/csv/Circo_Fish_Toothbrush_Holder_14995988/Elastic/medium/Circo_Fish_Toothbrush_Holder_14995988_Elastic_medium.csv,2160,"End-effector continue rotating the object, by an angle of 30.0 degrees, using moderate force, causing medium-deformation, with constant force."
/home/mdxuser/Genesis/main/data/picked_up_4/csv/Circo_Fish_Toothbrush_Holder_14995988/Elastic/medium/Circo_Fish_Toothbrush_Holder_14995988_Elastic_medium.csv,2430,The object has been dropped.
/home/mdxuser/Genesis/main/data/picked_up_4/csv/Circo_Fish_Toothbrush_Holder_14995988/Elastic/medium/Circo_Fish_Toothbrush_Holder_14995988_Elastic_medium.csv,2700,The object has been dropped.
/home/mdxuser/Genesis/main/data/picked_up_4/csv/JarroDophilusFOS_Value_Size/Elastic/soft/JarroDophilusFOS_Value_Size_Elastic_soft.csv,0,"End-effector start towards the object, to begin the task."
/home/mdxuser/Genesis/main/data/picked_up_4/csv/JarroDophilusFOS_Value_Size/Elastic/soft/JarroDophilusFOS_Value_Size_Elastic_soft.csv,270,"End-effector grasping the object, using gentle force, causing soft-deformation, with increasing force."
/home/mdxuser/Genesis/main/data/picked_up_4/csv/JarroDophilusFOS_Value_Size/Elastic/soft/JarroDophilusFOS_Value_Size_Elastic_soft.csv,540,"End-effector continue grasping the object, using gentle force, causing soft-deformation, with increasing force."
/home/mdxuser/Genesis/main/data/picked_up_4/csv/JarroDophilusFOS_Value_Size/Elastic/soft/JarroDophilusFOS_Value_Size_Elastic_soft.csv,810,"End-effector lifting the object, using gentle force, causing soft-deformation, with increasing force."
/home/mdxuser/Genesis/main/data/picked_up_4/csv/JarroDophilusFOS_Value_Size/Elastic/soft/JarroDophilusFOS_Value_Size_Elastic_soft.csv,1080,"End-effector rotating the object, by an angle of 45.0 degrees, using gentle force, causing soft-deformation, with constant force."
/home/mdxuser/Genesis/main/data/picked_up_4/csv/JarroDophilusFOS_Value_Size/Elastic/soft/JarroDophilusFOS_Value_Size_Elastic_soft.csv,1350,"End-effector holding position of the object, maintaining a stable hold, using gentle force, causing soft-deformation."
/home/mdxuser/Genesis/main/data/picked_up_4/csv/JarroDophilusFOS_Value_Size/Elastic/soft/JarroDophilusFOS_Value_Size_Elastic_soft.csv,1620,"End-effector continue holding position of the object, maintaining a stable hold, using gentle force, causing soft-deformation."
/home/mdxuser/Genesis/main/data/picked_up_4/csv/JarroDophilusFOS_Value_Size/Elastic/soft/JarroDophilusFOS_Value_Size_Elastic_soft.csv,1890,"End-effector rotating the object, by an angle of 45.0 degrees, using gentle force, causing soft-deformation, with constant force."
/home/mdxuser/Genesis/main/data/picked_up_4/csv/JarroDophilusFOS_Value_Size/Elastic/soft/JarroDophilusFOS_Value_Size_Elastic_soft.csv,2160,"End-effector holding position of the object, maintaining a stable hold, using gentle force, causing soft-deformation."
/home/mdxuser/Genesis/main/data/picked_up_4/csv/JarroDophilusFOS_Value_Size/Elastic/soft/JarroDophilusFOS_Value_Size_Elastic_soft.csv,2430,"End-effector continue holding position of the object, maintaining a stable hold, using gentle force, causing soft-deformation."
/home/mdxuser/Genesis/main/data/picked_up_4/csv/JarroDophilusFOS_Value_Size/Elastic/soft/JarroDophilusFOS_Value_Size_Elastic_soft.csv,2700,The object has been dropped.
/home/mdxuser/Genesis/main/data/picked_up_4/csv/3D_Dollhouse_Sink/Elastic/hard/3D_Dollhouse_Sink_Elastic_hard.csv,0,"End-effector start towards the object, to begin the task."
/home/mdxuser/Genesis/main/data/picked_up_4/csv/3D_Dollhouse_Sink/Elastic/hard/3D_Dollhouse_Sink_Elastic_hard.csv,270,"End-effector grasping the object, using strong force, causing hard-deformation, with increasing force."
/home/mdxuser/Genesis/main/data/picked_up_4/csv/3D_Dollhouse_Sink/Elastic/hard/3D_Dollhouse_Sink_Elastic_hard.csv,540,"End-effector continue grasping the object, using strong force, causing hard-deformation, with increasing force."
/home/mdxuser/Genesis/main/data/picked_up_4/csv/3D_Dollhouse_Sink/Elastic/hard/3D_Dollhouse_Sink_Elastic_hard.csv,810,"End-effector lifting the object, using strong force, causing hard-deformation, with increasing force."
/home/mdxuser/Genesis/main/data/picked_up_4/csv/3D_Dollhouse_Sink/Elastic/hard/3D_Dollhouse_Sink_Elastic_hard.csv,1080,"End-effector rotating the object, by an angle of 45.0 degrees, using strong force, causing hard-deformation, with constant force."
/home/mdxuser/Genesis/main/data/picked_up_4/csv/3D_Dollhouse_Sink/Elastic/hard/3D_Dollhouse_Sink_Elastic_hard.csv,1350,"End-effector continue rotating the object, by an angle of 45.0 degrees, using strong force, causing hard-deformation, with constant force."
/home/mdxuser/Genesis/main/data/picked_up_4/csv/3D_Dollhouse_Sink/Elastic/hard/3D_Dollhouse_Sink_Elastic_hard.csv,1620,"End-effector holding position of the object, maintaining a stable hold, using strong force, causing hard-deformation."
/home/mdxuser/Genesis/main/data/picked_up_4/csv/3D_Dollhouse_Sink/Elastic/hard/3D_Dollhouse_Sink_Elastic_hard.csv,1890,"End-effector rotating the object, by an angle of 30.0 degrees, using strong force, causing hard-deformation, with constant force."
/home/mdxuser/Genesis/main/data/picked_up_4/csv/3D_Dollhouse_Sink/Elastic/hard/3D_Dollhouse_Sink_Elastic_hard.csv,2160,"End-effector continue rotating the object, by an angle of 30.0 degrees, using strong force, causing hard-deformation, with constant force."
/home/mdxuser/Genesis/main/data/picked_up_4/csv/3D_Dollhouse_Sink/Elastic/hard/3D_Dollhouse_Sink_Elastic_hard.csv,2430,"End-effector holding position of the object, maintaining a stable hold, using strong force, causing hard-deformation."
/home/mdxuser/Genesis/main/data/picked_up_4/csv/3D_Dollhouse_Sink/Elastic/hard/3D_Dollhouse_Sink_Elastic_hard.csv,2700,The object has been dropped.
/home/mdxuser/Genesis/main/data/picked_up_4/csv/ASICS_GELLinksmaster_WhiteSilverCarolina_Blue/Elastic/hard/ASICS_GELLinksmaster_WhiteSilverCarolina_Blue_Elastic_hard.csv,0,"End-effector start towards the object, to begin the task."
/home/mdxuser/Genesis/main/data/picked_up_4/csv/ASICS_GELLinksmaster_WhiteSilverCarolina_Blue/Elastic/hard/ASICS_GELLinksmaster_WhiteSilverCarolina_Blue_Elastic_hard.csv,270,"End-effector grasping the object, using strong force, causing hard-deformation, with increasing force."
/home/mdxuser/Genesis/main/data/picked_up_4/csv/ASICS_GELLinksmaster_WhiteSilverCarolina_Blue/Elastic/hard/ASICS_GELLinksmaster_WhiteSilverCarolina_Blue_Elastic_hard.csv,540,"End-effector continue grasping the object, using strong force, causing hard-deformation, with increasing force."
/home/mdxuser/Genesis/main/data/picked_up_4/csv/ASICS_GELLinksmaster_WhiteSilverCarolina_Blue/Elastic/hard/ASICS_GELLinksmaster_WhiteSilverCarolina_Blue_Elastic_hard.csv,810,"End-effector lifting the object, using strong force, causing hard-deformation, with increasing force."
/home/mdxuser/Genesis/main/data/picked_up_4/csv/ASICS_GELLinksmaster_WhiteSilverCarolina_Blue/Elastic/hard/ASICS_GELLinksmaster_WhiteSilverCarolina_Blue_Elastic_hard.csv,1080,"End-effector rotating the object, by an angle of 30.0 degrees, using strong force, causing hard-deformation, with constant force."
/home/mdxuser/Genesis/main/data/picked_up_4/csv/ASICS_GELLinksmaster_WhiteSilverCarolina_Blue/Elastic/hard/ASICS_GELLinksmaster_WhiteSilverCarolina_Blue_Elastic_hard.csv,1350,"End-effector continue rotating the object, by an angle of 30.0 degrees, using strong force, causing hard-deformation, with constant force."
/home/mdxuser/Genesis/main/data/picked_up_4/csv/ASICS_GELLinksmaster_WhiteSilverCarolina_Blue/Elastic/hard/ASICS_GELLinksmaster_WhiteSilverCarolina_Blue_Elastic_hard.csv,1620,"End-effector holding position of the object, maintaining a stable hold, using strong force, causing hard-deformation."
/home/mdxuser/Genesis/main/data/picked_up_4/csv/ASICS_GELLinksmaster_WhiteSilverCarolina_Blue/Elastic/hard/ASICS_GELLinksmaster_WhiteSilverCarolina_Blue_Elastic_hard.csv,1890,"End-effector rotating the object, by an angle of 45.0 degrees, using strong force, causing hard-deformation, with constant force."
/home/mdxuser/Genesis/main/data/picked_up_4/csv/ASICS_GELLinksmaster_WhiteSilverCarolina_Blue/Elastic/hard/ASICS_GELLinksmaster_WhiteSilverCarolina_Blue_Elastic_hard.csv,2160,The object has been dropped.
/home/mdxuser/Genesis/main/data/picked_up_4/csv/ASICS_GELLinksmaster_WhiteSilverCarolina_Blue/Elastic/hard/ASICS_GELLinksmaster_WhiteSilverCarolina_Blue_Elastic_hard.csv,2430,The object has been dropped.
/home/mdxuser/Genesis/main/data/picked_up_4/csv/ASICS_GELLinksmaster_WhiteSilverCarolina_Blue/Elastic/hard/ASICS_GELLinksmaster_WhiteSilverCarolina_Blue_Elastic_hard.csv,2700,The object has been dropped.
/home/mdxuser/Genesis/main/data/picked_up_4/csv/Office_Depot_Dell_Series_1_Remanufactured_Ink_Cartridge_TriColor/Elastic/soft/Office_Depot_Dell_Series_1_Remanufactured_Ink_Cartridge_TriColor_Elastic_soft.csv,0,"End-effector start towards the object, to begin the task."
/home/mdxuser/Genesis/main/data/picked_up_4/csv/Office_Depot_Dell_Series_1_Remanufactured_Ink_Cartridge_TriColor/Elastic/soft/Office_Depot_Dell_Series_1_Remanufactured_Ink_Cartridge_TriColor_Elastic_soft.csv,270,"End-effector grasping the object, using gentle force, causing soft-deformation, with increasing force."
/home/mdxuser/Genesis/main/data/picked_up_4/csv/Office_Depot_Dell_Series_1_Remanufactured_Ink_Cartridge_TriColor/Elastic/soft/Office_Depot_Dell_Series_1_Remanufactured_Ink_Cartridge_TriColor_Elastic_soft.csv,540,"End-effector continue grasping the object, using gentle force, causing soft-deformation, with increasing force."
/home/mdxuser/Genesis/main/data/picked_up_4/csv/Office_Depot_Dell_Series_1_Remanufactured_Ink_Cartridge_TriColor/Elastic/soft/Office_Depot_Dell_Series_1_Remanufactured_Ink_Cartridge_TriColor_Elastic_soft.csv,810,"End-effector lifting the object, using gentle force, causing soft-deformation, with increasing force."
/home/mdxuser/Genesis/main/data/picked_up_4/csv/Office_Depot_Dell_Series_1_Remanufactured_Ink_Cartridge_TriColor/Elastic/soft/Office_Depot_Dell_Series_1_Remanufactured_Ink_Cartridge_TriColor_Elastic_soft.csv,1080,"End-effector rotating the object, by an angle of 30.0 degrees, using gentle force, causing soft-deformation, with constant force."
/home/mdxuser/Genesis/main/data/picked_up_4/csv/Office_Depot_Dell_Series_1_Remanufactured_Ink_Cartridge_TriColor/Elastic/soft/Office_Depot_Dell_Series_1_Remanufactured_Ink_Cartridge_TriColor_Elastic_soft.csv,1350,"End-effector continue rotating the object, by an angle of 30.0 degrees, using gentle force, causing soft-deformation, with constant force."
/home/mdxuser/Genesis/main/data/picked_up_4/csv/Office_Depot_Dell_Series_1_Remanufactured_Ink_Cartridge_TriColor/Elastic/soft/Office_Depot_Dell_Series_1_Remanufactured_Ink_Cartridge_TriColor_Elastic_soft.csv,1620,"End-effector holding position of the object, maintaining a stable hold, using gentle force, causing soft-deformation."
/home/mdxuser/Genesis/main/data/picked_up_4/csv/Office_Depot_Dell_Series_1_Remanufactured_Ink_Cartridge_TriColor/Elastic/soft/Office_Depot_Dell_Series_1_Remanufactured_Ink_Cartridge_TriColor_Elastic_soft.csv,1890,The object has been dropped.
/home/mdxuser/Genesis/main/data/picked_up_4/csv/Office_Depot_Dell_Series_1_Remanufactured_Ink_Cartridge_TriColor/Elastic/soft/Office_Depot_Dell_Series_1_Remanufactured_Ink_Cartridge_TriColor_Elastic_soft.csv,2160,The object has been dropped.
/home/mdxuser/Genesis/main/data/picked_up_4/csv/Office_Depot_Dell_Series_1_Remanufactured_Ink_Cartridge_TriColor/Elastic/soft/Office_Depot_Dell_Series_1_Remanufactured_Ink_Cartridge_TriColor_Elastic_soft.csv,2430,The object has been dropped.
/home/mdxuser/Genesis/main/data/picked_up_4/csv/Office_Depot_Dell_Series_1_Remanufactured_Ink_Cartridge_TriColor/Elastic/soft/Office_Depot_Dell_Series_1_Remanufactured_Ink_Cartridge_TriColor_Elastic_soft.csv,2700,The object has been dropped.
/home/mdxuser/Genesis/main/data/picked_up_4/csv/Don_Franciscos_Gourmet_Coffee_Medium_Decaf_100_Colombian_12_oz_340_g/Elastic/medium/Don_Franciscos_Gourmet_Coffee_Medium_Decaf_100_Colombian_12_oz_340_g_Elastic_medium.csv,0,"End-effector start towards the object, to begin the task."
/home/mdxuser/Genesis/main/data/picked_up_4/csv/Don_Franciscos_Gourmet_Coffee_Medium_Decaf_100_Colombian_12_oz_340_g/Elastic/medium/Don_Franciscos_Gourmet_Coffee_Medium_Decaf_100_Colombian_12_oz_340_g_Elastic_medium.csv,270,"End-effector grasping the object, using moderate force, causing medium-deformation, with increasing force."
/home/mdxuser/Genesis/main/data/picked_up_4/csv/Don_Franciscos_Gourmet_Coffee_Medium_Decaf_100_Colombian_12_oz_340_g/Elastic/medium/Don_Franciscos_Gourmet_Coffee_Medium_Decaf_100_Colombian_12_oz_340_g_Elastic_medium.csv,540,"End-effector continue grasping the object, using moderate force, causing medium-deformation, with increasing force."
/home/mdxuser/Genesis/main/data/picked_up_4/csv/Don_Franciscos_Gourmet_Coffee_Medium_Decaf_100_Colombian_12_oz_340_g/Elastic/medium/Don_Franciscos_Gourmet_Coffee_Medium_Decaf_100_Colombian_12_oz_340_g_Elastic_medium.csv,810,"End-effector lifting the object, using moderate force, causing medium-deformation, with increasing force."
/home/mdxuser/Genesis/main/data/picked_up_4/csv/Don_Franciscos_Gourmet_Coffee_Medium_Decaf_100_Colombian_12_oz_340_g/Elastic/medium/Don_Franciscos_Gourmet_Coffee_Medium_Decaf_100_Colombian_12_oz_340_g_Elastic_medium.csv,1080,"End-effector rotating the object, by an angle of 45.0 degrees, using moderate force, causing medium-deformation, with constant force."
/home/mdxuser/Genesis/main/data/picked_up_4/csv/Don_Franciscos_Gourmet_Coffee_Medium_Decaf_100_Colombian_12_oz_340_g/Elastic/medium/Don_Franciscos_Gourmet_Coffee_Medium_Decaf_100_Colombian_12_oz_340_g_Elastic_medium.csv,1350,"End-effector holding position of the object, maintaining a stable hold, using moderate force, causing medium-deformation."
/home/mdxuser/Genesis/main/data/picked_up_4/csv/Don_Franciscos_Gourmet_Coffee_Medium_Decaf_100_Colombian_12_oz_340_g/Elastic/medium/Don_Franciscos_Gourmet_Coffee_Medium_Decaf_100_Colombian_12_oz_340_g_Elastic_medium.csv,1620,"End-effector continue holding position of the object, maintaining a stable hold, using moderate force, causing medium-deformation."
/home/mdxuser/Genesis/main/data/picked_up_4/csv/Don_Franciscos_Gourmet_Coffee_Medium_Decaf_100_Colombian_12_oz_340_g/Elastic/medium/Don_Franciscos_Gourmet_Coffee_Medium_Decaf_100_Colombian_12_oz_340_g_Elastic_medium.csv,1890,"End-effector rotating the object, by an angle of 45.0 degrees, using moderate force, causing medium-deformation, with constant force."
/home/mdxuser/Genesis/main/data/picked_up_4/csv/Don_Franciscos_Gourmet_Coffee_Medium_Decaf_100_Colombian_12_oz_340_g/Elastic/medium/Don_Franciscos_Gourmet_Coffee_Medium_Decaf_100_Colombian_12_oz_340_g_Elastic_medium.csv,2160,"End-effector continue rotating the object, by an angle of 45.0 degrees, using moderate force, causing medium-deformation, with constant force."
/home/mdxuser/Genesis/main/data/picked_up_4/csv/Don_Franciscos_Gourmet_Coffee_Medium_Decaf_100_Colombian_12_oz_340_g/Elastic/medium/Don_Franciscos_Gourmet_Coffee_Medium_Decaf_100_Colombian_12_oz_340_g_Elastic_medium.csv,2430,"End-effector holding position of the object, maintaining a stable hold, using moderate force, causing medium-deformation."
/home/mdxuser/Genesis/main/data/picked_up_4/csv/Don_Franciscos_Gourmet_Coffee_Medium_Decaf_100_Colombian_12_oz_340_g/Elastic/medium/Don_Franciscos_Gourmet_Coffee_Medium_Decaf_100_Colombian_12_oz_340_g_Elastic_medium.csv,2700,"End-effector stopping the object, using zero-force, causing undeformed shape."
/home/mdxuser/Genesis/main/data/picked_up_4/csv/BIRD_RATTLE/Elastic/hard/BIRD_RATTLE_Elastic_hard.csv,0,"End-effector start towards the object, to begin the task."
/home/mdxuser/Genesis/main/data/picked_up_4/csv/BIRD_RATTLE/Elastic/hard/BIRD_RATTLE_Elastic_hard.csv,270,"End-effector grasping the object, using strong force, causing hard-deformation, with increasing force."
/home/mdxuser/Genesis/main/data/picked_up_4/csv/BIRD_RATTLE/Elastic/hard/BIRD_RATTLE_Elastic_hard.csv,540,"End-effector lifting the object, using strong force, causing hard-deformation, with increasing force."
/home/mdxuser/Genesis/main/data/picked_up_4/csv/BIRD_RATTLE/Elastic/hard/BIRD_RATTLE_Elastic_hard.csv,810,"End-effector rotating the object, by an angle of 45.0 degrees, using strong force, causing hard-deformation, with constant force."
/home/mdxuser/Genesis/main/data/picked_up_4/csv/BIRD_RATTLE/Elastic/hard/BIRD_RATTLE_Elastic_hard.csv,1080,The object has been dropped.
/home/mdxuser/Genesis/main/data/picked_up_4/csv/BIRD_RATTLE/Elastic/hard/BIRD_RATTLE_Elastic_hard.csv,1350,The object has been dropped.
/home/mdxuser/Genesis/main/data/picked_up_4/csv/BIRD_RATTLE/Elastic/hard/BIRD_RATTLE_Elastic_hard.csv,1620,The object has been dropped.
/home/mdxuser/Genesis/main/data/picked_up_4/csv/BIRD_RATTLE/Elastic/hard/BIRD_RATTLE_Elastic_hard.csv,1890,The object has been dropped.
/home/mdxuser/Genesis/main/data/picked_up_4/csv/BIRD_RATTLE/Elastic/hard/BIRD_RATTLE_Elastic_hard.csv,2160,The object has been dropped.
/home/mdxuser/Genesis/main/data/picked_up_4/csv/BIRD_RATTLE/Elastic/hard/BIRD_RATTLE_Elastic_hard.csv,2430,The object has been dropped.
/home/mdxuser/Genesis/main/data/picked_up_4/csv/BRAILLE_ALPHABET_AZ/Elastic/soft/BRAILLE_ALPHABET_AZ_Elastic_soft.csv,0,"End-effector start towards the object, to begin the task."
/home/mdxuser/Genesis/main/data/picked_up_4/csv/BRAILLE_ALPHABET_AZ/Elastic/soft/BRAILLE_ALPHABET_AZ_Elastic_soft.csv,270,"End-effector grasping the object, using gentle force, causing soft-deformation, with increasing force."
/home/mdxuser/Genesis/main/data/picked_up_4/csv/BRAILLE_ALPHABET_AZ/Elastic/soft/BRAILLE_ALPHABET_AZ_Elastic_soft.csv,540,"End-effector lifting the object, using gentle force, causing soft-deformation, with increasing force."
/home/mdxuser/Genesis/main/data/picked_up_4/csv/BRAILLE_ALPHABET_AZ/Elastic/soft/BRAILLE_ALPHABET_AZ_Elastic_soft.csv,810,"End-effector rotating the object, by an angle of 30.0 degrees, using gentle force, causing soft-deformation, with constant force."
/home/mdxuser/Genesis/main/data/picked_up_4/csv/BRAILLE_ALPHABET_AZ/Elastic/soft/BRAILLE_ALPHABET_AZ_Elastic_soft.csv,1080,"End-effector continue rotating the object, by an angle of 30.0 degrees, using gentle force, causing soft-deformation, with constant force."
/home/mdxuser/Genesis/main/data/picked_up_4/csv/BRAILLE_ALPHABET_AZ/Elastic/soft/BRAILLE_ALPHABET_AZ_Elastic_soft.csv,1350,The object has been dropped.
/home/mdxuser/Genesis/main/data/picked_up_4/csv/BRAILLE_ALPHABET_AZ/Elastic/soft/BRAILLE_ALPHABET_AZ_Elastic_soft.csv,1620,The object has been dropped.
/home/mdxuser/Genesis/main/data/picked_up_4/csv/BRAILLE_ALPHABET_AZ/Elastic/soft/BRAILLE_ALPHABET_AZ_Elastic_soft.csv,1890,The object has been dropped.
/home/mdxuser/Genesis/main/data/picked_up_4/csv/BRAILLE_ALPHABET_AZ/Elastic/soft/BRAILLE_ALPHABET_AZ_Elastic_soft.csv,2160,The object has been dropped.
/home/mdxuser/Genesis/main/data/picked_up_4/csv/BRAILLE_ALPHABET_AZ/Elastic/soft/BRAILLE_ALPHABET_AZ_Elastic_soft.csv,2430,The object has been dropped.
/home/mdxuser/Genesis/main/data/picked_up_4/csv/Granimals_20_Wooden_ABC_Blocks_Wagon_g2TinmUGGHI/Elastic/soft/Granimals_20_Wooden_ABC_Blocks_Wagon_g2TinmUGGHI_Elastic_soft.csv,0,"End-effector start towards the object, to begin the task."
/home/mdxuser/Genesis/main/data/picked_up_4/csv/Granimals_20_Wooden_ABC_Blocks_Wagon_g2TinmUGGHI/Elastic/soft/Granimals_20_Wooden_ABC_Blocks_Wagon_g2TinmUGGHI_Elastic_soft.csv,270,"End-effector grasping the object, using gentle force, causing soft-deformation, with increasing force."
/home/mdxuser/Genesis/main/data/picked_up_4/csv/Granimals_20_Wooden_ABC_Blocks_Wagon_g2TinmUGGHI/Elastic/soft/Granimals_20_Wooden_ABC_Blocks_Wagon_g2TinmUGGHI_Elastic_soft.csv,540,"End-effector continue grasping the object, using gentle force, causing soft-deformation, with increasing force."
/home/mdxuser/Genesis/main/data/picked_up_4/csv/Granimals_20_Wooden_ABC_Blocks_Wagon_g2TinmUGGHI/Elastic/soft/Granimals_20_Wooden_ABC_Blocks_Wagon_g2TinmUGGHI_Elastic_soft.csv,810,"End-effector lifting the object, using gentle force, causing soft-deformation, with increasing force."
/home/mdxuser/Genesis/main/data/picked_up_4/csv/Granimals_20_Wooden_ABC_Blocks_Wagon_g2TinmUGGHI/Elastic/soft/Granimals_20_Wooden_ABC_Blocks_Wagon_g2TinmUGGHI_Elastic_soft.csv,1080,"End-effector rotating the object, by an angle of 45.0 degrees, using gentle force, causing soft-deformation, with constant force."
/home/mdxuser/Genesis/main/data/picked_up_4/csv/Granimals_20_Wooden_ABC_Blocks_Wagon_g2TinmUGGHI/Elastic/soft/Granimals_20_Wooden_ABC_Blocks_Wagon_g2TinmUGGHI_Elastic_soft.csv,1350,"End-effector holding position of the object, maintaining a stable hold, using gentle force, causing soft-deformation."
/home/mdxuser/Genesis/main/data/picked_up_4/csv/Granimals_20_Wooden_ABC_Blocks_Wagon_g2TinmUGGHI/Elastic/soft/Granimals_20_Wooden_ABC_Blocks_Wagon_g2TinmUGGHI_Elastic_soft.csv,1620,"End-effector continue holding position of the object, maintaining a stable hold, using gentle force, causing soft-deformation."
/home/mdxuser/Genesis/main/data/picked_up_4/csv/Granimals_20_Wooden_ABC_Blocks_Wagon_g2TinmUGGHI/Elastic/soft/Granimals_20_Wooden_ABC_Blocks_Wagon_g2TinmUGGHI_Elastic_soft.csv,1890,"End-effector rotating the object, by an angle of 30.0 degrees, using gentle force, causing soft-deformation, with constant force."
/home/mdxuser/Genesis/main/data/picked_up_4/csv/Granimals_20_Wooden_ABC_Blocks_Wagon_g2TinmUGGHI/Elastic/soft/Granimals_20_Wooden_ABC_Blocks_Wagon_g2TinmUGGHI_Elastic_soft.csv,2160,"End-effector continue rotating the object, by an angle of 30.0 degrees, using gentle force, causing soft-deformation, with constant force."
/home/mdxuser/Genesis/main/data/picked_up_4/csv/Granimals_20_Wooden_ABC_Blocks_Wagon_g2TinmUGGHI/Elastic/soft/Granimals_20_Wooden_ABC_Blocks_Wagon_g2TinmUGGHI_Elastic_soft.csv,2430,The object has been dropped.
/home/mdxuser/Genesis/main/data/picked_up_4/csv/Granimals_20_Wooden_ABC_Blocks_Wagon_g2TinmUGGHI/Elastic/soft/Granimals_20_Wooden_ABC_Blocks_Wagon_g2TinmUGGHI_Elastic_soft.csv,2700,The object has been dropped.
/home/mdxuser/Genesis/main/data/picked_up_4/csv/CLIMACOOL_BOAT_BREEZE_IE6CyqSaDwN/Elastic/soft/CLIMACOOL_BOAT_BREEZE_IE6CyqSaDwN_Elastic_soft.csv,0,"End-effector start towards the object, to begin the task."
/home/mdxuser/Genesis/main/data/picked_up_4/csv/CLIMACOOL_BOAT_BREEZE_IE6CyqSaDwN/Elastic/soft/CLIMACOOL_BOAT_BREEZE_IE6CyqSaDwN_Elastic_soft.csv,270,"End-effector grasping the object, using gentle force, causing soft-deformation, with increasing force."
/home/mdxuser/Genesis/main/data/picked_up_4/csv/CLIMACOOL_BOAT_BREEZE_IE6CyqSaDwN/Elastic/soft/CLIMACOOL_BOAT_BREEZE_IE6CyqSaDwN_Elastic_soft.csv,540,"End-effector continue grasping the object, using gentle force, causing soft-deformation, with increasing force."
/home/mdxuser/Genesis/main/data/picked_up_4/csv/CLIMACOOL_BOAT_BREEZE_IE6CyqSaDwN/Elastic/soft/CLIMACOOL_BOAT_BREEZE_IE6CyqSaDwN_Elastic_soft.csv,810,"End-effector lifting the object, using gentle force, causing soft-deformation, with increasing force."
/home/mdxuser/Genesis/main/data/picked_up_4/csv/CLIMACOOL_BOAT_BREEZE_IE6CyqSaDwN/Elastic/soft/CLIMACOOL_BOAT_BREEZE_IE6CyqSaDwN_Elastic_soft.csv,1080,"End-effector rotating the object, by an angle of 45.0 degrees, using gentle force, causing soft-deformation, with constant force."
/home/mdxuser/Genesis/main/data/picked_up_4/csv/CLIMACOOL_BOAT_BREEZE_IE6CyqSaDwN/Elastic/soft/CLIMACOOL_BOAT_BREEZE_IE6CyqSaDwN_Elastic_soft.csv,1350,"End-effector continue rotating the object, by an angle of 45.0 degrees, using gentle force, causing soft-deformation, with constant force."
/home/mdxuser/Genesis/main/data/picked_up_4/csv/CLIMACOOL_BOAT_BREEZE_IE6CyqSaDwN/Elastic/soft/CLIMACOOL_BOAT_BREEZE_IE6CyqSaDwN_Elastic_soft.csv,1620,The object has been dropped.
/home/mdxuser/Genesis/main/data/picked_up_4/csv/CLIMACOOL_BOAT_BREEZE_IE6CyqSaDwN/Elastic/soft/CLIMACOOL_BOAT_BREEZE_IE6CyqSaDwN_Elastic_soft.csv,1890,The object has been dropped.
/home/mdxuser/Genesis/main/data/picked_up_4/csv/CLIMACOOL_BOAT_BREEZE_IE6CyqSaDwN/Elastic/soft/CLIMACOOL_BOAT_BREEZE_IE6CyqSaDwN_Elastic_soft.csv,2160,The object has been dropped.
/home/mdxuser/Genesis/main/data/picked_up_4/csv/CLIMACOOL_BOAT_BREEZE_IE6CyqSaDwN/Elastic/soft/CLIMACOOL_BOAT_BREEZE_IE6CyqSaDwN_Elastic_soft.csv,2430,The object has been dropped.
/home/mdxuser/Genesis/main/data/picked_up_4/csv/CLIMACOOL_BOAT_BREEZE_IE6CyqSaDwN/Elastic/soft/CLIMACOOL_BOAT_BREEZE_IE6CyqSaDwN_Elastic_soft.csv,2700,The object has been dropped.
/home/mdxuser/Genesis/main/data/picked_up_4/csv/Asus_80211ac_DualBand_Gigabit_Wireless_Router_RTAC68R/Elastic/hard/Asus_80211ac_DualBand_Gigabit_Wireless_Router_RTAC68R_Elastic_hard.csv,0,"End-effector start towards the object, to begin the task."
/home/mdxuser/Genesis/main/data/picked_up_4/csv/Asus_80211ac_DualBand_Gigabit_Wireless_Router_RTAC68R/Elastic/hard/Asus_80211ac_DualBand_Gigabit_Wireless_Router_RTAC68R_Elastic_hard.csv,270,"End-effector grasping the object, using strong force, causing hard-deformation, with increasing force."
/home/mdxuser/Genesis/main/data/picked_up_4/csv/Asus_80211ac_DualBand_Gigabit_Wireless_Router_RTAC68R/Elastic/hard/Asus_80211ac_DualBand_Gigabit_Wireless_Router_RTAC68R_Elastic_hard.csv,540,"End-effector continue grasping the object, using strong force, causing hard-deformation, with increasing force."
/home/mdxuser/Genesis/main/data/picked_up_4/csv/Asus_80211ac_DualBand_Gigabit_Wireless_Router_RTAC68R/Elastic/hard/Asus_80211ac_DualBand_Gigabit_Wireless_Router_RTAC68R_Elastic_hard.csv,810,"End-effector lifting the object, using strong force, causing hard-deformation, with increasing force."
/home/mdxuser/Genesis/main/data/picked_up_4/csv/Asus_80211ac_DualBand_Gigabit_Wireless_Router_RTAC68R/Elastic/hard/Asus_80211ac_DualBand_Gigabit_Wireless_Router_RTAC68R_Elastic_hard.csv,1080,"End-effector rotating the object, by an angle of 45.0 degrees, using strong force, causing hard-deformation, with constant force."
/home/mdxuser/Genesis/main/data/picked_up_4/csv/Asus_80211ac_DualBand_Gigabit_Wireless_Router_RTAC68R/Elastic/hard/Asus_80211ac_DualBand_Gigabit_Wireless_Router_RTAC68R_Elastic_hard.csv,1350,"End-effector continue rotating the object, by an angle of 45.0 degrees, using strong force, causing hard-deformation, with constant force."
/home/mdxuser/Genesis/main/data/picked_up_4/csv/Asus_80211ac_DualBand_Gigabit_Wireless_Router_RTAC68R/Elastic/hard/Asus_80211ac_DualBand_Gigabit_Wireless_Router_RTAC68R_Elastic_hard.csv,1620,The object has been dropped.
/home/mdxuser/Genesis/main/data/picked_up_4/csv/Asus_80211ac_DualBand_Gigabit_Wireless_Router_RTAC68R/Elastic/hard/Asus_80211ac_DualBand_Gigabit_Wireless_Router_RTAC68R_Elastic_hard.csv,1890,The object has been dropped.
/home/mdxuser/Genesis/main/data/picked_up_4/csv/Asus_80211ac_DualBand_Gigabit_Wireless_Router_RTAC68R/Elastic/hard/Asus_80211ac_DualBand_Gigabit_Wireless_Router_RTAC68R_Elastic_hard.csv,2160,The object has been dropped.
/home/mdxuser/Genesis/main/data/picked_up_4/csv/Asus_80211ac_DualBand_Gigabit_Wireless_Router_RTAC68R/Elastic/hard/Asus_80211ac_DualBand_Gigabit_Wireless_Router_RTAC68R_Elastic_hard.csv,2430,The object has been dropped.
/home/mdxuser/Genesis/main/data/picked_up_4/csv/Asus_80211ac_DualBand_Gigabit_Wireless_Router_RTAC68R/Elastic/hard/Asus_80211ac_DualBand_Gigabit_Wireless_Router_RTAC68R_Elastic_hard.csv,2700,The object has been dropped.
/home/mdxuser/Genesis/main/data/picked_up_4/csv/Brisk_Iced_Tea_Lemon_12_12_fl_oz_355_ml_cans_144_fl_oz_426_lt/Elastic/medium/Brisk_Iced_Tea_Lemon_12_12_fl_oz_355_ml_cans_144_fl_oz_426_lt_Elastic_medium.csv,0,"End-effector start towards the object, to begin the task."
/home/mdxuser/Genesis/main/data/picked_up_4/csv/Brisk_Iced_Tea_Lemon_12_12_fl_oz_355_ml_cans_144_fl_oz_426_lt/Elastic/medium/Brisk_Iced_Tea_Lemon_12_12_fl_oz_355_ml_cans_144_fl_oz_426_lt_Elastic_medium.csv,270,"End-effector grasping the object, using moderate force, causing medium-deformation, with increasing force."
/home/mdxuser/Genesis/main/data/picked_up_4/csv/Brisk_Iced_Tea_Lemon_12_12_fl_oz_355_ml_cans_144_fl_oz_426_lt/Elastic/medium/Brisk_Iced_Tea_Lemon_12_12_fl_oz_355_ml_cans_144_fl_oz_426_lt_Elastic_medium.csv,540,"End-effector continue grasping the object, using moderate force, causing medium-deformation, with increasing force."
/home/mdxuser/Genesis/main/data/picked_up_4/csv/Brisk_Iced_Tea_Lemon_12_12_fl_oz_355_ml_cans_144_fl_oz_426_lt/Elastic/medium/Brisk_Iced_Tea_Lemon_12_12_fl_oz_355_ml_cans_144_fl_oz_426_lt_Elastic_medium.csv,810,"End-effector lifting the object, using moderate force, causing medium-deformation, with increasing force."
/home/mdxuser/Genesis/main/data/picked_up_4/csv/Brisk_Iced_Tea_Lemon_12_12_fl_oz_355_ml_cans_144_fl_oz_426_lt/Elastic/medium/Brisk_Iced_Tea_Lemon_12_12_fl_oz_355_ml_cans_144_fl_oz_426_lt_Elastic_medium.csv,1080,"End-effector rotating the object, by an angle of 45.0 degrees, using moderate force, causing medium-deformation, with constant force."
/home/mdxuser/Genesis/main/data/picked_up_4/csv/Brisk_Iced_Tea_Lemon_12_12_fl_oz_355_ml_cans_144_fl_oz_426_lt/Elastic/medium/Brisk_Iced_Tea_Lemon_12_12_fl_oz_355_ml_cans_144_fl_oz_426_lt_Elastic_medium.csv,1350,"End-effector continue rotating the object, by an angle of 45.0 degrees, using moderate force, causing medium-deformation, with constant force."
/home/mdxuser/Genesis/main/data/picked_up_4/csv/Brisk_Iced_Tea_Lemon_12_12_fl_oz_355_ml_cans_144_fl_oz_426_lt/Elastic/medium/Brisk_Iced_Tea_Lemon_12_12_fl_oz_355_ml_cans_144_fl_oz_426_lt_Elastic_medium.csv,1620,The object has been dropped.
/home/mdxuser/Genesis/main/data/picked_up_4/csv/Brisk_Iced_Tea_Lemon_12_12_fl_oz_355_ml_cans_144_fl_oz_426_lt/Elastic/medium/Brisk_Iced_Tea_Lemon_12_12_fl_oz_355_ml_cans_144_fl_oz_426_lt_Elastic_medium.csv,1890,The object has been dropped.
/home/mdxuser/Genesis/main/data/picked_up_4/csv/Brisk_Iced_Tea_Lemon_12_12_fl_oz_355_ml_cans_144_fl_oz_426_lt/Elastic/medium/Brisk_Iced_Tea_Lemon_12_12_fl_oz_355_ml_cans_144_fl_oz_426_lt_Elastic_medium.csv,2160,The object has been dropped.
/home/mdxuser/Genesis/main/data/picked_up_4/csv/Brisk_Iced_Tea_Lemon_12_12_fl_oz_355_ml_cans_144_fl_oz_426_lt/Elastic/medium/Brisk_Iced_Tea_Lemon_12_12_fl_oz_355_ml_cans_144_fl_oz_426_lt_Elastic_medium.csv,2430,The object has been dropped.
/home/mdxuser/Genesis/main/data/picked_up_4/csv/Brisk_Iced_Tea_Lemon_12_12_fl_oz_355_ml_cans_144_fl_oz_426_lt/Elastic/medium/Brisk_Iced_Tea_Lemon_12_12_fl_oz_355_ml_cans_144_fl_oz_426_lt_Elastic_medium.csv,2700,The object has been dropped.
/home/mdxuser/Genesis/main/data/picked_up_4/csv/BAGEL_WITH_CHEESE/Elastic/hard/BAGEL_WITH_CHEESE_Elastic_hard.csv,0,"End-effector start towards the object, to begin the task."
/home/mdxuser/Genesis/main/data/picked_up_4/csv/BAGEL_WITH_CHEESE/Elastic/hard/BAGEL_WITH_CHEESE_Elastic_hard.csv,270,"End-effector grasping the object, using strong force, causing hard-deformation, with increasing force."
/home/mdxuser/Genesis/main/data/picked_up_4/csv/BAGEL_WITH_CHEESE/Elastic/hard/BAGEL_WITH_CHEESE_Elastic_hard.csv,540,"End-effector continue grasping the object, using strong force, causing hard-deformation, with increasing force."
/home/mdxuser/Genesis/main/data/picked_up_4/csv/BAGEL_WITH_CHEESE/Elastic/hard/BAGEL_WITH_CHEESE_Elastic_hard.csv,810,"End-effector lifting the object, using strong force, causing hard-deformation, with increasing force."
/home/mdxuser/Genesis/main/data/picked_up_4/csv/BAGEL_WITH_CHEESE/Elastic/hard/BAGEL_WITH_CHEESE_Elastic_hard.csv,1080,"End-effector rotating the object, by an angle of 30.0 degrees, using strong force, causing hard-deformation, with constant force."
/home/mdxuser/Genesis/main/data/picked_up_4/csv/BAGEL_WITH_CHEESE/Elastic/hard/BAGEL_WITH_CHEESE_Elastic_hard.csv,1350,"End-effector continue rotating the object, by an angle of 30.0 degrees, using strong force, causing hard-deformation, with constant force."
/home/mdxuser/Genesis/main/data/picked_up_4/csv/BAGEL_WITH_CHEESE/Elastic/hard/BAGEL_WITH_CHEESE_Elastic_hard.csv,1620,The object has been dropped.
/home/mdxuser/Genesis/main/data/picked_up_4/csv/BAGEL_WITH_CHEESE/Elastic/hard/BAGEL_WITH_CHEESE_Elastic_hard.csv,1890,The object has been dropped.
/home/mdxuser/Genesis/main/data/picked_up_4/csv/BAGEL_WITH_CHEESE/Elastic/hard/BAGEL_WITH_CHEESE_Elastic_hard.csv,2160,The object has been dropped.
/home/mdxuser/Genesis/main/data/picked_up_4/csv/BAGEL_WITH_CHEESE/Elastic/hard/BAGEL_WITH_CHEESE_Elastic_hard.csv,2430,The object has been dropped.
/home/mdxuser/Genesis/main/data/picked_up_4/csv/BAGEL_WITH_CHEESE/Elastic/hard/BAGEL_WITH_CHEESE_Elastic_hard.csv,2700,The object has been dropped.
/home/mdxuser/Genesis/main/data/picked_up_4/csv/Crayola_Washable_Sidewalk_Chalk_16_pack_wDZECiw7J6s/Elastic/medium/Crayola_Washable_Sidewalk_Chalk_16_pack_wDZECiw7J6s_Elastic_medium.csv,0,"End-effector start towards the object, to begin the task."
/home/mdxuser/Genesis/main/data/picked_up_4/csv/Crayola_Washable_Sidewalk_Chalk_16_pack_wDZECiw7J6s/Elastic/medium/Crayola_Washable_Sidewalk_Chalk_16_pack_wDZECiw7J6s_Elastic_medium.csv,270,"End-effector grasping the object, using moderate force, causing medium-deformation, with increasing force."
/home/mdxuser/Genesis/main/data/picked_up_4/csv/Crayola_Washable_Sidewalk_Chalk_16_pack_wDZECiw7J6s/Elastic/medium/Crayola_Washable_Sidewalk_Chalk_16_pack_wDZECiw7J6s_Elastic_medium.csv,540,"End-effector continue grasping the object, using moderate force, causing medium-deformation, with increasing force."
/home/mdxuser/Genesis/main/data/picked_up_4/csv/Crayola_Washable_Sidewalk_Chalk_16_pack_wDZECiw7J6s/Elastic/medium/Crayola_Washable_Sidewalk_Chalk_16_pack_wDZECiw7J6s_Elastic_medium.csv,810,"End-effector lifting the object, using moderate force, causing medium-deformation, with increasing force."
/home/mdxuser/Genesis/main/data/picked_up_4/csv/Crayola_Washable_Sidewalk_Chalk_16_pack_wDZECiw7J6s/Elastic/medium/Crayola_Washable_Sidewalk_Chalk_16_pack_wDZECiw7J6s_Elastic_medium.csv,1080,"End-effector rotating the object, by an angle of 30.0 degrees, using moderate force, causing medium-deformation, with constant force."
/home/mdxuser/Genesis/main/data/picked_up_4/csv/Crayola_Washable_Sidewalk_Chalk_16_pack_wDZECiw7J6s/Elastic/medium/Crayola_Washable_Sidewalk_Chalk_16_pack_wDZECiw7J6s_Elastic_medium.csv,1350,"End-effector continue rotating the object, by an angle of 30.0 degrees, using moderate force, causing medium-deformation, with constant force."
/home/mdxuser/Genesis/main/data/picked_up_4/csv/Crayola_Washable_Sidewalk_Chalk_16_pack_wDZECiw7J6s/Elastic/medium/Crayola_Washable_Sidewalk_Chalk_16_pack_wDZECiw7J6s_Elastic_medium.csv,1620,"End-effector holding position of the object, maintaining a stable hold, using moderate force, causing medium-deformation."
/home/mdxuser/Genesis/main/data/picked_up_4/csv/Crayola_Washable_Sidewalk_Chalk_16_pack_wDZECiw7J6s/Elastic/medium/Crayola_Washable_Sidewalk_Chalk_16_pack_wDZECiw7J6s_Elastic_medium.csv,1890,"End-effector rotating the object, by an angle of 45.0 degrees, using moderate force, causing medium-deformation, with constant force."
/home/mdxuser/Genesis/main/data/picked_up_4/csv/Crayola_Washable_Sidewalk_Chalk_16_pack_wDZECiw7J6s/Elastic/medium/Crayola_Washable_Sidewalk_Chalk_16_pack_wDZECiw7J6s_Elastic_medium.csv,2160,"End-effector continue rotating the object, by an angle of 45.0 degrees, using moderate force, causing medium-deformation, with constant force."
/home/mdxuser/Genesis/main/data/picked_up_4/csv/Crayola_Washable_Sidewalk_Chalk_16_pack_wDZECiw7J6s/Elastic/medium/Crayola_Washable_Sidewalk_Chalk_16_pack_wDZECiw7J6s_Elastic_medium.csv,2430,"End-effector holding position of the object, maintaining a stable hold, using moderate force, causing medium-deformation."
/home/mdxuser/Genesis/main/data/picked_up_4/csv/Crayola_Washable_Sidewalk_Chalk_16_pack_wDZECiw7J6s/Elastic/medium/Crayola_Washable_Sidewalk_Chalk_16_pack_wDZECiw7J6s_Elastic_medium.csv,2700,"End-effector stopping the object, using zero-force, causing undeformed shape."
/home/mdxuser/Genesis/main/data/picked_up_4/csv/Cole_Hardware_Antislip_Surfacing_White_2_x_60/Elastic/soft/Cole_Hardware_Antislip_Surfacing_White_2_x_60_Elastic_soft.csv,0,"End-effector start towards the object, to begin the task."
/home/mdxuser/Genesis/main/data/picked_up_4/csv/Cole_Hardware_Antislip_Surfacing_White_2_x_60/Elastic/soft/Cole_Hardware_Antislip_Surfacing_White_2_x_60_Elastic_soft.csv,270,"End-effector grasping the object, using gentle force, causing soft-deformation, with increasing force."
/home/mdxuser/Genesis/main/data/picked_up_4/csv/Cole_Hardware_Antislip_Surfacing_White_2_x_60/Elastic/soft/Cole_Hardware_Antislip_Surfacing_White_2_x_60_Elastic_soft.csv,540,"End-effector continue grasping the object, using gentle force, causing soft-deformation, with increasing force."
/home/mdxuser/Genesis/main/data/picked_up_4/csv/Cole_Hardware_Antislip_Surfacing_White_2_x_60/Elastic/soft/Cole_Hardware_Antislip_Surfacing_White_2_x_60_Elastic_soft.csv,810,"End-effector lifting the object, using gentle force, causing soft-deformation, with increasing force."
/home/mdxuser/Genesis/main/data/picked_up_4/csv/Cole_Hardware_Antislip_Surfacing_White_2_x_60/Elastic/soft/Cole_Hardware_Antislip_Surfacing_White_2_x_60_Elastic_soft.csv,1080,"End-effector rotating the object, by an angle of 30.0 degrees, using gentle force, causing soft-deformation, with constant force."
/home/mdxuser/Genesis/main/data/picked_up_4/csv/Cole_Hardware_Antislip_Surfacing_White_2_x_60/Elastic/soft/Cole_Hardware_Antislip_Surfacing_White_2_x_60_Elastic_soft.csv,1350,"End-effector continue rotating the object, by an angle of 30.0 degrees, using gentle force, causing soft-deformation, with constant force."
/home/mdxuser/Genesis/main/data/picked_up_4/csv/Cole_Hardware_Antislip_Surfacing_White_2_x_60/Elastic/soft/Cole_Hardware_Antislip_Surfacing_White_2_x_60_Elastic_soft.csv,1620,"End-effector holding position of the object, maintaining a stable hold, using gentle force, causing soft-deformation."
/home/mdxuser/Genesis/main/data/picked_up_4/csv/Cole_Hardware_Antislip_Surfacing_White_2_x_60/Elastic/soft/Cole_Hardware_Antislip_Surfacing_White_2_x_60_Elastic_soft.csv,1890,"End-effector rotating the object, by an angle of 45.0 degrees, using gentle force, causing soft-deformation, with constant force."
/home/mdxuser/Genesis/main/data/picked_up_4/csv/Cole_Hardware_Antislip_Surfacing_White_2_x_60/Elastic/soft/Cole_Hardware_Antislip_Surfacing_White_2_x_60_Elastic_soft.csv,2160,"End-effector continue rotating the object, by an angle of 45.0 degrees, using gentle force, causing soft-deformation, with constant force."
/home/mdxuser/Genesis/main/data/picked_up_4/csv/Cole_Hardware_Antislip_Surfacing_White_2_x_60/Elastic/soft/Cole_Hardware_Antislip_Surfacing_White_2_x_60_Elastic_soft.csv,2430,The object has been dropped.
/home/mdxuser/Genesis/main/data/picked_up_4/csv/Cole_Hardware_Antislip_Surfacing_White_2_x_60/Elastic/soft/Cole_Hardware_Antislip_Surfacing_White_2_x_60_Elastic_soft.csv,2700,The object has been dropped.
/home/mdxuser/Genesis/main/data/picked_up_4/csv/Crayola_Crayons_24_count/Elastic/hard/Crayola_Crayons_24_count_Elastic_hard.csv,0,"End-effector start towards the object, to begin the task."
/home/mdxuser/Genesis/main/data/picked_up_4/csv/Crayola_Crayons_24_count/Elastic/hard/Crayola_Crayons_24_count_Elastic_hard.csv,270,"End-effector grasping the object, using strong force, causing hard-deformation, with increasing force."
/home/mdxuser/Genesis/main/data/picked_up_4/csv/Crayola_Crayons_24_count/Elastic/hard/Crayola_Crayons_24_count_Elastic_hard.csv,540,"End-effector continue grasping the object, using strong force, causing hard-deformation, with increasing force."
/home/mdxuser/Genesis/main/data/picked_up_4/csv/Crayola_Crayons_24_count/Elastic/hard/Crayola_Crayons_24_count_Elastic_hard.csv,810,"End-effector lifting the object, using strong force, causing hard-deformation, with increasing force."
/home/mdxuser/Genesis/main/data/picked_up_4/csv/Crayola_Crayons_24_count/Elastic/hard/Crayola_Crayons_24_count_Elastic_hard.csv,1080,"End-effector rotating the object, by an angle of 45.0 degrees, using strong force, causing hard-deformation, with constant force."
/home/mdxuser/Genesis/main/data/picked_up_4/csv/Crayola_Crayons_24_count/Elastic/hard/Crayola_Crayons_24_count_Elastic_hard.csv,1350,"End-effector continue rotating the object, by an angle of 45.0 degrees, using strong force, causing hard-deformation, with constant force."
/home/mdxuser/Genesis/main/data/picked_up_4/csv/Crayola_Crayons_24_count/Elastic/hard/Crayola_Crayons_24_count_Elastic_hard.csv,1620,The object has been dropped.
/home/mdxuser/Genesis/main/data/picked_up_4/csv/Crayola_Crayons_24_count/Elastic/hard/Crayola_Crayons_24_count_Elastic_hard.csv,1890,The object has been dropped.
/home/mdxuser/Genesis/main/data/picked_up_4/csv/Crayola_Crayons_24_count/Elastic/hard/Crayola_Crayons_24_count_Elastic_hard.csv,2160,The object has been dropped.
/home/mdxuser/Genesis/main/data/picked_up_4/csv/Crayola_Crayons_24_count/Elastic/hard/Crayola_Crayons_24_count_Elastic_hard.csv,2430,The object has been dropped.
/home/mdxuser/Genesis/main/data/picked_up_4/csv/Crayola_Crayons_24_count/Elastic/hard/Crayola_Crayons_24_count_Elastic_hard.csv,2700,The object has been dropped.
/home/mdxuser/Genesis/main/data/picked_up_4/csv/Crayola_Washable_Sidewalk_Chalk_16_pack_wDZECiw7J6s/Elastic/soft/Crayola_Washable_Sidewalk_Chalk_16_pack_wDZECiw7J6s_Elastic_soft.csv,0,"End-effector start towards the object, to begin the task."
/home/mdxuser/Genesis/main/data/picked_up_4/csv/Crayola_Washable_Sidewalk_Chalk_16_pack_wDZECiw7J6s/Elastic/soft/Crayola_Washable_Sidewalk_Chalk_16_pack_wDZECiw7J6s_Elastic_soft.csv,270,"End-effector grasping the object, using gentle force, causing soft-deformation, with increasing force."
/home/mdxuser/Genesis/main/data/picked_up_4/csv/Crayola_Washable_Sidewalk_Chalk_16_pack_wDZECiw7J6s/Elastic/soft/Crayola_Washable_Sidewalk_Chalk_16_pack_wDZECiw7J6s_Elastic_soft.csv,540,"End-effector continue grasping the object, using gentle force, causing soft-deformation, with increasing force."
/home/mdxuser/Genesis/main/data/picked_up_4/csv/Crayola_Washable_Sidewalk_Chalk_16_pack_wDZECiw7J6s/Elastic/soft/Crayola_Washable_Sidewalk_Chalk_16_pack_wDZECiw7J6s_Elastic_soft.csv,810,"End-effector lifting the object, using gentle force, causing soft-deformation, with increasing force."
/home/mdxuser/Genesis/main/data/picked_up_4/csv/Crayola_Washable_Sidewalk_Chalk_16_pack_wDZECiw7J6s/Elastic/soft/Crayola_Washable_Sidewalk_Chalk_16_pack_wDZECiw7J6s_Elastic_soft.csv,1080,"End-effector rotating the object, by an angle of 45.0 degrees, using gentle force, causing soft-deformation, with constant force."
/home/mdxuser/Genesis/main/data/picked_up_4/csv/Crayola_Washable_Sidewalk_Chalk_16_pack_wDZECiw7J6s/Elastic/soft/Crayola_Washable_Sidewalk_Chalk_16_pack_wDZECiw7J6s_Elastic_soft.csv,1350,"End-effector holding position of the object, maintaining a stable hold, using gentle force, causing soft-deformation."
/home/mdxuser/Genesis/main/data/picked_up_4/csv/Crayola_Washable_Sidewalk_Chalk_16_pack_wDZECiw7J6s/Elastic/soft/Crayola_Washable_Sidewalk_Chalk_16_pack_wDZECiw7J6s_Elastic_soft.csv,1620,"End-effector continue holding position of the object, maintaining a stable hold, using gentle force, causing soft-deformation."
/home/mdxuser/Genesis/main/data/picked_up_4/csv/Crayola_Washable_Sidewalk_Chalk_16_pack_wDZECiw7J6s/Elastic/soft/Crayola_Washable_Sidewalk_Chalk_16_pack_wDZECiw7J6s_Elastic_soft.csv,1890,"End-effector rotating the object, by an angle of 45.0 degrees, using gentle force, causing soft-deformation, with constant force."
/home/mdxuser/Genesis/main/data/picked_up_4/csv/Crayola_Washable_Sidewalk_Chalk_16_pack_wDZECiw7J6s/Elastic/soft/Crayola_Washable_Sidewalk_Chalk_16_pack_wDZECiw7J6s_Elastic_soft.csv,2160,"End-effector holding position of the object, maintaining a stable hold, using gentle force, causing soft-deformation."
/home/mdxuser/Genesis/main/data/picked_up_4/csv/Crayola_Washable_Sidewalk_Chalk_16_pack_wDZECiw7J6s/Elastic/soft/Crayola_Washable_Sidewalk_Chalk_16_pack_wDZECiw7J6s_Elastic_soft.csv,2430,"End-effector continue holding position of the object, maintaining a stable hold, using gentle force, causing soft-deformation."
/home/mdxuser/Genesis/main/data/picked_up_4/csv/Crayola_Washable_Sidewalk_Chalk_16_pack_wDZECiw7J6s/Elastic/soft/Crayola_Washable_Sidewalk_Chalk_16_pack_wDZECiw7J6s_Elastic_soft.csv,2700,The object has been dropped.
/home/mdxuser/Genesis/main/data/picked_up_4/csv/Pass_The_Popcorn_Movie_Guessing_Game/Elastic/hard/Pass_The_Popcorn_Movie_Guessing_Game_Elastic_hard.csv,0,"End-effector start towards the object, to begin the task."
/home/mdxuser/Genesis/main/data/picked_up_4/csv/Pass_The_Popcorn_Movie_Guessing_Game/Elastic/hard/Pass_The_Popcorn_Movie_Guessing_Game_Elastic_hard.csv,270,"End-effector grasping the object, using strong force, causing hard-deformation, with increasing force."
/home/mdxuser/Genesis/main/data/picked_up_4/csv/Pass_The_Popcorn_Movie_Guessing_Game/Elastic/hard/Pass_The_Popcorn_Movie_Guessing_Game_Elastic_hard.csv,540,"End-effector continue grasping the object, using strong force, causing hard-deformation, with increasing force."
/home/mdxuser/Genesis/main/data/picked_up_4/csv/Pass_The_Popcorn_Movie_Guessing_Game/Elastic/hard/Pass_The_Popcorn_Movie_Guessing_Game_Elastic_hard.csv,810,"End-effector lifting the object, using strong force, causing hard-deformation, with increasing force."
/home/mdxuser/Genesis/main/data/picked_up_4/csv/Pass_The_Popcorn_Movie_Guessing_Game/Elastic/hard/Pass_The_Popcorn_Movie_Guessing_Game_Elastic_hard.csv,1080,"End-effector rotating the object, by an angle of 45.0 degrees, using strong force, causing hard-deformation, with constant force."
/home/mdxuser/Genesis/main/data/picked_up_4/csv/Pass_The_Popcorn_Movie_Guessing_Game/Elastic/hard/Pass_The_Popcorn_Movie_Guessing_Game_Elastic_hard.csv,1350,"End-effector continue rotating the object, by an angle of 45.0 degrees, using strong force, causing hard-deformation, with constant force."
/home/mdxuser/Genesis/main/data/picked_up_4/csv/Pass_The_Popcorn_Movie_Guessing_Game/Elastic/hard/Pass_The_Popcorn_Movie_Guessing_Game_Elastic_hard.csv,1620,"End-effector holding position of the object, maintaining a stable hold, using strong force, causing hard-deformation."
/home/mdxuser/Genesis/main/data/picked_up_4/csv/Pass_The_Popcorn_Movie_Guessing_Game/Elastic/hard/Pass_The_Popcorn_Movie_Guessing_Game_Elastic_hard.csv,1890,"End-effector rotating the object, by an angle of 30.0 degrees, using strong force, causing hard-deformation, with constant force."
/home/mdxuser/Genesis/main/data/picked_up_4/csv/Pass_The_Popcorn_Movie_Guessing_Game/Elastic/hard/Pass_The_Popcorn_Movie_Guessing_Game_Elastic_hard.csv,2160,"End-effector continue rotating the object, by an angle of 30.0 degrees, using strong force, causing hard-deformation, with constant force."
/home/mdxuser/Genesis/main/data/picked_up_4/csv/Pass_The_Popcorn_Movie_Guessing_Game/Elastic/hard/Pass_The_Popcorn_Movie_Guessing_Game_Elastic_hard.csv,2430,The object has been dropped.
/home/mdxuser/Genesis/main/data/picked_up_4/csv/Pass_The_Popcorn_Movie_Guessing_Game/Elastic/hard/Pass_The_Popcorn_Movie_Guessing_Game_Elastic_hard.csv,2700,The object has been dropped.
/home/mdxuser/Genesis/main/data/picked_up_4/csv/Perricone_MD_No_Lipstick_Lipstick/Elastic/hard/Perricone_MD_No_Lipstick_Lipstick_Elastic_hard.csv,0,"End-effector start towards the object, to begin the task."
/home/mdxuser/Genesis/main/data/picked_up_4/csv/Perricone_MD_No_Lipstick_Lipstick/Elastic/hard/Perricone_MD_No_Lipstick_Lipstick_Elastic_hard.csv,270,"End-effector grasping the object, using strong force, causing hard-deformation, with increasing force."
/home/mdxuser/Genesis/main/data/picked_up_4/csv/Perricone_MD_No_Lipstick_Lipstick/Elastic/hard/Perricone_MD_No_Lipstick_Lipstick_Elastic_hard.csv,540,"End-effector continue grasping the object, using strong force, causing hard-deformation, with increasing force."
/home/mdxuser/Genesis/main/data/picked_up_4/csv/Perricone_MD_No_Lipstick_Lipstick/Elastic/hard/Perricone_MD_No_Lipstick_Lipstick_Elastic_hard.csv,810,"End-effector lifting the object, using strong force, causing hard-deformation, with increasing force."
/home/mdxuser/Genesis/main/data/picked_up_4/csv/Perricone_MD_No_Lipstick_Lipstick/Elastic/hard/Perricone_MD_No_Lipstick_Lipstick_Elastic_hard.csv,1080,"End-effector rotating the object, by an angle of 45.0 degrees, using strong force, causing hard-deformation, with constant force."
/home/mdxuser/Genesis/main/data/picked_up_4/csv/Perricone_MD_No_Lipstick_Lipstick/Elastic/hard/Perricone_MD_No_Lipstick_Lipstick_Elastic_hard.csv,1350,"End-effector holding position of the object, maintaining a stable hold, using strong force, causing hard-deformation."
/home/mdxuser/Genesis/main/data/picked_up_4/csv/Perricone_MD_No_Lipstick_Lipstick/Elastic/hard/Perricone_MD_No_Lipstick_Lipstick_Elastic_hard.csv,1620,"End-effector continue holding position of the object, maintaining a stable hold, using strong force, causing hard-deformation."
/home/mdxuser/Genesis/main/data/picked_up_4/csv/Perricone_MD_No_Lipstick_Lipstick/Elastic/hard/Perricone_MD_No_Lipstick_Lipstick_Elastic_hard.csv,1890,"End-effector rotating the object, by an angle of 45.0 degrees, using strong force, causing hard-deformation, with constant force."
/home/mdxuser/Genesis/main/data/picked_up_4/csv/Perricone_MD_No_Lipstick_Lipstick/Elastic/hard/Perricone_MD_No_Lipstick_Lipstick_Elastic_hard.csv,2160,"End-effector continue rotating the object, by an angle of 45.0 degrees, using strong force, causing hard-deformation, with constant force."
/home/mdxuser/Genesis/main/data/picked_up_4/csv/Perricone_MD_No_Lipstick_Lipstick/Elastic/hard/Perricone_MD_No_Lipstick_Lipstick_Elastic_hard.csv,2430,The object has been dropped.
/home/mdxuser/Genesis/main/data/picked_up_4/csv/Perricone_MD_No_Lipstick_Lipstick/Elastic/hard/Perricone_MD_No_Lipstick_Lipstick_Elastic_hard.csv,2700,The object has been dropped.
/home/mdxuser/Genesis/main/data/picked_up_4/csv/Cole_Hardware_Antislip_Surfacing_White_2_x_60/Elastic/hard/Cole_Hardware_Antislip_Surfacing_White_2_x_60_Elastic_hard.csv,0,"End-effector start towards the object, to begin the task."
/home/mdxuser/Genesis/main/data/picked_up_4/csv/Cole_Hardware_Antislip_Surfacing_White_2_x_60/Elastic/hard/Cole_Hardware_Antislip_Surfacing_White_2_x_60_Elastic_hard.csv,270,"End-effector grasping the object, using strong force, causing hard-deformation, with increasing force."
/home/mdxuser/Genesis/main/data/picked_up_4/csv/Cole_Hardware_Antislip_Surfacing_White_2_x_60/Elastic/hard/Cole_Hardware_Antislip_Surfacing_White_2_x_60_Elastic_hard.csv,540,"End-effector continue grasping the object, using strong force, causing hard-deformation, with increasing force."
/home/mdxuser/Genesis/main/data/picked_up_4/csv/Cole_Hardware_Antislip_Surfacing_White_2_x_60/Elastic/hard/Cole_Hardware_Antislip_Surfacing_White_2_x_60_Elastic_hard.csv,810,"End-effector lifting the object, using strong force, causing hard-deformation, with increasing force."
/home/mdxuser/Genesis/main/data/picked_up_4/csv/Cole_Hardware_Antislip_Surfacing_White_2_x_60/Elastic/hard/Cole_Hardware_Antislip_Surfacing_White_2_x_60_Elastic_hard.csv,1080,"End-effector rotating the object, by an angle of 45.0 degrees, using strong force, causing hard-deformation, with constant force."
/home/mdxuser/Genesis/main/data/picked_up_4/csv/Cole_Hardware_Antislip_Surfacing_White_2_x_60/Elastic/hard/Cole_Hardware_Antislip_Surfacing_White_2_x_60_Elastic_hard.csv,1350,"End-effector continue rotating the object, by an angle of 45.0 degrees, using strong force, causing hard-deformation, with constant force."
/home/mdxuser/Genesis/main/data/picked_up_4/csv/Cole_Hardware_Antislip_Surfacing_White_2_x_60/Elastic/hard/Cole_Hardware_Antislip_Surfacing_White_2_x_60_Elastic_hard.csv,1620,The object has been dropped.
/home/mdxuser/Genesis/main/data/picked_up_4/csv/Cole_Hardware_Antislip_Surfacing_White_2_x_60/Elastic/hard/Cole_Hardware_Antislip_Surfacing_White_2_x_60_Elastic_hard.csv,1890,The object has been dropped.
/home/mdxuser/Genesis/main/data/picked_up_4/csv/Cole_Hardware_Antislip_Surfacing_White_2_x_60/Elastic/hard/Cole_Hardware_Antislip_Surfacing_White_2_x_60_Elastic_hard.csv,2160,The object has been dropped.
/home/mdxuser/Genesis/main/data/picked_up_4/csv/Cole_Hardware_Antislip_Surfacing_White_2_x_60/Elastic/hard/Cole_Hardware_Antislip_Surfacing_White_2_x_60_Elastic_hard.csv,2430,The object has been dropped.
/home/mdxuser/Genesis/main/data/picked_up_4/csv/Cole_Hardware_Antislip_Surfacing_White_2_x_60/Elastic/hard/Cole_Hardware_Antislip_Surfacing_White_2_x_60_Elastic_hard.csv,2700,The object has been dropped.
/home/mdxuser/Genesis/main/data/picked_up_4/csv/AllergenFree_JarroDophilus/Elastic/hard/AllergenFree_JarroDophilus_Elastic_hard.csv,0,"End-effector start towards the object, to begin the task."
/home/mdxuser/Genesis/main/data/picked_up_4/csv/AllergenFree_JarroDophilus/Elastic/hard/AllergenFree_JarroDophilus_Elastic_hard.csv,270,"End-effector grasping the object, using strong force, causing hard-deformation, with increasing force."
/home/mdxuser/Genesis/main/data/picked_up_4/csv/AllergenFree_JarroDophilus/Elastic/hard/AllergenFree_JarroDophilus_Elastic_hard.csv,540,"End-effector continue grasping the object, using strong force, causing hard-deformation, with increasing force."
/home/mdxuser/Genesis/main/data/picked_up_4/csv/AllergenFree_JarroDophilus/Elastic/hard/AllergenFree_JarroDophilus_Elastic_hard.csv,810,"End-effector lifting the object, using strong force, causing hard-deformation, with increasing force."
/home/mdxuser/Genesis/main/data/picked_up_4/csv/AllergenFree_JarroDophilus/Elastic/hard/AllergenFree_JarroDophilus_Elastic_hard.csv,1080,"End-effector rotating the object, by an angle of 45.0 degrees, using strong force, causing hard-deformation, with constant force."
/home/mdxuser/Genesis/main/data/picked_up_4/csv/AllergenFree_JarroDophilus/Elastic/hard/AllergenFree_JarroDophilus_Elastic_hard.csv,1350,"End-effector holding position of the object, maintaining a stable hold, using strong force, causing hard-deformation."
/home/mdxuser/Genesis/main/data/picked_up_4/csv/AllergenFree_JarroDophilus/Elastic/hard/AllergenFree_JarroDophilus_Elastic_hard.csv,1620,"End-effector continue holding position of the object, maintaining a stable hold, using strong force, causing hard-deformation."
/home/mdxuser/Genesis/main/data/picked_up_4/csv/AllergenFree_JarroDophilus/Elastic/hard/AllergenFree_JarroDophilus_Elastic_hard.csv,1890,"End-effector rotating the object, by an angle of 30.0 degrees, using strong force, causing hard-deformation, with constant force."
/home/mdxuser/Genesis/main/data/picked_up_4/csv/AllergenFree_JarroDophilus/Elastic/hard/AllergenFree_JarroDophilus_Elastic_hard.csv,2160,"End-effector continue rotating the object, by an angle of 30.0 degrees, using strong force, causing hard-deformation, with constant force."
/home/mdxuser/Genesis/main/data/picked_up_4/csv/AllergenFree_JarroDophilus/Elastic/hard/AllergenFree_JarroDophilus_Elastic_hard.csv,2430,"End-effector holding position of the object, maintaining a stable hold, using strong force, causing hard-deformation."
/home/mdxuser/Genesis/main/data/picked_up_4/csv/AllergenFree_JarroDophilus/Elastic/hard/AllergenFree_JarroDophilus_Elastic_hard.csv,2700,"End-effector stopping the object, using zero-force, causing undeformed shape."
/home/mdxuser/Genesis/main/data/picked_up_4/csv/ASICS_GELBlur33_20_GS_Flash_YellowHot_PunchSilver/Elastic/medium/ASICS_GELBlur33_20_GS_Flash_YellowHot_PunchSilver_Elastic_medium.csv,0,"End-effector start towards the object, to begin the task."
/home/mdxuser/Genesis/main/data/picked_up_4/csv/ASICS_GELBlur33_20_GS_Flash_YellowHot_PunchSilver/Elastic/medium/ASICS_GELBlur33_20_GS_Flash_YellowHot_PunchSilver_Elastic_medium.csv,270,"End-effector grasping the object, using moderate force, causing medium-deformation, with increasing force."
/home/mdxuser/Genesis/main/data/picked_up_4/csv/ASICS_GELBlur33_20_GS_Flash_YellowHot_PunchSilver/Elastic/medium/ASICS_GELBlur33_20_GS_Flash_YellowHot_PunchSilver_Elastic_medium.csv,540,"End-effector continue grasping the object, using moderate force, causing medium-deformation, with increasing force."
/home/mdxuser/Genesis/main/data/picked_up_4/csv/ASICS_GELBlur33_20_GS_Flash_YellowHot_PunchSilver/Elastic/medium/ASICS_GELBlur33_20_GS_Flash_YellowHot_PunchSilver_Elastic_medium.csv,810,"End-effector lifting the object, using moderate force, causing medium-deformation, with increasing force."
/home/mdxuser/Genesis/main/data/picked_up_4/csv/ASICS_GELBlur33_20_GS_Flash_YellowHot_PunchSilver/Elastic/medium/ASICS_GELBlur33_20_GS_Flash_YellowHot_PunchSilver_Elastic_medium.csv,1080,"End-effector rotating the object, by an angle of 45.0 degrees, using moderate force, causing medium-deformation, with constant force."
/home/mdxuser/Genesis/main/data/picked_up_4/csv/ASICS_GELBlur33_20_GS_Flash_YellowHot_PunchSilver/Elastic/medium/ASICS_GELBlur33_20_GS_Flash_YellowHot_PunchSilver_Elastic_medium.csv,1350,"End-effector continue rotating the object, by an angle of 45.0 degrees, using moderate force, causing medium-deformation, with constant force."
/home/mdxuser/Genesis/main/data/picked_up_4/csv/ASICS_GELBlur33_20_GS_Flash_YellowHot_PunchSilver/Elastic/medium/ASICS_GELBlur33_20_GS_Flash_YellowHot_PunchSilver_Elastic_medium.csv,1620,The object has been dropped.
/home/mdxuser/Genesis/main/data/picked_up_4/csv/ASICS_GELBlur33_20_GS_Flash_YellowHot_PunchSilver/Elastic/medium/ASICS_GELBlur33_20_GS_Flash_YellowHot_PunchSilver_Elastic_medium.csv,1890,The object has been dropped.
/home/mdxuser/Genesis/main/data/picked_up_4/csv/ASICS_GELBlur33_20_GS_Flash_YellowHot_PunchSilver/Elastic/medium/ASICS_GELBlur33_20_GS_Flash_YellowHot_PunchSilver_Elastic_medium.csv,2160,The object has been dropped.
/home/mdxuser/Genesis/main/data/picked_up_4/csv/ASICS_GELBlur33_20_GS_Flash_YellowHot_PunchSilver/Elastic/medium/ASICS_GELBlur33_20_GS_Flash_YellowHot_PunchSilver_Elastic_medium.csv,2430,The object has been dropped.
/home/mdxuser/Genesis/main/data/picked_up_4/csv/ASICS_GELBlur33_20_GS_Flash_YellowHot_PunchSilver/Elastic/medium/ASICS_GELBlur33_20_GS_Flash_YellowHot_PunchSilver_Elastic_medium.csv,2700,The object has been dropped.
/home/mdxuser/Genesis/main/data/picked_up_4/csv/Perricone_MD_No_Foundation_Serum/Elastic/soft/Perricone_MD_No_Foundation_Serum_Elastic_soft.csv,0,"End-effector start towards the object, to begin the task."
/home/mdxuser/Genesis/main/data/picked_up_4/csv/Perricone_MD_No_Foundation_Serum/Elastic/soft/Perricone_MD_No_Foundation_Serum_Elastic_soft.csv,270,"End-effector grasping the object, using gentle force, causing soft-deformation, with increasing force."
/home/mdxuser/Genesis/main/data/picked_up_4/csv/Perricone_MD_No_Foundation_Serum/Elastic/soft/Perricone_MD_No_Foundation_Serum_Elastic_soft.csv,540,"End-effector continue grasping the object, using gentle force, causing soft-deformation, with increasing force."
/home/mdxuser/Genesis/main/data/picked_up_4/csv/Perricone_MD_No_Foundation_Serum/Elastic/soft/Perricone_MD_No_Foundation_Serum_Elastic_soft.csv,810,"End-effector lifting the object, using gentle force, causing soft-deformation, with increasing force."
/home/mdxuser/Genesis/main/data/picked_up_4/csv/Perricone_MD_No_Foundation_Serum/Elastic/soft/Perricone_MD_No_Foundation_Serum_Elastic_soft.csv,1080,"End-effector rotating the object, by an angle of 45.0 degrees, using gentle force, causing soft-deformation, with constant force."
/home/mdxuser/Genesis/main/data/picked_up_4/csv/Perricone_MD_No_Foundation_Serum/Elastic/soft/Perricone_MD_No_Foundation_Serum_Elastic_soft.csv,1350,"End-effector holding position of the object, maintaining a stable hold, using gentle force, causing soft-deformation."
/home/mdxuser/Genesis/main/data/picked_up_4/csv/Perricone_MD_No_Foundation_Serum/Elastic/soft/Perricone_MD_No_Foundation_Serum_Elastic_soft.csv,1620,"End-effector continue holding position of the object, maintaining a stable hold, using gentle force, causing soft-deformation."
/home/mdxuser/Genesis/main/data/picked_up_4/csv/Perricone_MD_No_Foundation_Serum/Elastic/soft/Perricone_MD_No_Foundation_Serum_Elastic_soft.csv,1890,"End-effector rotating the object, by an angle of 45.0 degrees, using gentle force, causing soft-deformation, with constant force."
/home/mdxuser/Genesis/main/data/picked_up_4/csv/Perricone_MD_No_Foundation_Serum/Elastic/soft/Perricone_MD_No_Foundation_Serum_Elastic_soft.csv,2160,"End-effector holding position of the object, maintaining a stable hold, using gentle force, causing soft-deformation."
/home/mdxuser/Genesis/main/data/picked_up_4/csv/Perricone_MD_No_Foundation_Serum/Elastic/soft/Perricone_MD_No_Foundation_Serum_Elastic_soft.csv,2430,"End-effector continue holding position of the object, maintaining a stable hold, using gentle force, causing soft-deformation."
/home/mdxuser/Genesis/main/data/picked_up_4/csv/Perricone_MD_No_Foundation_Serum/Elastic/soft/Perricone_MD_No_Foundation_Serum_Elastic_soft.csv,2700,"End-effector stopping the object, using zero-force, causing undeformed shape."
/home/mdxuser/Genesis/main/data/picked_up_4/csv/Lactoferrin/Elastic/hard/Lactoferrin_Elastic_hard.csv,0,"End-effector start towards the object, to begin the task."
/home/mdxuser/Genesis/main/data/picked_up_4/csv/Lactoferrin/Elastic/hard/Lactoferrin_Elastic_hard.csv,270,"End-effector grasping the object, using strong force, causing hard-deformation, with increasing force."
/home/mdxuser/Genesis/main/data/picked_up_4/csv/Lactoferrin/Elastic/hard/Lactoferrin_Elastic_hard.csv,540,"End-effector continue grasping the object, using strong force, causing hard-deformation, with increasing force."
/home/mdxuser/Genesis/main/data/picked_up_4/csv/Lactoferrin/Elastic/hard/Lactoferrin_Elastic_hard.csv,810,"End-effector lifting the object, using strong force, causing hard-deformation, with increasing force."
/home/mdxuser/Genesis/main/data/picked_up_4/csv/Lactoferrin/Elastic/hard/Lactoferrin_Elastic_hard.csv,1080,"End-effector rotating the object, by an angle of 30.0 degrees, using strong force, causing hard-deformation, with constant force."
/home/mdxuser/Genesis/main/data/picked_up_4/csv/Lactoferrin/Elastic/hard/Lactoferrin_Elastic_hard.csv,1350,"End-effector continue rotating the object, by an angle of 30.0 degrees, using strong force, causing hard-deformation, with constant force."
/home/mdxuser/Genesis/main/data/picked_up_4/csv/Lactoferrin/Elastic/hard/Lactoferrin_Elastic_hard.csv,1620,"End-effector holding position of the object, maintaining a stable hold, using strong force, causing hard-deformation."
/home/mdxuser/Genesis/main/data/picked_up_4/csv/Lactoferrin/Elastic/hard/Lactoferrin_Elastic_hard.csv,1890,"End-effector rotating the object, by an angle of 30.0 degrees, using strong force, causing hard-deformation, with constant force."
/home/mdxuser/Genesis/main/data/picked_up_4/csv/Lactoferrin/Elastic/hard/Lactoferrin_Elastic_hard.csv,2160,"End-effector continue rotating the object, by an angle of 30.0 degrees, using strong force, causing hard-deformation, with constant force."
/home/mdxuser/Genesis/main/data/picked_up_4/csv/Lactoferrin/Elastic/hard/Lactoferrin_Elastic_hard.csv,2430,"End-effector holding position of the object, maintaining a stable hold, using strong force, causing hard-deformation."
/home/mdxuser/Genesis/main/data/picked_up_4/csv/Lactoferrin/Elastic/hard/Lactoferrin_Elastic_hard.csv,2700,"End-effector stopping the object, using zero-force, causing undeformed shape."
/home/mdxuser/Genesis/main/data/picked_up_4/csv/MK7/Elastic/medium/MK7_Elastic_medium.csv,0,"End-effector start towards the object, to begin the task."
/home/mdxuser/Genesis/main/data/picked_up_4/csv/MK7/Elastic/medium/MK7_Elastic_medium.csv,270,"End-effector grasping the object, using moderate force, causing medium-deformation, with increasing force."
/home/mdxuser/Genesis/main/data/picked_up_4/csv/MK7/Elastic/medium/MK7_Elastic_medium.csv,540,"End-effector continue grasping the object, using moderate force, causing medium-deformation, with increasing force."
/home/mdxuser/Genesis/main/data/picked_up_4/csv/MK7/Elastic/medium/MK7_Elastic_medium.csv,810,"End-effector lifting the object, using moderate force, causing medium-deformation, with increasing force."
/home/mdxuser/Genesis/main/data/picked_up_4/csv/MK7/Elastic/medium/MK7_Elastic_medium.csv,1080,"End-effector rotating the object, by an angle of 45.0 degrees, using moderate force, causing medium-deformation, with constant force."
/home/mdxuser/Genesis/main/data/picked_up_4/csv/MK7/Elastic/medium/MK7_Elastic_medium.csv,1350,"End-effector continue rotating the object, by an angle of 45.0 degrees, using moderate force, causing medium-deformation, with constant force."
/home/mdxuser/Genesis/main/data/picked_up_4/csv/MK7/Elastic/medium/MK7_Elastic_medium.csv,1620,"End-effector holding position of the object, maintaining a stable hold, using moderate force, causing medium-deformation."
/home/mdxuser/Genesis/main/data/picked_up_4/csv/MK7/Elastic/medium/MK7_Elastic_medium.csv,1890,"End-effector rotating the object, by an angle of 45.0 degrees, using moderate force, causing medium-deformation, with constant force."
/home/mdxuser/Genesis/main/data/picked_up_4/csv/MK7/Elastic/medium/MK7_Elastic_medium.csv,2160,"End-effector continue rotating the object, by an angle of 45.0 degrees, using moderate force, causing medium-deformation, with constant force."
/home/mdxuser/Genesis/main/data/picked_up_4/csv/MK7/Elastic/medium/MK7_Elastic_medium.csv,2430,"End-effector holding position of the object, maintaining a stable hold, using moderate force, causing medium-deformation."
/home/mdxuser/Genesis/main/data/picked_up_4/csv/MK7/Elastic/medium/MK7_Elastic_medium.csv,2700,"End-effector stopping the object, using zero-force, causing undeformed shape."
/home/mdxuser/Genesis/main/data/picked_up_4/csv/Pinwheel_Pencil_Case/Elastic/hard/Pinwheel_Pencil_Case_Elastic_hard.csv,0,"End-effector start towards the object, to begin the task."
/home/mdxuser/Genesis/main/data/picked_up_4/csv/Pinwheel_Pencil_Case/Elastic/hard/Pinwheel_Pencil_Case_Elastic_hard.csv,270,"End-effector grasping the object, using strong force, causing hard-deformation, with increasing force."
/home/mdxuser/Genesis/main/data/picked_up_4/csv/Pinwheel_Pencil_Case/Elastic/hard/Pinwheel_Pencil_Case_Elastic_hard.csv,540,"End-effector continue grasping the object, using strong force, causing hard-deformation, with increasing force."
/home/mdxuser/Genesis/main/data/picked_up_4/csv/Pinwheel_Pencil_Case/Elastic/hard/Pinwheel_Pencil_Case_Elastic_hard.csv,810,"End-effector lifting the object, using strong force, causing hard-deformation, with increasing force."
/home/mdxuser/Genesis/main/data/picked_up_4/csv/Pinwheel_Pencil_Case/Elastic/hard/Pinwheel_Pencil_Case_Elastic_hard.csv,1080,"End-effector rotating the object, by an angle of 45.0 degrees, using strong force, causing hard-deformation, with constant force."
/home/mdxuser/Genesis/main/data/picked_up_4/csv/Pinwheel_Pencil_Case/Elastic/hard/Pinwheel_Pencil_Case_Elastic_hard.csv,1350,"End-effector continue rotating the object, by an angle of 45.0 degrees, using strong force, causing hard-deformation, with constant force."
/home/mdxuser/Genesis/main/data/picked_up_4/csv/Pinwheel_Pencil_Case/Elastic/hard/Pinwheel_Pencil_Case_Elastic_hard.csv,1620,"End-effector holding position of the object, maintaining a stable hold, using strong force, causing hard-deformation."
/home/mdxuser/Genesis/main/data/picked_up_4/csv/Pinwheel_Pencil_Case/Elastic/hard/Pinwheel_Pencil_Case_Elastic_hard.csv,1890,"End-effector rotating the object, by an angle of 45.0 degrees, using strong force, causing hard-deformation, with constant force."
/home/mdxuser/Genesis/main/data/picked_up_4/csv/Pinwheel_Pencil_Case/Elastic/hard/Pinwheel_Pencil_Case_Elastic_hard.csv,2160,"End-effector holding position of the object, maintaining a stable hold, using strong force, causing hard-deformation."
/home/mdxuser/Genesis/main/data/picked_up_4/csv/Pinwheel_Pencil_Case/Elastic/hard/Pinwheel_Pencil_Case_Elastic_hard.csv,2430,"End-effector continue holding position of the object, maintaining a stable hold, using strong force, causing hard-deformation."
/home/mdxuser/Genesis/main/data/picked_up_4/csv/Pinwheel_Pencil_Case/Elastic/hard/Pinwheel_Pencil_Case_Elastic_hard.csv,2700,The object has been dropped.
/home/mdxuser/Genesis/main/data/picked_up_4/csv/Crayola_Washable_Sidewalk_Chalk_16_pack/Elastic/hard/Crayola_Washable_Sidewalk_Chalk_16_pack_Elastic_hard.csv,0,"End-effector start towards the object, to begin the task."
/home/mdxuser/Genesis/main/data/picked_up_4/csv/Crayola_Washable_Sidewalk_Chalk_16_pack/Elastic/hard/Crayola_Washable_Sidewalk_Chalk_16_pack_Elastic_hard.csv,270,"End-effector grasping the object, using strong force, causing hard-deformation, with increasing force."
/home/mdxuser/Genesis/main/data/picked_up_4/csv/Crayola_Washable_Sidewalk_Chalk_16_pack/Elastic/hard/Crayola_Washable_Sidewalk_Chalk_16_pack_Elastic_hard.csv,540,"End-effector continue grasping the object, using strong force, causing hard-deformation, with increasing force."
/home/mdxuser/Genesis/main/data/picked_up_4/csv/Crayola_Washable_Sidewalk_Chalk_16_pack/Elastic/hard/Crayola_Washable_Sidewalk_Chalk_16_pack_Elastic_hard.csv,810,"End-effector lifting the object, using strong force, causing hard-deformation, with increasing force."
/home/mdxuser/Genesis/main/data/picked_up_4/csv/Crayola_Washable_Sidewalk_Chalk_16_pack/Elastic/hard/Crayola_Washable_Sidewalk_Chalk_16_pack_Elastic_hard.csv,1080,"End-effector rotating the object, by an angle of 30.0 degrees, using strong force, causing hard-deformation, with constant force."
/home/mdxuser/Genesis/main/data/picked_up_4/csv/Crayola_Washable_Sidewalk_Chalk_16_pack/Elastic/hard/Crayola_Washable_Sidewalk_Chalk_16_pack_Elastic_hard.csv,1350,"End-effector continue rotating the object, by an angle of 30.0 degrees, using strong force, causing hard-deformation, with constant force."
/home/mdxuser/Genesis/main/data/picked_up_4/csv/Crayola_Washable_Sidewalk_Chalk_16_pack/Elastic/hard/Crayola_Washable_Sidewalk_Chalk_16_pack_Elastic_hard.csv,1620,"End-effector holding position of the object, maintaining a stable hold, using strong force, causing hard-deformation."
/home/mdxuser/Genesis/main/data/picked_up_4/csv/Crayola_Washable_Sidewalk_Chalk_16_pack/Elastic/hard/Crayola_Washable_Sidewalk_Chalk_16_pack_Elastic_hard.csv,1890,"End-effector rotating the object, by an angle of 45.0 degrees, using strong force, causing hard-deformation, with constant force."
/home/mdxuser/Genesis/main/data/picked_up_4/csv/Crayola_Washable_Sidewalk_Chalk_16_pack/Elastic/hard/Crayola_Washable_Sidewalk_Chalk_16_pack_Elastic_hard.csv,2160,The object has been dropped.
/home/mdxuser/Genesis/main/data/picked_up_4/csv/Crayola_Washable_Sidewalk_Chalk_16_pack/Elastic/hard/Crayola_Washable_Sidewalk_Chalk_16_pack_Elastic_hard.csv,2430,The object has been dropped.
/home/mdxuser/Genesis/main/data/picked_up_4/csv/Crayola_Washable_Sidewalk_Chalk_16_pack/Elastic/hard/Crayola_Washable_Sidewalk_Chalk_16_pack_Elastic_hard.csv,2700,The object has been dropped.
/home/mdxuser/Genesis/main/data/picked_up_4/csv/Mens_Mako_Canoe_Moc_2Eye_Boat_Shoe_in_OysterTaupe_otyRrfvPMiA/Elastic/hard/Mens_Mako_Canoe_Moc_2Eye_Boat_Shoe_in_OysterTaupe_otyRrfvPMiA_Elastic_hard.csv,0,"End-effector start towards the object, to begin the task."
/home/mdxuser/Genesis/main/data/picked_up_4/csv/Mens_Mako_Canoe_Moc_2Eye_Boat_Shoe_in_OysterTaupe_otyRrfvPMiA/Elastic/hard/Mens_Mako_Canoe_Moc_2Eye_Boat_Shoe_in_OysterTaupe_otyRrfvPMiA_Elastic_hard.csv,270,"End-effector grasping the object, using strong force, causing hard-deformation, with increasing force."
/home/mdxuser/Genesis/main/data/picked_up_4/csv/Mens_Mako_Canoe_Moc_2Eye_Boat_Shoe_in_OysterTaupe_otyRrfvPMiA/Elastic/hard/Mens_Mako_Canoe_Moc_2Eye_Boat_Shoe_in_OysterTaupe_otyRrfvPMiA_Elastic_hard.csv,540,"End-effector continue grasping the object, using strong force, causing hard-deformation, with increasing force."
/home/mdxuser/Genesis/main/data/picked_up_4/csv/Mens_Mako_Canoe_Moc_2Eye_Boat_Shoe_in_OysterTaupe_otyRrfvPMiA/Elastic/hard/Mens_Mako_Canoe_Moc_2Eye_Boat_Shoe_in_OysterTaupe_otyRrfvPMiA_Elastic_hard.csv,810,"End-effector lifting the object, using strong force, causing hard-deformation, with increasing force."
/home/mdxuser/Genesis/main/data/picked_up_4/csv/Mens_Mako_Canoe_Moc_2Eye_Boat_Shoe_in_OysterTaupe_otyRrfvPMiA/Elastic/hard/Mens_Mako_Canoe_Moc_2Eye_Boat_Shoe_in_OysterTaupe_otyRrfvPMiA_Elastic_hard.csv,1080,"End-effector rotating the object, by an angle of 30.0 degrees, using strong force, causing hard-deformation, with constant force."
/home/mdxuser/Genesis/main/data/picked_up_4/csv/Mens_Mako_Canoe_Moc_2Eye_Boat_Shoe_in_OysterTaupe_otyRrfvPMiA/Elastic/hard/Mens_Mako_Canoe_Moc_2Eye_Boat_Shoe_in_OysterTaupe_otyRrfvPMiA_Elastic_hard.csv,1350,"End-effector continue rotating the object, by an angle of 30.0 degrees, using strong force, causing hard-deformation, with constant force."
/home/mdxuser/Genesis/main/data/picked_up_4/csv/Mens_Mako_Canoe_Moc_2Eye_Boat_Shoe_in_OysterTaupe_otyRrfvPMiA/Elastic/hard/Mens_Mako_Canoe_Moc_2Eye_Boat_Shoe_in_OysterTaupe_otyRrfvPMiA_Elastic_hard.csv,1620,"End-effector holding position of the object, maintaining a stable hold, using strong force, causing hard-deformation."
/home/mdxuser/Genesis/main/data/picked_up_4/csv/Mens_Mako_Canoe_Moc_2Eye_Boat_Shoe_in_OysterTaupe_otyRrfvPMiA/Elastic/hard/Mens_Mako_Canoe_Moc_2Eye_Boat_Shoe_in_OysterTaupe_otyRrfvPMiA_Elastic_hard.csv,1890,"End-effector rotating the object, by an angle of 45.0 degrees, using strong force, causing hard-deformation, with constant force."
/home/mdxuser/Genesis/main/data/picked_up_4/csv/Mens_Mako_Canoe_Moc_2Eye_Boat_Shoe_in_OysterTaupe_otyRrfvPMiA/Elastic/hard/Mens_Mako_Canoe_Moc_2Eye_Boat_Shoe_in_OysterTaupe_otyRrfvPMiA_Elastic_hard.csv,2160,"End-effector holding position of the object, maintaining a stable hold, using strong force, causing hard-deformation."
/home/mdxuser/Genesis/main/data/picked_up_4/csv/Mens_Mako_Canoe_Moc_2Eye_Boat_Shoe_in_OysterTaupe_otyRrfvPMiA/Elastic/hard/Mens_Mako_Canoe_Moc_2Eye_Boat_Shoe_in_OysterTaupe_otyRrfvPMiA_Elastic_hard.csv,2430,"End-effector continue holding position of the object, maintaining a stable hold, using strong force, causing hard-deformation."
/home/mdxuser/Genesis/main/data/picked_up_4/csv/Mens_Mako_Canoe_Moc_2Eye_Boat_Shoe_in_OysterTaupe_otyRrfvPMiA/Elastic/hard/Mens_Mako_Canoe_Moc_2Eye_Boat_Shoe_in_OysterTaupe_otyRrfvPMiA_Elastic_hard.csv,2700,The object has been dropped.
/home/mdxuser/Genesis/main/data/picked_up_4/csv/CONE_SORTING/Elastic/soft/CONE_SORTING_Elastic_soft.csv,0,"End-effector start towards the object, to begin the task."
/home/mdxuser/Genesis/main/data/picked_up_4/csv/CONE_SORTING/Elastic/soft/CONE_SORTING_Elastic_soft.csv,270,"End-effector grasping the object, using gentle force, causing soft-deformation, with increasing force."
/home/mdxuser/Genesis/main/data/picked_up_4/csv/CONE_SORTING/Elastic/soft/CONE_SORTING_Elastic_soft.csv,540,"End-effector continue grasping the object, using gentle force, causing soft-deformation, with increasing force."
/home/mdxuser/Genesis/main/data/picked_up_4/csv/CONE_SORTING/Elastic/soft/CONE_SORTING_Elastic_soft.csv,810,"End-effector lifting the object, using gentle force, causing soft-deformation, with increasing force."
/home/mdxuser/Genesis/main/data/picked_up_4/csv/CONE_SORTING/Elastic/soft/CONE_SORTING_Elastic_soft.csv,1080,"End-effector rotating the object, by an angle of 45.0 degrees, using gentle force, causing soft-deformation, with constant force."
/home/mdxuser/Genesis/main/data/picked_up_4/csv/CONE_SORTING/Elastic/soft/CONE_SORTING_Elastic_soft.csv,1350,The object has been dropped.
/home/mdxuser/Genesis/main/data/picked_up_4/csv/CONE_SORTING/Elastic/soft/CONE_SORTING_Elastic_soft.csv,1620,The object has been dropped.
/home/mdxuser/Genesis/main/data/picked_up_4/csv/CONE_SORTING/Elastic/soft/CONE_SORTING_Elastic_soft.csv,1890,The object has been dropped.
/home/mdxuser/Genesis/main/data/picked_up_4/csv/CONE_SORTING/Elastic/soft/CONE_SORTING_Elastic_soft.csv,2160,The object has been dropped.
/home/mdxuser/Genesis/main/data/picked_up_4/csv/CONE_SORTING/Elastic/soft/CONE_SORTING_Elastic_soft.csv,2430,The object has been dropped.
/home/mdxuser/Genesis/main/data/picked_up_4/csv/CONE_SORTING/Elastic/soft/CONE_SORTING_Elastic_soft.csv,2700,The object has been dropped.
/home/mdxuser/Genesis/main/data/picked_up_4/csv/Animal_Crossing_New_Leaf_Nintendo_3DS_Game/Elastic/hard/Animal_Crossing_New_Leaf_Nintendo_3DS_Game_Elastic_hard.csv,0,"End-effector start towards the object, to begin the task."
/home/mdxuser/Genesis/main/data/picked_up_4/csv/Animal_Crossing_New_Leaf_Nintendo_3DS_Game/Elastic/hard/Animal_Crossing_New_Leaf_Nintendo_3DS_Game_Elastic_hard.csv,270,"End-effector grasping the object, using strong force, causing hard-deformation, with increasing force."
/home/mdxuser/Genesis/main/data/picked_up_4/csv/Animal_Crossing_New_Leaf_Nintendo_3DS_Game/Elastic/hard/Animal_Crossing_New_Leaf_Nintendo_3DS_Game_Elastic_hard.csv,540,"End-effector continue grasping the object, using strong force, causing hard-deformation, with increasing force."
/home/mdxuser/Genesis/main/data/picked_up_4/csv/Animal_Crossing_New_Leaf_Nintendo_3DS_Game/Elastic/hard/Animal_Crossing_New_Leaf_Nintendo_3DS_Game_Elastic_hard.csv,810,"End-effector lifting the object, using strong force, causing hard-deformation, with increasing force."
/home/mdxuser/Genesis/main/data/picked_up_4/csv/Animal_Crossing_New_Leaf_Nintendo_3DS_Game/Elastic/hard/Animal_Crossing_New_Leaf_Nintendo_3DS_Game_Elastic_hard.csv,1080,"End-effector rotating the object, by an angle of 30.0 degrees, using strong force, causing hard-deformation, with constant force."
/home/mdxuser/Genesis/main/data/picked_up_4/csv/Animal_Crossing_New_Leaf_Nintendo_3DS_Game/Elastic/hard/Animal_Crossing_New_Leaf_Nintendo_3DS_Game_Elastic_hard.csv,1350,"End-effector continue rotating the object, by an angle of 30.0 degrees, using strong force, causing hard-deformation, with constant force."
/home/mdxuser/Genesis/main/data/picked_up_4/csv/Animal_Crossing_New_Leaf_Nintendo_3DS_Game/Elastic/hard/Animal_Crossing_New_Leaf_Nintendo_3DS_Game_Elastic_hard.csv,1620,The object has been dropped.
/home/mdxuser/Genesis/main/data/picked_up_4/csv/Animal_Crossing_New_Leaf_Nintendo_3DS_Game/Elastic/hard/Animal_Crossing_New_Leaf_Nintendo_3DS_Game_Elastic_hard.csv,1890,The object has been dropped.
/home/mdxuser/Genesis/main/data/picked_up_4/csv/Animal_Crossing_New_Leaf_Nintendo_3DS_Game/Elastic/hard/Animal_Crossing_New_Leaf_Nintendo_3DS_Game_Elastic_hard.csv,2160,The object has been dropped.
/home/mdxuser/Genesis/main/data/picked_up_4/csv/Animal_Crossing_New_Leaf_Nintendo_3DS_Game/Elastic/hard/Animal_Crossing_New_Leaf_Nintendo_3DS_Game_Elastic_hard.csv,2430,The object has been dropped.
/home/mdxuser/Genesis/main/data/picked_up_4/csv/Animal_Crossing_New_Leaf_Nintendo_3DS_Game/Elastic/hard/Animal_Crossing_New_Leaf_Nintendo_3DS_Game_Elastic_hard.csv,2700,The object has been dropped.
/home/mdxuser/Genesis/main/data/picked_up_4/csv/50_BLOCKS/Elastic/medium/50_BLOCKS_Elastic_medium.csv,0,"End-effector start towards the object, to begin the task."
/home/mdxuser/Genesis/main/data/picked_up_4/csv/50_BLOCKS/Elastic/medium/50_BLOCKS_Elastic_medium.csv,270,"End-effector grasping the object, using moderate force, causing medium-deformation, with increasing force."
/home/mdxuser/Genesis/main/data/picked_up_4/csv/50_BLOCKS/Elastic/medium/50_BLOCKS_Elastic_medium.csv,540,"End-effector continue grasping the object, using moderate force, causing medium-deformation, with increasing force."
/home/mdxuser/Genesis/main/data/picked_up_4/csv/50_BLOCKS/Elastic/medium/50_BLOCKS_Elastic_medium.csv,810,"End-effector lifting the object, using moderate force, causing medium-deformation, with increasing force."
/home/mdxuser/Genesis/main/data/picked_up_4/csv/50_BLOCKS/Elastic/medium/50_BLOCKS_Elastic_medium.csv,1080,"End-effector rotating the object, by an angle of 45.0 degrees, using moderate force, causing medium-deformation, with constant force."
/home/mdxuser/Genesis/main/data/picked_up_4/csv/50_BLOCKS/Elastic/medium/50_BLOCKS_Elastic_medium.csv,1350,"End-effector holding position of the object, maintaining a stable hold, using moderate force, causing medium-deformation."
/home/mdxuser/Genesis/main/data/picked_up_4/csv/50_BLOCKS/Elastic/medium/50_BLOCKS_Elastic_medium.csv,1620,"End-effector continue holding position of the object, maintaining a stable hold, using moderate force, causing medium-deformation."
/home/mdxuser/Genesis/main/data/picked_up_4/csv/50_BLOCKS/Elastic/medium/50_BLOCKS_Elastic_medium.csv,1890,"End-effector rotating the object, by an angle of 45.0 degrees, using moderate force, causing medium-deformation, with constant force."
/home/mdxuser/Genesis/main/data/picked_up_4/csv/50_BLOCKS/Elastic/medium/50_BLOCKS_Elastic_medium.csv,2160,"End-effector holding position of the object, maintaining a stable hold, using moderate force, causing medium-deformation."
/home/mdxuser/Genesis/main/data/picked_up_4/csv/50_BLOCKS/Elastic/medium/50_BLOCKS_Elastic_medium.csv,2430,"End-effector continue holding position of the object, maintaining a stable hold, using moderate force, causing medium-deformation."
/home/mdxuser/Genesis/main/data/picked_up_4/csv/50_BLOCKS/Elastic/medium/50_BLOCKS_Elastic_medium.csv,2700,The object has been dropped.
/home/mdxuser/Genesis/main/data/picked_up_4/csv/CoQ10_wSSVoxVppVD/Elastic/medium/CoQ10_wSSVoxVppVD_Elastic_medium.csv,0,"End-effector start towards the object, to begin the task."
/home/mdxuser/Genesis/main/data/picked_up_4/csv/CoQ10_wSSVoxVppVD/Elastic/medium/CoQ10_wSSVoxVppVD_Elastic_medium.csv,270,"End-effector grasping the object, using moderate force, causing medium-deformation, with increasing force."
/home/mdxuser/Genesis/main/data/picked_up_4/csv/CoQ10_wSSVoxVppVD/Elastic/medium/CoQ10_wSSVoxVppVD_Elastic_medium.csv,540,"End-effector continue grasping the object, using moderate force, causing medium-deformation, with increasing force."
/home/mdxuser/Genesis/main/data/picked_up_4/csv/CoQ10_wSSVoxVppVD/Elastic/medium/CoQ10_wSSVoxVppVD_Elastic_medium.csv,810,"End-effector lifting the object, using moderate force, causing medium-deformation, with increasing force."
/home/mdxuser/Genesis/main/data/picked_up_4/csv/CoQ10_wSSVoxVppVD/Elastic/medium/CoQ10_wSSVoxVppVD_Elastic_medium.csv,1080,"End-effector rotating the object, by an angle of 45.0 degrees, using moderate force, causing medium-deformation, with constant force."
/home/mdxuser/Genesis/main/data/picked_up_4/csv/CoQ10_wSSVoxVppVD/Elastic/medium/CoQ10_wSSVoxVppVD_Elastic_medium.csv,1350,"End-effector continue rotating the object, by an angle of 45.0 degrees, using moderate force, causing medium-deformation, with constant force."
/home/mdxuser/Genesis/main/data/picked_up_4/csv/CoQ10_wSSVoxVppVD/Elastic/medium/CoQ10_wSSVoxVppVD_Elastic_medium.csv,1620,"End-effector holding position of the object, maintaining a stable hold, using moderate force, causing medium-deformation."
/home/mdxuser/Genesis/main/data/picked_up_4/csv/CoQ10_wSSVoxVppVD/Elastic/medium/CoQ10_wSSVoxVppVD_Elastic_medium.csv,1890,"End-effector rotating the object, by an angle of 45.0 degrees, using moderate force, causing medium-deformation, with constant force."
/home/mdxuser/Genesis/main/data/picked_up_4/csv/CoQ10_wSSVoxVppVD/Elastic/medium/CoQ10_wSSVoxVppVD_Elastic_medium.csv,2160,"End-effector holding position of the object, maintaining a stable hold, using moderate force, causing medium-deformation."
/home/mdxuser/Genesis/main/data/picked_up_4/csv/CoQ10_wSSVoxVppVD/Elastic/medium/CoQ10_wSSVoxVppVD_Elastic_medium.csv,2430,"End-effector continue holding position of the object, maintaining a stable hold, using moderate force, causing medium-deformation."
/home/mdxuser/Genesis/main/data/picked_up_4/csv/CoQ10_wSSVoxVppVD/Elastic/medium/CoQ10_wSSVoxVppVD_Elastic_medium.csv,2700,"End-effector stopping the object, using zero-force, causing undeformed shape."
/home/mdxuser/Genesis/main/data/picked_up_4/csv/Android_Lego/Elastic/medium/Android_Lego_Elastic_medium.csv,0,"End-effector start towards the object, to begin the task."
/home/mdxuser/Genesis/main/data/picked_up_4/csv/Android_Lego/Elastic/medium/Android_Lego_Elastic_medium.csv,270,"End-effector grasping the object, using moderate force, causing medium-deformation, with increasing force."
/home/mdxuser/Genesis/main/data/picked_up_4/csv/Android_Lego/Elastic/medium/Android_Lego_Elastic_medium.csv,540,"End-effector continue grasping the object, using moderate force, causing medium-deformation, with increasing force."
/home/mdxuser/Genesis/main/data/picked_up_4/csv/Android_Lego/Elastic/medium/Android_Lego_Elastic_medium.csv,810,"End-effector lifting the object, using moderate force, causing medium-deformation, with increasing force."
/home/mdxuser/Genesis/main/data/picked_up_4/csv/Android_Lego/Elastic/medium/Android_Lego_Elastic_medium.csv,1080,"End-effector rotating the object, by an angle of 30.0 degrees, using moderate force, causing medium-deformation, with constant force."
/home/mdxuser/Genesis/main/data/picked_up_4/csv/Android_Lego/Elastic/medium/Android_Lego_Elastic_medium.csv,1350,"End-effector continue rotating the object, by an angle of 30.0 degrees, using moderate force, causing medium-deformation, with constant force."
/home/mdxuser/Genesis/main/data/picked_up_4/csv/Android_Lego/Elastic/medium/Android_Lego_Elastic_medium.csv,1620,"End-effector holding position of the object, maintaining a stable hold, using moderate force, causing medium-deformation."
/home/mdxuser/Genesis/main/data/picked_up_4/csv/Android_Lego/Elastic/medium/Android_Lego_Elastic_medium.csv,1890,The object has been dropped.
/home/mdxuser/Genesis/main/data/picked_up_4/csv/Android_Lego/Elastic/medium/Android_Lego_Elastic_medium.csv,2160,The object has been dropped.
/home/mdxuser/Genesis/main/data/picked_up_4/csv/Android_Lego/Elastic/medium/Android_Lego_Elastic_medium.csv,2430,The object has been dropped.
/home/mdxuser/Genesis/main/data/picked_up_4/csv/Android_Lego/Elastic/medium/Android_Lego_Elastic_medium.csv,2700,The object has been dropped.
/home/mdxuser/Genesis/main/data/picked_up_4/csv/Black_and_Decker_TR3500SD_2Slice_Toaster/Elastic/hard/Black_and_Decker_TR3500SD_2Slice_Toaster_Elastic_hard.csv,0,"End-effector start towards the object, to begin the task."
/home/mdxuser/Genesis/main/data/picked_up_4/csv/Black_and_Decker_TR3500SD_2Slice_Toaster/Elastic/hard/Black_and_Decker_TR3500SD_2Slice_Toaster_Elastic_hard.csv,270,"End-effector grasping the object, using strong force, causing hard-deformation, with increasing force."
/home/mdxuser/Genesis/main/data/picked_up_4/csv/Black_and_Decker_TR3500SD_2Slice_Toaster/Elastic/hard/Black_and_Decker_TR3500SD_2Slice_Toaster_Elastic_hard.csv,540,"End-effector continue grasping the object, using strong force, causing hard-deformation, with increasing force."
/home/mdxuser/Genesis/main/data/picked_up_4/csv/Black_and_Decker_TR3500SD_2Slice_Toaster/Elastic/hard/Black_and_Decker_TR3500SD_2Slice_Toaster_Elastic_hard.csv,810,"End-effector lifting the object, using strong force, causing hard-deformation, with increasing force."
/home/mdxuser/Genesis/main/data/picked_up_4/csv/Black_and_Decker_TR3500SD_2Slice_Toaster/Elastic/hard/Black_and_Decker_TR3500SD_2Slice_Toaster_Elastic_hard.csv,1080,"End-effector rotating the object, by an angle of 45.0 degrees, using strong force, causing hard-deformation, with constant force."
/home/mdxuser/Genesis/main/data/picked_up_4/csv/Black_and_Decker_TR3500SD_2Slice_Toaster/Elastic/hard/Black_and_Decker_TR3500SD_2Slice_Toaster_Elastic_hard.csv,1350,"End-effector holding position of the object, maintaining a stable hold, using strong force, causing hard-deformation."
/home/mdxuser/Genesis/main/data/picked_up_4/csv/Black_and_Decker_TR3500SD_2Slice_Toaster/Elastic/hard/Black_and_Decker_TR3500SD_2Slice_Toaster_Elastic_hard.csv,1620,"End-effector continue holding position of the object, maintaining a stable hold, using strong force, causing hard-deformation."
/home/mdxuser/Genesis/main/data/picked_up_4/csv/Black_and_Decker_TR3500SD_2Slice_Toaster/Elastic/hard/Black_and_Decker_TR3500SD_2Slice_Toaster_Elastic_hard.csv,1890,"End-effector rotating the object, by an angle of 45.0 degrees, using strong force, causing hard-deformation, with constant force."
/home/mdxuser/Genesis/main/data/picked_up_4/csv/Black_and_Decker_TR3500SD_2Slice_Toaster/Elastic/hard/Black_and_Decker_TR3500SD_2Slice_Toaster_Elastic_hard.csv,2160,"End-effector holding position of the object, maintaining a stable hold, using strong force, causing hard-deformation."
/home/mdxuser/Genesis/main/data/picked_up_4/csv/Black_and_Decker_TR3500SD_2Slice_Toaster/Elastic/hard/Black_and_Decker_TR3500SD_2Slice_Toaster_Elastic_hard.csv,2430,"End-effector continue holding position of the object, maintaining a stable hold, using strong force, causing hard-deformation."
/home/mdxuser/Genesis/main/data/picked_up_4/csv/Black_and_Decker_TR3500SD_2Slice_Toaster/Elastic/hard/Black_and_Decker_TR3500SD_2Slice_Toaster_Elastic_hard.csv,2700,"End-effector stopping the object, using zero-force, causing undeformed shape."
/home/mdxuser/Genesis/main/data/picked_up_4/csv/Phillips_Colon_Health_Probiotic_Capsule/Elastic/medium/Phillips_Colon_Health_Probiotic_Capsule_Elastic_medium.csv,0,"End-effector start towards the object, to begin the task."
/home/mdxuser/Genesis/main/data/picked_up_4/csv/Phillips_Colon_Health_Probiotic_Capsule/Elastic/medium/Phillips_Colon_Health_Probiotic_Capsule_Elastic_medium.csv,270,"End-effector grasping the object, using moderate force, causing medium-deformation, with increasing force."
/home/mdxuser/Genesis/main/data/picked_up_4/csv/Phillips_Colon_Health_Probiotic_Capsule/Elastic/medium/Phillips_Colon_Health_Probiotic_Capsule_Elastic_medium.csv,540,"End-effector continue grasping the object, using moderate force, causing medium-deformation, with increasing force."
/home/mdxuser/Genesis/main/data/picked_up_4/csv/Phillips_Colon_Health_Probiotic_Capsule/Elastic/medium/Phillips_Colon_Health_Probiotic_Capsule_Elastic_medium.csv,810,"End-effector lifting the object, using moderate force, causing medium-deformation, with increasing force."
/home/mdxuser/Genesis/main/data/picked_up_4/csv/Phillips_Colon_Health_Probiotic_Capsule/Elastic/medium/Phillips_Colon_Health_Probiotic_Capsule_Elastic_medium.csv,1080,"End-effector rotating the object, by an angle of 45.0 degrees, using moderate force, causing medium-deformation, with constant force."
/home/mdxuser/Genesis/main/data/picked_up_4/csv/Phillips_Colon_Health_Probiotic_Capsule/Elastic/medium/Phillips_Colon_Health_Probiotic_Capsule_Elastic_medium.csv,1350,"End-effector holding position of the object, maintaining a stable hold, using moderate force, causing medium-deformation."
/home/mdxuser/Genesis/main/data/picked_up_4/csv/Phillips_Colon_Health_Probiotic_Capsule/Elastic/medium/Phillips_Colon_Health_Probiotic_Capsule_Elastic_medium.csv,1620,"End-effector continue holding position of the object, maintaining a stable hold, using moderate force, causing medium-deformation."
/home/mdxuser/Genesis/main/data/picked_up_4/csv/Phillips_Colon_Health_Probiotic_Capsule/Elastic/medium/Phillips_Colon_Health_Probiotic_Capsule_Elastic_medium.csv,1890,"End-effector rotating the object, by an angle of 30.0 degrees, using moderate force, causing medium-deformation, with constant force."
/home/mdxuser/Genesis/main/data/picked_up_4/csv/Phillips_Colon_Health_Probiotic_Capsule/Elastic/medium/Phillips_Colon_Health_Probiotic_Capsule_Elastic_medium.csv,2160,"End-effector continue rotating the object, by an angle of 30.0 degrees, using moderate force, causing medium-deformation, with constant force."
/home/mdxuser/Genesis/main/data/picked_up_4/csv/Phillips_Colon_Health_Probiotic_Capsule/Elastic/medium/Phillips_Colon_Health_Probiotic_Capsule_Elastic_medium.csv,2430,"End-effector holding position of the object, maintaining a stable hold, using moderate force, causing medium-deformation."
/home/mdxuser/Genesis/main/data/picked_up_4/csv/Phillips_Colon_Health_Probiotic_Capsule/Elastic/medium/Phillips_Colon_Health_Probiotic_Capsule_Elastic_medium.csv,2700,The object has been dropped.
/home/mdxuser/Genesis/main/data/picked_up_4/csv/Diet_Pepsi_Soda_Cola12_Pack_12_oz_Cans/Elastic/soft/Diet_Pepsi_Soda_Cola12_Pack_12_oz_Cans_Elastic_soft.csv,0,"End-effector start towards the object, to begin the task."
/home/mdxuser/Genesis/main/data/picked_up_4/csv/Diet_Pepsi_Soda_Cola12_Pack_12_oz_Cans/Elastic/soft/Diet_Pepsi_Soda_Cola12_Pack_12_oz_Cans_Elastic_soft.csv,270,"End-effector grasping the object, using gentle force, causing soft-deformation, with increasing force."
/home/mdxuser/Genesis/main/data/picked_up_4/csv/Diet_Pepsi_Soda_Cola12_Pack_12_oz_Cans/Elastic/soft/Diet_Pepsi_Soda_Cola12_Pack_12_oz_Cans_Elastic_soft.csv,540,"End-effector continue grasping the object, using gentle force, causing soft-deformation, with increasing force."
/home/mdxuser/Genesis/main/data/picked_up_4/csv/Diet_Pepsi_Soda_Cola12_Pack_12_oz_Cans/Elastic/soft/Diet_Pepsi_Soda_Cola12_Pack_12_oz_Cans_Elastic_soft.csv,810,"End-effector lifting the object, using gentle force, causing soft-deformation, with increasing force."
/home/mdxuser/Genesis/main/data/picked_up_4/csv/Diet_Pepsi_Soda_Cola12_Pack_12_oz_Cans/Elastic/soft/Diet_Pepsi_Soda_Cola12_Pack_12_oz_Cans_Elastic_soft.csv,1080,"End-effector rotating the object, by an angle of 30.0 degrees, using gentle force, causing soft-deformation, with constant force."
/home/mdxuser/Genesis/main/data/picked_up_4/csv/Diet_Pepsi_Soda_Cola12_Pack_12_oz_Cans/Elastic/soft/Diet_Pepsi_Soda_Cola12_Pack_12_oz_Cans_Elastic_soft.csv,1350,"End-effector continue rotating the object, by an angle of 30.0 degrees, using gentle force, causing soft-deformation, with constant force."
/home/mdxuser/Genesis/main/data/picked_up_4/csv/Diet_Pepsi_Soda_Cola12_Pack_12_oz_Cans/Elastic/soft/Diet_Pepsi_Soda_Cola12_Pack_12_oz_Cans_Elastic_soft.csv,1620,The object has been dropped.
/home/mdxuser/Genesis/main/data/picked_up_4/csv/Diet_Pepsi_Soda_Cola12_Pack_12_oz_Cans/Elastic/soft/Diet_Pepsi_Soda_Cola12_Pack_12_oz_Cans_Elastic_soft.csv,1890,The object has been dropped.
/home/mdxuser/Genesis/main/data/picked_up_4/csv/Diet_Pepsi_Soda_Cola12_Pack_12_oz_Cans/Elastic/soft/Diet_Pepsi_Soda_Cola12_Pack_12_oz_Cans_Elastic_soft.csv,2160,The object has been dropped.
/home/mdxuser/Genesis/main/data/picked_up_4/csv/Diet_Pepsi_Soda_Cola12_Pack_12_oz_Cans/Elastic/soft/Diet_Pepsi_Soda_Cola12_Pack_12_oz_Cans_Elastic_soft.csv,2430,The object has been dropped.
/home/mdxuser/Genesis/main/data/picked_up_4/csv/Diet_Pepsi_Soda_Cola12_Pack_12_oz_Cans/Elastic/soft/Diet_Pepsi_Soda_Cola12_Pack_12_oz_Cans_Elastic_soft.csv,2700,The object has been dropped.
/home/mdxuser/Genesis/main/data/picked_up_4/csv/Brother_Printing_Cartridge_PC501/Elastic/medium/Brother_Printing_Cartridge_PC501_Elastic_medium.csv,0,"End-effector start towards the object, to begin the task."
/home/mdxuser/Genesis/main/data/picked_up_4/csv/Brother_Printing_Cartridge_PC501/Elastic/medium/Brother_Printing_Cartridge_PC501_Elastic_medium.csv,270,"End-effector grasping the object, using moderate force, causing medium-deformation, with increasing force."
/home/mdxuser/Genesis/main/data/picked_up_4/csv/Brother_Printing_Cartridge_PC501/Elastic/medium/Brother_Printing_Cartridge_PC501_Elastic_medium.csv,540,"End-effector continue grasping the object, using moderate force, causing medium-deformation, with increasing force."
/home/mdxuser/Genesis/main/data/picked_up_4/csv/Brother_Printing_Cartridge_PC501/Elastic/medium/Brother_Printing_Cartridge_PC501_Elastic_medium.csv,810,"End-effector lifting the object, using moderate force, causing medium-deformation, with increasing force."
/home/mdxuser/Genesis/main/data/picked_up_4/csv/Brother_Printing_Cartridge_PC501/Elastic/medium/Brother_Printing_Cartridge_PC501_Elastic_medium.csv,1080,"End-effector rotating the object, by an angle of 45.0 degrees, using moderate force, causing medium-deformation, with constant force."
/home/mdxuser/Genesis/main/data/picked_up_4/csv/Brother_Printing_Cartridge_PC501/Elastic/medium/Brother_Printing_Cartridge_PC501_Elastic_medium.csv,1350,"End-effector continue rotating the object, by an angle of 45.0 degrees, using moderate force, causing medium-deformation, with constant force."
/home/mdxuser/Genesis/main/data/picked_up_4/csv/Brother_Printing_Cartridge_PC501/Elastic/medium/Brother_Printing_Cartridge_PC501_Elastic_medium.csv,1620,The object has been dropped.
/home/mdxuser/Genesis/main/data/picked_up_4/csv/Brother_Printing_Cartridge_PC501/Elastic/medium/Brother_Printing_Cartridge_PC501_Elastic_medium.csv,1890,The object has been dropped.
/home/mdxuser/Genesis/main/data/picked_up_4/csv/Brother_Printing_Cartridge_PC501/Elastic/medium/Brother_Printing_Cartridge_PC501_Elastic_medium.csv,2160,The object has been dropped.
/home/mdxuser/Genesis/main/data/picked_up_4/csv/Brother_Printing_Cartridge_PC501/Elastic/medium/Brother_Printing_Cartridge_PC501_Elastic_medium.csv,2430,The object has been dropped.
/home/mdxuser/Genesis/main/data/picked_up_4/csv/Brother_Printing_Cartridge_PC501/Elastic/medium/Brother_Printing_Cartridge_PC501_Elastic_medium.csv,2700,The object has been dropped.
/home/mdxuser/Genesis/main/data/picked_up_4/csv/Black_Forest_Fruit_Snacks_Juicy_Filled_Centers_10_pouches_9_oz_total/Elastic/hard/Black_Forest_Fruit_Snacks_Juicy_Filled_Centers_10_pouches_9_oz_total_Elastic_hard.csv,0,"End-effector start towards the object, to begin the task."
/home/mdxuser/Genesis/main/data/picked_up_4/csv/Black_Forest_Fruit_Snacks_Juicy_Filled_Centers_10_pouches_9_oz_total/Elastic/hard/Black_Forest_Fruit_Snacks_Juicy_Filled_Centers_10_pouches_9_oz_total_Elastic_hard.csv,270,"End-effector grasping the object, using strong force, causing hard-deformation, with increasing force."
/home/mdxuser/Genesis/main/data/picked_up_4/csv/Black_Forest_Fruit_Snacks_Juicy_Filled_Centers_10_pouches_9_oz_total/Elastic/hard/Black_Forest_Fruit_Snacks_Juicy_Filled_Centers_10_pouches_9_oz_total_Elastic_hard.csv,540,"End-effector continue grasping the object, using strong force, causing hard-deformation, with increasing force."
/home/mdxuser/Genesis/main/data/picked_up_4/csv/Black_Forest_Fruit_Snacks_Juicy_Filled_Centers_10_pouches_9_oz_total/Elastic/hard/Black_Forest_Fruit_Snacks_Juicy_Filled_Centers_10_pouches_9_oz_total_Elastic_hard.csv,810,"End-effector lifting the object, using strong force, causing hard-deformation, with increasing force."
/home/mdxuser/Genesis/main/data/picked_up_4/csv/Black_Forest_Fruit_Snacks_Juicy_Filled_Centers_10_pouches_9_oz_total/Elastic/hard/Black_Forest_Fruit_Snacks_Juicy_Filled_Centers_10_pouches_9_oz_total_Elastic_hard.csv,1080,"End-effector rotating the object, by an angle of 45.0 degrees, using strong force, causing hard-deformation, with constant force."
/home/mdxuser/Genesis/main/data/picked_up_4/csv/Black_Forest_Fruit_Snacks_Juicy_Filled_Centers_10_pouches_9_oz_total/Elastic/hard/Black_Forest_Fruit_Snacks_Juicy_Filled_Centers_10_pouches_9_oz_total_Elastic_hard.csv,1350,"End-effector continue rotating the object, by an angle of 45.0 degrees, using strong force, causing hard-deformation, with constant force."
/home/mdxuser/Genesis/main/data/picked_up_4/csv/Black_Forest_Fruit_Snacks_Juicy_Filled_Centers_10_pouches_9_oz_total/Elastic/hard/Black_Forest_Fruit_Snacks_Juicy_Filled_Centers_10_pouches_9_oz_total_Elastic_hard.csv,1620,"End-effector holding position of the object, maintaining a stable hold, using strong force, causing hard-deformation."
/home/mdxuser/Genesis/main/data/picked_up_4/csv/Black_Forest_Fruit_Snacks_Juicy_Filled_Centers_10_pouches_9_oz_total/Elastic/hard/Black_Forest_Fruit_Snacks_Juicy_Filled_Centers_10_pouches_9_oz_total_Elastic_hard.csv,1890,"End-effector rotating the object, by an angle of 30.0 degrees, using strong force, causing hard-deformation, with constant force."
/home/mdxuser/Genesis/main/data/picked_up_4/csv/Black_Forest_Fruit_Snacks_Juicy_Filled_Centers_10_pouches_9_oz_total/Elastic/hard/Black_Forest_Fruit_Snacks_Juicy_Filled_Centers_10_pouches_9_oz_total_Elastic_hard.csv,2160,"End-effector continue rotating the object, by an angle of 30.0 degrees, using strong force, causing hard-deformation, with constant force."
/home/mdxuser/Genesis/main/data/picked_up_4/csv/Black_Forest_Fruit_Snacks_Juicy_Filled_Centers_10_pouches_9_oz_total/Elastic/hard/Black_Forest_Fruit_Snacks_Juicy_Filled_Centers_10_pouches_9_oz_total_Elastic_hard.csv,2430,"End-effector holding position of the object, maintaining a stable hold, using strong force, causing hard-deformation."
/home/mdxuser/Genesis/main/data/picked_up_4/csv/Black_Forest_Fruit_Snacks_Juicy_Filled_Centers_10_pouches_9_oz_total/Elastic/hard/Black_Forest_Fruit_Snacks_Juicy_Filled_Centers_10_pouches_9_oz_total_Elastic_hard.csv,2700,The object has been dropped.
/home/mdxuser/Genesis/main/data/picked_up_4/csv/BlueBlack_Nintendo_3DSXL/Elastic/medium/BlueBlack_Nintendo_3DSXL_Elastic_medium.csv,0,"End-effector start towards the object, to begin the task."
/home/mdxuser/Genesis/main/data/picked_up_4/csv/BlueBlack_Nintendo_3DSXL/Elastic/medium/BlueBlack_Nintendo_3DSXL_Elastic_medium.csv,270,"End-effector grasping the object, using moderate force, causing medium-deformation, with increasing force."
/home/mdxuser/Genesis/main/data/picked_up_4/csv/BlueBlack_Nintendo_3DSXL/Elastic/medium/BlueBlack_Nintendo_3DSXL_Elastic_medium.csv,540,"End-effector continue grasping the object, using moderate force, causing medium-deformation, with increasing force."
/home/mdxuser/Genesis/main/data/picked_up_4/csv/BlueBlack_Nintendo_3DSXL/Elastic/medium/BlueBlack_Nintendo_3DSXL_Elastic_medium.csv,810,"End-effector lifting the object, using moderate force, causing medium-deformation, with increasing force."
/home/mdxuser/Genesis/main/data/picked_up_4/csv/BlueBlack_Nintendo_3DSXL/Elastic/medium/BlueBlack_Nintendo_3DSXL_Elastic_medium.csv,1080,"End-effector rotating the object, by an angle of 30.0 degrees, using moderate force, causing medium-deformation, with constant force."
/home/mdxuser/Genesis/main/data/picked_up_4/csv/BlueBlack_Nintendo_3DSXL/Elastic/medium/BlueBlack_Nintendo_3DSXL_Elastic_medium.csv,1350,"End-effector continue rotating the object, by an angle of 30.0 degrees, using moderate force, causing medium-deformation, with constant force."
/home/mdxuser/Genesis/main/data/picked_up_4/csv/BlueBlack_Nintendo_3DSXL/Elastic/medium/BlueBlack_Nintendo_3DSXL_Elastic_medium.csv,1620,"End-effector holding position of the object, maintaining a stable hold, using moderate force, causing medium-deformation."
/home/mdxuser/Genesis/main/data/picked_up_4/csv/BlueBlack_Nintendo_3DSXL/Elastic/medium/BlueBlack_Nintendo_3DSXL_Elastic_medium.csv,1890,"End-effector rotating the object, by an angle of 45.0 degrees, using moderate force, causing medium-deformation, with constant force."
/home/mdxuser/Genesis/main/data/picked_up_4/csv/BlueBlack_Nintendo_3DSXL/Elastic/medium/BlueBlack_Nintendo_3DSXL_Elastic_medium.csv,2160,"End-effector continue rotating the object, by an angle of 45.0 degrees, using moderate force, causing medium-deformation, with constant force."
/home/mdxuser/Genesis/main/data/picked_up_4/csv/BlueBlack_Nintendo_3DSXL/Elastic/medium/BlueBlack_Nintendo_3DSXL_Elastic_medium.csv,2430,The object has been dropped.
/home/mdxuser/Genesis/main/data/picked_up_4/csv/BlueBlack_Nintendo_3DSXL/Elastic/medium/BlueBlack_Nintendo_3DSXL_Elastic_medium.csv,2700,The object has been dropped.
/home/mdxuser/Genesis/main/data/picked_up_4/csv/Granimals_20_Wooden_ABC_Blocks_Wagon_g2TinmUGGHI/Elastic/hard/Granimals_20_Wooden_ABC_Blocks_Wagon_g2TinmUGGHI_Elastic_hard.csv,0,"End-effector start towards the object, to begin the task."
/home/mdxuser/Genesis/main/data/picked_up_4/csv/Granimals_20_Wooden_ABC_Blocks_Wagon_g2TinmUGGHI/Elastic/hard/Granimals_20_Wooden_ABC_Blocks_Wagon_g2TinmUGGHI_Elastic_hard.csv,270,"End-effector grasping the object, using strong force, causing hard-deformation, with increasing force."
/home/mdxuser/Genesis/main/data/picked_up_4/csv/Granimals_20_Wooden_ABC_Blocks_Wagon_g2TinmUGGHI/Elastic/hard/Granimals_20_Wooden_ABC_Blocks_Wagon_g2TinmUGGHI_Elastic_hard.csv,540,"End-effector continue grasping the object, using strong force, causing hard-deformation, with increasing force."
/home/mdxuser/Genesis/main/data/picked_up_4/csv/Granimals_20_Wooden_ABC_Blocks_Wagon_g2TinmUGGHI/Elastic/hard/Granimals_20_Wooden_ABC_Blocks_Wagon_g2TinmUGGHI_Elastic_hard.csv,810,"End-effector lifting the object, using strong force, causing hard-deformation, with increasing force."
/home/mdxuser/Genesis/main/data/picked_up_4/csv/Granimals_20_Wooden_ABC_Blocks_Wagon_g2TinmUGGHI/Elastic/hard/Granimals_20_Wooden_ABC_Blocks_Wagon_g2TinmUGGHI_Elastic_hard.csv,1080,"End-effector rotating the object, by an angle of 30.0 degrees, using strong force, causing hard-deformation, with constant force."
/home/mdxuser/Genesis/main/data/picked_up_4/csv/Granimals_20_Wooden_ABC_Blocks_Wagon_g2TinmUGGHI/Elastic/hard/Granimals_20_Wooden_ABC_Blocks_Wagon_g2TinmUGGHI_Elastic_hard.csv,1350,"End-effector continue rotating the object, by an angle of 30.0 degrees, using strong force, causing hard-deformation, with constant force."
/home/mdxuser/Genesis/main/data/picked_up_4/csv/Granimals_20_Wooden_ABC_Blocks_Wagon_g2TinmUGGHI/Elastic/hard/Granimals_20_Wooden_ABC_Blocks_Wagon_g2TinmUGGHI_Elastic_hard.csv,1620,"End-effector holding position of the object, maintaining a stable hold, using strong force, causing hard-deformation."
/home/mdxuser/Genesis/main/data/picked_up_4/csv/Granimals_20_Wooden_ABC_Blocks_Wagon_g2TinmUGGHI/Elastic/hard/Granimals_20_Wooden_ABC_Blocks_Wagon_g2TinmUGGHI_Elastic_hard.csv,1890,The object has been dropped.
/home/mdxuser/Genesis/main/data/picked_up_4/csv/Granimals_20_Wooden_ABC_Blocks_Wagon_g2TinmUGGHI/Elastic/hard/Granimals_20_Wooden_ABC_Blocks_Wagon_g2TinmUGGHI_Elastic_hard.csv,2160,The object has been dropped.
/home/mdxuser/Genesis/main/data/picked_up_4/csv/Granimals_20_Wooden_ABC_Blocks_Wagon_g2TinmUGGHI/Elastic/hard/Granimals_20_Wooden_ABC_Blocks_Wagon_g2TinmUGGHI_Elastic_hard.csv,2430,The object has been dropped.
/home/mdxuser/Genesis/main/data/picked_up_4/csv/Granimals_20_Wooden_ABC_Blocks_Wagon_g2TinmUGGHI/Elastic/hard/Granimals_20_Wooden_ABC_Blocks_Wagon_g2TinmUGGHI_Elastic_hard.csv,2700,The object has been dropped.
/home/mdxuser/Genesis/main/data/picked_up_4/csv/Pepsi_Caffeine_Free_Diet_12_CT/Elastic/medium/Pepsi_Caffeine_Free_Diet_12_CT_Elastic_medium.csv,0,"End-effector start towards the object, to begin the task."
/home/mdxuser/Genesis/main/data/picked_up_4/csv/Pepsi_Caffeine_Free_Diet_12_CT/Elastic/medium/Pepsi_Caffeine_Free_Diet_12_CT_Elastic_medium.csv,270,"End-effector grasping the object, using moderate force, causing medium-deformation, with increasing force."
/home/mdxuser/Genesis/main/data/picked_up_4/csv/Pepsi_Caffeine_Free_Diet_12_CT/Elastic/medium/Pepsi_Caffeine_Free_Diet_12_CT_Elastic_medium.csv,540,"End-effector continue grasping the object, using moderate force, causing medium-deformation, with increasing force."
/home/mdxuser/Genesis/main/data/picked_up_4/csv/Pepsi_Caffeine_Free_Diet_12_CT/Elastic/medium/Pepsi_Caffeine_Free_Diet_12_CT_Elastic_medium.csv,810,"End-effector lifting the object, using moderate force, causing medium-deformation, with increasing force."
/home/mdxuser/Genesis/main/data/picked_up_4/csv/Pepsi_Caffeine_Free_Diet_12_CT/Elastic/medium/Pepsi_Caffeine_Free_Diet_12_CT_Elastic_medium.csv,1080,"End-effector rotating the object, by an angle of 45.0 degrees, using moderate force, causing medium-deformation, with constant force."
/home/mdxuser/Genesis/main/data/picked_up_4/csv/Pepsi_Caffeine_Free_Diet_12_CT/Elastic/medium/Pepsi_Caffeine_Free_Diet_12_CT_Elastic_medium.csv,1350,"End-effector holding position of the object, maintaining a stable hold, using moderate force, causing medium-deformation."
/home/mdxuser/Genesis/main/data/picked_up_4/csv/Pepsi_Caffeine_Free_Diet_12_CT/Elastic/medium/Pepsi_Caffeine_Free_Diet_12_CT_Elastic_medium.csv,1620,"End-effector continue holding position of the object, maintaining a stable hold, using moderate force, causing medium-deformation."
/home/mdxuser/Genesis/main/data/picked_up_4/csv/Pepsi_Caffeine_Free_Diet_12_CT/Elastic/medium/Pepsi_Caffeine_Free_Diet_12_CT_Elastic_medium.csv,1890,"End-effector rotating the object, by an angle of 45.0 degrees, using moderate force, causing medium-deformation, with constant force."
/home/mdxuser/Genesis/main/data/picked_up_4/csv/Pepsi_Caffeine_Free_Diet_12_CT/Elastic/medium/Pepsi_Caffeine_Free_Diet_12_CT_Elastic_medium.csv,2160,The object has been dropped.
/home/mdxuser/Genesis/main/data/picked_up_4/csv/Pepsi_Caffeine_Free_Diet_12_CT/Elastic/medium/Pepsi_Caffeine_Free_Diet_12_CT_Elastic_medium.csv,2430,The object has been dropped.
/home/mdxuser/Genesis/main/data/picked_up_4/csv/Pepsi_Caffeine_Free_Diet_12_CT/Elastic/medium/Pepsi_Caffeine_Free_Diet_12_CT_Elastic_medium.csv,2700,The object has been dropped.
/home/mdxuser/Genesis/main/data/picked_up_4/csv/ASICS_GELLinksmaster_WhiteSilverCarolina_Blue/Elastic/soft/ASICS_GELLinksmaster_WhiteSilverCarolina_Blue_Elastic_soft.csv,0,"End-effector start towards the object, to begin the task."
/home/mdxuser/Genesis/main/data/picked_up_4/csv/ASICS_GELLinksmaster_WhiteSilverCarolina_Blue/Elastic/soft/ASICS_GELLinksmaster_WhiteSilverCarolina_Blue_Elastic_soft.csv,270,"End-effector grasping the object, using gentle force, causing soft-deformation, with increasing force."
/home/mdxuser/Genesis/main/data/picked_up_4/csv/ASICS_GELLinksmaster_WhiteSilverCarolina_Blue/Elastic/soft/ASICS_GELLinksmaster_WhiteSilverCarolina_Blue_Elastic_soft.csv,540,"End-effector continue grasping the object, using gentle force, causing soft-deformation, with increasing force."
/home/mdxuser/Genesis/main/data/picked_up_4/csv/ASICS_GELLinksmaster_WhiteSilverCarolina_Blue/Elastic/soft/ASICS_GELLinksmaster_WhiteSilverCarolina_Blue_Elastic_soft.csv,810,"End-effector lifting the object, using gentle force, causing soft-deformation, with increasing force."
/home/mdxuser/Genesis/main/data/picked_up_4/csv/ASICS_GELLinksmaster_WhiteSilverCarolina_Blue/Elastic/soft/ASICS_GELLinksmaster_WhiteSilverCarolina_Blue_Elastic_soft.csv,1080,"End-effector rotating the object, by an angle of 30.0 degrees, using gentle force, causing soft-deformation, with constant force."
/home/mdxuser/Genesis/main/data/picked_up_4/csv/ASICS_GELLinksmaster_WhiteSilverCarolina_Blue/Elastic/soft/ASICS_GELLinksmaster_WhiteSilverCarolina_Blue_Elastic_soft.csv,1350,"End-effector continue rotating the object, by an angle of 30.0 degrees, using gentle force, causing soft-deformation, with constant force."
/home/mdxuser/Genesis/main/data/picked_up_4/csv/ASICS_GELLinksmaster_WhiteSilverCarolina_Blue/Elastic/soft/ASICS_GELLinksmaster_WhiteSilverCarolina_Blue_Elastic_soft.csv,1620,The object has been dropped.
/home/mdxuser/Genesis/main/data/picked_up_4/csv/ASICS_GELLinksmaster_WhiteSilverCarolina_Blue/Elastic/soft/ASICS_GELLinksmaster_WhiteSilverCarolina_Blue_Elastic_soft.csv,1890,The object has been dropped.
/home/mdxuser/Genesis/main/data/picked_up_4/csv/ASICS_GELLinksmaster_WhiteSilverCarolina_Blue/Elastic/soft/ASICS_GELLinksmaster_WhiteSilverCarolina_Blue_Elastic_soft.csv,2160,The object has been dropped.
/home/mdxuser/Genesis/main/data/picked_up_4/csv/ASICS_GELLinksmaster_WhiteSilverCarolina_Blue/Elastic/soft/ASICS_GELLinksmaster_WhiteSilverCarolina_Blue_Elastic_soft.csv,2430,The object has been dropped.
/home/mdxuser/Genesis/main/data/picked_up_4/csv/ASICS_GELLinksmaster_WhiteSilverCarolina_Blue/Elastic/soft/ASICS_GELLinksmaster_WhiteSilverCarolina_Blue_Elastic_soft.csv,2700,The object has been dropped.
/home/mdxuser/Genesis/main/data/picked_up_4/csv/Office_Depot_Dell_Series_11_Remanufactured_Ink_Cartridge_TriColor/Elastic/soft/Office_Depot_Dell_Series_11_Remanufactured_Ink_Cartridge_TriColor_Elastic_soft.csv,0,"End-effector start towards the object, to begin the task."
/home/mdxuser/Genesis/main/data/picked_up_4/csv/Office_Depot_Dell_Series_11_Remanufactured_Ink_Cartridge_TriColor/Elastic/soft/Office_Depot_Dell_Series_11_Remanufactured_Ink_Cartridge_TriColor_Elastic_soft.csv,270,"End-effector grasping the object, using gentle force, causing soft-deformation, with increasing force."
/home/mdxuser/Genesis/main/data/picked_up_4/csv/Office_Depot_Dell_Series_11_Remanufactured_Ink_Cartridge_TriColor/Elastic/soft/Office_Depot_Dell_Series_11_Remanufactured_Ink_Cartridge_TriColor_Elastic_soft.csv,540,"End-effector continue grasping the object, using gentle force, causing soft-deformation, with increasing force."
/home/mdxuser/Genesis/main/data/picked_up_4/csv/Office_Depot_Dell_Series_11_Remanufactured_Ink_Cartridge_TriColor/Elastic/soft/Office_Depot_Dell_Series_11_Remanufactured_Ink_Cartridge_TriColor_Elastic_soft.csv,810,"End-effector lifting the object, using gentle force, causing soft-deformation, with increasing force."
/home/mdxuser/Genesis/main/data/picked_up_4/csv/Office_Depot_Dell_Series_11_Remanufactured_Ink_Cartridge_TriColor/Elastic/soft/Office_Depot_Dell_Series_11_Remanufactured_Ink_Cartridge_TriColor_Elastic_soft.csv,1080,"End-effector rotating the object, by an angle of 45.0 degrees, using gentle force, causing soft-deformation, with constant force."
/home/mdxuser/Genesis/main/data/picked_up_4/csv/Office_Depot_Dell_Series_11_Remanufactured_Ink_Cartridge_TriColor/Elastic/soft/Office_Depot_Dell_Series_11_Remanufactured_Ink_Cartridge_TriColor_Elastic_soft.csv,1350,"End-effector holding position of the object, maintaining a stable hold, using gentle force, causing soft-deformation."
/home/mdxuser/Genesis/main/data/picked_up_4/csv/Office_Depot_Dell_Series_11_Remanufactured_Ink_Cartridge_TriColor/Elastic/soft/Office_Depot_Dell_Series_11_Remanufactured_Ink_Cartridge_TriColor_Elastic_soft.csv,1620,"End-effector continue holding position of the object, maintaining a stable hold, using gentle force, causing soft-deformation."
/home/mdxuser/Genesis/main/data/picked_up_4/csv/Office_Depot_Dell_Series_11_Remanufactured_Ink_Cartridge_TriColor/Elastic/soft/Office_Depot_Dell_Series_11_Remanufactured_Ink_Cartridge_TriColor_Elastic_soft.csv,1890,The object has been dropped.
/home/mdxuser/Genesis/main/data/picked_up_4/csv/Office_Depot_Dell_Series_11_Remanufactured_Ink_Cartridge_TriColor/Elastic/soft/Office_Depot_Dell_Series_11_Remanufactured_Ink_Cartridge_TriColor_Elastic_soft.csv,2160,The object has been dropped.
/home/mdxuser/Genesis/main/data/picked_up_4/csv/Office_Depot_Dell_Series_11_Remanufactured_Ink_Cartridge_TriColor/Elastic/soft/Office_Depot_Dell_Series_11_Remanufactured_Ink_Cartridge_TriColor_Elastic_soft.csv,2430,The object has been dropped.
/home/mdxuser/Genesis/main/data/picked_up_4/csv/Office_Depot_Dell_Series_11_Remanufactured_Ink_Cartridge_TriColor/Elastic/soft/Office_Depot_Dell_Series_11_Remanufactured_Ink_Cartridge_TriColor_Elastic_soft.csv,2700,The object has been dropped.
/home/mdxuser/Genesis/main/data/picked_up_4/csv/Balderdash_Game/Elastic/hard/Balderdash_Game_Elastic_hard.csv,0,"End-effector start towards the object, to begin the task."
/home/mdxuser/Genesis/main/data/picked_up_4/csv/Balderdash_Game/Elastic/hard/Balderdash_Game_Elastic_hard.csv,270,"End-effector grasping the object, using strong force, causing hard-deformation, with increasing force."
/home/mdxuser/Genesis/main/data/picked_up_4/csv/Balderdash_Game/Elastic/hard/Balderdash_Game_Elastic_hard.csv,540,"End-effector continue grasping the object, using strong force, causing hard-deformation, with increasing force."
/home/mdxuser/Genesis/main/data/picked_up_4/csv/Balderdash_Game/Elastic/hard/Balderdash_Game_Elastic_hard.csv,810,"End-effector lifting the object, using strong force, causing hard-deformation, with increasing force."
/home/mdxuser/Genesis/main/data/picked_up_4/csv/Balderdash_Game/Elastic/hard/Balderdash_Game_Elastic_hard.csv,1080,"End-effector rotating the object, by an angle of 45.0 degrees, using strong force, causing hard-deformation, with constant force."
/home/mdxuser/Genesis/main/data/picked_up_4/csv/Balderdash_Game/Elastic/hard/Balderdash_Game_Elastic_hard.csv,1350,"End-effector holding position of the object, maintaining a stable hold, using strong force, causing hard-deformation."
/home/mdxuser/Genesis/main/data/picked_up_4/csv/Balderdash_Game/Elastic/hard/Balderdash_Game_Elastic_hard.csv,1620,"End-effector continue holding position of the object, maintaining a stable hold, using strong force, causing hard-deformation."
/home/mdxuser/Genesis/main/data/picked_up_4/csv/Balderdash_Game/Elastic/hard/Balderdash_Game_Elastic_hard.csv,1890,The object has been dropped.
/home/mdxuser/Genesis/main/data/picked_up_4/csv/Balderdash_Game/Elastic/hard/Balderdash_Game_Elastic_hard.csv,2160,The object has been dropped.
/home/mdxuser/Genesis/main/data/picked_up_4/csv/Balderdash_Game/Elastic/hard/Balderdash_Game_Elastic_hard.csv,2430,The object has been dropped.
/home/mdxuser/Genesis/main/data/picked_up_4/csv/Balderdash_Game/Elastic/hard/Balderdash_Game_Elastic_hard.csv,2700,The object has been dropped.
/home/mdxuser/Genesis/main/data/picked_up_4/csv/Crayola_Washable_Sidewalk_Chalk_16_pack_wDZECiw7J6s/Elastic/hard/Crayola_Washable_Sidewalk_Chalk_16_pack_wDZECiw7J6s_Elastic_hard.csv,0,"End-effector start towards the object, to begin the task."
/home/mdxuser/Genesis/main/data/picked_up_4/csv/Crayola_Washable_Sidewalk_Chalk_16_pack_wDZECiw7J6s/Elastic/hard/Crayola_Washable_Sidewalk_Chalk_16_pack_wDZECiw7J6s_Elastic_hard.csv,270,"End-effector grasping the object, using strong force, causing hard-deformation, with increasing force."
/home/mdxuser/Genesis/main/data/picked_up_4/csv/Crayola_Washable_Sidewalk_Chalk_16_pack_wDZECiw7J6s/Elastic/hard/Crayola_Washable_Sidewalk_Chalk_16_pack_wDZECiw7J6s_Elastic_hard.csv,540,"End-effector continue grasping the object, using strong force, causing hard-deformation, with increasing force."
/home/mdxuser/Genesis/main/data/picked_up_4/csv/Crayola_Washable_Sidewalk_Chalk_16_pack_wDZECiw7J6s/Elastic/hard/Crayola_Washable_Sidewalk_Chalk_16_pack_wDZECiw7J6s_Elastic_hard.csv,810,"End-effector lifting the object, using strong force, causing hard-deformation, with increasing force."
/home/mdxuser/Genesis/main/data/picked_up_4/csv/Crayola_Washable_Sidewalk_Chalk_16_pack_wDZECiw7J6s/Elastic/hard/Crayola_Washable_Sidewalk_Chalk_16_pack_wDZECiw7J6s_Elastic_hard.csv,1080,"End-effector rotating the object, by an angle of 45.0 degrees, using strong force, causing hard-deformation, with constant force."
/home/mdxuser/Genesis/main/data/picked_up_4/csv/Crayola_Washable_Sidewalk_Chalk_16_pack_wDZECiw7J6s/Elastic/hard/Crayola_Washable_Sidewalk_Chalk_16_pack_wDZECiw7J6s_Elastic_hard.csv,1350,"End-effector continue rotating the object, by an angle of 45.0 degrees, using strong force, causing hard-deformation, with constant force."
/home/mdxuser/Genesis/main/data/picked_up_4/csv/Crayola_Washable_Sidewalk_Chalk_16_pack_wDZECiw7J6s/Elastic/hard/Crayola_Washable_Sidewalk_Chalk_16_pack_wDZECiw7J6s_Elastic_hard.csv,1620,"End-effector holding position of the object, maintaining a stable hold, using strong force, causing hard-deformation."
/home/mdxuser/Genesis/main/data/picked_up_4/csv/Crayola_Washable_Sidewalk_Chalk_16_pack_wDZECiw7J6s/Elastic/hard/Crayola_Washable_Sidewalk_Chalk_16_pack_wDZECiw7J6s_Elastic_hard.csv,1890,"End-effector rotating the object, by an angle of 30.0 degrees, using strong force, causing hard-deformation, with constant force."
/home/mdxuser/Genesis/main/data/picked_up_4/csv/Crayola_Washable_Sidewalk_Chalk_16_pack_wDZECiw7J6s/Elastic/hard/Crayola_Washable_Sidewalk_Chalk_16_pack_wDZECiw7J6s_Elastic_hard.csv,2160,"End-effector continue rotating the object, by an angle of 30.0 degrees, using strong force, causing hard-deformation, with constant force."
/home/mdxuser/Genesis/main/data/picked_up_4/csv/Crayola_Washable_Sidewalk_Chalk_16_pack_wDZECiw7J6s/Elastic/hard/Crayola_Washable_Sidewalk_Chalk_16_pack_wDZECiw7J6s_Elastic_hard.csv,2430,The object has been dropped.
/home/mdxuser/Genesis/main/data/picked_up_4/csv/Crayola_Washable_Sidewalk_Chalk_16_pack_wDZECiw7J6s/Elastic/hard/Crayola_Washable_Sidewalk_Chalk_16_pack_wDZECiw7J6s_Elastic_hard.csv,2700,The object has been dropped.
/home/mdxuser/Genesis/main/data/picked_up_4/csv/Central_Garden_Flower_Pot_Goo_425/Elastic/medium/Central_Garden_Flower_Pot_Goo_425_Elastic_medium.csv,0,"End-effector start towards the object, to begin the task."
/home/mdxuser/Genesis/main/data/picked_up_4/csv/Central_Garden_Flower_Pot_Goo_425/Elastic/medium/Central_Garden_Flower_Pot_Goo_425_Elastic_medium.csv,270,"End-effector grasping the object, using moderate force, causing medium-deformation, with increasing force."
/home/mdxuser/Genesis/main/data/picked_up_4/csv/Central_Garden_Flower_Pot_Goo_425/Elastic/medium/Central_Garden_Flower_Pot_Goo_425_Elastic_medium.csv,540,"End-effector continue grasping the object, using moderate force, causing medium-deformation, with increasing force."
/home/mdxuser/Genesis/main/data/picked_up_4/csv/Central_Garden_Flower_Pot_Goo_425/Elastic/medium/Central_Garden_Flower_Pot_Goo_425_Elastic_medium.csv,810,"End-effector lifting the object, using moderate force, causing medium-deformation, with increasing force."
/home/mdxuser/Genesis/main/data/picked_up_4/csv/Central_Garden_Flower_Pot_Goo_425/Elastic/medium/Central_Garden_Flower_Pot_Goo_425_Elastic_medium.csv,1080,"End-effector rotating the object, by an angle of 45.0 degrees, using moderate force, causing medium-deformation, with constant force."
/home/mdxuser/Genesis/main/data/picked_up_4/csv/Central_Garden_Flower_Pot_Goo_425/Elastic/medium/Central_Garden_Flower_Pot_Goo_425_Elastic_medium.csv,1350,"End-effector continue rotating the object, by an angle of 45.0 degrees, using moderate force, causing medium-deformation, with constant force."
/home/mdxuser/Genesis/main/data/picked_up_4/csv/Central_Garden_Flower_Pot_Goo_425/Elastic/medium/Central_Garden_Flower_Pot_Goo_425_Elastic_medium.csv,1620,"End-effector holding position of the object, maintaining a stable hold, using moderate force, causing medium-deformation."
/home/mdxuser/Genesis/main/data/picked_up_4/csv/Central_Garden_Flower_Pot_Goo_425/Elastic/medium/Central_Garden_Flower_Pot_Goo_425_Elastic_medium.csv,1890,"End-effector rotating the object, by an angle of 45.0 degrees, using moderate force, causing medium-deformation, with constant force."
/home/mdxuser/Genesis/main/data/picked_up_4/csv/Central_Garden_Flower_Pot_Goo_425/Elastic/medium/Central_Garden_Flower_Pot_Goo_425_Elastic_medium.csv,2160,"End-effector continue rotating the object, by an angle of 45.0 degrees, using moderate force, causing medium-deformation, with constant force."
/home/mdxuser/Genesis/main/data/picked_up_4/csv/Central_Garden_Flower_Pot_Goo_425/Elastic/medium/Central_Garden_Flower_Pot_Goo_425_Elastic_medium.csv,2430,"End-effector holding position of the object, maintaining a stable hold, using moderate force, causing medium-deformation."
/home/mdxuser/Genesis/main/data/picked_up_4/csv/Central_Garden_Flower_Pot_Goo_425/Elastic/medium/Central_Garden_Flower_Pot_Goo_425_Elastic_medium.csv,2700,The object has been dropped.
/home/mdxuser/Genesis/main/data/picked_up_4/csv/Black_Decker_Stainless_Steel_Toaster_4_Slice/Elastic/hard/Black_Decker_Stainless_Steel_Toaster_4_Slice_Elastic_hard.csv,0,"End-effector start towards the object, to begin the task."
/home/mdxuser/Genesis/main/data/picked_up_4/csv/Black_Decker_Stainless_Steel_Toaster_4_Slice/Elastic/hard/Black_Decker_Stainless_Steel_Toaster_4_Slice_Elastic_hard.csv,270,"End-effector grasping the object, using strong force, causing hard-deformation, with increasing force."
/home/mdxuser/Genesis/main/data/picked_up_4/csv/Black_Decker_Stainless_Steel_Toaster_4_Slice/Elastic/hard/Black_Decker_Stainless_Steel_Toaster_4_Slice_Elastic_hard.csv,540,"End-effector continue grasping the object, using strong force, causing hard-deformation, with increasing force."
/home/mdxuser/Genesis/main/data/picked_up_4/csv/Black_Decker_Stainless_Steel_Toaster_4_Slice/Elastic/hard/Black_Decker_Stainless_Steel_Toaster_4_Slice_Elastic_hard.csv,810,"End-effector lifting the object, using strong force, causing hard-deformation, with increasing force."
/home/mdxuser/Genesis/main/data/picked_up_4/csv/Black_Decker_Stainless_Steel_Toaster_4_Slice/Elastic/hard/Black_Decker_Stainless_Steel_Toaster_4_Slice_Elastic_hard.csv,1080,"End-effector rotating the object, by an angle of 30.0 degrees, using strong force, causing hard-deformation, with constant force."
/home/mdxuser/Genesis/main/data/picked_up_4/csv/Black_Decker_Stainless_Steel_Toaster_4_Slice/Elastic/hard/Black_Decker_Stainless_Steel_Toaster_4_Slice_Elastic_hard.csv,1350,"End-effector continue rotating the object, by an angle of 30.0 degrees, using strong force, causing hard-deformation, with constant force."
/home/mdxuser/Genesis/main/data/picked_up_4/csv/Black_Decker_Stainless_Steel_Toaster_4_Slice/Elastic/hard/Black_Decker_Stainless_Steel_Toaster_4_Slice_Elastic_hard.csv,1620,"End-effector holding position of the object, maintaining a stable hold, using strong force, causing hard-deformation."
/home/mdxuser/Genesis/main/data/picked_up_4/csv/Black_Decker_Stainless_Steel_Toaster_4_Slice/Elastic/hard/Black_Decker_Stainless_Steel_Toaster_4_Slice_Elastic_hard.csv,1890,The object has been dropped.
/home/mdxuser/Genesis/main/data/picked_up_4/csv/Black_Decker_Stainless_Steel_Toaster_4_Slice/Elastic/hard/Black_Decker_Stainless_Steel_Toaster_4_Slice_Elastic_hard.csv,2160,The object has been dropped.
/home/mdxuser/Genesis/main/data/picked_up_4/csv/Black_Decker_Stainless_Steel_Toaster_4_Slice/Elastic/hard/Black_Decker_Stainless_Steel_Toaster_4_Slice_Elastic_hard.csv,2430,The object has been dropped.
/home/mdxuser/Genesis/main/data/picked_up_4/csv/Black_Decker_Stainless_Steel_Toaster_4_Slice/Elastic/hard/Black_Decker_Stainless_Steel_Toaster_4_Slice_Elastic_hard.csv,2700,The object has been dropped.
/home/mdxuser/Genesis/main/data/picked_up_4/csv/Olive_Kids_Trains_Planes_Trucks_Bogo_Backpack/Elastic/hard/Olive_Kids_Trains_Planes_Trucks_Bogo_Backpack_Elastic_hard.csv,0,"End-effector start towards the object, to begin the task."
/home/mdxuser/Genesis/main/data/picked_up_4/csv/Olive_Kids_Trains_Planes_Trucks_Bogo_Backpack/Elastic/hard/Olive_Kids_Trains_Planes_Trucks_Bogo_Backpack_Elastic_hard.csv,270,"End-effector grasping the object, using strong force, causing hard-deformation, with increasing force."
/home/mdxuser/Genesis/main/data/picked_up_4/csv/Olive_Kids_Trains_Planes_Trucks_Bogo_Backpack/Elastic/hard/Olive_Kids_Trains_Planes_Trucks_Bogo_Backpack_Elastic_hard.csv,540,"End-effector continue grasping the object, using strong force, causing hard-deformation, with increasing force."
/home/mdxuser/Genesis/main/data/picked_up_4/csv/Olive_Kids_Trains_Planes_Trucks_Bogo_Backpack/Elastic/hard/Olive_Kids_Trains_Planes_Trucks_Bogo_Backpack_Elastic_hard.csv,810,"End-effector lifting the object, using strong force, causing hard-deformation, with increasing force."
/home/mdxuser/Genesis/main/data/picked_up_4/csv/Olive_Kids_Trains_Planes_Trucks_Bogo_Backpack/Elastic/hard/Olive_Kids_Trains_Planes_Trucks_Bogo_Backpack_Elastic_hard.csv,1080,"End-effector rotating the object, by an angle of 45.0 degrees, using strong force, causing hard-deformation, with constant force."
/home/mdxuser/Genesis/main/data/picked_up_4/csv/Olive_Kids_Trains_Planes_Trucks_Bogo_Backpack/Elastic/hard/Olive_Kids_Trains_Planes_Trucks_Bogo_Backpack_Elastic_hard.csv,1350,"End-effector holding position of the object, maintaining a stable hold, using strong force, causing hard-deformation."
/home/mdxuser/Genesis/main/data/picked_up_4/csv/Olive_Kids_Trains_Planes_Trucks_Bogo_Backpack/Elastic/hard/Olive_Kids_Trains_Planes_Trucks_Bogo_Backpack_Elastic_hard.csv,1620,"End-effector continue holding position of the object, maintaining a stable hold, using strong force, causing hard-deformation."
/home/mdxuser/Genesis/main/data/picked_up_4/csv/Olive_Kids_Trains_Planes_Trucks_Bogo_Backpack/Elastic/hard/Olive_Kids_Trains_Planes_Trucks_Bogo_Backpack_Elastic_hard.csv,1890,"End-effector rotating the object, by an angle of 45.0 degrees, using strong force, causing hard-deformation, with constant force."
/home/mdxuser/Genesis/main/data/picked_up_4/csv/Olive_Kids_Trains_Planes_Trucks_Bogo_Backpack/Elastic/hard/Olive_Kids_Trains_Planes_Trucks_Bogo_Backpack_Elastic_hard.csv,2160,"End-effector holding position of the object, maintaining a stable hold, using strong force, causing hard-deformation."
/home/mdxuser/Genesis/main/data/picked_up_4/csv/Olive_Kids_Trains_Planes_Trucks_Bogo_Backpack/Elastic/hard/Olive_Kids_Trains_Planes_Trucks_Bogo_Backpack_Elastic_hard.csv,2430,"End-effector continue holding position of the object, maintaining a stable hold, using strong force, causing hard-deformation."
/home/mdxuser/Genesis/main/data/picked_up_4/csv/Olive_Kids_Trains_Planes_Trucks_Bogo_Backpack/Elastic/hard/Olive_Kids_Trains_Planes_Trucks_Bogo_Backpack_Elastic_hard.csv,2700,"End-effector stopping the object, using zero-force, causing undeformed shape."
/home/mdxuser/Genesis/main/data/picked_up_4/csv/BlueBlack_Nintendo_3DSXL/Elastic/soft/BlueBlack_Nintendo_3DSXL_Elastic_soft.csv,0,"End-effector start towards the object, to begin the task."
/home/mdxuser/Genesis/main/data/picked_up_4/csv/BlueBlack_Nintendo_3DSXL/Elastic/soft/BlueBlack_Nintendo_3DSXL_Elastic_soft.csv,270,"End-effector grasping the object, using gentle force, causing soft-deformation, with increasing force."
/home/mdxuser/Genesis/main/data/picked_up_4/csv/BlueBlack_Nintendo_3DSXL/Elastic/soft/BlueBlack_Nintendo_3DSXL_Elastic_soft.csv,540,"End-effector continue grasping the object, using gentle force, causing soft-deformation, with increasing force."
/home/mdxuser/Genesis/main/data/picked_up_4/csv/BlueBlack_Nintendo_3DSXL/Elastic/soft/BlueBlack_Nintendo_3DSXL_Elastic_soft.csv,810,"End-effector lifting the object, using gentle force, causing soft-deformation, with increasing force."
/home/mdxuser/Genesis/main/data/picked_up_4/csv/BlueBlack_Nintendo_3DSXL/Elastic/soft/BlueBlack_Nintendo_3DSXL_Elastic_soft.csv,1080,"End-effector rotating the object, by an angle of 45.0 degrees, using gentle force, causing soft-deformation, with constant force."
/home/mdxuser/Genesis/main/data/picked_up_4/csv/BlueBlack_Nintendo_3DSXL/Elastic/soft/BlueBlack_Nintendo_3DSXL_Elastic_soft.csv,1350,"End-effector holding position of the object, maintaining a stable hold, using gentle force, causing soft-deformation."
/home/mdxuser/Genesis/main/data/picked_up_4/csv/BlueBlack_Nintendo_3DSXL/Elastic/soft/BlueBlack_Nintendo_3DSXL_Elastic_soft.csv,1620,"End-effector continue holding position of the object, maintaining a stable hold, using gentle force, causing soft-deformation."
/home/mdxuser/Genesis/main/data/picked_up_4/csv/BlueBlack_Nintendo_3DSXL/Elastic/soft/BlueBlack_Nintendo_3DSXL_Elastic_soft.csv,1890,"End-effector rotating the object, by an angle of 45.0 degrees, using gentle force, causing soft-deformation, with constant force."
/home/mdxuser/Genesis/main/data/picked_up_4/csv/BlueBlack_Nintendo_3DSXL/Elastic/soft/BlueBlack_Nintendo_3DSXL_Elastic_soft.csv,2160,"End-effector holding position of the object, maintaining a stable hold, using gentle force, causing soft-deformation."
/home/mdxuser/Genesis/main/data/picked_up_4/csv/BlueBlack_Nintendo_3DSXL/Elastic/soft/BlueBlack_Nintendo_3DSXL_Elastic_soft.csv,2430,"End-effector continue holding position of the object, maintaining a stable hold, using gentle force, causing soft-deformation."
/home/mdxuser/Genesis/main/data/picked_up_4/csv/BlueBlack_Nintendo_3DSXL/Elastic/soft/BlueBlack_Nintendo_3DSXL_Elastic_soft.csv,2700,The object has been dropped.
/home/mdxuser/Genesis/main/data/picked_up_4/csv/CoQ10_wSSVoxVppVD/Elastic/soft/CoQ10_wSSVoxVppVD_Elastic_soft.csv,0,"End-effector start towards the object, to begin the task."
/home/mdxuser/Genesis/main/data/picked_up_4/csv/CoQ10_wSSVoxVppVD/Elastic/soft/CoQ10_wSSVoxVppVD_Elastic_soft.csv,270,"End-effector grasping the object, using gentle force, causing soft-deformation, with increasing force."
/home/mdxuser/Genesis/main/data/picked_up_4/csv/CoQ10_wSSVoxVppVD/Elastic/soft/CoQ10_wSSVoxVppVD_Elastic_soft.csv,540,"End-effector continue grasping the object, using gentle force, causing soft-deformation, with increasing force."
/home/mdxuser/Genesis/main/data/picked_up_4/csv/CoQ10_wSSVoxVppVD/Elastic/soft/CoQ10_wSSVoxVppVD_Elastic_soft.csv,810,"End-effector lifting the object, using gentle force, causing soft-deformation, with increasing force."
/home/mdxuser/Genesis/main/data/picked_up_4/csv/CoQ10_wSSVoxVppVD/Elastic/soft/CoQ10_wSSVoxVppVD_Elastic_soft.csv,1080,"End-effector rotating the object, by an angle of 30.0 degrees, using gentle force, causing soft-deformation, with constant force."
/home/mdxuser/Genesis/main/data/picked_up_4/csv/CoQ10_wSSVoxVppVD/Elastic/soft/CoQ10_wSSVoxVppVD_Elastic_soft.csv,1350,"End-effector continue rotating the object, by an angle of 30.0 degrees, using gentle force, causing soft-deformation, with constant force."
/home/mdxuser/Genesis/main/data/picked_up_4/csv/CoQ10_wSSVoxVppVD/Elastic/soft/CoQ10_wSSVoxVppVD_Elastic_soft.csv,1620,"End-effector holding position of the object, maintaining a stable hold, using gentle force, causing soft-deformation."
/home/mdxuser/Genesis/main/data/picked_up_4/csv/CoQ10_wSSVoxVppVD/Elastic/soft/CoQ10_wSSVoxVppVD_Elastic_soft.csv,1890,"End-effector rotating the object, by an angle of 45.0 degrees, using gentle force, causing soft-deformation, with constant force."
/home/mdxuser/Genesis/main/data/picked_up_4/csv/CoQ10_wSSVoxVppVD/Elastic/soft/CoQ10_wSSVoxVppVD_Elastic_soft.csv,2160,The object has been dropped.
/home/mdxuser/Genesis/main/data/picked_up_4/csv/CoQ10_wSSVoxVppVD/Elastic/soft/CoQ10_wSSVoxVppVD_Elastic_soft.csv,2430,The object has been dropped.
/home/mdxuser/Genesis/main/data/picked_up_4/csv/CoQ10_wSSVoxVppVD/Elastic/soft/CoQ10_wSSVoxVppVD_Elastic_soft.csv,2700,The object has been dropped.
/home/mdxuser/Genesis/main/data/picked_up_4/csv/Don_Franciscos_Gourmet_Coffee_Medium_Decaf_100_Colombian_12_oz_340_g/Elastic/soft/Don_Franciscos_Gourmet_Coffee_Medium_Decaf_100_Colombian_12_oz_340_g_Elastic_soft.csv,0,"End-effector start towards the object, to begin the task."
/home/mdxuser/Genesis/main/data/picked_up_4/csv/Don_Franciscos_Gourmet_Coffee_Medium_Decaf_100_Colombian_12_oz_340_g/Elastic/soft/Don_Franciscos_Gourmet_Coffee_Medium_Decaf_100_Colombian_12_oz_340_g_Elastic_soft.csv,270,"End-effector grasping the object, using gentle force, causing soft-deformation, with increasing force."
/home/mdxuser/Genesis/main/data/picked_up_4/csv/Don_Franciscos_Gourmet_Coffee_Medium_Decaf_100_Colombian_12_oz_340_g/Elastic/soft/Don_Franciscos_Gourmet_Coffee_Medium_Decaf_100_Colombian_12_oz_340_g_Elastic_soft.csv,540,"End-effector continue grasping the object, using gentle force, causing soft-deformation, with increasing force."
/home/mdxuser/Genesis/main/data/picked_up_4/csv/Don_Franciscos_Gourmet_Coffee_Medium_Decaf_100_Colombian_12_oz_340_g/Elastic/soft/Don_Franciscos_Gourmet_Coffee_Medium_Decaf_100_Colombian_12_oz_340_g_Elastic_soft.csv,810,"End-effector lifting the object, using gentle force, causing soft-deformation, with increasing force."
/home/mdxuser/Genesis/main/data/picked_up_4/csv/Don_Franciscos_Gourmet_Coffee_Medium_Decaf_100_Colombian_12_oz_340_g/Elastic/soft/Don_Franciscos_Gourmet_Coffee_Medium_Decaf_100_Colombian_12_oz_340_g_Elastic_soft.csv,1080,"End-effector rotating the object, by an angle of 45.0 degrees, using gentle force, causing soft-deformation, with constant force."
/home/mdxuser/Genesis/main/data/picked_up_4/csv/Don_Franciscos_Gourmet_Coffee_Medium_Decaf_100_Colombian_12_oz_340_g/Elastic/soft/Don_Franciscos_Gourmet_Coffee_Medium_Decaf_100_Colombian_12_oz_340_g_Elastic_soft.csv,1350,"End-effector holding position of the object, maintaining a stable hold, using gentle force, causing soft-deformation."
/home/mdxuser/Genesis/main/data/picked_up_4/csv/Don_Franciscos_Gourmet_Coffee_Medium_Decaf_100_Colombian_12_oz_340_g/Elastic/soft/Don_Franciscos_Gourmet_Coffee_Medium_Decaf_100_Colombian_12_oz_340_g_Elastic_soft.csv,1620,"End-effector continue holding position of the object, maintaining a stable hold, using gentle force, causing soft-deformation."
/home/mdxuser/Genesis/main/data/picked_up_4/csv/Don_Franciscos_Gourmet_Coffee_Medium_Decaf_100_Colombian_12_oz_340_g/Elastic/soft/Don_Franciscos_Gourmet_Coffee_Medium_Decaf_100_Colombian_12_oz_340_g_Elastic_soft.csv,1890,"End-effector rotating the object, by an angle of 45.0 degrees, using gentle force, causing soft-deformation, with constant force."
/home/mdxuser/Genesis/main/data/picked_up_4/csv/Don_Franciscos_Gourmet_Coffee_Medium_Decaf_100_Colombian_12_oz_340_g/Elastic/soft/Don_Franciscos_Gourmet_Coffee_Medium_Decaf_100_Colombian_12_oz_340_g_Elastic_soft.csv,2160,"End-effector continue rotating the object, by an angle of 45.0 degrees, using gentle force, causing soft-deformation, with constant force."
/home/mdxuser/Genesis/main/data/picked_up_4/csv/Don_Franciscos_Gourmet_Coffee_Medium_Decaf_100_Colombian_12_oz_340_g/Elastic/soft/Don_Franciscos_Gourmet_Coffee_Medium_Decaf_100_Colombian_12_oz_340_g_Elastic_soft.csv,2430,"End-effector holding position of the object, maintaining a stable hold, using gentle force, causing soft-deformation."
/home/mdxuser/Genesis/main/data/picked_up_4/csv/Don_Franciscos_Gourmet_Coffee_Medium_Decaf_100_Colombian_12_oz_340_g/Elastic/soft/Don_Franciscos_Gourmet_Coffee_Medium_Decaf_100_Colombian_12_oz_340_g_Elastic_soft.csv,2700,The object has been dropped.
/home/mdxuser/Genesis/main/data/picked_up_4/csv/CREATIVE_BLOCKS_35_MM/Elastic/hard/CREATIVE_BLOCKS_35_MM_Elastic_hard.csv,0,"End-effector start towards the object, to begin the task."
/home/mdxuser/Genesis/main/data/picked_up_4/csv/CREATIVE_BLOCKS_35_MM/Elastic/hard/CREATIVE_BLOCKS_35_MM_Elastic_hard.csv,270,"End-effector grasping the object, using strong force, causing hard-deformation, with increasing force."
/home/mdxuser/Genesis/main/data/picked_up_4/csv/CREATIVE_BLOCKS_35_MM/Elastic/hard/CREATIVE_BLOCKS_35_MM_Elastic_hard.csv,540,"End-effector continue grasping the object, using strong force, causing hard-deformation, with increasing force."
/home/mdxuser/Genesis/main/data/picked_up_4/csv/CREATIVE_BLOCKS_35_MM/Elastic/hard/CREATIVE_BLOCKS_35_MM_Elastic_hard.csv,810,"End-effector lifting the object, using strong force, causing hard-deformation, with increasing force."
/home/mdxuser/Genesis/main/data/picked_up_4/csv/CREATIVE_BLOCKS_35_MM/Elastic/hard/CREATIVE_BLOCKS_35_MM_Elastic_hard.csv,1080,"End-effector rotating the object, by an angle of 45.0 degrees, using strong force, causing hard-deformation, with constant force."
/home/mdxuser/Genesis/main/data/picked_up_4/csv/CREATIVE_BLOCKS_35_MM/Elastic/hard/CREATIVE_BLOCKS_35_MM_Elastic_hard.csv,1350,"End-effector continue rotating the object, by an angle of 45.0 degrees, using strong force, causing hard-deformation, with constant force."
/home/mdxuser/Genesis/main/data/picked_up_4/csv/CREATIVE_BLOCKS_35_MM/Elastic/hard/CREATIVE_BLOCKS_35_MM_Elastic_hard.csv,1620,"End-effector holding position of the object, maintaining a stable hold, using strong force, causing hard-deformation."
/home/mdxuser/Genesis/main/data/picked_up_4/csv/CREATIVE_BLOCKS_35_MM/Elastic/hard/CREATIVE_BLOCKS_35_MM_Elastic_hard.csv,1890,"End-effector rotating the object, by an angle of 45.0 degrees, using strong force, causing hard-deformation, with constant force."
/home/mdxuser/Genesis/main/data/picked_up_4/csv/CREATIVE_BLOCKS_35_MM/Elastic/hard/CREATIVE_BLOCKS_35_MM_Elastic_hard.csv,2160,"End-effector holding position of the object, maintaining a stable hold, using strong force, causing hard-deformation."
/home/mdxuser/Genesis/main/data/picked_up_4/csv/CREATIVE_BLOCKS_35_MM/Elastic/hard/CREATIVE_BLOCKS_35_MM_Elastic_hard.csv,2430,"End-effector continue holding position of the object, maintaining a stable hold, using strong force, causing hard-deformation."
/home/mdxuser/Genesis/main/data/picked_up_4/csv/CREATIVE_BLOCKS_35_MM/Elastic/hard/CREATIVE_BLOCKS_35_MM_Elastic_hard.csv,2700,"End-effector stopping the object, using zero-force, causing undeformed shape."
/home/mdxuser/Genesis/main/data/picked_up_4/csv/ASICS_GELBlur33_20_GS_BlackWhiteSafety_Orange/Elastic/hard/ASICS_GELBlur33_20_GS_BlackWhiteSafety_Orange_Elastic_hard.csv,0,"End-effector start towards the object, to begin the task."
/home/mdxuser/Genesis/main/data/picked_up_4/csv/ASICS_GELBlur33_20_GS_BlackWhiteSafety_Orange/Elastic/hard/ASICS_GELBlur33_20_GS_BlackWhiteSafety_Orange_Elastic_hard.csv,270,"End-effector grasping the object, using strong force, causing hard-deformation, with increasing force."
/home/mdxuser/Genesis/main/data/picked_up_4/csv/ASICS_GELBlur33_20_GS_BlackWhiteSafety_Orange/Elastic/hard/ASICS_GELBlur33_20_GS_BlackWhiteSafety_Orange_Elastic_hard.csv,540,"End-effector continue grasping the object, using strong force, causing hard-deformation, with increasing force."
/home/mdxuser/Genesis/main/data/picked_up_4/csv/ASICS_GELBlur33_20_GS_BlackWhiteSafety_Orange/Elastic/hard/ASICS_GELBlur33_20_GS_BlackWhiteSafety_Orange_Elastic_hard.csv,810,"End-effector lifting the object, using strong force, causing hard-deformation, with increasing force."
/home/mdxuser/Genesis/main/data/picked_up_4/csv/ASICS_GELBlur33_20_GS_BlackWhiteSafety_Orange/Elastic/hard/ASICS_GELBlur33_20_GS_BlackWhiteSafety_Orange_Elastic_hard.csv,1080,"End-effector rotating the object, by an angle of 45.0 degrees, using strong force, causing hard-deformation, with constant force."
/home/mdxuser/Genesis/main/data/picked_up_4/csv/ASICS_GELBlur33_20_GS_BlackWhiteSafety_Orange/Elastic/hard/ASICS_GELBlur33_20_GS_BlackWhiteSafety_Orange_Elastic_hard.csv,1350,"End-effector continue rotating the object, by an angle of 45.0 degrees, using strong force, causing hard-deformation, with constant force."
/home/mdxuser/Genesis/main/data/picked_up_4/csv/ASICS_GELBlur33_20_GS_BlackWhiteSafety_Orange/Elastic/hard/ASICS_GELBlur33_20_GS_BlackWhiteSafety_Orange_Elastic_hard.csv,1620,"End-effector holding position of the object, maintaining a stable hold, using strong force, causing hard-deformation."
/home/mdxuser/Genesis/main/data/picked_up_4/csv/ASICS_GELBlur33_20_GS_BlackWhiteSafety_Orange/Elastic/hard/ASICS_GELBlur33_20_GS_BlackWhiteSafety_Orange_Elastic_hard.csv,1890,"End-effector rotating the object, by an angle of 45.0 degrees, using strong force, causing hard-deformation, with constant force."
/home/mdxuser/Genesis/main/data/picked_up_4/csv/ASICS_GELBlur33_20_GS_BlackWhiteSafety_Orange/Elastic/hard/ASICS_GELBlur33_20_GS_BlackWhiteSafety_Orange_Elastic_hard.csv,2160,"End-effector continue rotating the object, by an angle of 45.0 degrees, using strong force, causing hard-deformation, with constant force."
/home/mdxuser/Genesis/main/data/picked_up_4/csv/ASICS_GELBlur33_20_GS_BlackWhiteSafety_Orange/Elastic/hard/ASICS_GELBlur33_20_GS_BlackWhiteSafety_Orange_Elastic_hard.csv,2430,"End-effector holding position of the object, maintaining a stable hold, using strong force, causing hard-deformation."
/home/mdxuser/Genesis/main/data/picked_up_4/csv/ASICS_GELBlur33_20_GS_BlackWhiteSafety_Orange/Elastic/hard/ASICS_GELBlur33_20_GS_BlackWhiteSafety_Orange_Elastic_hard.csv,2700,"End-effector stopping the object, using zero-force, causing undeformed shape."
/home/mdxuser/Genesis/main/data/picked_up_4/csv/Office_Depot_HP_75_Remanufactured_Ink_Cartridge_TriColor/Elastic/medium/Office_Depot_HP_75_Remanufactured_Ink_Cartridge_TriColor_Elastic_medium.csv,0,"End-effector start towards the object, to begin the task."
/home/mdxuser/Genesis/main/data/picked_up_4/csv/Office_Depot_HP_75_Remanufactured_Ink_Cartridge_TriColor/Elastic/medium/Office_Depot_HP_75_Remanufactured_Ink_Cartridge_TriColor_Elastic_medium.csv,270,"End-effector grasping the object, using moderate force, causing medium-deformation, with increasing force."
/home/mdxuser/Genesis/main/data/picked_up_4/csv/Office_Depot_HP_75_Remanufactured_Ink_Cartridge_TriColor/Elastic/medium/Office_Depot_HP_75_Remanufactured_Ink_Cartridge_TriColor_Elastic_medium.csv,540,"End-effector continue grasping the object, using moderate force, causing medium-deformation, with increasing force."
/home/mdxuser/Genesis/main/data/picked_up_4/csv/Office_Depot_HP_75_Remanufactured_Ink_Cartridge_TriColor/Elastic/medium/Office_Depot_HP_75_Remanufactured_Ink_Cartridge_TriColor_Elastic_medium.csv,810,"End-effector lifting the object, using moderate force, causing medium-deformation, with increasing force."
/home/mdxuser/Genesis/main/data/picked_up_4/csv/Office_Depot_HP_75_Remanufactured_Ink_Cartridge_TriColor/Elastic/medium/Office_Depot_HP_75_Remanufactured_Ink_Cartridge_TriColor_Elastic_medium.csv,1080,"End-effector rotating the object, by an angle of 45.0 degrees, using moderate force, causing medium-deformation, with constant force."
/home/mdxuser/Genesis/main/data/picked_up_4/csv/Office_Depot_HP_75_Remanufactured_Ink_Cartridge_TriColor/Elastic/medium/Office_Depot_HP_75_Remanufactured_Ink_Cartridge_TriColor_Elastic_medium.csv,1350,"End-effector continue rotating the object, by an angle of 45.0 degrees, using moderate force, causing medium-deformation, with constant force."
/home/mdxuser/Genesis/main/data/picked_up_4/csv/Office_Depot_HP_75_Remanufactured_Ink_Cartridge_TriColor/Elastic/medium/Office_Depot_HP_75_Remanufactured_Ink_Cartridge_TriColor_Elastic_medium.csv,1620,"End-effector holding position of the object, maintaining a stable hold, using moderate force, causing medium-deformation."
/home/mdxuser/Genesis/main/data/picked_up_4/csv/Office_Depot_HP_75_Remanufactured_Ink_Cartridge_TriColor/Elastic/medium/Office_Depot_HP_75_Remanufactured_Ink_Cartridge_TriColor_Elastic_medium.csv,1890,"End-effector rotating the object, by an angle of 45.0 degrees, using moderate force, causing medium-deformation, with constant force."
/home/mdxuser/Genesis/main/data/picked_up_4/csv/Office_Depot_HP_75_Remanufactured_Ink_Cartridge_TriColor/Elastic/medium/Office_Depot_HP_75_Remanufactured_Ink_Cartridge_TriColor_Elastic_medium.csv,2160,"End-effector continue rotating the object, by an angle of 45.0 degrees, using moderate force, causing medium-deformation, with constant force."
/home/mdxuser/Genesis/main/data/picked_up_4/csv/Office_Depot_HP_75_Remanufactured_Ink_Cartridge_TriColor/Elastic/medium/Office_Depot_HP_75_Remanufactured_Ink_Cartridge_TriColor_Elastic_medium.csv,2430,The object has been dropped.
/home/mdxuser/Genesis/main/data/picked_up_4/csv/Office_Depot_HP_75_Remanufactured_Ink_Cartridge_TriColor/Elastic/medium/Office_Depot_HP_75_Remanufactured_Ink_Cartridge_TriColor_Elastic_medium.csv,2700,The object has been dropped.
/home/mdxuser/Genesis/main/data/picked_up_4/csv/Orbit_Bubblemint_Mini_Bottle_6_ct/Elastic/hard/Orbit_Bubblemint_Mini_Bottle_6_ct_Elastic_hard.csv,0,"End-effector start towards the object, to begin the task."
/home/mdxuser/Genesis/main/data/picked_up_4/csv/Orbit_Bubblemint_Mini_Bottle_6_ct/Elastic/hard/Orbit_Bubblemint_Mini_Bottle_6_ct_Elastic_hard.csv,270,"End-effector grasping the object, using strong force, causing hard-deformation, with increasing force."
/home/mdxuser/Genesis/main/data/picked_up_4/csv/Orbit_Bubblemint_Mini_Bottle_6_ct/Elastic/hard/Orbit_Bubblemint_Mini_Bottle_6_ct_Elastic_hard.csv,540,"End-effector continue grasping the object, using strong force, causing hard-deformation, with increasing force."
/home/mdxuser/Genesis/main/data/picked_up_4/csv/Orbit_Bubblemint_Mini_Bottle_6_ct/Elastic/hard/Orbit_Bubblemint_Mini_Bottle_6_ct_Elastic_hard.csv,810,"End-effector lifting the object, using strong force, causing hard-deformation, with increasing force."
/home/mdxuser/Genesis/main/data/picked_up_4/csv/Orbit_Bubblemint_Mini_Bottle_6_ct/Elastic/hard/Orbit_Bubblemint_Mini_Bottle_6_ct_Elastic_hard.csv,1080,"End-effector rotating the object, by an angle of 45.0 degrees, using strong force, causing hard-deformation, with constant force."
/home/mdxuser/Genesis/main/data/picked_up_4/csv/Orbit_Bubblemint_Mini_Bottle_6_ct/Elastic/hard/Orbit_Bubblemint_Mini_Bottle_6_ct_Elastic_hard.csv,1350,The object has been dropped.
/home/mdxuser/Genesis/main/data/picked_up_4/csv/Orbit_Bubblemint_Mini_Bottle_6_ct/Elastic/hard/Orbit_Bubblemint_Mini_Bottle_6_ct_Elastic_hard.csv,1620,The object has been dropped.
/home/mdxuser/Genesis/main/data/picked_up_4/csv/Orbit_Bubblemint_Mini_Bottle_6_ct/Elastic/hard/Orbit_Bubblemint_Mini_Bottle_6_ct_Elastic_hard.csv,1890,The object has been dropped.
/home/mdxuser/Genesis/main/data/picked_up_4/csv/Orbit_Bubblemint_Mini_Bottle_6_ct/Elastic/hard/Orbit_Bubblemint_Mini_Bottle_6_ct_Elastic_hard.csv,2160,The object has been dropped.
/home/mdxuser/Genesis/main/data/picked_up_4/csv/Orbit_Bubblemint_Mini_Bottle_6_ct/Elastic/hard/Orbit_Bubblemint_Mini_Bottle_6_ct_Elastic_hard.csv,2430,The object has been dropped.
/home/mdxuser/Genesis/main/data/picked_up_4/csv/Orbit_Bubblemint_Mini_Bottle_6_ct/Elastic/hard/Orbit_Bubblemint_Mini_Bottle_6_ct_Elastic_hard.csv,2700,The object has been dropped.
/home/mdxuser/Genesis/main/data/picked_up_4/csv/Cootie_Game_tDhURNbfU5J/Elastic/hard/Cootie_Game_tDhURNbfU5J_Elastic_hard.csv,0,"End-effector start towards the object, to begin the task."
/home/mdxuser/Genesis/main/data/picked_up_4/csv/Cootie_Game_tDhURNbfU5J/Elastic/hard/Cootie_Game_tDhURNbfU5J_Elastic_hard.csv,270,"End-effector grasping the object, using strong force, causing hard-deformation, with increasing force."
/home/mdxuser/Genesis/main/data/picked_up_4/csv/Cootie_Game_tDhURNbfU5J/Elastic/hard/Cootie_Game_tDhURNbfU5J_Elastic_hard.csv,540,"End-effector continue grasping the object, using strong force, causing hard-deformation, with increasing force."
/home/mdxuser/Genesis/main/data/picked_up_4/csv/Cootie_Game_tDhURNbfU5J/Elastic/hard/Cootie_Game_tDhURNbfU5J_Elastic_hard.csv,810,"End-effector lifting the object, using strong force, causing hard-deformation, with increasing force."
/home/mdxuser/Genesis/main/data/picked_up_4/csv/Cootie_Game_tDhURNbfU5J/Elastic/hard/Cootie_Game_tDhURNbfU5J_Elastic_hard.csv,1080,"End-effector rotating the object, by an angle of 45.0 degrees, using strong force, causing hard-deformation, with constant force."
/home/mdxuser/Genesis/main/data/picked_up_4/csv/Cootie_Game_tDhURNbfU5J/Elastic/hard/Cootie_Game_tDhURNbfU5J_Elastic_hard.csv,1350,"End-effector continue rotating the object, by an angle of 45.0 degrees, using strong force, causing hard-deformation, with constant force."
/home/mdxuser/Genesis/main/data/picked_up_4/csv/Cootie_Game_tDhURNbfU5J/Elastic/hard/Cootie_Game_tDhURNbfU5J_Elastic_hard.csv,1620,"End-effector holding position of the object, maintaining a stable hold, using strong force, causing hard-deformation."
/home/mdxuser/Genesis/main/data/picked_up_4/csv/Cootie_Game_tDhURNbfU5J/Elastic/hard/Cootie_Game_tDhURNbfU5J_Elastic_hard.csv,1890,The object has been dropped.
/home/mdxuser/Genesis/main/data/picked_up_4/csv/Cootie_Game_tDhURNbfU5J/Elastic/hard/Cootie_Game_tDhURNbfU5J_Elastic_hard.csv,2160,The object has been dropped.
/home/mdxuser/Genesis/main/data/picked_up_4/csv/Cootie_Game_tDhURNbfU5J/Elastic/hard/Cootie_Game_tDhURNbfU5J_Elastic_hard.csv,2430,The object has been dropped.
/home/mdxuser/Genesis/main/data/picked_up_4/csv/Cootie_Game_tDhURNbfU5J/Elastic/hard/Cootie_Game_tDhURNbfU5J_Elastic_hard.csv,2700,The object has been dropped.
/home/mdxuser/Genesis/main/data/picked_up_4/csv/Brother_Printing_Cartridge_PC501/Elastic/hard/Brother_Printing_Cartridge_PC501_Elastic_hard.csv,0,"End-effector start towards the object, to begin the task."
/home/mdxuser/Genesis/main/data/picked_up_4/csv/Brother_Printing_Cartridge_PC501/Elastic/hard/Brother_Printing_Cartridge_PC501_Elastic_hard.csv,270,"End-effector grasping the object, using strong force, causing hard-deformation, with increasing force."
/home/mdxuser/Genesis/main/data/picked_up_4/csv/Brother_Printing_Cartridge_PC501/Elastic/hard/Brother_Printing_Cartridge_PC501_Elastic_hard.csv,540,"End-effector continue grasping the object, using strong force, causing hard-deformation, with increasing force."
/home/mdxuser/Genesis/main/data/picked_up_4/csv/Brother_Printing_Cartridge_PC501/Elastic/hard/Brother_Printing_Cartridge_PC501_Elastic_hard.csv,810,"End-effector lifting the object, using strong force, causing hard-deformation, with increasing force."
/home/mdxuser/Genesis/main/data/picked_up_4/csv/Brother_Printing_Cartridge_PC501/Elastic/hard/Brother_Printing_Cartridge_PC501_Elastic_hard.csv,1080,"End-effector rotating the object, by an angle of 30.0 degrees, using strong force, causing hard-deformation, with constant force."
/home/mdxuser/Genesis/main/data/picked_up_4/csv/Brother_Printing_Cartridge_PC501/Elastic/hard/Brother_Printing_Cartridge_PC501_Elastic_hard.csv,1350,"End-effector continue rotating the object, by an angle of 30.0 degrees, using strong force, causing hard-deformation, with constant force."
/home/mdxuser/Genesis/main/data/picked_up_4/csv/Brother_Printing_Cartridge_PC501/Elastic/hard/Brother_Printing_Cartridge_PC501_Elastic_hard.csv,1620,"End-effector holding position of the object, maintaining a stable hold, using strong force, causing hard-deformation."
/home/mdxuser/Genesis/main/data/picked_up_4/csv/Brother_Printing_Cartridge_PC501/Elastic/hard/Brother_Printing_Cartridge_PC501_Elastic_hard.csv,1890,"End-effector rotating the object, by an angle of 45.0 degrees, using strong force, causing hard-deformation, with constant force."
/home/mdxuser/Genesis/main/data/picked_up_4/csv/Brother_Printing_Cartridge_PC501/Elastic/hard/Brother_Printing_Cartridge_PC501_Elastic_hard.csv,2160,"End-effector continue rotating the object, by an angle of 45.0 degrees, using strong force, causing hard-deformation, with constant force."
/home/mdxuser/Genesis/main/data/picked_up_4/csv/Brother_Printing_Cartridge_PC501/Elastic/hard/Brother_Printing_Cartridge_PC501_Elastic_hard.csv,2430,The object has been dropped.
/home/mdxuser/Genesis/main/data/picked_up_4/csv/Brother_Printing_Cartridge_PC501/Elastic/hard/Brother_Printing_Cartridge_PC501_Elastic_hard.csv,2700,The object has been dropped.
/home/mdxuser/Genesis/main/data/picked_up_4/csv/Cole_Hardware_School_Bell_Solid_Brass_38/Elastic/hard/Cole_Hardware_School_Bell_Solid_Brass_38_Elastic_hard.csv,0,"End-effector start towards the object, to begin the task."
/home/mdxuser/Genesis/main/data/picked_up_4/csv/Cole_Hardware_School_Bell_Solid_Brass_38/Elastic/hard/Cole_Hardware_School_Bell_Solid_Brass_38_Elastic_hard.csv,270,"End-effector grasping the object, using strong force, causing hard-deformation, with increasing force."
/home/mdxuser/Genesis/main/data/picked_up_4/csv/Cole_Hardware_School_Bell_Solid_Brass_38/Elastic/hard/Cole_Hardware_School_Bell_Solid_Brass_38_Elastic_hard.csv,540,"End-effector continue grasping the object, using strong force, causing hard-deformation, with increasing force."
/home/mdxuser/Genesis/main/data/picked_up_4/csv/Cole_Hardware_School_Bell_Solid_Brass_38/Elastic/hard/Cole_Hardware_School_Bell_Solid_Brass_38_Elastic_hard.csv,810,"End-effector lifting the object, using strong force, causing hard-deformation, with increasing force."
/home/mdxuser/Genesis/main/data/picked_up_4/csv/Cole_Hardware_School_Bell_Solid_Brass_38/Elastic/hard/Cole_Hardware_School_Bell_Solid_Brass_38_Elastic_hard.csv,1080,"End-effector rotating the object, by an angle of 45.0 degrees, using strong force, causing hard-deformation, with constant force."
/home/mdxuser/Genesis/main/data/picked_up_4/csv/Cole_Hardware_School_Bell_Solid_Brass_38/Elastic/hard/Cole_Hardware_School_Bell_Solid_Brass_38_Elastic_hard.csv,1350,"End-effector continue rotating the object, by an angle of 45.0 degrees, using strong force, causing hard-deformation, with constant force."
/home/mdxuser/Genesis/main/data/picked_up_4/csv/Cole_Hardware_School_Bell_Solid_Brass_38/Elastic/hard/Cole_Hardware_School_Bell_Solid_Brass_38_Elastic_hard.csv,1620,The object has been dropped.
/home/mdxuser/Genesis/main/data/picked_up_4/csv/Cole_Hardware_School_Bell_Solid_Brass_38/Elastic/hard/Cole_Hardware_School_Bell_Solid_Brass_38_Elastic_hard.csv,1890,The object has been dropped.
/home/mdxuser/Genesis/main/data/picked_up_4/csv/Cole_Hardware_School_Bell_Solid_Brass_38/Elastic/hard/Cole_Hardware_School_Bell_Solid_Brass_38_Elastic_hard.csv,2160,The object has been dropped.
/home/mdxuser/Genesis/main/data/picked_up_4/csv/Cole_Hardware_School_Bell_Solid_Brass_38/Elastic/hard/Cole_Hardware_School_Bell_Solid_Brass_38_Elastic_hard.csv,2430,The object has been dropped.
/home/mdxuser/Genesis/main/data/picked_up_4/csv/Cole_Hardware_School_Bell_Solid_Brass_38/Elastic/hard/Cole_Hardware_School_Bell_Solid_Brass_38_Elastic_hard.csv,2700,The object has been dropped.
/home/mdxuser/Genesis/main/data/picked_up_4/csv/Dell_Series_9_Color_Ink_Cartridge_MK993_High_Yield/Elastic/hard/Dell_Series_9_Color_Ink_Cartridge_MK993_High_Yield_Elastic_hard.csv,0,"End-effector start towards the object, to begin the task."
/home/mdxuser/Genesis/main/data/picked_up_4/csv/Dell_Series_9_Color_Ink_Cartridge_MK993_High_Yield/Elastic/hard/Dell_Series_9_Color_Ink_Cartridge_MK993_High_Yield_Elastic_hard.csv,270,"End-effector grasping the object, using strong force, causing hard-deformation, with increasing force."
/home/mdxuser/Genesis/main/data/picked_up_4/csv/Dell_Series_9_Color_Ink_Cartridge_MK993_High_Yield/Elastic/hard/Dell_Series_9_Color_Ink_Cartridge_MK993_High_Yield_Elastic_hard.csv,540,"End-effector continue grasping the object, using strong force, causing hard-deformation, with increasing force."
/home/mdxuser/Genesis/main/data/picked_up_4/csv/Dell_Series_9_Color_Ink_Cartridge_MK993_High_Yield/Elastic/hard/Dell_Series_9_Color_Ink_Cartridge_MK993_High_Yield_Elastic_hard.csv,810,"End-effector lifting the object, using strong force, causing hard-deformation, with increasing force."
/home/mdxuser/Genesis/main/data/picked_up_4/csv/Dell_Series_9_Color_Ink_Cartridge_MK993_High_Yield/Elastic/hard/Dell_Series_9_Color_Ink_Cartridge_MK993_High_Yield_Elastic_hard.csv,1080,"End-effector rotating the object, by an angle of 45.0 degrees, using strong force, causing hard-deformation, with constant force."
/home/mdxuser/Genesis/main/data/picked_up_4/csv/Dell_Series_9_Color_Ink_Cartridge_MK993_High_Yield/Elastic/hard/Dell_Series_9_Color_Ink_Cartridge_MK993_High_Yield_Elastic_hard.csv,1350,The object has been dropped.
/home/mdxuser/Genesis/main/data/picked_up_4/csv/Dell_Series_9_Color_Ink_Cartridge_MK993_High_Yield/Elastic/hard/Dell_Series_9_Color_Ink_Cartridge_MK993_High_Yield_Elastic_hard.csv,1620,The object has been dropped.
/home/mdxuser/Genesis/main/data/picked_up_4/csv/Dell_Series_9_Color_Ink_Cartridge_MK993_High_Yield/Elastic/hard/Dell_Series_9_Color_Ink_Cartridge_MK993_High_Yield_Elastic_hard.csv,1890,The object has been dropped.
/home/mdxuser/Genesis/main/data/picked_up_4/csv/Dell_Series_9_Color_Ink_Cartridge_MK993_High_Yield/Elastic/hard/Dell_Series_9_Color_Ink_Cartridge_MK993_High_Yield_Elastic_hard.csv,2160,The object has been dropped.
/home/mdxuser/Genesis/main/data/picked_up_4/csv/Dell_Series_9_Color_Ink_Cartridge_MK993_High_Yield/Elastic/hard/Dell_Series_9_Color_Ink_Cartridge_MK993_High_Yield_Elastic_hard.csv,2430,The object has been dropped.
/home/mdxuser/Genesis/main/data/picked_up_4/csv/Dell_Series_9_Color_Ink_Cartridge_MK993_High_Yield/Elastic/hard/Dell_Series_9_Color_Ink_Cartridge_MK993_High_Yield_Elastic_hard.csv,2700,The object has been dropped.
/home/mdxuser/Genesis/main/data/picked_up_4/csv/Perricone_MD_No_Foundation_Serum/Elastic/hard/Perricone_MD_No_Foundation_Serum_Elastic_hard.csv,0,"End-effector start towards the object, to begin the task."
/home/mdxuser/Genesis/main/data/picked_up_4/csv/Perricone_MD_No_Foundation_Serum/Elastic/hard/Perricone_MD_No_Foundation_Serum_Elastic_hard.csv,270,"End-effector grasping the object, using strong force, causing hard-deformation, with increasing force."
/home/mdxuser/Genesis/main/data/picked_up_4/csv/Perricone_MD_No_Foundation_Serum/Elastic/hard/Perricone_MD_No_Foundation_Serum_Elastic_hard.csv,540,"End-effector continue grasping the object, using strong force, causing hard-deformation, with increasing force."
/home/mdxuser/Genesis/main/data/picked_up_4/csv/Perricone_MD_No_Foundation_Serum/Elastic/hard/Perricone_MD_No_Foundation_Serum_Elastic_hard.csv,810,"End-effector lifting the object, using strong force, causing hard-deformation, with increasing force."
/home/mdxuser/Genesis/main/data/picked_up_4/csv/Perricone_MD_No_Foundation_Serum/Elastic/hard/Perricone_MD_No_Foundation_Serum_Elastic_hard.csv,1080,"End-effector rotating the object, by an angle of 30.0 degrees, using strong force, causing hard-deformation, with constant force."
/home/mdxuser/Genesis/main/data/picked_up_4/csv/Perricone_MD_No_Foundation_Serum/Elastic/hard/Perricone_MD_No_Foundation_Serum_Elastic_hard.csv,1350,"End-effector continue rotating the object, by an angle of 30.0 degrees, using strong force, causing hard-deformation, with constant force."
/home/mdxuser/Genesis/main/data/picked_up_4/csv/Perricone_MD_No_Foundation_Serum/Elastic/hard/Perricone_MD_No_Foundation_Serum_Elastic_hard.csv,1620,"End-effector holding position of the object, maintaining a stable hold, using strong force, causing hard-deformation."
/home/mdxuser/Genesis/main/data/picked_up_4/csv/Perricone_MD_No_Foundation_Serum/Elastic/hard/Perricone_MD_No_Foundation_Serum_Elastic_hard.csv,1890,"End-effector rotating the object, by an angle of 45.0 degrees, using strong force, causing hard-deformation, with constant force."
/home/mdxuser/Genesis/main/data/picked_up_4/csv/Perricone_MD_No_Foundation_Serum/Elastic/hard/Perricone_MD_No_Foundation_Serum_Elastic_hard.csv,2160,"End-effector holding position of the object, maintaining a stable hold, using strong force, causing hard-deformation."
/home/mdxuser/Genesis/main/data/picked_up_4/csv/Perricone_MD_No_Foundation_Serum/Elastic/hard/Perricone_MD_No_Foundation_Serum_Elastic_hard.csv,2430,"End-effector continue holding position of the object, maintaining a stable hold, using strong force, causing hard-deformation."
/home/mdxuser/Genesis/main/data/picked_up_4/csv/Perricone_MD_No_Foundation_Serum/Elastic/hard/Perricone_MD_No_Foundation_Serum_Elastic_hard.csv,2700,"End-effector stopping the object, using zero-force, causing undeformed shape."
/home/mdxuser/Genesis/main/data/picked_up_4/csv/Black_and_Decker_TR3500SD_2Slice_Toaster/Elastic/medium/Black_and_Decker_TR3500SD_2Slice_Toaster_Elastic_medium.csv,0,"End-effector start towards the object, to begin the task."
/home/mdxuser/Genesis/main/data/picked_up_4/csv/Black_and_Decker_TR3500SD_2Slice_Toaster/Elastic/medium/Black_and_Decker_TR3500SD_2Slice_Toaster_Elastic_medium.csv,270,"End-effector grasping the object, using moderate force, causing medium-deformation, with increasing force."
/home/mdxuser/Genesis/main/data/picked_up_4/csv/Black_and_Decker_TR3500SD_2Slice_Toaster/Elastic/medium/Black_and_Decker_TR3500SD_2Slice_Toaster_Elastic_medium.csv,540,"End-effector continue grasping the object, using moderate force, causing medium-deformation, with increasing force."
/home/mdxuser/Genesis/main/data/picked_up_4/csv/Black_and_Decker_TR3500SD_2Slice_Toaster/Elastic/medium/Black_and_Decker_TR3500SD_2Slice_Toaster_Elastic_medium.csv,810,"End-effector lifting the object, using moderate force, causing medium-deformation, with increasing force."
/home/mdxuser/Genesis/main/data/picked_up_4/csv/Black_and_Decker_TR3500SD_2Slice_Toaster/Elastic/medium/Black_and_Decker_TR3500SD_2Slice_Toaster_Elastic_medium.csv,1080,"End-effector rotating the object, by an angle of 30.0 degrees, using moderate force, causing medium-deformation, with constant force."
/home/mdxuser/Genesis/main/data/picked_up_4/csv/Black_and_Decker_TR3500SD_2Slice_Toaster/Elastic/medium/Black_and_Decker_TR3500SD_2Slice_Toaster_Elastic_medium.csv,1350,"End-effector continue rotating the object, by an angle of 30.0 degrees, using moderate force, causing medium-deformation, with constant force."
/home/mdxuser/Genesis/main/data/picked_up_4/csv/Black_and_Decker_TR3500SD_2Slice_Toaster/Elastic/medium/Black_and_Decker_TR3500SD_2Slice_Toaster_Elastic_medium.csv,1620,The object has been dropped.
/home/mdxuser/Genesis/main/data/picked_up_4/csv/Black_and_Decker_TR3500SD_2Slice_Toaster/Elastic/medium/Black_and_Decker_TR3500SD_2Slice_Toaster_Elastic_medium.csv,1890,The object has been dropped.
/home/mdxuser/Genesis/main/data/picked_up_4/csv/Black_and_Decker_TR3500SD_2Slice_Toaster/Elastic/medium/Black_and_Decker_TR3500SD_2Slice_Toaster_Elastic_medium.csv,2160,The object has been dropped.
/home/mdxuser/Genesis/main/data/picked_up_4/csv/Black_and_Decker_TR3500SD_2Slice_Toaster/Elastic/medium/Black_and_Decker_TR3500SD_2Slice_Toaster_Elastic_medium.csv,2430,The object has been dropped.
/home/mdxuser/Genesis/main/data/picked_up_4/csv/Black_and_Decker_TR3500SD_2Slice_Toaster/Elastic/medium/Black_and_Decker_TR3500SD_2Slice_Toaster_Elastic_medium.csv,2700,The object has been dropped.
/home/mdxuser/Genesis/main/data/picked_up_4/csv/Beetle_Adventure_Racing_Nintendo_64/Elastic/medium/Beetle_Adventure_Racing_Nintendo_64_Elastic_medium.csv,0,"End-effector start towards the object, to begin the task."
/home/mdxuser/Genesis/main/data/picked_up_4/csv/Beetle_Adventure_Racing_Nintendo_64/Elastic/medium/Beetle_Adventure_Racing_Nintendo_64_Elastic_medium.csv,270,"End-effector grasping the object, using moderate force, causing medium-deformation, with increasing force."
/home/mdxuser/Genesis/main/data/picked_up_4/csv/Beetle_Adventure_Racing_Nintendo_64/Elastic/medium/Beetle_Adventure_Racing_Nintendo_64_Elastic_medium.csv,540,"End-effector continue grasping the object, using moderate force, causing medium-deformation, with increasing force."
/home/mdxuser/Genesis/main/data/picked_up_4/csv/Beetle_Adventure_Racing_Nintendo_64/Elastic/medium/Beetle_Adventure_Racing_Nintendo_64_Elastic_medium.csv,810,"End-effector lifting the object, using moderate force, causing medium-deformation, with increasing force."
/home/mdxuser/Genesis/main/data/picked_up_4/csv/Beetle_Adventure_Racing_Nintendo_64/Elastic/medium/Beetle_Adventure_Racing_Nintendo_64_Elastic_medium.csv,1080,"End-effector rotating the object, by an angle of 45.0 degrees, using moderate force, causing medium-deformation, with constant force."
/home/mdxuser/Genesis/main/data/picked_up_4/csv/Beetle_Adventure_Racing_Nintendo_64/Elastic/medium/Beetle_Adventure_Racing_Nintendo_64_Elastic_medium.csv,1350,"End-effector holding position of the object, maintaining a stable hold, using moderate force, causing medium-deformation."
/home/mdxuser/Genesis/main/data/picked_up_4/csv/Beetle_Adventure_Racing_Nintendo_64/Elastic/medium/Beetle_Adventure_Racing_Nintendo_64_Elastic_medium.csv,1620,"End-effector continue holding position of the object, maintaining a stable hold, using moderate force, causing medium-deformation."
/home/mdxuser/Genesis/main/data/picked_up_4/csv/Beetle_Adventure_Racing_Nintendo_64/Elastic/medium/Beetle_Adventure_Racing_Nintendo_64_Elastic_medium.csv,1890,"End-effector rotating the object, by an angle of 30.0 degrees, using moderate force, causing medium-deformation, with constant force."
/home/mdxuser/Genesis/main/data/picked_up_4/csv/Beetle_Adventure_Racing_Nintendo_64/Elastic/medium/Beetle_Adventure_Racing_Nintendo_64_Elastic_medium.csv,2160,"End-effector continue rotating the object, by an angle of 30.0 degrees, using moderate force, causing medium-deformation, with constant force."
/home/mdxuser/Genesis/main/data/picked_up_4/csv/Beetle_Adventure_Racing_Nintendo_64/Elastic/medium/Beetle_Adventure_Racing_Nintendo_64_Elastic_medium.csv,2430,The object has been dropped.
/home/mdxuser/Genesis/main/data/picked_up_4/csv/Beetle_Adventure_Racing_Nintendo_64/Elastic/medium/Beetle_Adventure_Racing_Nintendo_64_Elastic_medium.csv,2700,The object has been dropped.
/home/mdxuser/Genesis/main/data/picked_up_4/csv/Arm_Hammer_Diaper_Pail_Refills_12_Pack_MFWkmoweejt/Elastic/medium/Arm_Hammer_Diaper_Pail_Refills_12_Pack_MFWkmoweejt_Elastic_medium.csv,0,"End-effector start towards the object, to begin the task."
/home/mdxuser/Genesis/main/data/picked_up_4/csv/Arm_Hammer_Diaper_Pail_Refills_12_Pack_MFWkmoweejt/Elastic/medium/Arm_Hammer_Diaper_Pail_Refills_12_Pack_MFWkmoweejt_Elastic_medium.csv,270,"End-effector grasping the object, using moderate force, causing medium-deformation, with increasing force."
/home/mdxuser/Genesis/main/data/picked_up_4/csv/Arm_Hammer_Diaper_Pail_Refills_12_Pack_MFWkmoweejt/Elastic/medium/Arm_Hammer_Diaper_Pail_Refills_12_Pack_MFWkmoweejt_Elastic_medium.csv,540,"End-effector continue grasping the object, using moderate force, causing medium-deformation, with increasing force."
/home/mdxuser/Genesis/main/data/picked_up_4/csv/Arm_Hammer_Diaper_Pail_Refills_12_Pack_MFWkmoweejt/Elastic/medium/Arm_Hammer_Diaper_Pail_Refills_12_Pack_MFWkmoweejt_Elastic_medium.csv,810,"End-effector lifting the object, using moderate force, causing medium-deformation, with increasing force."
/home/mdxuser/Genesis/main/data/picked_up_4/csv/Arm_Hammer_Diaper_Pail_Refills_12_Pack_MFWkmoweejt/Elastic/medium/Arm_Hammer_Diaper_Pail_Refills_12_Pack_MFWkmoweejt_Elastic_medium.csv,1080,"End-effector rotating the object, by an angle of 30.0 degrees, using moderate force, causing medium-deformation, with constant force."
/home/mdxuser/Genesis/main/data/picked_up_4/csv/Arm_Hammer_Diaper_Pail_Refills_12_Pack_MFWkmoweejt/Elastic/medium/Arm_Hammer_Diaper_Pail_Refills_12_Pack_MFWkmoweejt_Elastic_medium.csv,1350,"End-effector continue rotating the object, by an angle of 30.0 degrees, using moderate force, causing medium-deformation, with constant force."
/home/mdxuser/Genesis/main/data/picked_up_4/csv/Arm_Hammer_Diaper_Pail_Refills_12_Pack_MFWkmoweejt/Elastic/medium/Arm_Hammer_Diaper_Pail_Refills_12_Pack_MFWkmoweejt_Elastic_medium.csv,1620,"End-effector holding position of the object, maintaining a stable hold, using moderate force, causing medium-deformation."
/home/mdxuser/Genesis/main/data/picked_up_4/csv/Arm_Hammer_Diaper_Pail_Refills_12_Pack_MFWkmoweejt/Elastic/medium/Arm_Hammer_Diaper_Pail_Refills_12_Pack_MFWkmoweejt_Elastic_medium.csv,1890,"End-effector rotating the object, by an angle of 30.0 degrees, using moderate force, causing medium-deformation, with constant force."
/home/mdxuser/Genesis/main/data/picked_up_4/csv/Arm_Hammer_Diaper_Pail_Refills_12_Pack_MFWkmoweejt/Elastic/medium/Arm_Hammer_Diaper_Pail_Refills_12_Pack_MFWkmoweejt_Elastic_medium.csv,2160,"End-effector continue rotating the object, by an angle of 30.0 degrees, using moderate force, causing medium-deformation, with constant force."
/home/mdxuser/Genesis/main/data/picked_up_4/csv/Arm_Hammer_Diaper_Pail_Refills_12_Pack_MFWkmoweejt/Elastic/medium/Arm_Hammer_Diaper_Pail_Refills_12_Pack_MFWkmoweejt_Elastic_medium.csv,2430,"End-effector holding position of the object, maintaining a stable hold, using moderate force, causing medium-deformation."
/home/mdxuser/Genesis/main/data/picked_up_4/csv/Arm_Hammer_Diaper_Pail_Refills_12_Pack_MFWkmoweejt/Elastic/medium/Arm_Hammer_Diaper_Pail_Refills_12_Pack_MFWkmoweejt_Elastic_medium.csv,2700,"End-effector stopping the object, using zero-force, causing undeformed shape."
/home/mdxuser/Genesis/main/data/picked_up_4/csv/Black_Elderberry_Syrup_54_oz_Gaia_Herbs/Elastic/medium/Black_Elderberry_Syrup_54_oz_Gaia_Herbs_Elastic_medium.csv,0,"End-effector start towards the object, to begin the task."
/home/mdxuser/Genesis/main/data/picked_up_4/csv/Black_Elderberry_Syrup_54_oz_Gaia_Herbs/Elastic/medium/Black_Elderberry_Syrup_54_oz_Gaia_Herbs_Elastic_medium.csv,270,"End-effector grasping the object, using moderate force, causing medium-deformation, with increasing force."
/home/mdxuser/Genesis/main/data/picked_up_4/csv/Black_Elderberry_Syrup_54_oz_Gaia_Herbs/Elastic/medium/Black_Elderberry_Syrup_54_oz_Gaia_Herbs_Elastic_medium.csv,540,"End-effector continue grasping the object, using moderate force, causing medium-deformation, with increasing force."
/home/mdxuser/Genesis/main/data/picked_up_4/csv/Black_Elderberry_Syrup_54_oz_Gaia_Herbs/Elastic/medium/Black_Elderberry_Syrup_54_oz_Gaia_Herbs_Elastic_medium.csv,810,"End-effector lifting the object, using moderate force, causing medium-deformation, with increasing force."
/home/mdxuser/Genesis/main/data/picked_up_4/csv/Black_Elderberry_Syrup_54_oz_Gaia_Herbs/Elastic/medium/Black_Elderberry_Syrup_54_oz_Gaia_Herbs_Elastic_medium.csv,1080,"End-effector rotating the object, by an angle of 45.0 degrees, using moderate force, causing medium-deformation, with constant force."
/home/mdxuser/Genesis/main/data/picked_up_4/csv/Black_Elderberry_Syrup_54_oz_Gaia_Herbs/Elastic/medium/Black_Elderberry_Syrup_54_oz_Gaia_Herbs_Elastic_medium.csv,1350,"End-effector holding position of the object, maintaining a stable hold, using moderate force, causing medium-deformation."
/home/mdxuser/Genesis/main/data/picked_up_4/csv/Black_Elderberry_Syrup_54_oz_Gaia_Herbs/Elastic/medium/Black_Elderberry_Syrup_54_oz_Gaia_Herbs_Elastic_medium.csv,1620,"End-effector continue holding position of the object, maintaining a stable hold, using moderate force, causing medium-deformation."
/home/mdxuser/Genesis/main/data/picked_up_4/csv/Black_Elderberry_Syrup_54_oz_Gaia_Herbs/Elastic/medium/Black_Elderberry_Syrup_54_oz_Gaia_Herbs_Elastic_medium.csv,1890,"End-effector rotating the object, by an angle of 30.0 degrees, using moderate force, causing medium-deformation, with constant force."
/home/mdxuser/Genesis/main/data/picked_up_4/csv/Black_Elderberry_Syrup_54_oz_Gaia_Herbs/Elastic/medium/Black_Elderberry_Syrup_54_oz_Gaia_Herbs_Elastic_medium.csv,2160,"End-effector continue rotating the object, by an angle of 30.0 degrees, using moderate force, causing medium-deformation, with constant force."
/home/mdxuser/Genesis/main/data/picked_up_4/csv/Black_Elderberry_Syrup_54_oz_Gaia_Herbs/Elastic/medium/Black_Elderberry_Syrup_54_oz_Gaia_Herbs_Elastic_medium.csv,2430,"End-effector holding position of the object, maintaining a stable hold, using moderate force, causing medium-deformation."
/home/mdxuser/Genesis/main/data/picked_up_4/csv/Black_Elderberry_Syrup_54_oz_Gaia_Herbs/Elastic/medium/Black_Elderberry_Syrup_54_oz_Gaia_Herbs_Elastic_medium.csv,2700,"End-effector stopping the object, using zero-force, causing undeformed shape."
/home/mdxuser/Genesis/main/data/picked_up_4/csv/Perricone_MD_No_Lipstick_Lipstick/Elastic/medium/Perricone_MD_No_Lipstick_Lipstick_Elastic_medium.csv,0,"End-effector start towards the object, to begin the task."
/home/mdxuser/Genesis/main/data/picked_up_4/csv/Perricone_MD_No_Lipstick_Lipstick/Elastic/medium/Perricone_MD_No_Lipstick_Lipstick_Elastic_medium.csv,270,"End-effector grasping the object, using moderate force, causing medium-deformation, with increasing force."
/home/mdxuser/Genesis/main/data/picked_up_4/csv/Perricone_MD_No_Lipstick_Lipstick/Elastic/medium/Perricone_MD_No_Lipstick_Lipstick_Elastic_medium.csv,540,"End-effector continue grasping the object, using moderate force, causing medium-deformation, with increasing force."
/home/mdxuser/Genesis/main/data/picked_up_4/csv/Perricone_MD_No_Lipstick_Lipstick/Elastic/medium/Perricone_MD_No_Lipstick_Lipstick_Elastic_medium.csv,810,"End-effector lifting the object, using moderate force, causing medium-deformation, with increasing force."
/home/mdxuser/Genesis/main/data/picked_up_4/csv/Perricone_MD_No_Lipstick_Lipstick/Elastic/medium/Perricone_MD_No_Lipstick_Lipstick_Elastic_medium.csv,1080,"End-effector rotating the object, by an angle of 45.0 degrees, using moderate force, causing medium-deformation, with constant force."
/home/mdxuser/Genesis/main/data/picked_up_4/csv/Perricone_MD_No_Lipstick_Lipstick/Elastic/medium/Perricone_MD_No_Lipstick_Lipstick_Elastic_medium.csv,1350,"End-effector holding position of the object, maintaining a stable hold, using moderate force, causing medium-deformation."
/home/mdxuser/Genesis/main/data/picked_up_4/csv/Perricone_MD_No_Lipstick_Lipstick/Elastic/medium/Perricone_MD_No_Lipstick_Lipstick_Elastic_medium.csv,1620,"End-effector continue holding position of the object, maintaining a stable hold, using moderate force, causing medium-deformation."
/home/mdxuser/Genesis/main/data/picked_up_4/csv/Perricone_MD_No_Lipstick_Lipstick/Elastic/medium/Perricone_MD_No_Lipstick_Lipstick_Elastic_medium.csv,1890,"End-effector rotating the object, by an angle of 30.0 degrees, using moderate force, causing medium-deformation, with constant force."
/home/mdxuser/Genesis/main/data/picked_up_4/csv/Perricone_MD_No_Lipstick_Lipstick/Elastic/medium/Perricone_MD_No_Lipstick_Lipstick_Elastic_medium.csv,2160,"End-effector continue rotating the object, by an angle of 30.0 degrees, using moderate force, causing medium-deformation, with constant force."
/home/mdxuser/Genesis/main/data/picked_up_4/csv/Perricone_MD_No_Lipstick_Lipstick/Elastic/medium/Perricone_MD_No_Lipstick_Lipstick_Elastic_medium.csv,2430,"End-effector holding position of the object, maintaining a stable hold, using moderate force, causing medium-deformation."
/home/mdxuser/Genesis/main/data/picked_up_4/csv/Perricone_MD_No_Lipstick_Lipstick/Elastic/medium/Perricone_MD_No_Lipstick_Lipstick_Elastic_medium.csv,2700,The object has been dropped.
/home/mdxuser/Genesis/main/data/picked_up_4/csv/DRAGON_W/Elastic/soft/DRAGON_W_Elastic_soft.csv,0,"End-effector start towards the object, to begin the task."
/home/mdxuser/Genesis/main/data/picked_up_4/csv/DRAGON_W/Elastic/soft/DRAGON_W_Elastic_soft.csv,270,"End-effector grasping the object, using gentle force, causing soft-deformation, with increasing force."
/home/mdxuser/Genesis/main/data/picked_up_4/csv/DRAGON_W/Elastic/soft/DRAGON_W_Elastic_soft.csv,540,"End-effector continue grasping the object, using gentle force, causing soft-deformation, with increasing force."
/home/mdxuser/Genesis/main/data/picked_up_4/csv/DRAGON_W/Elastic/soft/DRAGON_W_Elastic_soft.csv,810,"End-effector lifting the object, using gentle force, causing soft-deformation, with increasing force."
/home/mdxuser/Genesis/main/data/picked_up_4/csv/DRAGON_W/Elastic/soft/DRAGON_W_Elastic_soft.csv,1080,"End-effector rotating the object, by an angle of 30.0 degrees, using gentle force, causing soft-deformation, with constant force."
/home/mdxuser/Genesis/main/data/picked_up_4/csv/DRAGON_W/Elastic/soft/DRAGON_W_Elastic_soft.csv,1350,"End-effector continue rotating the object, by an angle of 30.0 degrees, using gentle force, causing soft-deformation, with constant force."
/home/mdxuser/Genesis/main/data/picked_up_4/csv/DRAGON_W/Elastic/soft/DRAGON_W_Elastic_soft.csv,1620,The object has been dropped.
/home/mdxuser/Genesis/main/data/picked_up_4/csv/DRAGON_W/Elastic/soft/DRAGON_W_Elastic_soft.csv,1890,The object has been dropped.
/home/mdxuser/Genesis/main/data/picked_up_4/csv/DRAGON_W/Elastic/soft/DRAGON_W_Elastic_soft.csv,2160,The object has been dropped.
/home/mdxuser/Genesis/main/data/picked_up_4/csv/DRAGON_W/Elastic/soft/DRAGON_W_Elastic_soft.csv,2430,The object has been dropped.
/home/mdxuser/Genesis/main/data/picked_up_4/csv/DRAGON_W/Elastic/soft/DRAGON_W_Elastic_soft.csv,2700,The object has been dropped.
/home/mdxuser/Genesis/main/data/picked_up_4/csv/BIRD_RATTLE/Elastic/soft/BIRD_RATTLE_Elastic_soft.csv,0,"End-effector start towards the object, to begin the task."
/home/mdxuser/Genesis/main/data/picked_up_4/csv/BIRD_RATTLE/Elastic/soft/BIRD_RATTLE_Elastic_soft.csv,270,"End-effector grasping the object, using gentle force, causing soft-deformation, with increasing force."
/home/mdxuser/Genesis/main/data/picked_up_4/csv/BIRD_RATTLE/Elastic/soft/BIRD_RATTLE_Elastic_soft.csv,540,"End-effector continue grasping the object, using gentle force, causing soft-deformation, with increasing force."
/home/mdxuser/Genesis/main/data/picked_up_4/csv/BIRD_RATTLE/Elastic/soft/BIRD_RATTLE_Elastic_soft.csv,810,"End-effector lifting the object, using gentle force, causing soft-deformation, with increasing force."
/home/mdxuser/Genesis/main/data/picked_up_4/csv/BIRD_RATTLE/Elastic/soft/BIRD_RATTLE_Elastic_soft.csv,1080,"End-effector rotating the object, by an angle of 30.0 degrees, using gentle force, causing soft-deformation, with constant force."
/home/mdxuser/Genesis/main/data/picked_up_4/csv/BIRD_RATTLE/Elastic/soft/BIRD_RATTLE_Elastic_soft.csv,1350,"End-effector continue rotating the object, by an angle of 30.0 degrees, using gentle force, causing soft-deformation, with constant force."
/home/mdxuser/Genesis/main/data/picked_up_4/csv/BIRD_RATTLE/Elastic/soft/BIRD_RATTLE_Elastic_soft.csv,1620,"End-effector holding position of the object, maintaining a stable hold, using gentle force, causing soft-deformation."
/home/mdxuser/Genesis/main/data/picked_up_4/csv/BIRD_RATTLE/Elastic/soft/BIRD_RATTLE_Elastic_soft.csv,1890,"End-effector rotating the object, by an angle of 45.0 degrees, using gentle force, causing soft-deformation, with constant force."
/home/mdxuser/Genesis/main/data/picked_up_4/csv/BIRD_RATTLE/Elastic/soft/BIRD_RATTLE_Elastic_soft.csv,2160,"End-effector continue rotating the object, by an angle of 45.0 degrees, using gentle force, causing soft-deformation, with constant force."
/home/mdxuser/Genesis/main/data/picked_up_4/csv/BIRD_RATTLE/Elastic/soft/BIRD_RATTLE_Elastic_soft.csv,2430,"End-effector holding position of the object, maintaining a stable hold, using gentle force, causing soft-deformation."
/home/mdxuser/Genesis/main/data/picked_up_4/csv/BIRD_RATTLE/Elastic/soft/BIRD_RATTLE_Elastic_soft.csv,2700,"End-effector stopping the object, using zero-force, causing undeformed shape."
/home/mdxuser/Genesis/main/data/picked_up_4/csv/Cole_Hardware_Antislip_Surfacing_Material_White/Elastic/medium/Cole_Hardware_Antislip_Surfacing_Material_White_Elastic_medium.csv,0,"End-effector start towards the object, to begin the task."
/home/mdxuser/Genesis/main/data/picked_up_4/csv/Cole_Hardware_Antislip_Surfacing_Material_White/Elastic/medium/Cole_Hardware_Antislip_Surfacing_Material_White_Elastic_medium.csv,270,"End-effector grasping the object, using moderate force, causing medium-deformation, with increasing force."
/home/mdxuser/Genesis/main/data/picked_up_4/csv/Cole_Hardware_Antislip_Surfacing_Material_White/Elastic/medium/Cole_Hardware_Antislip_Surfacing_Material_White_Elastic_medium.csv,540,"End-effector continue grasping the object, using moderate force, causing medium-deformation, with increasing force."
/home/mdxuser/Genesis/main/data/picked_up_4/csv/Cole_Hardware_Antislip_Surfacing_Material_White/Elastic/medium/Cole_Hardware_Antislip_Surfacing_Material_White_Elastic_medium.csv,810,"End-effector lifting the object, using moderate force, causing medium-deformation, with increasing force."
/home/mdxuser/Genesis/main/data/picked_up_4/csv/Cole_Hardware_Antislip_Surfacing_Material_White/Elastic/medium/Cole_Hardware_Antislip_Surfacing_Material_White_Elastic_medium.csv,1080,"End-effector rotating the object, by an angle of 30.0 degrees, using moderate force, causing medium-deformation, with constant force."
/home/mdxuser/Genesis/main/data/picked_up_4/csv/Cole_Hardware_Antislip_Surfacing_Material_White/Elastic/medium/Cole_Hardware_Antislip_Surfacing_Material_White_Elastic_medium.csv,1350,"End-effector continue rotating the object, by an angle of 30.0 degrees, using moderate force, causing medium-deformation, with constant force."
/home/mdxuser/Genesis/main/data/picked_up_4/csv/Cole_Hardware_Antislip_Surfacing_Material_White/Elastic/medium/Cole_Hardware_Antislip_Surfacing_Material_White_Elastic_medium.csv,1620,"End-effector holding position of the object, maintaining a stable hold, using moderate force, causing medium-deformation."
/home/mdxuser/Genesis/main/data/picked_up_4/csv/Cole_Hardware_Antislip_Surfacing_Material_White/Elastic/medium/Cole_Hardware_Antislip_Surfacing_Material_White_Elastic_medium.csv,1890,"End-effector rotating the object, by an angle of 45.0 degrees, using moderate force, causing medium-deformation, with constant force."
/home/mdxuser/Genesis/main/data/picked_up_4/csv/Cole_Hardware_Antislip_Surfacing_Material_White/Elastic/medium/Cole_Hardware_Antislip_Surfacing_Material_White_Elastic_medium.csv,2160,"End-effector continue rotating the object, by an angle of 45.0 degrees, using moderate force, causing medium-deformation, with constant force."
/home/mdxuser/Genesis/main/data/picked_up_4/csv/Cole_Hardware_Antislip_Surfacing_Material_White/Elastic/medium/Cole_Hardware_Antislip_Surfacing_Material_White_Elastic_medium.csv,2430,The object has been dropped.
/home/mdxuser/Genesis/main/data/picked_up_4/csv/Cole_Hardware_Antislip_Surfacing_Material_White/Elastic/medium/Cole_Hardware_Antislip_Surfacing_Material_White_Elastic_medium.csv,2700,The object has been dropped.
/home/mdxuser/Genesis/main/data/picked_up_4/csv/Perricone_MD_Neuropeptide_Firming_Moisturizer/Elastic/soft/Perricone_MD_Neuropeptide_Firming_Moisturizer_Elastic_soft.csv,0,"End-effector start towards the object, to begin the task."
/home/mdxuser/Genesis/main/data/picked_up_4/csv/Perricone_MD_Neuropeptide_Firming_Moisturizer/Elastic/soft/Perricone_MD_Neuropeptide_Firming_Moisturizer_Elastic_soft.csv,270,"End-effector grasping the object, using gentle force, causing soft-deformation, with increasing force."
/home/mdxuser/Genesis/main/data/picked_up_4/csv/Perricone_MD_Neuropeptide_Firming_Moisturizer/Elastic/soft/Perricone_MD_Neuropeptide_Firming_Moisturizer_Elastic_soft.csv,540,"End-effector continue grasping the object, using gentle force, causing soft-deformation, with increasing force."
/home/mdxuser/Genesis/main/data/picked_up_4/csv/Perricone_MD_Neuropeptide_Firming_Moisturizer/Elastic/soft/Perricone_MD_Neuropeptide_Firming_Moisturizer_Elastic_soft.csv,810,"End-effector lifting the object, using gentle force, causing soft-deformation, with increasing force."
/home/mdxuser/Genesis/main/data/picked_up_4/csv/Perricone_MD_Neuropeptide_Firming_Moisturizer/Elastic/soft/Perricone_MD_Neuropeptide_Firming_Moisturizer_Elastic_soft.csv,1080,"End-effector rotating the object, by an angle of 45.0 degrees, using gentle force, causing soft-deformation, with constant force."
/home/mdxuser/Genesis/main/data/picked_up_4/csv/Perricone_MD_Neuropeptide_Firming_Moisturizer/Elastic/soft/Perricone_MD_Neuropeptide_Firming_Moisturizer_Elastic_soft.csv,1350,"End-effector continue rotating the object, by an angle of 45.0 degrees, using gentle force, causing soft-deformation, with constant force."
/home/mdxuser/Genesis/main/data/picked_up_4/csv/Perricone_MD_Neuropeptide_Firming_Moisturizer/Elastic/soft/Perricone_MD_Neuropeptide_Firming_Moisturizer_Elastic_soft.csv,1620,The object has been dropped.
/home/mdxuser/Genesis/main/data/picked_up_4/csv/Perricone_MD_Neuropeptide_Firming_Moisturizer/Elastic/soft/Perricone_MD_Neuropeptide_Firming_Moisturizer_Elastic_soft.csv,1890,The object has been dropped.
/home/mdxuser/Genesis/main/data/picked_up_4/csv/Perricone_MD_Neuropeptide_Firming_Moisturizer/Elastic/soft/Perricone_MD_Neuropeptide_Firming_Moisturizer_Elastic_soft.csv,2160,The object has been dropped.
/home/mdxuser/Genesis/main/data/picked_up_4/csv/Perricone_MD_Neuropeptide_Firming_Moisturizer/Elastic/soft/Perricone_MD_Neuropeptide_Firming_Moisturizer_Elastic_soft.csv,2430,The object has been dropped.
/home/mdxuser/Genesis/main/data/picked_up_4/csv/Perricone_MD_Neuropeptide_Firming_Moisturizer/Elastic/soft/Perricone_MD_Neuropeptide_Firming_Moisturizer_Elastic_soft.csv,2700,The object has been dropped.
/home/mdxuser/Genesis/main/data/picked_up_4/csv/CoQ10_BjTLbuRVt1t/Elastic/hard/CoQ10_BjTLbuRVt1t_Elastic_hard.csv,0,"End-effector start towards the object, to begin the task."
/home/mdxuser/Genesis/main/data/picked_up_4/csv/CoQ10_BjTLbuRVt1t/Elastic/hard/CoQ10_BjTLbuRVt1t_Elastic_hard.csv,270,"End-effector grasping the object, using strong force, causing hard-deformation, with increasing force."
/home/mdxuser/Genesis/main/data/picked_up_4/csv/CoQ10_BjTLbuRVt1t/Elastic/hard/CoQ10_BjTLbuRVt1t_Elastic_hard.csv,540,"End-effector continue grasping the object, using strong force, causing hard-deformation, with increasing force."
/home/mdxuser/Genesis/main/data/picked_up_4/csv/CoQ10_BjTLbuRVt1t/Elastic/hard/CoQ10_BjTLbuRVt1t_Elastic_hard.csv,810,"End-effector lifting the object, using strong force, causing hard-deformation, with increasing force."
/home/mdxuser/Genesis/main/data/picked_up_4/csv/CoQ10_BjTLbuRVt1t/Elastic/hard/CoQ10_BjTLbuRVt1t_Elastic_hard.csv,1080,"End-effector rotating the object, by an angle of 45.0 degrees, using strong force, causing hard-deformation, with constant force."
/home/mdxuser/Genesis/main/data/picked_up_4/csv/CoQ10_BjTLbuRVt1t/Elastic/hard/CoQ10_BjTLbuRVt1t_Elastic_hard.csv,1350,"End-effector holding position of the object, maintaining a stable hold, using strong force, causing hard-deformation."
/home/mdxuser/Genesis/main/data/picked_up_4/csv/CoQ10_BjTLbuRVt1t/Elastic/hard/CoQ10_BjTLbuRVt1t_Elastic_hard.csv,1620,"End-effector continue holding position of the object, maintaining a stable hold, using strong force, causing hard-deformation."
/home/mdxuser/Genesis/main/data/picked_up_4/csv/CoQ10_BjTLbuRVt1t/Elastic/hard/CoQ10_BjTLbuRVt1t_Elastic_hard.csv,1890,"End-effector rotating the object, by an angle of 45.0 degrees, using strong force, causing hard-deformation, with constant force."
/home/mdxuser/Genesis/main/data/picked_up_4/csv/CoQ10_BjTLbuRVt1t/Elastic/hard/CoQ10_BjTLbuRVt1t_Elastic_hard.csv,2160,"End-effector continue rotating the object, by an angle of 45.0 degrees, using strong force, causing hard-deformation, with constant force."
/home/mdxuser/Genesis/main/data/picked_up_4/csv/CoQ10_BjTLbuRVt1t/Elastic/hard/CoQ10_BjTLbuRVt1t_Elastic_hard.csv,2430,The object has been dropped.
/home/mdxuser/Genesis/main/data/picked_up_4/csv/CoQ10_BjTLbuRVt1t/Elastic/hard/CoQ10_BjTLbuRVt1t_Elastic_hard.csv,2700,The object has been dropped.
/home/mdxuser/Genesis/main/data/picked_up_4/csv/Don_Franciscos_Gourmet_Coffee_Medium_Decaf_100_Colombian_12_oz_340_g/Elastic/hard/Don_Franciscos_Gourmet_Coffee_Medium_Decaf_100_Colombian_12_oz_340_g_Elastic_hard.csv,0,"End-effector start towards the object, to begin the task."
/home/mdxuser/Genesis/main/data/picked_up_4/csv/Don_Franciscos_Gourmet_Coffee_Medium_Decaf_100_Colombian_12_oz_340_g/Elastic/hard/Don_Franciscos_Gourmet_Coffee_Medium_Decaf_100_Colombian_12_oz_340_g_Elastic_hard.csv,270,"End-effector grasping the object, using strong force, causing hard-deformation, with increasing force."
/home/mdxuser/Genesis/main/data/picked_up_4/csv/Don_Franciscos_Gourmet_Coffee_Medium_Decaf_100_Colombian_12_oz_340_g/Elastic/hard/Don_Franciscos_Gourmet_Coffee_Medium_Decaf_100_Colombian_12_oz_340_g_Elastic_hard.csv,540,"End-effector continue grasping the object, using strong force, causing hard-deformation, with increasing force."
/home/mdxuser/Genesis/main/data/picked_up_4/csv/Don_Franciscos_Gourmet_Coffee_Medium_Decaf_100_Colombian_12_oz_340_g/Elastic/hard/Don_Franciscos_Gourmet_Coffee_Medium_Decaf_100_Colombian_12_oz_340_g_Elastic_hard.csv,810,"End-effector lifting the object, using strong force, causing hard-deformation, with increasing force."
/home/mdxuser/Genesis/main/data/picked_up_4/csv/Don_Franciscos_Gourmet_Coffee_Medium_Decaf_100_Colombian_12_oz_340_g/Elastic/hard/Don_Franciscos_Gourmet_Coffee_Medium_Decaf_100_Colombian_12_oz_340_g_Elastic_hard.csv,1080,"End-effector rotating the object, by an angle of 45.0 degrees, using strong force, causing hard-deformation, with constant force."
/home/mdxuser/Genesis/main/data/picked_up_4/csv/Don_Franciscos_Gourmet_Coffee_Medium_Decaf_100_Colombian_12_oz_340_g/Elastic/hard/Don_Franciscos_Gourmet_Coffee_Medium_Decaf_100_Colombian_12_oz_340_g_Elastic_hard.csv,1350,"End-effector holding position of the object, maintaining a stable hold, using strong force, causing hard-deformation."
/home/mdxuser/Genesis/main/data/picked_up_4/csv/Don_Franciscos_Gourmet_Coffee_Medium_Decaf_100_Colombian_12_oz_340_g/Elastic/hard/Don_Franciscos_Gourmet_Coffee_Medium_Decaf_100_Colombian_12_oz_340_g_Elastic_hard.csv,1620,"End-effector continue holding position of the object, maintaining a stable hold, using strong force, causing hard-deformation."
/home/mdxuser/Genesis/main/data/picked_up_4/csv/Don_Franciscos_Gourmet_Coffee_Medium_Decaf_100_Colombian_12_oz_340_g/Elastic/hard/Don_Franciscos_Gourmet_Coffee_Medium_Decaf_100_Colombian_12_oz_340_g_Elastic_hard.csv,1890,"End-effector rotating the object, by an angle of 45.0 degrees, using strong force, causing hard-deformation, with constant force."
/home/mdxuser/Genesis/main/data/picked_up_4/csv/Don_Franciscos_Gourmet_Coffee_Medium_Decaf_100_Colombian_12_oz_340_g/Elastic/hard/Don_Franciscos_Gourmet_Coffee_Medium_Decaf_100_Colombian_12_oz_340_g_Elastic_hard.csv,2160,"End-effector continue rotating the object, by an angle of 45.0 degrees, using strong force, causing hard-deformation, with constant force."
/home/mdxuser/Genesis/main/data/picked_up_4/csv/Don_Franciscos_Gourmet_Coffee_Medium_Decaf_100_Colombian_12_oz_340_g/Elastic/hard/Don_Franciscos_Gourmet_Coffee_Medium_Decaf_100_Colombian_12_oz_340_g_Elastic_hard.csv,2430,"End-effector holding position of the object, maintaining a stable hold, using strong force, causing hard-deformation."
/home/mdxuser/Genesis/main/data/picked_up_4/csv/Don_Franciscos_Gourmet_Coffee_Medium_Decaf_100_Colombian_12_oz_340_g/Elastic/hard/Don_Franciscos_Gourmet_Coffee_Medium_Decaf_100_Colombian_12_oz_340_g_Elastic_hard.csv,2700,"End-effector stopping the object, using zero-force, causing undeformed shape."
/home/mdxuser/Genesis/main/data/picked_up_4/csv/CAR_CARRIER_TRAIN/Elastic/hard/CAR_CARRIER_TRAIN_Elastic_hard.csv,0,"End-effector start towards the object, to begin the task."
/home/mdxuser/Genesis/main/data/picked_up_4/csv/CAR_CARRIER_TRAIN/Elastic/hard/CAR_CARRIER_TRAIN_Elastic_hard.csv,270,"End-effector grasping the object, using strong force, causing hard-deformation, with increasing force."
/home/mdxuser/Genesis/main/data/picked_up_4/csv/CAR_CARRIER_TRAIN/Elastic/hard/CAR_CARRIER_TRAIN_Elastic_hard.csv,540,"End-effector continue grasping the object, using strong force, causing hard-deformation, with increasing force."
/home/mdxuser/Genesis/main/data/picked_up_4/csv/CAR_CARRIER_TRAIN/Elastic/hard/CAR_CARRIER_TRAIN_Elastic_hard.csv,810,"End-effector lifting the object, using strong force, causing hard-deformation, with increasing force."
/home/mdxuser/Genesis/main/data/picked_up_4/csv/CAR_CARRIER_TRAIN/Elastic/hard/CAR_CARRIER_TRAIN_Elastic_hard.csv,1080,"End-effector rotating the object, by an angle of 30.0 degrees, using strong force, causing hard-deformation, with constant force."
/home/mdxuser/Genesis/main/data/picked_up_4/csv/CAR_CARRIER_TRAIN/Elastic/hard/CAR_CARRIER_TRAIN_Elastic_hard.csv,1350,"End-effector continue rotating the object, by an angle of 30.0 degrees, using strong force, causing hard-deformation, with constant force."
/home/mdxuser/Genesis/main/data/picked_up_4/csv/CAR_CARRIER_TRAIN/Elastic/hard/CAR_CARRIER_TRAIN_Elastic_hard.csv,1620,The object has been dropped.
/home/mdxuser/Genesis/main/data/picked_up_4/csv/CAR_CARRIER_TRAIN/Elastic/hard/CAR_CARRIER_TRAIN_Elastic_hard.csv,1890,The object has been dropped.
/home/mdxuser/Genesis/main/data/picked_up_4/csv/CAR_CARRIER_TRAIN/Elastic/hard/CAR_CARRIER_TRAIN_Elastic_hard.csv,2160,The object has been dropped.
/home/mdxuser/Genesis/main/data/picked_up_4/csv/CAR_CARRIER_TRAIN/Elastic/hard/CAR_CARRIER_TRAIN_Elastic_hard.csv,2430,The object has been dropped.
/home/mdxuser/Genesis/main/data/picked_up_4/csv/CAR_CARRIER_TRAIN/Elastic/hard/CAR_CARRIER_TRAIN_Elastic_hard.csv,2700,The object has been dropped.
/home/mdxuser/Genesis/main/data/picked_up_4/csv/Central_Garden_Flower_Pot_Goo_425/Elastic/hard/Central_Garden_Flower_Pot_Goo_425_Elastic_hard.csv,0,"End-effector start towards the object, to begin the task."
/home/mdxuser/Genesis/main/data/picked_up_4/csv/Central_Garden_Flower_Pot_Goo_425/Elastic/hard/Central_Garden_Flower_Pot_Goo_425_Elastic_hard.csv,270,"End-effector grasping the object, using strong force, causing hard-deformation, with increasing force."
/home/mdxuser/Genesis/main/data/picked_up_4/csv/Central_Garden_Flower_Pot_Goo_425/Elastic/hard/Central_Garden_Flower_Pot_Goo_425_Elastic_hard.csv,540,"End-effector continue grasping the object, using strong force, causing hard-deformation, with increasing force."
/home/mdxuser/Genesis/main/data/picked_up_4/csv/Central_Garden_Flower_Pot_Goo_425/Elastic/hard/Central_Garden_Flower_Pot_Goo_425_Elastic_hard.csv,810,"End-effector lifting the object, using strong force, causing hard-deformation, with increasing force."
/home/mdxuser/Genesis/main/data/picked_up_4/csv/Central_Garden_Flower_Pot_Goo_425/Elastic/hard/Central_Garden_Flower_Pot_Goo_425_Elastic_hard.csv,1080,"End-effector rotating the object, by an angle of 45.0 degrees, using strong force, causing hard-deformation, with constant force."
/home/mdxuser/Genesis/main/data/picked_up_4/csv/Central_Garden_Flower_Pot_Goo_425/Elastic/hard/Central_Garden_Flower_Pot_Goo_425_Elastic_hard.csv,1350,The object has been dropped.
/home/mdxuser/Genesis/main/data/picked_up_4/csv/Central_Garden_Flower_Pot_Goo_425/Elastic/hard/Central_Garden_Flower_Pot_Goo_425_Elastic_hard.csv,1620,The object has been dropped.
/home/mdxuser/Genesis/main/data/picked_up_4/csv/Central_Garden_Flower_Pot_Goo_425/Elastic/hard/Central_Garden_Flower_Pot_Goo_425_Elastic_hard.csv,1890,The object has been dropped.
/home/mdxuser/Genesis/main/data/picked_up_4/csv/Central_Garden_Flower_Pot_Goo_425/Elastic/hard/Central_Garden_Flower_Pot_Goo_425_Elastic_hard.csv,2160,The object has been dropped.
/home/mdxuser/Genesis/main/data/picked_up_4/csv/Central_Garden_Flower_Pot_Goo_425/Elastic/hard/Central_Garden_Flower_Pot_Goo_425_Elastic_hard.csv,2430,The object has been dropped.
/home/mdxuser/Genesis/main/data/picked_up_4/csv/Central_Garden_Flower_Pot_Goo_425/Elastic/hard/Central_Garden_Flower_Pot_Goo_425_Elastic_hard.csv,2700,The object has been dropped.
/home/mdxuser/Genesis/main/data/picked_up_4/csv/ASICS_GEL1140V_WhiteBlackSilver/Elastic/soft/ASICS_GEL1140V_WhiteBlackSilver_Elastic_soft.csv,0,"End-effector start towards the object, to begin the task."
/home/mdxuser/Genesis/main/data/picked_up_4/csv/ASICS_GEL1140V_WhiteBlackSilver/Elastic/soft/ASICS_GEL1140V_WhiteBlackSilver_Elastic_soft.csv,270,"End-effector grasping the object, using gentle force, causing soft-deformation, with increasing force."
/home/mdxuser/Genesis/main/data/picked_up_4/csv/ASICS_GEL1140V_WhiteBlackSilver/Elastic/soft/ASICS_GEL1140V_WhiteBlackSilver_Elastic_soft.csv,540,"End-effector continue grasping the object, using gentle force, causing soft-deformation, with increasing force."
/home/mdxuser/Genesis/main/data/picked_up_4/csv/ASICS_GEL1140V_WhiteBlackSilver/Elastic/soft/ASICS_GEL1140V_WhiteBlackSilver_Elastic_soft.csv,810,"End-effector lifting the object, using gentle force, causing soft-deformation, with increasing force."
/home/mdxuser/Genesis/main/data/picked_up_4/csv/ASICS_GEL1140V_WhiteBlackSilver/Elastic/soft/ASICS_GEL1140V_WhiteBlackSilver_Elastic_soft.csv,1080,"End-effector rotating the object, by an angle of 30.0 degrees, using gentle force, causing soft-deformation, with constant force."
/home/mdxuser/Genesis/main/data/picked_up_4/csv/ASICS_GEL1140V_WhiteBlackSilver/Elastic/soft/ASICS_GEL1140V_WhiteBlackSilver_Elastic_soft.csv,1350,"End-effector continue rotating the object, by an angle of 30.0 degrees, using gentle force, causing soft-deformation, with constant force."
/home/mdxuser/Genesis/main/data/picked_up_4/csv/ASICS_GEL1140V_WhiteBlackSilver/Elastic/soft/ASICS_GEL1140V_WhiteBlackSilver_Elastic_soft.csv,1620,The object has been dropped.
/home/mdxuser/Genesis/main/data/picked_up_4/csv/ASICS_GEL1140V_WhiteBlackSilver/Elastic/soft/ASICS_GEL1140V_WhiteBlackSilver_Elastic_soft.csv,1890,The object has been dropped.
/home/mdxuser/Genesis/main/data/picked_up_4/csv/ASICS_GEL1140V_WhiteBlackSilver/Elastic/soft/ASICS_GEL1140V_WhiteBlackSilver_Elastic_soft.csv,2160,The object has been dropped.
/home/mdxuser/Genesis/main/data/picked_up_4/csv/ASICS_GEL1140V_WhiteBlackSilver/Elastic/soft/ASICS_GEL1140V_WhiteBlackSilver_Elastic_soft.csv,2430,The object has been dropped.
/home/mdxuser/Genesis/main/data/picked_up_4/csv/ASICS_GEL1140V_WhiteBlackSilver/Elastic/soft/ASICS_GEL1140V_WhiteBlackSilver_Elastic_soft.csv,2700,The object has been dropped.
/home/mdxuser/Genesis/main/data/picked_up_4/csv/CoQ10/Elastic/medium/CoQ10_Elastic_medium.csv,0,"End-effector start towards the object, to begin the task."
/home/mdxuser/Genesis/main/data/picked_up_4/csv/CoQ10/Elastic/medium/CoQ10_Elastic_medium.csv,270,"End-effector grasping the object, using moderate force, causing medium-deformation, with increasing force."
/home/mdxuser/Genesis/main/data/picked_up_4/csv/CoQ10/Elastic/medium/CoQ10_Elastic_medium.csv,540,"End-effector continue grasping the object, using moderate force, causing medium-deformation, with increasing force."
/home/mdxuser/Genesis/main/data/picked_up_4/csv/CoQ10/Elastic/medium/CoQ10_Elastic_medium.csv,810,"End-effector lifting the object, using moderate force, causing medium-deformation, with increasing force."
/home/mdxuser/Genesis/main/data/picked_up_4/csv/CoQ10/Elastic/medium/CoQ10_Elastic_medium.csv,1080,"End-effector rotating the object, by an angle of 45.0 degrees, using moderate force, causing medium-deformation, with constant force."
/home/mdxuser/Genesis/main/data/picked_up_4/csv/CoQ10/Elastic/medium/CoQ10_Elastic_medium.csv,1350,"End-effector holding position of the object, maintaining a stable hold, using moderate force, causing medium-deformation."
/home/mdxuser/Genesis/main/data/picked_up_4/csv/CoQ10/Elastic/medium/CoQ10_Elastic_medium.csv,1620,"End-effector continue holding position of the object, maintaining a stable hold, using moderate force, causing medium-deformation."
/home/mdxuser/Genesis/main/data/picked_up_4/csv/CoQ10/Elastic/medium/CoQ10_Elastic_medium.csv,1890,"End-effector rotating the object, by an angle of 30.0 degrees, using moderate force, causing medium-deformation, with constant force."
/home/mdxuser/Genesis/main/data/picked_up_4/csv/CoQ10/Elastic/medium/CoQ10_Elastic_medium.csv,2160,"End-effector continue rotating the object, by an angle of 30.0 degrees, using moderate force, causing medium-deformation, with constant force."
/home/mdxuser/Genesis/main/data/picked_up_4/csv/CoQ10/Elastic/medium/CoQ10_Elastic_medium.csv,2430,"End-effector holding position of the object, maintaining a stable hold, using moderate force, causing medium-deformation."
/home/mdxuser/Genesis/main/data/picked_up_4/csv/CoQ10/Elastic/medium/CoQ10_Elastic_medium.csv,2700,The object has been dropped.
/home/mdxuser/Genesis/main/data/picked_up_4/csv/Down_To_Earth_Orchid_Pot_Ceramic_Lime/Elastic/medium/Down_To_Earth_Orchid_Pot_Ceramic_Lime_Elastic_medium.csv,0,"End-effector start towards the object, to begin the task."
/home/mdxuser/Genesis/main/data/picked_up_4/csv/Down_To_Earth_Orchid_Pot_Ceramic_Lime/Elastic/medium/Down_To_Earth_Orchid_Pot_Ceramic_Lime_Elastic_medium.csv,270,"End-effector grasping the object, using moderate force, causing medium-deformation, with increasing force."
/home/mdxuser/Genesis/main/data/picked_up_4/csv/Down_To_Earth_Orchid_Pot_Ceramic_Lime/Elastic/medium/Down_To_Earth_Orchid_Pot_Ceramic_Lime_Elastic_medium.csv,540,"End-effector continue grasping the object, using moderate force, causing medium-deformation, with increasing force."
/home/mdxuser/Genesis/main/data/picked_up_4/csv/Down_To_Earth_Orchid_Pot_Ceramic_Lime/Elastic/medium/Down_To_Earth_Orchid_Pot_Ceramic_Lime_Elastic_medium.csv,810,"End-effector lifting the object, using moderate force, causing medium-deformation, with increasing force."
/home/mdxuser/Genesis/main/data/picked_up_4/csv/Down_To_Earth_Orchid_Pot_Ceramic_Lime/Elastic/medium/Down_To_Earth_Orchid_Pot_Ceramic_Lime_Elastic_medium.csv,1080,"End-effector rotating the object, by an angle of 45.0 degrees, using moderate force, causing medium-deformation, with constant force."
/home/mdxuser/Genesis/main/data/picked_up_4/csv/Down_To_Earth_Orchid_Pot_Ceramic_Lime/Elastic/medium/Down_To_Earth_Orchid_Pot_Ceramic_Lime_Elastic_medium.csv,1350,"End-effector continue rotating the object, by an angle of 45.0 degrees, using moderate force, causing medium-deformation, with constant force."
/home/mdxuser/Genesis/main/data/picked_up_4/csv/Down_To_Earth_Orchid_Pot_Ceramic_Lime/Elastic/medium/Down_To_Earth_Orchid_Pot_Ceramic_Lime_Elastic_medium.csv,1620,The object has been dropped.
/home/mdxuser/Genesis/main/data/picked_up_4/csv/Down_To_Earth_Orchid_Pot_Ceramic_Lime/Elastic/medium/Down_To_Earth_Orchid_Pot_Ceramic_Lime_Elastic_medium.csv,1890,The object has been dropped.
/home/mdxuser/Genesis/main/data/picked_up_4/csv/Down_To_Earth_Orchid_Pot_Ceramic_Lime/Elastic/medium/Down_To_Earth_Orchid_Pot_Ceramic_Lime_Elastic_medium.csv,2160,The object has been dropped.
/home/mdxuser/Genesis/main/data/picked_up_4/csv/Down_To_Earth_Orchid_Pot_Ceramic_Lime/Elastic/medium/Down_To_Earth_Orchid_Pot_Ceramic_Lime_Elastic_medium.csv,2430,The object has been dropped.
/home/mdxuser/Genesis/main/data/picked_up_4/csv/Down_To_Earth_Orchid_Pot_Ceramic_Lime/Elastic/medium/Down_To_Earth_Orchid_Pot_Ceramic_Lime_Elastic_medium.csv,2700,The object has been dropped.
/home/mdxuser/Genesis/main/data/picked_up_4/csv/Office_Depot_Dell_Series_11_Remanufactured_Ink_Cartridge_TriColor/Elastic/hard/Office_Depot_Dell_Series_11_Remanufactured_Ink_Cartridge_TriColor_Elastic_hard.csv,0,"End-effector start towards the object, to begin the task."
/home/mdxuser/Genesis/main/data/picked_up_4/csv/Office_Depot_Dell_Series_11_Remanufactured_Ink_Cartridge_TriColor/Elastic/hard/Office_Depot_Dell_Series_11_Remanufactured_Ink_Cartridge_TriColor_Elastic_hard.csv,270,"End-effector grasping the object, using strong force, causing hard-deformation, with increasing force."
/home/mdxuser/Genesis/main/data/picked_up_4/csv/Office_Depot_Dell_Series_11_Remanufactured_Ink_Cartridge_TriColor/Elastic/hard/Office_Depot_Dell_Series_11_Remanufactured_Ink_Cartridge_TriColor_Elastic_hard.csv,540,"End-effector continue grasping the object, using strong force, causing hard-deformation, with increasing force."
/home/mdxuser/Genesis/main/data/picked_up_4/csv/Office_Depot_Dell_Series_11_Remanufactured_Ink_Cartridge_TriColor/Elastic/hard/Office_Depot_Dell_Series_11_Remanufactured_Ink_Cartridge_TriColor_Elastic_hard.csv,810,"End-effector lifting the object, using strong force, causing hard-deformation, with increasing force."
/home/mdxuser/Genesis/main/data/picked_up_4/csv/Office_Depot_Dell_Series_11_Remanufactured_Ink_Cartridge_TriColor/Elastic/hard/Office_Depot_Dell_Series_11_Remanufactured_Ink_Cartridge_TriColor_Elastic_hard.csv,1080,"End-effector rotating the object, by an angle of 30.0 degrees, using strong force, causing hard-deformation, with constant force."
/home/mdxuser/Genesis/main/data/picked_up_4/csv/Office_Depot_Dell_Series_11_Remanufactured_Ink_Cartridge_TriColor/Elastic/hard/Office_Depot_Dell_Series_11_Remanufactured_Ink_Cartridge_TriColor_Elastic_hard.csv,1350,"End-effector continue rotating the object, by an angle of 30.0 degrees, using strong force, causing hard-deformation, with constant force."
/home/mdxuser/Genesis/main/data/picked_up_4/csv/Office_Depot_Dell_Series_11_Remanufactured_Ink_Cartridge_TriColor/Elastic/hard/Office_Depot_Dell_Series_11_Remanufactured_Ink_Cartridge_TriColor_Elastic_hard.csv,1620,"End-effector holding position of the object, maintaining a stable hold, using strong force, causing hard-deformation."
/home/mdxuser/Genesis/main/data/picked_up_4/csv/Office_Depot_Dell_Series_11_Remanufactured_Ink_Cartridge_TriColor/Elastic/hard/Office_Depot_Dell_Series_11_Remanufactured_Ink_Cartridge_TriColor_Elastic_hard.csv,1890,"End-effector rotating the object, by an angle of 30.0 degrees, using strong force, causing hard-deformation, with constant force."
/home/mdxuser/Genesis/main/data/picked_up_4/csv/Office_Depot_Dell_Series_11_Remanufactured_Ink_Cartridge_TriColor/Elastic/hard/Office_Depot_Dell_Series_11_Remanufactured_Ink_Cartridge_TriColor_Elastic_hard.csv,2160,"End-effector continue rotating the object, by an angle of 30.0 degrees, using strong force, causing hard-deformation, with constant force."
/home/mdxuser/Genesis/main/data/picked_up_4/csv/Office_Depot_Dell_Series_11_Remanufactured_Ink_Cartridge_TriColor/Elastic/hard/Office_Depot_Dell_Series_11_Remanufactured_Ink_Cartridge_TriColor_Elastic_hard.csv,2430,The object has been dropped.
/home/mdxuser/Genesis/main/data/picked_up_4/csv/Office_Depot_Dell_Series_11_Remanufactured_Ink_Cartridge_TriColor/Elastic/hard/Office_Depot_Dell_Series_11_Remanufactured_Ink_Cartridge_TriColor_Elastic_hard.csv,2700,The object has been dropped.
/home/mdxuser/Genesis/main/data/picked_up_4/csv/adistar_boost_m/Elastic/soft/adistar_boost_m_Elastic_soft.csv,0,"End-effector start towards the object, to begin the task."
/home/mdxuser/Genesis/main/data/picked_up_4/csv/adistar_boost_m/Elastic/soft/adistar_boost_m_Elastic_soft.csv,270,"End-effector grasping the object, using gentle force, causing soft-deformation, with increasing force."
/home/mdxuser/Genesis/main/data/picked_up_4/csv/adistar_boost_m/Elastic/soft/adistar_boost_m_Elastic_soft.csv,540,"End-effector continue grasping the object, using gentle force, causing soft-deformation, with increasing force."
/home/mdxuser/Genesis/main/data/picked_up_4/csv/adistar_boost_m/Elastic/soft/adistar_boost_m_Elastic_soft.csv,810,"End-effector lifting the object, using gentle force, causing soft-deformation, with increasing force."
/home/mdxuser/Genesis/main/data/picked_up_4/csv/adistar_boost_m/Elastic/soft/adistar_boost_m_Elastic_soft.csv,1080,"End-effector rotating the object, by an angle of 30.0 degrees, using gentle force, causing soft-deformation, with constant force."
/home/mdxuser/Genesis/main/data/picked_up_4/csv/adistar_boost_m/Elastic/soft/adistar_boost_m_Elastic_soft.csv,1350,"End-effector continue rotating the object, by an angle of 30.0 degrees, using gentle force, causing soft-deformation, with constant force."
/home/mdxuser/Genesis/main/data/picked_up_4/csv/adistar_boost_m/Elastic/soft/adistar_boost_m_Elastic_soft.csv,1620,"End-effector holding position of the object, maintaining a stable hold, using gentle force, causing soft-deformation."
/home/mdxuser/Genesis/main/data/picked_up_4/csv/adistar_boost_m/Elastic/soft/adistar_boost_m_Elastic_soft.csv,1890,"End-effector rotating the object, by an angle of 45.0 degrees, using gentle force, causing soft-deformation, with constant force."
/home/mdxuser/Genesis/main/data/picked_up_4/csv/adistar_boost_m/Elastic/soft/adistar_boost_m_Elastic_soft.csv,2160,"End-effector continue rotating the object, by an angle of 45.0 degrees, using gentle force, causing soft-deformation, with constant force."
/home/mdxuser/Genesis/main/data/picked_up_4/csv/adistar_boost_m/Elastic/soft/adistar_boost_m_Elastic_soft.csv,2430,The object has been dropped.
/home/mdxuser/Genesis/main/data/picked_up_4/csv/adistar_boost_m/Elastic/soft/adistar_boost_m_Elastic_soft.csv,2700,The object has been dropped.
/home/mdxuser/Genesis/main/data/picked_up_4/csv/Ecoforms_Cup_B4_SAN/Elastic/soft/Ecoforms_Cup_B4_SAN_Elastic_soft.csv,0,"End-effector start towards the object, to begin the task."
/home/mdxuser/Genesis/main/data/picked_up_4/csv/Ecoforms_Cup_B4_SAN/Elastic/soft/Ecoforms_Cup_B4_SAN_Elastic_soft.csv,270,"End-effector grasping the object, using gentle force, causing soft-deformation, with increasing force."
/home/mdxuser/Genesis/main/data/picked_up_4/csv/Ecoforms_Cup_B4_SAN/Elastic/soft/Ecoforms_Cup_B4_SAN_Elastic_soft.csv,540,"End-effector continue grasping the object, using gentle force, causing soft-deformation, with increasing force."
/home/mdxuser/Genesis/main/data/picked_up_4/csv/Ecoforms_Cup_B4_SAN/Elastic/soft/Ecoforms_Cup_B4_SAN_Elastic_soft.csv,810,"End-effector lifting the object, using gentle force, causing soft-deformation, with increasing force."
/home/mdxuser/Genesis/main/data/picked_up_4/csv/Ecoforms_Cup_B4_SAN/Elastic/soft/Ecoforms_Cup_B4_SAN_Elastic_soft.csv,1080,"End-effector rotating the object, by an angle of 45.0 degrees, using gentle force, causing soft-deformation, with constant force."
/home/mdxuser/Genesis/main/data/picked_up_4/csv/Ecoforms_Cup_B4_SAN/Elastic/soft/Ecoforms_Cup_B4_SAN_Elastic_soft.csv,1350,"End-effector holding position of the object, maintaining a stable hold, using gentle force, causing soft-deformation."
/home/mdxuser/Genesis/main/data/picked_up_4/csv/Ecoforms_Cup_B4_SAN/Elastic/soft/Ecoforms_Cup_B4_SAN_Elastic_soft.csv,1620,"End-effector continue holding position of the object, maintaining a stable hold, using gentle force, causing soft-deformation."
/home/mdxuser/Genesis/main/data/picked_up_4/csv/Ecoforms_Cup_B4_SAN/Elastic/soft/Ecoforms_Cup_B4_SAN_Elastic_soft.csv,1890,"End-effector rotating the object, by an angle of 45.0 degrees, using gentle force, causing soft-deformation, with constant force."
/home/mdxuser/Genesis/main/data/picked_up_4/csv/Ecoforms_Cup_B4_SAN/Elastic/soft/Ecoforms_Cup_B4_SAN_Elastic_soft.csv,2160,The object has been dropped.
/home/mdxuser/Genesis/main/data/picked_up_4/csv/Ecoforms_Cup_B4_SAN/Elastic/soft/Ecoforms_Cup_B4_SAN_Elastic_soft.csv,2430,The object has been dropped.
/home/mdxuser/Genesis/main/data/picked_up_4/csv/Ecoforms_Cup_B4_SAN/Elastic/soft/Ecoforms_Cup_B4_SAN_Elastic_soft.csv,2700,The object has been dropped.
/home/mdxuser/Genesis/main/data/picked_up_4/csv/CHICKEN_NESTING/Elastic/hard/CHICKEN_NESTING_Elastic_hard.csv,0,"End-effector start towards the object, to begin the task."
/home/mdxuser/Genesis/main/data/picked_up_4/csv/CHICKEN_NESTING/Elastic/hard/CHICKEN_NESTING_Elastic_hard.csv,270,"End-effector grasping the object, using strong force, causing hard-deformation, with increasing force."
/home/mdxuser/Genesis/main/data/picked_up_4/csv/CHICKEN_NESTING/Elastic/hard/CHICKEN_NESTING_Elastic_hard.csv,540,"End-effector continue grasping the object, using strong force, causing hard-deformation, with increasing force."
/home/mdxuser/Genesis/main/data/picked_up_4/csv/CHICKEN_NESTING/Elastic/hard/CHICKEN_NESTING_Elastic_hard.csv,810,"End-effector lifting the object, using strong force, causing hard-deformation, with increasing force."
/home/mdxuser/Genesis/main/data/picked_up_4/csv/CHICKEN_NESTING/Elastic/hard/CHICKEN_NESTING_Elastic_hard.csv,1080,"End-effector rotating the object, by an angle of 30.0 degrees, using strong force, causing hard-deformation, with constant force."
/home/mdxuser/Genesis/main/data/picked_up_4/csv/CHICKEN_NESTING/Elastic/hard/CHICKEN_NESTING_Elastic_hard.csv,1350,"End-effector continue rotating the object, by an angle of 30.0 degrees, using strong force, causing hard-deformation, with constant force."
/home/mdxuser/Genesis/main/data/picked_up_4/csv/CHICKEN_NESTING/Elastic/hard/CHICKEN_NESTING_Elastic_hard.csv,1620,"End-effector holding position of the object, maintaining a stable hold, using strong force, causing hard-deformation."
/home/mdxuser/Genesis/main/data/picked_up_4/csv/CHICKEN_NESTING/Elastic/hard/CHICKEN_NESTING_Elastic_hard.csv,1890,"End-effector rotating the object, by an angle of 30.0 degrees, using strong force, causing hard-deformation, with constant force."
/home/mdxuser/Genesis/main/data/picked_up_4/csv/CHICKEN_NESTING/Elastic/hard/CHICKEN_NESTING_Elastic_hard.csv,2160,"End-effector continue rotating the object, by an angle of 30.0 degrees, using strong force, causing hard-deformation, with constant force."
/home/mdxuser/Genesis/main/data/picked_up_4/csv/CHICKEN_NESTING/Elastic/hard/CHICKEN_NESTING_Elastic_hard.csv,2430,"End-effector holding position of the object, maintaining a stable hold, using strong force, causing hard-deformation."
/home/mdxuser/Genesis/main/data/picked_up_4/csv/CHICKEN_NESTING/Elastic/hard/CHICKEN_NESTING_Elastic_hard.csv,2700,"End-effector stopping the object, using zero-force, causing undeformed shape."
/home/mdxuser/Genesis/main/data/picked_up_4/csv/Office_Depot_Canon_CL_41_Remanufactured_Ink_Cartridge_TriColor/Elastic/medium/Office_Depot_Canon_CL_41_Remanufactured_Ink_Cartridge_TriColor_Elastic_medium.csv,0,"End-effector start towards the object, to begin the task."
/home/mdxuser/Genesis/main/data/picked_up_4/csv/Office_Depot_Canon_CL_41_Remanufactured_Ink_Cartridge_TriColor/Elastic/medium/Office_Depot_Canon_CL_41_Remanufactured_Ink_Cartridge_TriColor_Elastic_medium.csv,270,"End-effector grasping the object, using moderate force, causing medium-deformation, with increasing force."
/home/mdxuser/Genesis/main/data/picked_up_4/csv/Office_Depot_Canon_CL_41_Remanufactured_Ink_Cartridge_TriColor/Elastic/medium/Office_Depot_Canon_CL_41_Remanufactured_Ink_Cartridge_TriColor_Elastic_medium.csv,540,"End-effector continue grasping the object, using moderate force, causing medium-deformation, with increasing force."
/home/mdxuser/Genesis/main/data/picked_up_4/csv/Office_Depot_Canon_CL_41_Remanufactured_Ink_Cartridge_TriColor/Elastic/medium/Office_Depot_Canon_CL_41_Remanufactured_Ink_Cartridge_TriColor_Elastic_medium.csv,810,"End-effector lifting the object, using moderate force, causing medium-deformation, with increasing force."
/home/mdxuser/Genesis/main/data/picked_up_4/csv/Office_Depot_Canon_CL_41_Remanufactured_Ink_Cartridge_TriColor/Elastic/medium/Office_Depot_Canon_CL_41_Remanufactured_Ink_Cartridge_TriColor_Elastic_medium.csv,1080,"End-effector rotating the object, by an angle of 30.0 degrees, using moderate force, causing medium-deformation, with constant force."
/home/mdxuser/Genesis/main/data/picked_up_4/csv/Office_Depot_Canon_CL_41_Remanufactured_Ink_Cartridge_TriColor/Elastic/medium/Office_Depot_Canon_CL_41_Remanufactured_Ink_Cartridge_TriColor_Elastic_medium.csv,1350,"End-effector continue rotating the object, by an angle of 30.0 degrees, using moderate force, causing medium-deformation, with constant force."
/home/mdxuser/Genesis/main/data/picked_up_4/csv/Office_Depot_Canon_CL_41_Remanufactured_Ink_Cartridge_TriColor/Elastic/medium/Office_Depot_Canon_CL_41_Remanufactured_Ink_Cartridge_TriColor_Elastic_medium.csv,1620,"End-effector holding position of the object, maintaining a stable hold, using moderate force, causing medium-deformation."
/home/mdxuser/Genesis/main/data/picked_up_4/csv/Office_Depot_Canon_CL_41_Remanufactured_Ink_Cartridge_TriColor/Elastic/medium/Office_Depot_Canon_CL_41_Remanufactured_Ink_Cartridge_TriColor_Elastic_medium.csv,1890,"End-effector rotating the object, by an angle of 45.0 degrees, using moderate force, causing medium-deformation, with constant force."
/home/mdxuser/Genesis/main/data/picked_up_4/csv/Office_Depot_Canon_CL_41_Remanufactured_Ink_Cartridge_TriColor/Elastic/medium/Office_Depot_Canon_CL_41_Remanufactured_Ink_Cartridge_TriColor_Elastic_medium.csv,2160,"End-effector holding position of the object, maintaining a stable hold, using moderate force, causing medium-deformation."
/home/mdxuser/Genesis/main/data/picked_up_4/csv/Office_Depot_Canon_CL_41_Remanufactured_Ink_Cartridge_TriColor/Elastic/medium/Office_Depot_Canon_CL_41_Remanufactured_Ink_Cartridge_TriColor_Elastic_medium.csv,2430,"End-effector continue holding position of the object, maintaining a stable hold, using moderate force, causing medium-deformation."
/home/mdxuser/Genesis/main/data/picked_up_4/csv/Office_Depot_Canon_CL_41_Remanufactured_Ink_Cartridge_TriColor/Elastic/medium/Office_Depot_Canon_CL_41_Remanufactured_Ink_Cartridge_TriColor_Elastic_medium.csv,2700,"End-effector stopping the object, using zero-force, causing undeformed shape."
/home/mdxuser/Genesis/main/data/picked_up_4/csv/Crunch_Girl_Scouts_Candy_Bars_Peanut_Butter_Creme_78_oz_box/Elastic/medium/Crunch_Girl_Scouts_Candy_Bars_Peanut_Butter_Creme_78_oz_box_Elastic_medium.csv,0,"End-effector start towards the object, to begin the task."
/home/mdxuser/Genesis/main/data/picked_up_4/csv/Crunch_Girl_Scouts_Candy_Bars_Peanut_Butter_Creme_78_oz_box/Elastic/medium/Crunch_Girl_Scouts_Candy_Bars_Peanut_Butter_Creme_78_oz_box_Elastic_medium.csv,270,"End-effector grasping the object, using moderate force, causing medium-deformation, with increasing force."
/home/mdxuser/Genesis/main/data/picked_up_4/csv/Crunch_Girl_Scouts_Candy_Bars_Peanut_Butter_Creme_78_oz_box/Elastic/medium/Crunch_Girl_Scouts_Candy_Bars_Peanut_Butter_Creme_78_oz_box_Elastic_medium.csv,540,"End-effector continue grasping the object, using moderate force, causing medium-deformation, with increasing force."
/home/mdxuser/Genesis/main/data/picked_up_4/csv/Crunch_Girl_Scouts_Candy_Bars_Peanut_Butter_Creme_78_oz_box/Elastic/medium/Crunch_Girl_Scouts_Candy_Bars_Peanut_Butter_Creme_78_oz_box_Elastic_medium.csv,810,"End-effector lifting the object, using moderate force, causing medium-deformation, with increasing force."
/home/mdxuser/Genesis/main/data/picked_up_4/csv/Crunch_Girl_Scouts_Candy_Bars_Peanut_Butter_Creme_78_oz_box/Elastic/medium/Crunch_Girl_Scouts_Candy_Bars_Peanut_Butter_Creme_78_oz_box_Elastic_medium.csv,1080,"End-effector rotating the object, by an angle of 45.0 degrees, using moderate force, causing medium-deformation, with constant force."
/home/mdxuser/Genesis/main/data/picked_up_4/csv/Crunch_Girl_Scouts_Candy_Bars_Peanut_Butter_Creme_78_oz_box/Elastic/medium/Crunch_Girl_Scouts_Candy_Bars_Peanut_Butter_Creme_78_oz_box_Elastic_medium.csv,1350,"End-effector continue rotating the object, by an angle of 45.0 degrees, using moderate force, causing medium-deformation, with constant force."
/home/mdxuser/Genesis/main/data/picked_up_4/csv/Crunch_Girl_Scouts_Candy_Bars_Peanut_Butter_Creme_78_oz_box/Elastic/medium/Crunch_Girl_Scouts_Candy_Bars_Peanut_Butter_Creme_78_oz_box_Elastic_medium.csv,1620,"End-effector holding position of the object, maintaining a stable hold, using moderate force, causing medium-deformation."
/home/mdxuser/Genesis/main/data/picked_up_4/csv/Crunch_Girl_Scouts_Candy_Bars_Peanut_Butter_Creme_78_oz_box/Elastic/medium/Crunch_Girl_Scouts_Candy_Bars_Peanut_Butter_Creme_78_oz_box_Elastic_medium.csv,1890,The object has been dropped.
/home/mdxuser/Genesis/main/data/picked_up_4/csv/Crunch_Girl_Scouts_Candy_Bars_Peanut_Butter_Creme_78_oz_box/Elastic/medium/Crunch_Girl_Scouts_Candy_Bars_Peanut_Butter_Creme_78_oz_box_Elastic_medium.csv,2160,The object has been dropped.
/home/mdxuser/Genesis/main/data/picked_up_4/csv/Crunch_Girl_Scouts_Candy_Bars_Peanut_Butter_Creme_78_oz_box/Elastic/medium/Crunch_Girl_Scouts_Candy_Bars_Peanut_Butter_Creme_78_oz_box_Elastic_medium.csv,2430,The object has been dropped.
/home/mdxuser/Genesis/main/data/picked_up_4/csv/Crunch_Girl_Scouts_Candy_Bars_Peanut_Butter_Creme_78_oz_box/Elastic/medium/Crunch_Girl_Scouts_Candy_Bars_Peanut_Butter_Creme_78_oz_box_Elastic_medium.csv,2700,The object has been dropped.
/home/mdxuser/Genesis/main/data/picked_up_4/csv/ClimaCool_Aerate_2_W_Wide/Elastic/medium/ClimaCool_Aerate_2_W_Wide_Elastic_medium.csv,0,"End-effector start towards the object, to begin the task."
/home/mdxuser/Genesis/main/data/picked_up_4/csv/ClimaCool_Aerate_2_W_Wide/Elastic/medium/ClimaCool_Aerate_2_W_Wide_Elastic_medium.csv,270,"End-effector grasping the object, using moderate force, causing medium-deformation, with increasing force."
/home/mdxuser/Genesis/main/data/picked_up_4/csv/ClimaCool_Aerate_2_W_Wide/Elastic/medium/ClimaCool_Aerate_2_W_Wide_Elastic_medium.csv,540,"End-effector continue grasping the object, using moderate force, causing medium-deformation, with increasing force."
/home/mdxuser/Genesis/main/data/picked_up_4/csv/ClimaCool_Aerate_2_W_Wide/Elastic/medium/ClimaCool_Aerate_2_W_Wide_Elastic_medium.csv,810,"End-effector lifting the object, using moderate force, causing medium-deformation, with increasing force."
/home/mdxuser/Genesis/main/data/picked_up_4/csv/ClimaCool_Aerate_2_W_Wide/Elastic/medium/ClimaCool_Aerate_2_W_Wide_Elastic_medium.csv,1080,"End-effector rotating the object, by an angle of 45.0 degrees, using moderate force, causing medium-deformation, with constant force."
/home/mdxuser/Genesis/main/data/picked_up_4/csv/ClimaCool_Aerate_2_W_Wide/Elastic/medium/ClimaCool_Aerate_2_W_Wide_Elastic_medium.csv,1350,"End-effector holding position of the object, maintaining a stable hold, using moderate force, causing medium-deformation."
/home/mdxuser/Genesis/main/data/picked_up_4/csv/ClimaCool_Aerate_2_W_Wide/Elastic/medium/ClimaCool_Aerate_2_W_Wide_Elastic_medium.csv,1620,"End-effector continue holding position of the object, maintaining a stable hold, using moderate force, causing medium-deformation."
/home/mdxuser/Genesis/main/data/picked_up_4/csv/ClimaCool_Aerate_2_W_Wide/Elastic/medium/ClimaCool_Aerate_2_W_Wide_Elastic_medium.csv,1890,The object has been dropped.
/home/mdxuser/Genesis/main/data/picked_up_4/csv/ClimaCool_Aerate_2_W_Wide/Elastic/medium/ClimaCool_Aerate_2_W_Wide_Elastic_medium.csv,2160,The object has been dropped.
/home/mdxuser/Genesis/main/data/picked_up_4/csv/ClimaCool_Aerate_2_W_Wide/Elastic/medium/ClimaCool_Aerate_2_W_Wide_Elastic_medium.csv,2430,The object has been dropped.
/home/mdxuser/Genesis/main/data/picked_up_4/csv/ClimaCool_Aerate_2_W_Wide/Elastic/medium/ClimaCool_Aerate_2_W_Wide_Elastic_medium.csv,2700,The object has been dropped.
/home/mdxuser/Genesis/main/data/picked_up_4/csv/adizero_F50_TRX_FG_LEA/Elastic/hard/adizero_F50_TRX_FG_LEA_Elastic_hard.csv,0,"End-effector start towards the object, to begin the task."
/home/mdxuser/Genesis/main/data/picked_up_4/csv/adizero_F50_TRX_FG_LEA/Elastic/hard/adizero_F50_TRX_FG_LEA_Elastic_hard.csv,270,"End-effector grasping the object, using strong force, causing hard-deformation, with increasing force."
/home/mdxuser/Genesis/main/data/picked_up_4/csv/adizero_F50_TRX_FG_LEA/Elastic/hard/adizero_F50_TRX_FG_LEA_Elastic_hard.csv,540,"End-effector continue grasping the object, using strong force, causing hard-deformation, with increasing force."
/home/mdxuser/Genesis/main/data/picked_up_4/csv/adizero_F50_TRX_FG_LEA/Elastic/hard/adizero_F50_TRX_FG_LEA_Elastic_hard.csv,810,"End-effector lifting the object, using strong force, causing hard-deformation, with increasing force."
/home/mdxuser/Genesis/main/data/picked_up_4/csv/adizero_F50_TRX_FG_LEA/Elastic/hard/adizero_F50_TRX_FG_LEA_Elastic_hard.csv,1080,"End-effector rotating the object, by an angle of 45.0 degrees, using strong force, causing hard-deformation, with constant force."
/home/mdxuser/Genesis/main/data/picked_up_4/csv/adizero_F50_TRX_FG_LEA/Elastic/hard/adizero_F50_TRX_FG_LEA_Elastic_hard.csv,1350,"End-effector continue rotating the object, by an angle of 45.0 degrees, using strong force, causing hard-deformation, with constant force."
/home/mdxuser/Genesis/main/data/picked_up_4/csv/adizero_F50_TRX_FG_LEA/Elastic/hard/adizero_F50_TRX_FG_LEA_Elastic_hard.csv,1620,The object has been dropped.
/home/mdxuser/Genesis/main/data/picked_up_4/csv/adizero_F50_TRX_FG_LEA/Elastic/hard/adizero_F50_TRX_FG_LEA_Elastic_hard.csv,1890,The object has been dropped.
/home/mdxuser/Genesis/main/data/picked_up_4/csv/adizero_F50_TRX_FG_LEA/Elastic/hard/adizero_F50_TRX_FG_LEA_Elastic_hard.csv,2160,The object has been dropped.
/home/mdxuser/Genesis/main/data/picked_up_4/csv/adizero_F50_TRX_FG_LEA/Elastic/hard/adizero_F50_TRX_FG_LEA_Elastic_hard.csv,2430,The object has been dropped.
/home/mdxuser/Genesis/main/data/picked_up_4/csv/adizero_F50_TRX_FG_LEA/Elastic/hard/adizero_F50_TRX_FG_LEA_Elastic_hard.csv,2700,The object has been dropped.
/home/mdxuser/Genesis/main/data/picked_up_4/csv/ASICS_GELChallenger_9_Royal_BlueWhiteBlack/Elastic/hard/ASICS_GELChallenger_9_Royal_BlueWhiteBlack_Elastic_hard.csv,0,"End-effector start towards the object, to begin the task."
/home/mdxuser/Genesis/main/data/picked_up_4/csv/ASICS_GELChallenger_9_Royal_BlueWhiteBlack/Elastic/hard/ASICS_GELChallenger_9_Royal_BlueWhiteBlack_Elastic_hard.csv,270,"End-effector grasping the object, using strong force, causing hard-deformation, with increasing force."
/home/mdxuser/Genesis/main/data/picked_up_4/csv/ASICS_GELChallenger_9_Royal_BlueWhiteBlack/Elastic/hard/ASICS_GELChallenger_9_Royal_BlueWhiteBlack_Elastic_hard.csv,540,"End-effector continue grasping the object, using strong force, causing hard-deformation, with increasing force."
/home/mdxuser/Genesis/main/data/picked_up_4/csv/ASICS_GELChallenger_9_Royal_BlueWhiteBlack/Elastic/hard/ASICS_GELChallenger_9_Royal_BlueWhiteBlack_Elastic_hard.csv,810,"End-effector lifting the object, using strong force, causing hard-deformation, with increasing force."
/home/mdxuser/Genesis/main/data/picked_up_4/csv/ASICS_GELChallenger_9_Royal_BlueWhiteBlack/Elastic/hard/ASICS_GELChallenger_9_Royal_BlueWhiteBlack_Elastic_hard.csv,1080,"End-effector rotating the object, by an angle of 30.0 degrees, using strong force, causing hard-deformation, with constant force."
/home/mdxuser/Genesis/main/data/picked_up_4/csv/ASICS_GELChallenger_9_Royal_BlueWhiteBlack/Elastic/hard/ASICS_GELChallenger_9_Royal_BlueWhiteBlack_Elastic_hard.csv,1350,"End-effector continue rotating the object, by an angle of 30.0 degrees, using strong force, causing hard-deformation, with constant force."
/home/mdxuser/Genesis/main/data/picked_up_4/csv/ASICS_GELChallenger_9_Royal_BlueWhiteBlack/Elastic/hard/ASICS_GELChallenger_9_Royal_BlueWhiteBlack_Elastic_hard.csv,1620,"End-effector holding position of the object, maintaining a stable hold, using strong force, causing hard-deformation."
/home/mdxuser/Genesis/main/data/picked_up_4/csv/ASICS_GELChallenger_9_Royal_BlueWhiteBlack/Elastic/hard/ASICS_GELChallenger_9_Royal_BlueWhiteBlack_Elastic_hard.csv,1890,"End-effector rotating the object, by an angle of 30.0 degrees, using strong force, causing hard-deformation, with constant force."
/home/mdxuser/Genesis/main/data/picked_up_4/csv/ASICS_GELChallenger_9_Royal_BlueWhiteBlack/Elastic/hard/ASICS_GELChallenger_9_Royal_BlueWhiteBlack_Elastic_hard.csv,2160,"End-effector continue rotating the object, by an angle of 30.0 degrees, using strong force, causing hard-deformation, with constant force."
/home/mdxuser/Genesis/main/data/picked_up_4/csv/ASICS_GELChallenger_9_Royal_BlueWhiteBlack/Elastic/hard/ASICS_GELChallenger_9_Royal_BlueWhiteBlack_Elastic_hard.csv,2430,"End-effector holding position of the object, maintaining a stable hold, using strong force, causing hard-deformation."
/home/mdxuser/Genesis/main/data/picked_up_4/csv/ASICS_GELChallenger_9_Royal_BlueWhiteBlack/Elastic/hard/ASICS_GELChallenger_9_Royal_BlueWhiteBlack_Elastic_hard.csv,2700,"End-effector stopping the object, using zero-force, causing undeformed shape."
/home/mdxuser/Genesis/main/data/picked_up_4/csv/ASICS_HyperRocketgirl_SP_5_WhiteMalibu_BlueBlack/Elastic/hard/ASICS_HyperRocketgirl_SP_5_WhiteMalibu_BlueBlack_Elastic_hard.csv,0,"End-effector start towards the object, to begin the task."
/home/mdxuser/Genesis/main/data/picked_up_4/csv/ASICS_HyperRocketgirl_SP_5_WhiteMalibu_BlueBlack/Elastic/hard/ASICS_HyperRocketgirl_SP_5_WhiteMalibu_BlueBlack_Elastic_hard.csv,270,"End-effector grasping the object, using strong force, causing hard-deformation, with increasing force."
/home/mdxuser/Genesis/main/data/picked_up_4/csv/ASICS_HyperRocketgirl_SP_5_WhiteMalibu_BlueBlack/Elastic/hard/ASICS_HyperRocketgirl_SP_5_WhiteMalibu_BlueBlack_Elastic_hard.csv,540,"End-effector continue grasping the object, using strong force, causing hard-deformation, with increasing force."
/home/mdxuser/Genesis/main/data/picked_up_4/csv/ASICS_HyperRocketgirl_SP_5_WhiteMalibu_BlueBlack/Elastic/hard/ASICS_HyperRocketgirl_SP_5_WhiteMalibu_BlueBlack_Elastic_hard.csv,810,"End-effector lifting the object, using strong force, causing hard-deformation, with increasing force."
/home/mdxuser/Genesis/main/data/picked_up_4/csv/ASICS_HyperRocketgirl_SP_5_WhiteMalibu_BlueBlack/Elastic/hard/ASICS_HyperRocketgirl_SP_5_WhiteMalibu_BlueBlack_Elastic_hard.csv,1080,"End-effector rotating the object, by an angle of 30.0 degrees, using strong force, causing hard-deformation, with constant force."
/home/mdxuser/Genesis/main/data/picked_up_4/csv/ASICS_HyperRocketgirl_SP_5_WhiteMalibu_BlueBlack/Elastic/hard/ASICS_HyperRocketgirl_SP_5_WhiteMalibu_BlueBlack_Elastic_hard.csv,1350,"End-effector continue rotating the object, by an angle of 30.0 degrees, using strong force, causing hard-deformation, with constant force."
/home/mdxuser/Genesis/main/data/picked_up_4/csv/ASICS_HyperRocketgirl_SP_5_WhiteMalibu_BlueBlack/Elastic/hard/ASICS_HyperRocketgirl_SP_5_WhiteMalibu_BlueBlack_Elastic_hard.csv,1620,"End-effector holding position of the object, maintaining a stable hold, using strong force, causing hard-deformation."
/home/mdxuser/Genesis/main/data/picked_up_4/csv/ASICS_HyperRocketgirl_SP_5_WhiteMalibu_BlueBlack/Elastic/hard/ASICS_HyperRocketgirl_SP_5_WhiteMalibu_BlueBlack_Elastic_hard.csv,1890,"End-effector rotating the object, by an angle of 30.0 degrees, using strong force, causing hard-deformation, with constant force."
/home/mdxuser/Genesis/main/data/picked_up_4/csv/ASICS_HyperRocketgirl_SP_5_WhiteMalibu_BlueBlack/Elastic/hard/ASICS_HyperRocketgirl_SP_5_WhiteMalibu_BlueBlack_Elastic_hard.csv,2160,"End-effector continue rotating the object, by an angle of 30.0 degrees, using strong force, causing hard-deformation, with constant force."
/home/mdxuser/Genesis/main/data/picked_up_4/csv/ASICS_HyperRocketgirl_SP_5_WhiteMalibu_BlueBlack/Elastic/hard/ASICS_HyperRocketgirl_SP_5_WhiteMalibu_BlueBlack_Elastic_hard.csv,2430,"End-effector holding position of the object, maintaining a stable hold, using strong force, causing hard-deformation."
/home/mdxuser/Genesis/main/data/picked_up_4/csv/ASICS_HyperRocketgirl_SP_5_WhiteMalibu_BlueBlack/Elastic/hard/ASICS_HyperRocketgirl_SP_5_WhiteMalibu_BlueBlack_Elastic_hard.csv,2700,The object has been dropped.
/home/mdxuser/Genesis/main/data/picked_up_4/csv/Crayola_Model_Magic_Modeling_Material_Single_Packs_6_pack_05_oz_packs/Elastic/soft/Crayola_Model_Magic_Modeling_Material_Single_Packs_6_pack_05_oz_packs_Elastic_soft.csv,0,"End-effector start towards the object, to begin the task."
/home/mdxuser/Genesis/main/data/picked_up_4/csv/Crayola_Model_Magic_Modeling_Material_Single_Packs_6_pack_05_oz_packs/Elastic/soft/Crayola_Model_Magic_Modeling_Material_Single_Packs_6_pack_05_oz_packs_Elastic_soft.csv,270,"End-effector grasping the object, using gentle force, causing soft-deformation, with increasing force."
/home/mdxuser/Genesis/main/data/picked_up_4/csv/Crayola_Model_Magic_Modeling_Material_Single_Packs_6_pack_05_oz_packs/Elastic/soft/Crayola_Model_Magic_Modeling_Material_Single_Packs_6_pack_05_oz_packs_Elastic_soft.csv,540,"End-effector continue grasping the object, using gentle force, causing soft-deformation, with increasing force."
/home/mdxuser/Genesis/main/data/picked_up_4/csv/Crayola_Model_Magic_Modeling_Material_Single_Packs_6_pack_05_oz_packs/Elastic/soft/Crayola_Model_Magic_Modeling_Material_Single_Packs_6_pack_05_oz_packs_Elastic_soft.csv,810,"End-effector lifting the object, using gentle force, causing soft-deformation, with increasing force."
/home/mdxuser/Genesis/main/data/picked_up_4/csv/Crayola_Model_Magic_Modeling_Material_Single_Packs_6_pack_05_oz_packs/Elastic/soft/Crayola_Model_Magic_Modeling_Material_Single_Packs_6_pack_05_oz_packs_Elastic_soft.csv,1080,"End-effector rotating the object, by an angle of 45.0 degrees, using gentle force, causing soft-deformation, with constant force."
/home/mdxuser/Genesis/main/data/picked_up_4/csv/Crayola_Model_Magic_Modeling_Material_Single_Packs_6_pack_05_oz_packs/Elastic/soft/Crayola_Model_Magic_Modeling_Material_Single_Packs_6_pack_05_oz_packs_Elastic_soft.csv,1350,"End-effector continue rotating the object, by an angle of 45.0 degrees, using gentle force, causing soft-deformation, with constant force."
/home/mdxuser/Genesis/main/data/picked_up_4/csv/Crayola_Model_Magic_Modeling_Material_Single_Packs_6_pack_05_oz_packs/Elastic/soft/Crayola_Model_Magic_Modeling_Material_Single_Packs_6_pack_05_oz_packs_Elastic_soft.csv,1620,The object has been dropped.
/home/mdxuser/Genesis/main/data/picked_up_4/csv/Crayola_Model_Magic_Modeling_Material_Single_Packs_6_pack_05_oz_packs/Elastic/soft/Crayola_Model_Magic_Modeling_Material_Single_Packs_6_pack_05_oz_packs_Elastic_soft.csv,1890,The object has been dropped.
/home/mdxuser/Genesis/main/data/picked_up_4/csv/Crayola_Model_Magic_Modeling_Material_Single_Packs_6_pack_05_oz_packs/Elastic/soft/Crayola_Model_Magic_Modeling_Material_Single_Packs_6_pack_05_oz_packs_Elastic_soft.csv,2160,The object has been dropped.
/home/mdxuser/Genesis/main/data/picked_up_4/csv/Crayola_Model_Magic_Modeling_Material_Single_Packs_6_pack_05_oz_packs/Elastic/soft/Crayola_Model_Magic_Modeling_Material_Single_Packs_6_pack_05_oz_packs_Elastic_soft.csv,2430,The object has been dropped.
/home/mdxuser/Genesis/main/data/picked_up_4/csv/Crayola_Model_Magic_Modeling_Material_Single_Packs_6_pack_05_oz_packs/Elastic/soft/Crayola_Model_Magic_Modeling_Material_Single_Packs_6_pack_05_oz_packs_Elastic_soft.csv,2700,The object has been dropped.
/home/mdxuser/Genesis/main/data/picked_up_4/csv/Beetle_Adventure_Racing_Nintendo_64/Elastic/soft/Beetle_Adventure_Racing_Nintendo_64_Elastic_soft.csv,0,"End-effector start towards the object, to begin the task."
/home/mdxuser/Genesis/main/data/picked_up_4/csv/Beetle_Adventure_Racing_Nintendo_64/Elastic/soft/Beetle_Adventure_Racing_Nintendo_64_Elastic_soft.csv,270,"End-effector grasping the object, using gentle force, causing soft-deformation, with increasing force."
/home/mdxuser/Genesis/main/data/picked_up_4/csv/Beetle_Adventure_Racing_Nintendo_64/Elastic/soft/Beetle_Adventure_Racing_Nintendo_64_Elastic_soft.csv,540,"End-effector continue grasping the object, using gentle force, causing soft-deformation, with increasing force."
/home/mdxuser/Genesis/main/data/picked_up_4/csv/Beetle_Adventure_Racing_Nintendo_64/Elastic/soft/Beetle_Adventure_Racing_Nintendo_64_Elastic_soft.csv,810,"End-effector lifting the object, using gentle force, causing soft-deformation, with increasing force."
/home/mdxuser/Genesis/main/data/picked_up_4/csv/Beetle_Adventure_Racing_Nintendo_64/Elastic/soft/Beetle_Adventure_Racing_Nintendo_64_Elastic_soft.csv,1080,"End-effector rotating the object, by an angle of 45.0 degrees, using gentle force, causing soft-deformation, with constant force."
/home/mdxuser/Genesis/main/data/picked_up_4/csv/Beetle_Adventure_Racing_Nintendo_64/Elastic/soft/Beetle_Adventure_Racing_Nintendo_64_Elastic_soft.csv,1350,"End-effector continue rotating the object, by an angle of 45.0 degrees, using gentle force, causing soft-deformation, with constant force."
/home/mdxuser/Genesis/main/data/picked_up_4/csv/Beetle_Adventure_Racing_Nintendo_64/Elastic/soft/Beetle_Adventure_Racing_Nintendo_64_Elastic_soft.csv,1620,"End-effector holding position of the object, maintaining a stable hold, using gentle force, causing soft-deformation."
/home/mdxuser/Genesis/main/data/picked_up_4/csv/Beetle_Adventure_Racing_Nintendo_64/Elastic/soft/Beetle_Adventure_Racing_Nintendo_64_Elastic_soft.csv,1890,"End-effector rotating the object, by an angle of 45.0 degrees, using gentle force, causing soft-deformation, with constant force."
/home/mdxuser/Genesis/main/data/picked_up_4/csv/Beetle_Adventure_Racing_Nintendo_64/Elastic/soft/Beetle_Adventure_Racing_Nintendo_64_Elastic_soft.csv,2160,"End-effector continue rotating the object, by an angle of 45.0 degrees, using gentle force, causing soft-deformation, with constant force."
/home/mdxuser/Genesis/main/data/picked_up_4/csv/Beetle_Adventure_Racing_Nintendo_64/Elastic/soft/Beetle_Adventure_Racing_Nintendo_64_Elastic_soft.csv,2430,"End-effector holding position of the object, maintaining a stable hold, using gentle force, causing soft-deformation."
/home/mdxuser/Genesis/main/data/picked_up_4/csv/Beetle_Adventure_Racing_Nintendo_64/Elastic/soft/Beetle_Adventure_Racing_Nintendo_64_Elastic_soft.csv,2700,"End-effector stopping the object, using zero-force, causing undeformed shape."
/home/mdxuser/Genesis/main/data/picked_up_4/csv/Borage_GLA240Gamma_Tocopherol/Elastic/hard/Borage_GLA240Gamma_Tocopherol_Elastic_hard.csv,0,"End-effector start towards the object, to begin the task."
/home/mdxuser/Genesis/main/data/picked_up_4/csv/Borage_GLA240Gamma_Tocopherol/Elastic/hard/Borage_GLA240Gamma_Tocopherol_Elastic_hard.csv,270,"End-effector grasping the object, using strong force, causing hard-deformation, with increasing force."
/home/mdxuser/Genesis/main/data/picked_up_4/csv/Borage_GLA240Gamma_Tocopherol/Elastic/hard/Borage_GLA240Gamma_Tocopherol_Elastic_hard.csv,540,"End-effector continue grasping the object, using strong force, causing hard-deformation, with increasing force."
/home/mdxuser/Genesis/main/data/picked_up_4/csv/Borage_GLA240Gamma_Tocopherol/Elastic/hard/Borage_GLA240Gamma_Tocopherol_Elastic_hard.csv,810,"End-effector lifting the object, using strong force, causing hard-deformation, with increasing force."
/home/mdxuser/Genesis/main/data/picked_up_4/csv/Borage_GLA240Gamma_Tocopherol/Elastic/hard/Borage_GLA240Gamma_Tocopherol_Elastic_hard.csv,1080,"End-effector rotating the object, by an angle of 45.0 degrees, using strong force, causing hard-deformation, with constant force."
/home/mdxuser/Genesis/main/data/picked_up_4/csv/Borage_GLA240Gamma_Tocopherol/Elastic/hard/Borage_GLA240Gamma_Tocopherol_Elastic_hard.csv,1350,"End-effector continue rotating the object, by an angle of 45.0 degrees, using strong force, causing hard-deformation, with constant force."
/home/mdxuser/Genesis/main/data/picked_up_4/csv/Borage_GLA240Gamma_Tocopherol/Elastic/hard/Borage_GLA240Gamma_Tocopherol_Elastic_hard.csv,1620,"End-effector holding position of the object, maintaining a stable hold, using strong force, causing hard-deformation."
/home/mdxuser/Genesis/main/data/picked_up_4/csv/Borage_GLA240Gamma_Tocopherol/Elastic/hard/Borage_GLA240Gamma_Tocopherol_Elastic_hard.csv,1890,"End-effector rotating the object, by an angle of 45.0 degrees, using strong force, causing hard-deformation, with constant force."
/home/mdxuser/Genesis/main/data/picked_up_4/csv/Borage_GLA240Gamma_Tocopherol/Elastic/hard/Borage_GLA240Gamma_Tocopherol_Elastic_hard.csv,2160,"End-effector holding position of the object, maintaining a stable hold, using strong force, causing hard-deformation."
/home/mdxuser/Genesis/main/data/picked_up_4/csv/Borage_GLA240Gamma_Tocopherol/Elastic/hard/Borage_GLA240Gamma_Tocopherol_Elastic_hard.csv,2430,"End-effector continue holding position of the object, maintaining a stable hold, using strong force, causing hard-deformation."
/home/mdxuser/Genesis/main/data/picked_up_4/csv/Borage_GLA240Gamma_Tocopherol/Elastic/hard/Borage_GLA240Gamma_Tocopherol_Elastic_hard.csv,2700,"End-effector stopping the object, using zero-force, causing undeformed shape."
/home/mdxuser/Genesis/main/data/picked_up_4/csv/Orbit_Bubblemint_Mini_Bottle_6_ct/Elastic/medium/Orbit_Bubblemint_Mini_Bottle_6_ct_Elastic_medium.csv,0,"End-effector start towards the object, to begin the task."
/home/mdxuser/Genesis/main/data/picked_up_4/csv/Orbit_Bubblemint_Mini_Bottle_6_ct/Elastic/medium/Orbit_Bubblemint_Mini_Bottle_6_ct_Elastic_medium.csv,270,"End-effector grasping the object, using moderate force, causing medium-deformation, with increasing force."
/home/mdxuser/Genesis/main/data/picked_up_4/csv/Orbit_Bubblemint_Mini_Bottle_6_ct/Elastic/medium/Orbit_Bubblemint_Mini_Bottle_6_ct_Elastic_medium.csv,540,"End-effector continue grasping the object, using moderate force, causing medium-deformation, with increasing force."
/home/mdxuser/Genesis/main/data/picked_up_4/csv/Orbit_Bubblemint_Mini_Bottle_6_ct/Elastic/medium/Orbit_Bubblemint_Mini_Bottle_6_ct_Elastic_medium.csv,810,"End-effector lifting the object, using moderate force, causing medium-deformation, with increasing force."
/home/mdxuser/Genesis/main/data/picked_up_4/csv/Orbit_Bubblemint_Mini_Bottle_6_ct/Elastic/medium/Orbit_Bubblemint_Mini_Bottle_6_ct_Elastic_medium.csv,1080,"End-effector rotating the object, by an angle of 30.0 degrees, using moderate force, causing medium-deformation, with constant force."
/home/mdxuser/Genesis/main/data/picked_up_4/csv/Orbit_Bubblemint_Mini_Bottle_6_ct/Elastic/medium/Orbit_Bubblemint_Mini_Bottle_6_ct_Elastic_medium.csv,1350,"End-effector continue rotating the object, by an angle of 30.0 degrees, using moderate force, causing medium-deformation, with constant force."
/home/mdxuser/Genesis/main/data/picked_up_4/csv/Orbit_Bubblemint_Mini_Bottle_6_ct/Elastic/medium/Orbit_Bubblemint_Mini_Bottle_6_ct_Elastic_medium.csv,1620,The object has been dropped.
/home/mdxuser/Genesis/main/data/picked_up_4/csv/Orbit_Bubblemint_Mini_Bottle_6_ct/Elastic/medium/Orbit_Bubblemint_Mini_Bottle_6_ct_Elastic_medium.csv,1890,The object has been dropped.
/home/mdxuser/Genesis/main/data/picked_up_4/csv/Orbit_Bubblemint_Mini_Bottle_6_ct/Elastic/medium/Orbit_Bubblemint_Mini_Bottle_6_ct_Elastic_medium.csv,2160,The object has been dropped.
/home/mdxuser/Genesis/main/data/picked_up_4/csv/Orbit_Bubblemint_Mini_Bottle_6_ct/Elastic/medium/Orbit_Bubblemint_Mini_Bottle_6_ct_Elastic_medium.csv,2430,The object has been dropped.
/home/mdxuser/Genesis/main/data/picked_up_4/csv/Orbit_Bubblemint_Mini_Bottle_6_ct/Elastic/medium/Orbit_Bubblemint_Mini_Bottle_6_ct_Elastic_medium.csv,2700,The object has been dropped.
/home/mdxuser/Genesis/main/data/picked_up_4/csv/Mens_ASV_Shock_Light_Bungee_in_Light_Grey_xGCOvtLDnQJ/Elastic/soft/Mens_ASV_Shock_Light_Bungee_in_Light_Grey_xGCOvtLDnQJ_Elastic_soft.csv,0,"End-effector start towards the object, to begin the task."
/home/mdxuser/Genesis/main/data/picked_up_4/csv/Mens_ASV_Shock_Light_Bungee_in_Light_Grey_xGCOvtLDnQJ/Elastic/soft/Mens_ASV_Shock_Light_Bungee_in_Light_Grey_xGCOvtLDnQJ_Elastic_soft.csv,270,"End-effector grasping the object, using gentle force, causing soft-deformation, with increasing force."
/home/mdxuser/Genesis/main/data/picked_up_4/csv/Mens_ASV_Shock_Light_Bungee_in_Light_Grey_xGCOvtLDnQJ/Elastic/soft/Mens_ASV_Shock_Light_Bungee_in_Light_Grey_xGCOvtLDnQJ_Elastic_soft.csv,540,"End-effector continue grasping the object, using gentle force, causing soft-deformation, with increasing force."
/home/mdxuser/Genesis/main/data/picked_up_4/csv/Mens_ASV_Shock_Light_Bungee_in_Light_Grey_xGCOvtLDnQJ/Elastic/soft/Mens_ASV_Shock_Light_Bungee_in_Light_Grey_xGCOvtLDnQJ_Elastic_soft.csv,810,"End-effector lifting the object, using gentle force, causing soft-deformation, with increasing force."
/home/mdxuser/Genesis/main/data/picked_up_4/csv/Mens_ASV_Shock_Light_Bungee_in_Light_Grey_xGCOvtLDnQJ/Elastic/soft/Mens_ASV_Shock_Light_Bungee_in_Light_Grey_xGCOvtLDnQJ_Elastic_soft.csv,1080,"End-effector rotating the object, by an angle of 45.0 degrees, using gentle force, causing soft-deformation, with constant force."
/home/mdxuser/Genesis/main/data/picked_up_4/csv/Mens_ASV_Shock_Light_Bungee_in_Light_Grey_xGCOvtLDnQJ/Elastic/soft/Mens_ASV_Shock_Light_Bungee_in_Light_Grey_xGCOvtLDnQJ_Elastic_soft.csv,1350,"End-effector holding position of the object, maintaining a stable hold, using gentle force, causing soft-deformation."
/home/mdxuser/Genesis/main/data/picked_up_4/csv/Mens_ASV_Shock_Light_Bungee_in_Light_Grey_xGCOvtLDnQJ/Elastic/soft/Mens_ASV_Shock_Light_Bungee_in_Light_Grey_xGCOvtLDnQJ_Elastic_soft.csv,1620,"End-effector continue holding position of the object, maintaining a stable hold, using gentle force, causing soft-deformation."
/home/mdxuser/Genesis/main/data/picked_up_4/csv/Mens_ASV_Shock_Light_Bungee_in_Light_Grey_xGCOvtLDnQJ/Elastic/soft/Mens_ASV_Shock_Light_Bungee_in_Light_Grey_xGCOvtLDnQJ_Elastic_soft.csv,1890,The object has been dropped.
/home/mdxuser/Genesis/main/data/picked_up_4/csv/Mens_ASV_Shock_Light_Bungee_in_Light_Grey_xGCOvtLDnQJ/Elastic/soft/Mens_ASV_Shock_Light_Bungee_in_Light_Grey_xGCOvtLDnQJ_Elastic_soft.csv,2160,The object has been dropped.
/home/mdxuser/Genesis/main/data/picked_up_4/csv/Mens_ASV_Shock_Light_Bungee_in_Light_Grey_xGCOvtLDnQJ/Elastic/soft/Mens_ASV_Shock_Light_Bungee_in_Light_Grey_xGCOvtLDnQJ_Elastic_soft.csv,2430,The object has been dropped.
/home/mdxuser/Genesis/main/data/picked_up_4/csv/Mens_ASV_Shock_Light_Bungee_in_Light_Grey_xGCOvtLDnQJ/Elastic/soft/Mens_ASV_Shock_Light_Bungee_in_Light_Grey_xGCOvtLDnQJ_Elastic_soft.csv,2700,The object has been dropped.
/home/mdxuser/Genesis/main/data/picked_up_4/csv/BUNNY_RACER/Elastic/medium/BUNNY_RACER_Elastic_medium.csv,0,"End-effector start towards the object, to begin the task."
/home/mdxuser/Genesis/main/data/picked_up_4/csv/BUNNY_RACER/Elastic/medium/BUNNY_RACER_Elastic_medium.csv,270,"End-effector grasping the object, using moderate force, causing medium-deformation, with increasing force."
/home/mdxuser/Genesis/main/data/picked_up_4/csv/BUNNY_RACER/Elastic/medium/BUNNY_RACER_Elastic_medium.csv,540,"End-effector continue grasping the object, using moderate force, causing medium-deformation, with increasing force."
/home/mdxuser/Genesis/main/data/picked_up_4/csv/BUNNY_RACER/Elastic/medium/BUNNY_RACER_Elastic_medium.csv,810,"End-effector lifting the object, using moderate force, causing medium-deformation, with increasing force."
/home/mdxuser/Genesis/main/data/picked_up_4/csv/BUNNY_RACER/Elastic/medium/BUNNY_RACER_Elastic_medium.csv,1080,"End-effector rotating the object, by an angle of 30.0 degrees, using moderate force, causing medium-deformation, with constant force."
/home/mdxuser/Genesis/main/data/picked_up_4/csv/BUNNY_RACER/Elastic/medium/BUNNY_RACER_Elastic_medium.csv,1350,"End-effector continue rotating the object, by an angle of 30.0 degrees, using moderate force, causing medium-deformation, with constant force."
/home/mdxuser/Genesis/main/data/picked_up_4/csv/BUNNY_RACER/Elastic/medium/BUNNY_RACER_Elastic_medium.csv,1620,"End-effector holding position of the object, maintaining a stable hold, using moderate force, causing medium-deformation."
/home/mdxuser/Genesis/main/data/picked_up_4/csv/BUNNY_RACER/Elastic/medium/BUNNY_RACER_Elastic_medium.csv,1890,"End-effector rotating the object, by an angle of 30.0 degrees, using moderate force, causing medium-deformation, with constant force."
/home/mdxuser/Genesis/main/data/picked_up_4/csv/BUNNY_RACER/Elastic/medium/BUNNY_RACER_Elastic_medium.csv,2160,"End-effector continue rotating the object, by an angle of 30.0 degrees, using moderate force, causing medium-deformation, with constant force."
/home/mdxuser/Genesis/main/data/picked_up_4/csv/BUNNY_RACER/Elastic/medium/BUNNY_RACER_Elastic_medium.csv,2430,"End-effector holding position of the object, maintaining a stable hold, using moderate force, causing medium-deformation."
/home/mdxuser/Genesis/main/data/picked_up_4/csv/BUNNY_RACER/Elastic/medium/BUNNY_RACER_Elastic_medium.csv,2700,"End-effector stopping the object, using zero-force, causing undeformed shape."
/home/mdxuser/Genesis/main/data/picked_up_4/csv/ASICS_GELTour_Lyte_WhiteOrchidSilver/Elastic/medium/ASICS_GELTour_Lyte_WhiteOrchidSilver_Elastic_medium.csv,0,"End-effector start towards the object, to begin the task."
/home/mdxuser/Genesis/main/data/picked_up_4/csv/ASICS_GELTour_Lyte_WhiteOrchidSilver/Elastic/medium/ASICS_GELTour_Lyte_WhiteOrchidSilver_Elastic_medium.csv,270,"End-effector grasping the object, using moderate force, causing medium-deformation, with increasing force."
/home/mdxuser/Genesis/main/data/picked_up_4/csv/ASICS_GELTour_Lyte_WhiteOrchidSilver/Elastic/medium/ASICS_GELTour_Lyte_WhiteOrchidSilver_Elastic_medium.csv,540,"End-effector continue grasping the object, using moderate force, causing medium-deformation, with increasing force."
/home/mdxuser/Genesis/main/data/picked_up_4/csv/ASICS_GELTour_Lyte_WhiteOrchidSilver/Elastic/medium/ASICS_GELTour_Lyte_WhiteOrchidSilver_Elastic_medium.csv,810,"End-effector lifting the object, using moderate force, causing medium-deformation, with increasing force."
/home/mdxuser/Genesis/main/data/picked_up_4/csv/ASICS_GELTour_Lyte_WhiteOrchidSilver/Elastic/medium/ASICS_GELTour_Lyte_WhiteOrchidSilver_Elastic_medium.csv,1080,"End-effector rotating the object, by an angle of 45.0 degrees, using moderate force, causing medium-deformation, with constant force."
/home/mdxuser/Genesis/main/data/picked_up_4/csv/ASICS_GELTour_Lyte_WhiteOrchidSilver/Elastic/medium/ASICS_GELTour_Lyte_WhiteOrchidSilver_Elastic_medium.csv,1350,"End-effector continue rotating the object, by an angle of 45.0 degrees, using moderate force, causing medium-deformation, with constant force."
/home/mdxuser/Genesis/main/data/picked_up_4/csv/ASICS_GELTour_Lyte_WhiteOrchidSilver/Elastic/medium/ASICS_GELTour_Lyte_WhiteOrchidSilver_Elastic_medium.csv,1620,"End-effector holding position of the object, maintaining a stable hold, using moderate force, causing medium-deformation."
/home/mdxuser/Genesis/main/data/picked_up_4/csv/ASICS_GELTour_Lyte_WhiteOrchidSilver/Elastic/medium/ASICS_GELTour_Lyte_WhiteOrchidSilver_Elastic_medium.csv,1890,"End-effector rotating the object, by an angle of 45.0 degrees, using moderate force, causing medium-deformation, with constant force."
/home/mdxuser/Genesis/main/data/picked_up_4/csv/ASICS_GELTour_Lyte_WhiteOrchidSilver/Elastic/medium/ASICS_GELTour_Lyte_WhiteOrchidSilver_Elastic_medium.csv,2160,"End-effector holding position of the object, maintaining a stable hold, using moderate force, causing medium-deformation."
/home/mdxuser/Genesis/main/data/picked_up_4/csv/ASICS_GELTour_Lyte_WhiteOrchidSilver/Elastic/medium/ASICS_GELTour_Lyte_WhiteOrchidSilver_Elastic_medium.csv,2430,"End-effector continue holding position of the object, maintaining a stable hold, using moderate force, causing medium-deformation."
/home/mdxuser/Genesis/main/data/picked_up_4/csv/ASICS_GELTour_Lyte_WhiteOrchidSilver/Elastic/medium/ASICS_GELTour_Lyte_WhiteOrchidSilver_Elastic_medium.csv,2700,The object has been dropped.
/home/mdxuser/Genesis/main/data/picked_up_4/csv/Cole_Hardware_School_Bell_Solid_Brass_38/Elastic/soft/Cole_Hardware_School_Bell_Solid_Brass_38_Elastic_soft.csv,0,"End-effector start towards the object, to begin the task."
/home/mdxuser/Genesis/main/data/picked_up_4/csv/Cole_Hardware_School_Bell_Solid_Brass_38/Elastic/soft/Cole_Hardware_School_Bell_Solid_Brass_38_Elastic_soft.csv,270,"End-effector grasping the object, using gentle force, causing soft-deformation, with increasing force."
/home/mdxuser/Genesis/main/data/picked_up_4/csv/Cole_Hardware_School_Bell_Solid_Brass_38/Elastic/soft/Cole_Hardware_School_Bell_Solid_Brass_38_Elastic_soft.csv,540,"End-effector continue grasping the object, using gentle force, causing soft-deformation, with increasing force."
/home/mdxuser/Genesis/main/data/picked_up_4/csv/Cole_Hardware_School_Bell_Solid_Brass_38/Elastic/soft/Cole_Hardware_School_Bell_Solid_Brass_38_Elastic_soft.csv,810,"End-effector lifting the object, using gentle force, causing soft-deformation, with increasing force."
/home/mdxuser/Genesis/main/data/picked_up_4/csv/Cole_Hardware_School_Bell_Solid_Brass_38/Elastic/soft/Cole_Hardware_School_Bell_Solid_Brass_38_Elastic_soft.csv,1080,"End-effector rotating the object, by an angle of 30.0 degrees, using gentle force, causing soft-deformation, with constant force."
/home/mdxuser/Genesis/main/data/picked_up_4/csv/Cole_Hardware_School_Bell_Solid_Brass_38/Elastic/soft/Cole_Hardware_School_Bell_Solid_Brass_38_Elastic_soft.csv,1350,"End-effector continue rotating the object, by an angle of 30.0 degrees, using gentle force, causing soft-deformation, with constant force."
/home/mdxuser/Genesis/main/data/picked_up_4/csv/Cole_Hardware_School_Bell_Solid_Brass_38/Elastic/soft/Cole_Hardware_School_Bell_Solid_Brass_38_Elastic_soft.csv,1620,"End-effector holding position of the object, maintaining a stable hold, using gentle force, causing soft-deformation."
/home/mdxuser/Genesis/main/data/picked_up_4/csv/Cole_Hardware_School_Bell_Solid_Brass_38/Elastic/soft/Cole_Hardware_School_Bell_Solid_Brass_38_Elastic_soft.csv,1890,"End-effector rotating the object, by an angle of 30.0 degrees, using gentle force, causing soft-deformation, with constant force."
/home/mdxuser/Genesis/main/data/picked_up_4/csv/Cole_Hardware_School_Bell_Solid_Brass_38/Elastic/soft/Cole_Hardware_School_Bell_Solid_Brass_38_Elastic_soft.csv,2160,"End-effector continue rotating the object, by an angle of 30.0 degrees, using gentle force, causing soft-deformation, with constant force."
/home/mdxuser/Genesis/main/data/picked_up_4/csv/Cole_Hardware_School_Bell_Solid_Brass_38/Elastic/soft/Cole_Hardware_School_Bell_Solid_Brass_38_Elastic_soft.csv,2430,The object has been dropped.
/home/mdxuser/Genesis/main/data/picked_up_4/csv/Cole_Hardware_School_Bell_Solid_Brass_38/Elastic/soft/Cole_Hardware_School_Bell_Solid_Brass_38_Elastic_soft.csv,2700,The object has been dropped.
/home/mdxuser/Genesis/main/data/picked_up_4/csv/ASICS_GELBlur33_20_GS_BlackWhiteSafety_Orange/Elastic/soft/ASICS_GELBlur33_20_GS_BlackWhiteSafety_Orange_Elastic_soft.csv,0,"End-effector start towards the object, to begin the task."
/home/mdxuser/Genesis/main/data/picked_up_4/csv/ASICS_GELBlur33_20_GS_BlackWhiteSafety_Orange/Elastic/soft/ASICS_GELBlur33_20_GS_BlackWhiteSafety_Orange_Elastic_soft.csv,270,"End-effector grasping the object, using gentle force, causing soft-deformation, with increasing force."
/home/mdxuser/Genesis/main/data/picked_up_4/csv/ASICS_GELBlur33_20_GS_BlackWhiteSafety_Orange/Elastic/soft/ASICS_GELBlur33_20_GS_BlackWhiteSafety_Orange_Elastic_soft.csv,540,"End-effector continue grasping the object, using gentle force, causing soft-deformation, with increasing force."
/home/mdxuser/Genesis/main/data/picked_up_4/csv/ASICS_GELBlur33_20_GS_BlackWhiteSafety_Orange/Elastic/soft/ASICS_GELBlur33_20_GS_BlackWhiteSafety_Orange_Elastic_soft.csv,810,"End-effector lifting the object, using gentle force, causing soft-deformation, with increasing force."
/home/mdxuser/Genesis/main/data/picked_up_4/csv/ASICS_GELBlur33_20_GS_BlackWhiteSafety_Orange/Elastic/soft/ASICS_GELBlur33_20_GS_BlackWhiteSafety_Orange_Elastic_soft.csv,1080,"End-effector rotating the object, by an angle of 45.0 degrees, using gentle force, causing soft-deformation, with constant force."
/home/mdxuser/Genesis/main/data/picked_up_4/csv/ASICS_GELBlur33_20_GS_BlackWhiteSafety_Orange/Elastic/soft/ASICS_GELBlur33_20_GS_BlackWhiteSafety_Orange_Elastic_soft.csv,1350,"End-effector continue rotating the object, by an angle of 45.0 degrees, using gentle force, causing soft-deformation, with constant force."
/home/mdxuser/Genesis/main/data/picked_up_4/csv/ASICS_GELBlur33_20_GS_BlackWhiteSafety_Orange/Elastic/soft/ASICS_GELBlur33_20_GS_BlackWhiteSafety_Orange_Elastic_soft.csv,1620,"End-effector holding position of the object, maintaining a stable hold, using gentle force, causing soft-deformation."
/home/mdxuser/Genesis/main/data/picked_up_4/csv/ASICS_GELBlur33_20_GS_BlackWhiteSafety_Orange/Elastic/soft/ASICS_GELBlur33_20_GS_BlackWhiteSafety_Orange_Elastic_soft.csv,1890,"End-effector rotating the object, by an angle of 30.0 degrees, using gentle force, causing soft-deformation, with constant force."
/home/mdxuser/Genesis/main/data/picked_up_4/csv/ASICS_GELBlur33_20_GS_BlackWhiteSafety_Orange/Elastic/soft/ASICS_GELBlur33_20_GS_BlackWhiteSafety_Orange_Elastic_soft.csv,2160,"End-effector continue rotating the object, by an angle of 30.0 degrees, using gentle force, causing soft-deformation, with constant force."
/home/mdxuser/Genesis/main/data/picked_up_4/csv/ASICS_GELBlur33_20_GS_BlackWhiteSafety_Orange/Elastic/soft/ASICS_GELBlur33_20_GS_BlackWhiteSafety_Orange_Elastic_soft.csv,2430,"End-effector holding position of the object, maintaining a stable hold, using gentle force, causing soft-deformation."
/home/mdxuser/Genesis/main/data/picked_up_4/csv/ASICS_GELBlur33_20_GS_BlackWhiteSafety_Orange/Elastic/soft/ASICS_GELBlur33_20_GS_BlackWhiteSafety_Orange_Elastic_soft.csv,2700,"End-effector stopping the object, using zero-force, causing undeformed shape."
/home/mdxuser/Genesis/main/data/picked_up_4/csv/BlackBlack_Nintendo_3DSXL/Elastic/soft/BlackBlack_Nintendo_3DSXL_Elastic_soft.csv,0,"End-effector start towards the object, to begin the task."
/home/mdxuser/Genesis/main/data/picked_up_4/csv/BlackBlack_Nintendo_3DSXL/Elastic/soft/BlackBlack_Nintendo_3DSXL_Elastic_soft.csv,270,"End-effector grasping the object, using gentle force, causing soft-deformation, with increasing force."
/home/mdxuser/Genesis/main/data/picked_up_4/csv/BlackBlack_Nintendo_3DSXL/Elastic/soft/BlackBlack_Nintendo_3DSXL_Elastic_soft.csv,540,"End-effector continue grasping the object, using gentle force, causing soft-deformation, with increasing force."
/home/mdxuser/Genesis/main/data/picked_up_4/csv/BlackBlack_Nintendo_3DSXL/Elastic/soft/BlackBlack_Nintendo_3DSXL_Elastic_soft.csv,810,"End-effector lifting the object, using gentle force, causing soft-deformation, with increasing force."
/home/mdxuser/Genesis/main/data/picked_up_4/csv/BlackBlack_Nintendo_3DSXL/Elastic/soft/BlackBlack_Nintendo_3DSXL_Elastic_soft.csv,1080,"End-effector rotating the object, by an angle of 30.0 degrees, using gentle force, causing soft-deformation, with constant force."
/home/mdxuser/Genesis/main/data/picked_up_4/csv/BlackBlack_Nintendo_3DSXL/Elastic/soft/BlackBlack_Nintendo_3DSXL_Elastic_soft.csv,1350,"End-effector continue rotating the object, by an angle of 30.0 degrees, using gentle force, causing soft-deformation, with constant force."
/home/mdxuser/Genesis/main/data/picked_up_4/csv/BlackBlack_Nintendo_3DSXL/Elastic/soft/BlackBlack_Nintendo_3DSXL_Elastic_soft.csv,1620,"End-effector holding position of the object, maintaining a stable hold, using gentle force, causing soft-deformation."
/home/mdxuser/Genesis/main/data/picked_up_4/csv/BlackBlack_Nintendo_3DSXL/Elastic/soft/BlackBlack_Nintendo_3DSXL_Elastic_soft.csv,1890,The object has been dropped.
/home/mdxuser/Genesis/main/data/picked_up_4/csv/BlackBlack_Nintendo_3DSXL/Elastic/soft/BlackBlack_Nintendo_3DSXL_Elastic_soft.csv,2160,The object has been dropped.
/home/mdxuser/Genesis/main/data/picked_up_4/csv/BlackBlack_Nintendo_3DSXL/Elastic/soft/BlackBlack_Nintendo_3DSXL_Elastic_soft.csv,2430,The object has been dropped.
/home/mdxuser/Genesis/main/data/picked_up_4/csv/BlackBlack_Nintendo_3DSXL/Elastic/soft/BlackBlack_Nintendo_3DSXL_Elastic_soft.csv,2700,The object has been dropped.
/home/mdxuser/Genesis/main/data/picked_up_4/csv/Crayola_Crayons_Washable_24_crayons/Elastic/hard/Crayola_Crayons_Washable_24_crayons_Elastic_hard.csv,0,"End-effector start towards the object, to begin the task."
/home/mdxuser/Genesis/main/data/picked_up_4/csv/Crayola_Crayons_Washable_24_crayons/Elastic/hard/Crayola_Crayons_Washable_24_crayons_Elastic_hard.csv,270,"End-effector grasping the object, using strong force, causing hard-deformation, with increasing force."
/home/mdxuser/Genesis/main/data/picked_up_4/csv/Crayola_Crayons_Washable_24_crayons/Elastic/hard/Crayola_Crayons_Washable_24_crayons_Elastic_hard.csv,540,"End-effector continue grasping the object, using strong force, causing hard-deformation, with increasing force."
/home/mdxuser/Genesis/main/data/picked_up_4/csv/Crayola_Crayons_Washable_24_crayons/Elastic/hard/Crayola_Crayons_Washable_24_crayons_Elastic_hard.csv,810,"End-effector lifting the object, using strong force, causing hard-deformation, with increasing force."
/home/mdxuser/Genesis/main/data/picked_up_4/csv/Crayola_Crayons_Washable_24_crayons/Elastic/hard/Crayola_Crayons_Washable_24_crayons_Elastic_hard.csv,1080,"End-effector rotating the object, by an angle of 45.0 degrees, using strong force, causing hard-deformation, with constant force."
/home/mdxuser/Genesis/main/data/picked_up_4/csv/Crayola_Crayons_Washable_24_crayons/Elastic/hard/Crayola_Crayons_Washable_24_crayons_Elastic_hard.csv,1350,"End-effector continue rotating the object, by an angle of 45.0 degrees, using strong force, causing hard-deformation, with constant force."
/home/mdxuser/Genesis/main/data/picked_up_4/csv/Crayola_Crayons_Washable_24_crayons/Elastic/hard/Crayola_Crayons_Washable_24_crayons_Elastic_hard.csv,1620,"End-effector holding position of the object, maintaining a stable hold, using strong force, causing hard-deformation."
/home/mdxuser/Genesis/main/data/picked_up_4/csv/Crayola_Crayons_Washable_24_crayons/Elastic/hard/Crayola_Crayons_Washable_24_crayons_Elastic_hard.csv,1890,"End-effector rotating the object, by an angle of 45.0 degrees, using strong force, causing hard-deformation, with constant force."
/home/mdxuser/Genesis/main/data/picked_up_4/csv/Crayola_Crayons_Washable_24_crayons/Elastic/hard/Crayola_Crayons_Washable_24_crayons_Elastic_hard.csv,2160,"End-effector holding position of the object, maintaining a stable hold, using strong force, causing hard-deformation."
/home/mdxuser/Genesis/main/data/picked_up_4/csv/Crayola_Crayons_Washable_24_crayons/Elastic/hard/Crayola_Crayons_Washable_24_crayons_Elastic_hard.csv,2430,"End-effector continue holding position of the object, maintaining a stable hold, using strong force, causing hard-deformation."
/home/mdxuser/Genesis/main/data/picked_up_4/csv/Crayola_Crayons_Washable_24_crayons/Elastic/hard/Crayola_Crayons_Washable_24_crayons_Elastic_hard.csv,2700,The object has been dropped.
/home/mdxuser/Genesis/main/data/picked_up_4/csv/Olive_Kids_Mermaids_Pack_n_Snack_Backpack/Elastic/hard/Olive_Kids_Mermaids_Pack_n_Snack_Backpack_Elastic_hard.csv,0,"End-effector start towards the object, to begin the task."
/home/mdxuser/Genesis/main/data/picked_up_4/csv/Olive_Kids_Mermaids_Pack_n_Snack_Backpack/Elastic/hard/Olive_Kids_Mermaids_Pack_n_Snack_Backpack_Elastic_hard.csv,270,"End-effector grasping the object, using strong force, causing hard-deformation, with increasing force."
/home/mdxuser/Genesis/main/data/picked_up_4/csv/Olive_Kids_Mermaids_Pack_n_Snack_Backpack/Elastic/hard/Olive_Kids_Mermaids_Pack_n_Snack_Backpack_Elastic_hard.csv,540,"End-effector continue grasping the object, using strong force, causing hard-deformation, with increasing force."
/home/mdxuser/Genesis/main/data/picked_up_4/csv/Olive_Kids_Mermaids_Pack_n_Snack_Backpack/Elastic/hard/Olive_Kids_Mermaids_Pack_n_Snack_Backpack_Elastic_hard.csv,810,"End-effector lifting the object, using strong force, causing hard-deformation, with increasing force."
/home/mdxuser/Genesis/main/data/picked_up_4/csv/Olive_Kids_Mermaids_Pack_n_Snack_Backpack/Elastic/hard/Olive_Kids_Mermaids_Pack_n_Snack_Backpack_Elastic_hard.csv,1080,"End-effector rotating the object, by an angle of 45.0 degrees, using strong force, causing hard-deformation, with constant force."
/home/mdxuser/Genesis/main/data/picked_up_4/csv/Olive_Kids_Mermaids_Pack_n_Snack_Backpack/Elastic/hard/Olive_Kids_Mermaids_Pack_n_Snack_Backpack_Elastic_hard.csv,1350,"End-effector holding position of the object, maintaining a stable hold, using strong force, causing hard-deformation."
/home/mdxuser/Genesis/main/data/picked_up_4/csv/Olive_Kids_Mermaids_Pack_n_Snack_Backpack/Elastic/hard/Olive_Kids_Mermaids_Pack_n_Snack_Backpack_Elastic_hard.csv,1620,"End-effector continue holding position of the object, maintaining a stable hold, using strong force, causing hard-deformation."
/home/mdxuser/Genesis/main/data/picked_up_4/csv/Olive_Kids_Mermaids_Pack_n_Snack_Backpack/Elastic/hard/Olive_Kids_Mermaids_Pack_n_Snack_Backpack_Elastic_hard.csv,1890,"End-effector rotating the object, by an angle of 30.0 degrees, using strong force, causing hard-deformation, with constant force."
/home/mdxuser/Genesis/main/data/picked_up_4/csv/Olive_Kids_Mermaids_Pack_n_Snack_Backpack/Elastic/hard/Olive_Kids_Mermaids_Pack_n_Snack_Backpack_Elastic_hard.csv,2160,"End-effector continue rotating the object, by an angle of 30.0 degrees, using strong force, causing hard-deformation, with constant force."
/home/mdxuser/Genesis/main/data/picked_up_4/csv/Olive_Kids_Mermaids_Pack_n_Snack_Backpack/Elastic/hard/Olive_Kids_Mermaids_Pack_n_Snack_Backpack_Elastic_hard.csv,2430,"End-effector holding position of the object, maintaining a stable hold, using strong force, causing hard-deformation."
/home/mdxuser/Genesis/main/data/picked_up_4/csv/Olive_Kids_Mermaids_Pack_n_Snack_Backpack/Elastic/hard/Olive_Kids_Mermaids_Pack_n_Snack_Backpack_Elastic_hard.csv,2700,"End-effector stopping the object, using zero-force, causing undeformed shape."
/home/mdxuser/Genesis/main/data/picked_up_4/csv/Office_Depot_HP_98_Remanufactured_Ink_Cartridge_Black/Elastic/soft/Office_Depot_HP_98_Remanufactured_Ink_Cartridge_Black_Elastic_soft.csv,0,"End-effector start towards the object, to begin the task."
/home/mdxuser/Genesis/main/data/picked_up_4/csv/Office_Depot_HP_98_Remanufactured_Ink_Cartridge_Black/Elastic/soft/Office_Depot_HP_98_Remanufactured_Ink_Cartridge_Black_Elastic_soft.csv,270,"End-effector grasping the object, using gentle force, causing soft-deformation, with increasing force."
/home/mdxuser/Genesis/main/data/picked_up_4/csv/Office_Depot_HP_98_Remanufactured_Ink_Cartridge_Black/Elastic/soft/Office_Depot_HP_98_Remanufactured_Ink_Cartridge_Black_Elastic_soft.csv,540,"End-effector continue grasping the object, using gentle force, causing soft-deformation, with increasing force."
/home/mdxuser/Genesis/main/data/picked_up_4/csv/Office_Depot_HP_98_Remanufactured_Ink_Cartridge_Black/Elastic/soft/Office_Depot_HP_98_Remanufactured_Ink_Cartridge_Black_Elastic_soft.csv,810,"End-effector lifting the object, using gentle force, causing soft-deformation, with increasing force."
/home/mdxuser/Genesis/main/data/picked_up_4/csv/Office_Depot_HP_98_Remanufactured_Ink_Cartridge_Black/Elastic/soft/Office_Depot_HP_98_Remanufactured_Ink_Cartridge_Black_Elastic_soft.csv,1080,"End-effector rotating the object, by an angle of 45.0 degrees, using gentle force, causing soft-deformation, with constant force."
/home/mdxuser/Genesis/main/data/picked_up_4/csv/Office_Depot_HP_98_Remanufactured_Ink_Cartridge_Black/Elastic/soft/Office_Depot_HP_98_Remanufactured_Ink_Cartridge_Black_Elastic_soft.csv,1350,"End-effector continue rotating the object, by an angle of 45.0 degrees, using gentle force, causing soft-deformation, with constant force."
/home/mdxuser/Genesis/main/data/picked_up_4/csv/Office_Depot_HP_98_Remanufactured_Ink_Cartridge_Black/Elastic/soft/Office_Depot_HP_98_Remanufactured_Ink_Cartridge_Black_Elastic_soft.csv,1620,The object has been dropped.
/home/mdxuser/Genesis/main/data/picked_up_4/csv/Office_Depot_HP_98_Remanufactured_Ink_Cartridge_Black/Elastic/soft/Office_Depot_HP_98_Remanufactured_Ink_Cartridge_Black_Elastic_soft.csv,1890,The object has been dropped.
/home/mdxuser/Genesis/main/data/picked_up_4/csv/Office_Depot_HP_98_Remanufactured_Ink_Cartridge_Black/Elastic/soft/Office_Depot_HP_98_Remanufactured_Ink_Cartridge_Black_Elastic_soft.csv,2160,The object has been dropped.
/home/mdxuser/Genesis/main/data/picked_up_4/csv/Office_Depot_HP_98_Remanufactured_Ink_Cartridge_Black/Elastic/soft/Office_Depot_HP_98_Remanufactured_Ink_Cartridge_Black_Elastic_soft.csv,2430,The object has been dropped.
/home/mdxuser/Genesis/main/data/picked_up_4/csv/Office_Depot_HP_98_Remanufactured_Ink_Cartridge_Black/Elastic/soft/Office_Depot_HP_98_Remanufactured_Ink_Cartridge_Black_Elastic_soft.csv,2700,The object has been dropped.
/home/mdxuser/Genesis/main/data/picked_up_4/csv/3D_Dollhouse_Swing/Elastic/soft/3D_Dollhouse_Swing_Elastic_soft.csv,0,"End-effector start towards the object, to begin the task."
/home/mdxuser/Genesis/main/data/picked_up_4/csv/3D_Dollhouse_Swing/Elastic/soft/3D_Dollhouse_Swing_Elastic_soft.csv,270,"End-effector grasping the object, using gentle force, causing soft-deformation, with increasing force."
/home/mdxuser/Genesis/main/data/picked_up_4/csv/3D_Dollhouse_Swing/Elastic/soft/3D_Dollhouse_Swing_Elastic_soft.csv,540,"End-effector continue grasping the object, using gentle force, causing soft-deformation, with increasing force."
/home/mdxuser/Genesis/main/data/picked_up_4/csv/3D_Dollhouse_Swing/Elastic/soft/3D_Dollhouse_Swing_Elastic_soft.csv,810,"End-effector lifting the object, using gentle force, causing soft-deformation, with increasing force."
/home/mdxuser/Genesis/main/data/picked_up_4/csv/3D_Dollhouse_Swing/Elastic/soft/3D_Dollhouse_Swing_Elastic_soft.csv,1080,"End-effector rotating the object, by an angle of 45.0 degrees, using gentle force, causing soft-deformation, with constant force."
/home/mdxuser/Genesis/main/data/picked_up_4/csv/3D_Dollhouse_Swing/Elastic/soft/3D_Dollhouse_Swing_Elastic_soft.csv,1350,"End-effector continue rotating the object, by an angle of 45.0 degrees, using gentle force, causing soft-deformation, with constant force."
/home/mdxuser/Genesis/main/data/picked_up_4/csv/3D_Dollhouse_Swing/Elastic/soft/3D_Dollhouse_Swing_Elastic_soft.csv,1620,"End-effector holding position of the object, maintaining a stable hold, using gentle force, causing soft-deformation."
/home/mdxuser/Genesis/main/data/picked_up_4/csv/3D_Dollhouse_Swing/Elastic/soft/3D_Dollhouse_Swing_Elastic_soft.csv,1890,"End-effector rotating the object, by an angle of 45.0 degrees, using gentle force, causing soft-deformation, with constant force."
/home/mdxuser/Genesis/main/data/picked_up_4/csv/3D_Dollhouse_Swing/Elastic/soft/3D_Dollhouse_Swing_Elastic_soft.csv,2160,"End-effector holding position of the object, maintaining a stable hold, using gentle force, causing soft-deformation."
/home/mdxuser/Genesis/main/data/picked_up_4/csv/3D_Dollhouse_Swing/Elastic/soft/3D_Dollhouse_Swing_Elastic_soft.csv,2430,"End-effector continue holding position of the object, maintaining a stable hold, using gentle force, causing soft-deformation."
/home/mdxuser/Genesis/main/data/picked_up_4/csv/3D_Dollhouse_Swing/Elastic/soft/3D_Dollhouse_Swing_Elastic_soft.csv,2700,The object has been dropped.
/home/mdxuser/Genesis/main/data/picked_up_4/csv/ASICS_GEL1140V_WhiteBlackSilver/Elastic/medium/ASICS_GEL1140V_WhiteBlackSilver_Elastic_medium.csv,0,"End-effector start towards the object, to begin the task."
/home/mdxuser/Genesis/main/data/picked_up_4/csv/ASICS_GEL1140V_WhiteBlackSilver/Elastic/medium/ASICS_GEL1140V_WhiteBlackSilver_Elastic_medium.csv,270,"End-effector grasping the object, using moderate force, causing medium-deformation, with increasing force."
/home/mdxuser/Genesis/main/data/picked_up_4/csv/ASICS_GEL1140V_WhiteBlackSilver/Elastic/medium/ASICS_GEL1140V_WhiteBlackSilver_Elastic_medium.csv,540,"End-effector continue grasping the object, using moderate force, causing medium-deformation, with increasing force."
/home/mdxuser/Genesis/main/data/picked_up_4/csv/ASICS_GEL1140V_WhiteBlackSilver/Elastic/medium/ASICS_GEL1140V_WhiteBlackSilver_Elastic_medium.csv,810,"End-effector lifting the object, using moderate force, causing medium-deformation, with increasing force."
/home/mdxuser/Genesis/main/data/picked_up_4/csv/ASICS_GEL1140V_WhiteBlackSilver/Elastic/medium/ASICS_GEL1140V_WhiteBlackSilver_Elastic_medium.csv,1080,"End-effector rotating the object, by an angle of 45.0 degrees, using moderate force, causing medium-deformation, with constant force."
/home/mdxuser/Genesis/main/data/picked_up_4/csv/ASICS_GEL1140V_WhiteBlackSilver/Elastic/medium/ASICS_GEL1140V_WhiteBlackSilver_Elastic_medium.csv,1350,"End-effector holding position of the object, maintaining a stable hold, using moderate force, causing medium-deformation."
/home/mdxuser/Genesis/main/data/picked_up_4/csv/ASICS_GEL1140V_WhiteBlackSilver/Elastic/medium/ASICS_GEL1140V_WhiteBlackSilver_Elastic_medium.csv,1620,"End-effector continue holding position of the object, maintaining a stable hold, using moderate force, causing medium-deformation."
/home/mdxuser/Genesis/main/data/picked_up_4/csv/ASICS_GEL1140V_WhiteBlackSilver/Elastic/medium/ASICS_GEL1140V_WhiteBlackSilver_Elastic_medium.csv,1890,The object has been dropped.
/home/mdxuser/Genesis/main/data/picked_up_4/csv/ASICS_GEL1140V_WhiteBlackSilver/Elastic/medium/ASICS_GEL1140V_WhiteBlackSilver_Elastic_medium.csv,2160,The object has been dropped.
/home/mdxuser/Genesis/main/data/picked_up_4/csv/ASICS_GEL1140V_WhiteBlackSilver/Elastic/medium/ASICS_GEL1140V_WhiteBlackSilver_Elastic_medium.csv,2430,The object has been dropped.
/home/mdxuser/Genesis/main/data/picked_up_4/csv/ASICS_GEL1140V_WhiteBlackSilver/Elastic/medium/ASICS_GEL1140V_WhiteBlackSilver_Elastic_medium.csv,2700,The object has been dropped.
/home/mdxuser/Genesis/main/data/picked_up_4/csv/3D_Dollhouse_Happy_Brother/Elastic/soft/3D_Dollhouse_Happy_Brother_Elastic_soft.csv,0,"End-effector start towards the object, to begin the task."
/home/mdxuser/Genesis/main/data/picked_up_4/csv/3D_Dollhouse_Happy_Brother/Elastic/soft/3D_Dollhouse_Happy_Brother_Elastic_soft.csv,270,"End-effector grasping the object, using gentle force, causing soft-deformation, with increasing force."
/home/mdxuser/Genesis/main/data/picked_up_4/csv/3D_Dollhouse_Happy_Brother/Elastic/soft/3D_Dollhouse_Happy_Brother_Elastic_soft.csv,540,"End-effector continue grasping the object, using gentle force, causing soft-deformation, with increasing force."
/home/mdxuser/Genesis/main/data/picked_up_4/csv/3D_Dollhouse_Happy_Brother/Elastic/soft/3D_Dollhouse_Happy_Brother_Elastic_soft.csv,810,"End-effector lifting the object, using gentle force, causing soft-deformation, with increasing force."
/home/mdxuser/Genesis/main/data/picked_up_4/csv/3D_Dollhouse_Happy_Brother/Elastic/soft/3D_Dollhouse_Happy_Brother_Elastic_soft.csv,1080,"End-effector rotating the object, by an angle of 30.0 degrees, using gentle force, causing soft-deformation, with constant force."
/home/mdxuser/Genesis/main/data/picked_up_4/csv/3D_Dollhouse_Happy_Brother/Elastic/soft/3D_Dollhouse_Happy_Brother_Elastic_soft.csv,1350,"End-effector continue rotating the object, by an angle of 30.0 degrees, using gentle force, causing soft-deformation, with constant force."
/home/mdxuser/Genesis/main/data/picked_up_4/csv/3D_Dollhouse_Happy_Brother/Elastic/soft/3D_Dollhouse_Happy_Brother_Elastic_soft.csv,1620,"End-effector holding position of the object, maintaining a stable hold, using gentle force, causing soft-deformation."
/home/mdxuser/Genesis/main/data/picked_up_4/csv/3D_Dollhouse_Happy_Brother/Elastic/soft/3D_Dollhouse_Happy_Brother_Elastic_soft.csv,1890,"End-effector rotating the object, by an angle of 45.0 degrees, using gentle force, causing soft-deformation, with constant force."
/home/mdxuser/Genesis/main/data/picked_up_4/csv/3D_Dollhouse_Happy_Brother/Elastic/soft/3D_Dollhouse_Happy_Brother_Elastic_soft.csv,2160,"End-effector continue rotating the object, by an angle of 45.0 degrees, using gentle force, causing soft-deformation, with constant force."
/home/mdxuser/Genesis/main/data/picked_up_4/csv/3D_Dollhouse_Happy_Brother/Elastic/soft/3D_Dollhouse_Happy_Brother_Elastic_soft.csv,2430,"End-effector holding position of the object, maintaining a stable hold, using gentle force, causing soft-deformation."
/home/mdxuser/Genesis/main/data/picked_up_4/csv/3D_Dollhouse_Happy_Brother/Elastic/soft/3D_Dollhouse_Happy_Brother_Elastic_soft.csv,2700,"End-effector stopping the object, using zero-force, causing undeformed shape."
/home/mdxuser/Genesis/main/data/picked_up_4/csv/Cole_Hardware_Electric_Pot_Assortment_55/Elastic/hard/Cole_Hardware_Electric_Pot_Assortment_55_Elastic_hard.csv,0,"End-effector start towards the object, to begin the task."
/home/mdxuser/Genesis/main/data/picked_up_4/csv/Cole_Hardware_Electric_Pot_Assortment_55/Elastic/hard/Cole_Hardware_Electric_Pot_Assortment_55_Elastic_hard.csv,270,"End-effector grasping the object, using strong force, causing hard-deformation, with increasing force."
/home/mdxuser/Genesis/main/data/picked_up_4/csv/Cole_Hardware_Electric_Pot_Assortment_55/Elastic/hard/Cole_Hardware_Electric_Pot_Assortment_55_Elastic_hard.csv,540,"End-effector continue grasping the object, using strong force, causing hard-deformation, with increasing force."
/home/mdxuser/Genesis/main/data/picked_up_4/csv/Cole_Hardware_Electric_Pot_Assortment_55/Elastic/hard/Cole_Hardware_Electric_Pot_Assortment_55_Elastic_hard.csv,810,"End-effector lifting the object, using strong force, causing hard-deformation, with increasing force."
/home/mdxuser/Genesis/main/data/picked_up_4/csv/Cole_Hardware_Electric_Pot_Assortment_55/Elastic/hard/Cole_Hardware_Electric_Pot_Assortment_55_Elastic_hard.csv,1080,"End-effector rotating the object, by an angle of 45.0 degrees, using strong force, causing hard-deformation, with constant force."
/home/mdxuser/Genesis/main/data/picked_up_4/csv/Cole_Hardware_Electric_Pot_Assortment_55/Elastic/hard/Cole_Hardware_Electric_Pot_Assortment_55_Elastic_hard.csv,1350,"End-effector holding position of the object, maintaining a stable hold, using strong force, causing hard-deformation."
/home/mdxuser/Genesis/main/data/picked_up_4/csv/Cole_Hardware_Electric_Pot_Assortment_55/Elastic/hard/Cole_Hardware_Electric_Pot_Assortment_55_Elastic_hard.csv,1620,"End-effector continue holding position of the object, maintaining a stable hold, using strong force, causing hard-deformation."
/home/mdxuser/Genesis/main/data/picked_up_4/csv/Cole_Hardware_Electric_Pot_Assortment_55/Elastic/hard/Cole_Hardware_Electric_Pot_Assortment_55_Elastic_hard.csv,1890,"End-effector rotating the object, by an angle of 30.0 degrees, using strong force, causing hard-deformation, with constant force."
/home/mdxuser/Genesis/main/data/picked_up_4/csv/Cole_Hardware_Electric_Pot_Assortment_55/Elastic/hard/Cole_Hardware_Electric_Pot_Assortment_55_Elastic_hard.csv,2160,"End-effector continue rotating the object, by an angle of 30.0 degrees, using strong force, causing hard-deformation, with constant force."
/home/mdxuser/Genesis/main/data/picked_up_4/csv/Cole_Hardware_Electric_Pot_Assortment_55/Elastic/hard/Cole_Hardware_Electric_Pot_Assortment_55_Elastic_hard.csv,2430,"End-effector holding position of the object, maintaining a stable hold, using strong force, causing hard-deformation."
/home/mdxuser/Genesis/main/data/picked_up_4/csv/Cole_Hardware_Electric_Pot_Assortment_55/Elastic/hard/Cole_Hardware_Electric_Pot_Assortment_55_Elastic_hard.csv,2700,"End-effector stopping the object, using zero-force, causing undeformed shape."
/home/mdxuser/Genesis/main/data/picked_up_4/csv/Cole_Hardware_Butter_Dish_Square_Red/Elastic/hard/Cole_Hardware_Butter_Dish_Square_Red_Elastic_hard.csv,0,"End-effector start towards the object, to begin the task."
/home/mdxuser/Genesis/main/data/picked_up_4/csv/Cole_Hardware_Butter_Dish_Square_Red/Elastic/hard/Cole_Hardware_Butter_Dish_Square_Red_Elastic_hard.csv,270,"End-effector grasping the object, using strong force, causing hard-deformation, with increasing force."
/home/mdxuser/Genesis/main/data/picked_up_4/csv/Cole_Hardware_Butter_Dish_Square_Red/Elastic/hard/Cole_Hardware_Butter_Dish_Square_Red_Elastic_hard.csv,540,"End-effector continue grasping the object, using strong force, causing hard-deformation, with increasing force."
/home/mdxuser/Genesis/main/data/picked_up_4/csv/Cole_Hardware_Butter_Dish_Square_Red/Elastic/hard/Cole_Hardware_Butter_Dish_Square_Red_Elastic_hard.csv,810,"End-effector lifting the object, using strong force, causing hard-deformation, with increasing force."
/home/mdxuser/Genesis/main/data/picked_up_4/csv/Cole_Hardware_Butter_Dish_Square_Red/Elastic/hard/Cole_Hardware_Butter_Dish_Square_Red_Elastic_hard.csv,1080,"End-effector rotating the object, by an angle of 45.0 degrees, using strong force, causing hard-deformation, with constant force."
/home/mdxuser/Genesis/main/data/picked_up_4/csv/Cole_Hardware_Butter_Dish_Square_Red/Elastic/hard/Cole_Hardware_Butter_Dish_Square_Red_Elastic_hard.csv,1350,"End-effector holding position of the object, maintaining a stable hold, using strong force, causing hard-deformation."
/home/mdxuser/Genesis/main/data/picked_up_4/csv/Cole_Hardware_Butter_Dish_Square_Red/Elastic/hard/Cole_Hardware_Butter_Dish_Square_Red_Elastic_hard.csv,1620,"End-effector continue holding position of the object, maintaining a stable hold, using strong force, causing hard-deformation."
/home/mdxuser/Genesis/main/data/picked_up_4/csv/Cole_Hardware_Butter_Dish_Square_Red/Elastic/hard/Cole_Hardware_Butter_Dish_Square_Red_Elastic_hard.csv,1890,"End-effector rotating the object, by an angle of 45.0 degrees, using strong force, causing hard-deformation, with constant force."
/home/mdxuser/Genesis/main/data/picked_up_4/csv/Cole_Hardware_Butter_Dish_Square_Red/Elastic/hard/Cole_Hardware_Butter_Dish_Square_Red_Elastic_hard.csv,2160,"End-effector holding position of the object, maintaining a stable hold, using strong force, causing hard-deformation."
/home/mdxuser/Genesis/main/data/picked_up_4/csv/Cole_Hardware_Butter_Dish_Square_Red/Elastic/hard/Cole_Hardware_Butter_Dish_Square_Red_Elastic_hard.csv,2430,"End-effector continue holding position of the object, maintaining a stable hold, using strong force, causing hard-deformation."
/home/mdxuser/Genesis/main/data/picked_up_4/csv/Cole_Hardware_Butter_Dish_Square_Red/Elastic/hard/Cole_Hardware_Butter_Dish_Square_Red_Elastic_hard.csv,2700,"End-effector stopping the object, using zero-force, causing undeformed shape."
/home/mdxuser/Genesis/main/data/picked_up_4/csv/ASICS_GELAce_Pro_Pearl_WhitePink/Elastic/medium/ASICS_GELAce_Pro_Pearl_WhitePink_Elastic_medium.csv,0,"End-effector start towards the object, to begin the task."
/home/mdxuser/Genesis/main/data/picked_up_4/csv/ASICS_GELAce_Pro_Pearl_WhitePink/Elastic/medium/ASICS_GELAce_Pro_Pearl_WhitePink_Elastic_medium.csv,270,"End-effector grasping the object, using moderate force, causing medium-deformation, with increasing force."
/home/mdxuser/Genesis/main/data/picked_up_4/csv/ASICS_GELAce_Pro_Pearl_WhitePink/Elastic/medium/ASICS_GELAce_Pro_Pearl_WhitePink_Elastic_medium.csv,540,"End-effector continue grasping the object, using moderate force, causing medium-deformation, with increasing force."
/home/mdxuser/Genesis/main/data/picked_up_4/csv/ASICS_GELAce_Pro_Pearl_WhitePink/Elastic/medium/ASICS_GELAce_Pro_Pearl_WhitePink_Elastic_medium.csv,810,"End-effector lifting the object, using moderate force, causing medium-deformation, with increasing force."
/home/mdxuser/Genesis/main/data/picked_up_4/csv/ASICS_GELAce_Pro_Pearl_WhitePink/Elastic/medium/ASICS_GELAce_Pro_Pearl_WhitePink_Elastic_medium.csv,1080,"End-effector rotating the object, by an angle of 30.0 degrees, using moderate force, causing medium-deformation, with constant force."
/home/mdxuser/Genesis/main/data/picked_up_4/csv/ASICS_GELAce_Pro_Pearl_WhitePink/Elastic/medium/ASICS_GELAce_Pro_Pearl_WhitePink_Elastic_medium.csv,1350,"End-effector continue rotating the object, by an angle of 30.0 degrees, using moderate force, causing medium-deformation, with constant force."
/home/mdxuser/Genesis/main/data/picked_up_4/csv/ASICS_GELAce_Pro_Pearl_WhitePink/Elastic/medium/ASICS_GELAce_Pro_Pearl_WhitePink_Elastic_medium.csv,1620,"End-effector holding position of the object, maintaining a stable hold, using moderate force, causing medium-deformation."
/home/mdxuser/Genesis/main/data/picked_up_4/csv/ASICS_GELAce_Pro_Pearl_WhitePink/Elastic/medium/ASICS_GELAce_Pro_Pearl_WhitePink_Elastic_medium.csv,1890,"End-effector rotating the object, by an angle of 45.0 degrees, using moderate force, causing medium-deformation, with constant force."
/home/mdxuser/Genesis/main/data/picked_up_4/csv/ASICS_GELAce_Pro_Pearl_WhitePink/Elastic/medium/ASICS_GELAce_Pro_Pearl_WhitePink_Elastic_medium.csv,2160,"End-effector continue rotating the object, by an angle of 45.0 degrees, using moderate force, causing medium-deformation, with constant force."
/home/mdxuser/Genesis/main/data/picked_up_4/csv/ASICS_GELAce_Pro_Pearl_WhitePink/Elastic/medium/ASICS_GELAce_Pro_Pearl_WhitePink_Elastic_medium.csv,2430,The object has been dropped.
/home/mdxuser/Genesis/main/data/picked_up_4/csv/ASICS_GELAce_Pro_Pearl_WhitePink/Elastic/medium/ASICS_GELAce_Pro_Pearl_WhitePink_Elastic_medium.csv,2700,The object has been dropped.
/home/mdxuser/Genesis/main/data/picked_up_4/csv/Cole_Hardware_Butter_Dish_Square_Red/Elastic/soft/Cole_Hardware_Butter_Dish_Square_Red_Elastic_soft.csv,0,"End-effector start towards the object, to begin the task."
/home/mdxuser/Genesis/main/data/picked_up_4/csv/Cole_Hardware_Butter_Dish_Square_Red/Elastic/soft/Cole_Hardware_Butter_Dish_Square_Red_Elastic_soft.csv,270,"End-effector grasping the object, using gentle force, causing soft-deformation, with increasing force."
/home/mdxuser/Genesis/main/data/picked_up_4/csv/Cole_Hardware_Butter_Dish_Square_Red/Elastic/soft/Cole_Hardware_Butter_Dish_Square_Red_Elastic_soft.csv,540,"End-effector continue grasping the object, using gentle force, causing soft-deformation, with increasing force."
/home/mdxuser/Genesis/main/data/picked_up_4/csv/Cole_Hardware_Butter_Dish_Square_Red/Elastic/soft/Cole_Hardware_Butter_Dish_Square_Red_Elastic_soft.csv,810,"End-effector lifting the object, using gentle force, causing soft-deformation, with increasing force."
/home/mdxuser/Genesis/main/data/picked_up_4/csv/Cole_Hardware_Butter_Dish_Square_Red/Elastic/soft/Cole_Hardware_Butter_Dish_Square_Red_Elastic_soft.csv,1080,"End-effector rotating the object, by an angle of 45.0 degrees, using gentle force, causing soft-deformation, with constant force."
/home/mdxuser/Genesis/main/data/picked_up_4/csv/Cole_Hardware_Butter_Dish_Square_Red/Elastic/soft/Cole_Hardware_Butter_Dish_Square_Red_Elastic_soft.csv,1350,"End-effector holding position of the object, maintaining a stable hold, using gentle force, causing soft-deformation."
/home/mdxuser/Genesis/main/data/picked_up_4/csv/Cole_Hardware_Butter_Dish_Square_Red/Elastic/soft/Cole_Hardware_Butter_Dish_Square_Red_Elastic_soft.csv,1620,"End-effector continue holding position of the object, maintaining a stable hold, using gentle force, causing soft-deformation."
/home/mdxuser/Genesis/main/data/picked_up_4/csv/Cole_Hardware_Butter_Dish_Square_Red/Elastic/soft/Cole_Hardware_Butter_Dish_Square_Red_Elastic_soft.csv,1890,"End-effector rotating the object, by an angle of 45.0 degrees, using gentle force, causing soft-deformation, with constant force."
/home/mdxuser/Genesis/main/data/picked_up_4/csv/Cole_Hardware_Butter_Dish_Square_Red/Elastic/soft/Cole_Hardware_Butter_Dish_Square_Red_Elastic_soft.csv,2160,The object has been dropped.
/home/mdxuser/Genesis/main/data/picked_up_4/csv/Cole_Hardware_Butter_Dish_Square_Red/Elastic/soft/Cole_Hardware_Butter_Dish_Square_Red_Elastic_soft.csv,2430,The object has been dropped.
/home/mdxuser/Genesis/main/data/picked_up_4/csv/Cole_Hardware_Butter_Dish_Square_Red/Elastic/soft/Cole_Hardware_Butter_Dish_Square_Red_Elastic_soft.csv,2700,The object has been dropped.
/home/mdxuser/Genesis/main/data/picked_up_4/csv/ASICS_GELTour_Lyte_WhiteOrchidSilver/Elastic/hard/ASICS_GELTour_Lyte_WhiteOrchidSilver_Elastic_hard.csv,0,"End-effector start towards the object, to begin the task."
/home/mdxuser/Genesis/main/data/picked_up_4/csv/ASICS_GELTour_Lyte_WhiteOrchidSilver/Elastic/hard/ASICS_GELTour_Lyte_WhiteOrchidSilver_Elastic_hard.csv,270,"End-effector grasping the object, using strong force, causing hard-deformation, with increasing force."
/home/mdxuser/Genesis/main/data/picked_up_4/csv/ASICS_GELTour_Lyte_WhiteOrchidSilver/Elastic/hard/ASICS_GELTour_Lyte_WhiteOrchidSilver_Elastic_hard.csv,540,"End-effector continue grasping the object, using strong force, causing hard-deformation, with increasing force."
/home/mdxuser/Genesis/main/data/picked_up_4/csv/ASICS_GELTour_Lyte_WhiteOrchidSilver/Elastic/hard/ASICS_GELTour_Lyte_WhiteOrchidSilver_Elastic_hard.csv,810,"End-effector lifting the object, using strong force, causing hard-deformation, with increasing force."
/home/mdxuser/Genesis/main/data/picked_up_4/csv/ASICS_GELTour_Lyte_WhiteOrchidSilver/Elastic/hard/ASICS_GELTour_Lyte_WhiteOrchidSilver_Elastic_hard.csv,1080,"End-effector rotating the object, by an angle of 45.0 degrees, using strong force, causing hard-deformation, with constant force."
/home/mdxuser/Genesis/main/data/picked_up_4/csv/ASICS_GELTour_Lyte_WhiteOrchidSilver/Elastic/hard/ASICS_GELTour_Lyte_WhiteOrchidSilver_Elastic_hard.csv,1350,"End-effector holding position of the object, maintaining a stable hold, using strong force, causing hard-deformation."
/home/mdxuser/Genesis/main/data/picked_up_4/csv/ASICS_GELTour_Lyte_WhiteOrchidSilver/Elastic/hard/ASICS_GELTour_Lyte_WhiteOrchidSilver_Elastic_hard.csv,1620,"End-effector continue holding position of the object, maintaining a stable hold, using strong force, causing hard-deformation."
/home/mdxuser/Genesis/main/data/picked_up_4/csv/ASICS_GELTour_Lyte_WhiteOrchidSilver/Elastic/hard/ASICS_GELTour_Lyte_WhiteOrchidSilver_Elastic_hard.csv,1890,The object has been dropped.
/home/mdxuser/Genesis/main/data/picked_up_4/csv/ASICS_GELTour_Lyte_WhiteOrchidSilver/Elastic/hard/ASICS_GELTour_Lyte_WhiteOrchidSilver_Elastic_hard.csv,2160,The object has been dropped.
/home/mdxuser/Genesis/main/data/picked_up_4/csv/ASICS_GELTour_Lyte_WhiteOrchidSilver/Elastic/hard/ASICS_GELTour_Lyte_WhiteOrchidSilver_Elastic_hard.csv,2430,The object has been dropped.
/home/mdxuser/Genesis/main/data/picked_up_4/csv/ASICS_GELTour_Lyte_WhiteOrchidSilver/Elastic/hard/ASICS_GELTour_Lyte_WhiteOrchidSilver_Elastic_hard.csv,2700,The object has been dropped.
/home/mdxuser/Genesis/main/data/picked_up_4/csv/Perricone_MD_Hypoallergenic_Gentle_Cleanser/Elastic/soft/Perricone_MD_Hypoallergenic_Gentle_Cleanser_Elastic_soft.csv,0,"End-effector start towards the object, to begin the task."
/home/mdxuser/Genesis/main/data/picked_up_4/csv/Perricone_MD_Hypoallergenic_Gentle_Cleanser/Elastic/soft/Perricone_MD_Hypoallergenic_Gentle_Cleanser_Elastic_soft.csv,270,"End-effector grasping the object, using gentle force, causing soft-deformation, with increasing force."
/home/mdxuser/Genesis/main/data/picked_up_4/csv/Perricone_MD_Hypoallergenic_Gentle_Cleanser/Elastic/soft/Perricone_MD_Hypoallergenic_Gentle_Cleanser_Elastic_soft.csv,540,"End-effector continue grasping the object, using gentle force, causing soft-deformation, with increasing force."
/home/mdxuser/Genesis/main/data/picked_up_4/csv/Perricone_MD_Hypoallergenic_Gentle_Cleanser/Elastic/soft/Perricone_MD_Hypoallergenic_Gentle_Cleanser_Elastic_soft.csv,810,"End-effector lifting the object, using gentle force, causing soft-deformation, with increasing force."
/home/mdxuser/Genesis/main/data/picked_up_4/csv/Perricone_MD_Hypoallergenic_Gentle_Cleanser/Elastic/soft/Perricone_MD_Hypoallergenic_Gentle_Cleanser_Elastic_soft.csv,1080,"End-effector rotating the object, by an angle of 45.0 degrees, using gentle force, causing soft-deformation, with constant force."
/home/mdxuser/Genesis/main/data/picked_up_4/csv/Perricone_MD_Hypoallergenic_Gentle_Cleanser/Elastic/soft/Perricone_MD_Hypoallergenic_Gentle_Cleanser_Elastic_soft.csv,1350,"End-effector continue rotating the object, by an angle of 45.0 degrees, using gentle force, causing soft-deformation, with constant force."
/home/mdxuser/Genesis/main/data/picked_up_4/csv/Perricone_MD_Hypoallergenic_Gentle_Cleanser/Elastic/soft/Perricone_MD_Hypoallergenic_Gentle_Cleanser_Elastic_soft.csv,1620,The object has been dropped.
/home/mdxuser/Genesis/main/data/picked_up_4/csv/Perricone_MD_Hypoallergenic_Gentle_Cleanser/Elastic/soft/Perricone_MD_Hypoallergenic_Gentle_Cleanser_Elastic_soft.csv,1890,The object has been dropped.
/home/mdxuser/Genesis/main/data/picked_up_4/csv/Perricone_MD_Hypoallergenic_Gentle_Cleanser/Elastic/soft/Perricone_MD_Hypoallergenic_Gentle_Cleanser_Elastic_soft.csv,2160,The object has been dropped.
/home/mdxuser/Genesis/main/data/picked_up_4/csv/Perricone_MD_Hypoallergenic_Gentle_Cleanser/Elastic/soft/Perricone_MD_Hypoallergenic_Gentle_Cleanser_Elastic_soft.csv,2430,The object has been dropped.
/home/mdxuser/Genesis/main/data/picked_up_4/csv/Perricone_MD_Hypoallergenic_Gentle_Cleanser/Elastic/soft/Perricone_MD_Hypoallergenic_Gentle_Cleanser_Elastic_soft.csv,2700,The object has been dropped.
/home/mdxuser/Genesis/main/data/picked_up_4/csv/Black_Forest_Fruit_Snacks_28_Pack_Grape/Elastic/hard/Black_Forest_Fruit_Snacks_28_Pack_Grape_Elastic_hard.csv,0,"End-effector start towards the object, to begin the task."
/home/mdxuser/Genesis/main/data/picked_up_4/csv/Black_Forest_Fruit_Snacks_28_Pack_Grape/Elastic/hard/Black_Forest_Fruit_Snacks_28_Pack_Grape_Elastic_hard.csv,270,"End-effector grasping the object, using strong force, causing hard-deformation, with increasing force."
/home/mdxuser/Genesis/main/data/picked_up_4/csv/Black_Forest_Fruit_Snacks_28_Pack_Grape/Elastic/hard/Black_Forest_Fruit_Snacks_28_Pack_Grape_Elastic_hard.csv,540,"End-effector continue grasping the object, using strong force, causing hard-deformation, with increasing force."
/home/mdxuser/Genesis/main/data/picked_up_4/csv/Black_Forest_Fruit_Snacks_28_Pack_Grape/Elastic/hard/Black_Forest_Fruit_Snacks_28_Pack_Grape_Elastic_hard.csv,810,"End-effector lifting the object, using strong force, causing hard-deformation, with increasing force."
/home/mdxuser/Genesis/main/data/picked_up_4/csv/Black_Forest_Fruit_Snacks_28_Pack_Grape/Elastic/hard/Black_Forest_Fruit_Snacks_28_Pack_Grape_Elastic_hard.csv,1080,"End-effector rotating the object, by an angle of 30.0 degrees, using strong force, causing hard-deformation, with constant force."
/home/mdxuser/Genesis/main/data/picked_up_4/csv/Black_Forest_Fruit_Snacks_28_Pack_Grape/Elastic/hard/Black_Forest_Fruit_Snacks_28_Pack_Grape_Elastic_hard.csv,1350,"End-effector continue rotating the object, by an angle of 30.0 degrees, using strong force, causing hard-deformation, with constant force."
/home/mdxuser/Genesis/main/data/picked_up_4/csv/Black_Forest_Fruit_Snacks_28_Pack_Grape/Elastic/hard/Black_Forest_Fruit_Snacks_28_Pack_Grape_Elastic_hard.csv,1620,"End-effector holding position of the object, maintaining a stable hold, using strong force, causing hard-deformation."
/home/mdxuser/Genesis/main/data/picked_up_4/csv/Black_Forest_Fruit_Snacks_28_Pack_Grape/Elastic/hard/Black_Forest_Fruit_Snacks_28_Pack_Grape_Elastic_hard.csv,1890,"End-effector rotating the object, by an angle of 45.0 degrees, using strong force, causing hard-deformation, with constant force."
/home/mdxuser/Genesis/main/data/picked_up_4/csv/Black_Forest_Fruit_Snacks_28_Pack_Grape/Elastic/hard/Black_Forest_Fruit_Snacks_28_Pack_Grape_Elastic_hard.csv,2160,"End-effector continue rotating the object, by an angle of 45.0 degrees, using strong force, causing hard-deformation, with constant force."
/home/mdxuser/Genesis/main/data/picked_up_4/csv/Black_Forest_Fruit_Snacks_28_Pack_Grape/Elastic/hard/Black_Forest_Fruit_Snacks_28_Pack_Grape_Elastic_hard.csv,2430,The object has been dropped.
/home/mdxuser/Genesis/main/data/picked_up_4/csv/Black_Forest_Fruit_Snacks_28_Pack_Grape/Elastic/hard/Black_Forest_Fruit_Snacks_28_Pack_Grape_Elastic_hard.csv,2700,The object has been dropped.
/home/mdxuser/Genesis/main/data/picked_up_4/csv/Nickelodeon_Teenage_Mutant_Ninja_Turtles_Raphael/Elastic/medium/Nickelodeon_Teenage_Mutant_Ninja_Turtles_Raphael_Elastic_medium.csv,0,"End-effector start towards the object, to begin the task."
/home/mdxuser/Genesis/main/data/picked_up_4/csv/Nickelodeon_Teenage_Mutant_Ninja_Turtles_Raphael/Elastic/medium/Nickelodeon_Teenage_Mutant_Ninja_Turtles_Raphael_Elastic_medium.csv,270,"End-effector grasping the object, using moderate force, causing medium-deformation, with increasing force."
/home/mdxuser/Genesis/main/data/picked_up_4/csv/Nickelodeon_Teenage_Mutant_Ninja_Turtles_Raphael/Elastic/medium/Nickelodeon_Teenage_Mutant_Ninja_Turtles_Raphael_Elastic_medium.csv,540,"End-effector continue grasping the object, using moderate force, causing medium-deformation, with increasing force."
/home/mdxuser/Genesis/main/data/picked_up_4/csv/Nickelodeon_Teenage_Mutant_Ninja_Turtles_Raphael/Elastic/medium/Nickelodeon_Teenage_Mutant_Ninja_Turtles_Raphael_Elastic_medium.csv,810,"End-effector lifting the object, using moderate force, causing medium-deformation, with increasing force."
/home/mdxuser/Genesis/main/data/picked_up_4/csv/Nickelodeon_Teenage_Mutant_Ninja_Turtles_Raphael/Elastic/medium/Nickelodeon_Teenage_Mutant_Ninja_Turtles_Raphael_Elastic_medium.csv,1080,"End-effector rotating the object, by an angle of 45.0 degrees, using moderate force, causing medium-deformation, with constant force."
/home/mdxuser/Genesis/main/data/picked_up_4/csv/Nickelodeon_Teenage_Mutant_Ninja_Turtles_Raphael/Elastic/medium/Nickelodeon_Teenage_Mutant_Ninja_Turtles_Raphael_Elastic_medium.csv,1350,"End-effector continue rotating the object, by an angle of 45.0 degrees, using moderate force, causing medium-deformation, with constant force."
/home/mdxuser/Genesis/main/data/picked_up_4/csv/Nickelodeon_Teenage_Mutant_Ninja_Turtles_Raphael/Elastic/medium/Nickelodeon_Teenage_Mutant_Ninja_Turtles_Raphael_Elastic_medium.csv,1620,The object has been dropped.
/home/mdxuser/Genesis/main/data/picked_up_4/csv/Nickelodeon_Teenage_Mutant_Ninja_Turtles_Raphael/Elastic/medium/Nickelodeon_Teenage_Mutant_Ninja_Turtles_Raphael_Elastic_medium.csv,1890,The object has been dropped.
/home/mdxuser/Genesis/main/data/picked_up_4/csv/Nickelodeon_Teenage_Mutant_Ninja_Turtles_Raphael/Elastic/medium/Nickelodeon_Teenage_Mutant_Ninja_Turtles_Raphael_Elastic_medium.csv,2160,The object has been dropped.
/home/mdxuser/Genesis/main/data/picked_up_4/csv/Nickelodeon_Teenage_Mutant_Ninja_Turtles_Raphael/Elastic/medium/Nickelodeon_Teenage_Mutant_Ninja_Turtles_Raphael_Elastic_medium.csv,2430,The object has been dropped.
/home/mdxuser/Genesis/main/data/picked_up_4/csv/Nickelodeon_Teenage_Mutant_Ninja_Turtles_Raphael/Elastic/medium/Nickelodeon_Teenage_Mutant_Ninja_Turtles_Raphael_Elastic_medium.csv,2700,The object has been dropped.
/home/mdxuser/Genesis/main/data/picked_up_4/csv/Olive_Kids_Trains_Planes_Trucks_Bogo_Backpack/Elastic/soft/Olive_Kids_Trains_Planes_Trucks_Bogo_Backpack_Elastic_soft.csv,0,"End-effector start towards the object, to begin the task."
/home/mdxuser/Genesis/main/data/picked_up_4/csv/Olive_Kids_Trains_Planes_Trucks_Bogo_Backpack/Elastic/soft/Olive_Kids_Trains_Planes_Trucks_Bogo_Backpack_Elastic_soft.csv,270,"End-effector grasping the object, using gentle force, causing soft-deformation, with increasing force."
/home/mdxuser/Genesis/main/data/picked_up_4/csv/Olive_Kids_Trains_Planes_Trucks_Bogo_Backpack/Elastic/soft/Olive_Kids_Trains_Planes_Trucks_Bogo_Backpack_Elastic_soft.csv,540,"End-effector continue grasping the object, using gentle force, causing soft-deformation, with increasing force."
/home/mdxuser/Genesis/main/data/picked_up_4/csv/Olive_Kids_Trains_Planes_Trucks_Bogo_Backpack/Elastic/soft/Olive_Kids_Trains_Planes_Trucks_Bogo_Backpack_Elastic_soft.csv,810,"End-effector lifting the object, using gentle force, causing soft-deformation, with increasing force."
/home/mdxuser/Genesis/main/data/picked_up_4/csv/Olive_Kids_Trains_Planes_Trucks_Bogo_Backpack/Elastic/soft/Olive_Kids_Trains_Planes_Trucks_Bogo_Backpack_Elastic_soft.csv,1080,"End-effector rotating the object, by an angle of 30.0 degrees, using gentle force, causing soft-deformation, with constant force."
/home/mdxuser/Genesis/main/data/picked_up_4/csv/Olive_Kids_Trains_Planes_Trucks_Bogo_Backpack/Elastic/soft/Olive_Kids_Trains_Planes_Trucks_Bogo_Backpack_Elastic_soft.csv,1350,"End-effector continue rotating the object, by an angle of 30.0 degrees, using gentle force, causing soft-deformation, with constant force."
/home/mdxuser/Genesis/main/data/picked_up_4/csv/Olive_Kids_Trains_Planes_Trucks_Bogo_Backpack/Elastic/soft/Olive_Kids_Trains_Planes_Trucks_Bogo_Backpack_Elastic_soft.csv,1620,"End-effector holding position of the object, maintaining a stable hold, using gentle force, causing soft-deformation."
/home/mdxuser/Genesis/main/data/picked_up_4/csv/Olive_Kids_Trains_Planes_Trucks_Bogo_Backpack/Elastic/soft/Olive_Kids_Trains_Planes_Trucks_Bogo_Backpack_Elastic_soft.csv,1890,The object has been dropped.
/home/mdxuser/Genesis/main/data/picked_up_4/csv/Olive_Kids_Trains_Planes_Trucks_Bogo_Backpack/Elastic/soft/Olive_Kids_Trains_Planes_Trucks_Bogo_Backpack_Elastic_soft.csv,2160,The object has been dropped.
/home/mdxuser/Genesis/main/data/picked_up_4/csv/Olive_Kids_Trains_Planes_Trucks_Bogo_Backpack/Elastic/soft/Olive_Kids_Trains_Planes_Trucks_Bogo_Backpack_Elastic_soft.csv,2430,The object has been dropped.
/home/mdxuser/Genesis/main/data/picked_up_4/csv/Olive_Kids_Trains_Planes_Trucks_Bogo_Backpack/Elastic/soft/Olive_Kids_Trains_Planes_Trucks_Bogo_Backpack_Elastic_soft.csv,2700,The object has been dropped.
/home/mdxuser/Genesis/main/data/picked_up_4/csv/Adrenaline_GTS_13_Color_WhtObsdianBlckOlmpcSlvr_Size_70/Elastic/medium/Adrenaline_GTS_13_Color_WhtObsdianBlckOlmpcSlvr_Size_70_Elastic_medium.csv,0,"End-effector start towards the object, to begin the task."
/home/mdxuser/Genesis/main/data/picked_up_4/csv/Adrenaline_GTS_13_Color_WhtObsdianBlckOlmpcSlvr_Size_70/Elastic/medium/Adrenaline_GTS_13_Color_WhtObsdianBlckOlmpcSlvr_Size_70_Elastic_medium.csv,270,"End-effector grasping the object, using moderate force, causing medium-deformation, with increasing force."
/home/mdxuser/Genesis/main/data/picked_up_4/csv/Adrenaline_GTS_13_Color_WhtObsdianBlckOlmpcSlvr_Size_70/Elastic/medium/Adrenaline_GTS_13_Color_WhtObsdianBlckOlmpcSlvr_Size_70_Elastic_medium.csv,540,"End-effector continue grasping the object, using moderate force, causing medium-deformation, with increasing force."
/home/mdxuser/Genesis/main/data/picked_up_4/csv/Adrenaline_GTS_13_Color_WhtObsdianBlckOlmpcSlvr_Size_70/Elastic/medium/Adrenaline_GTS_13_Color_WhtObsdianBlckOlmpcSlvr_Size_70_Elastic_medium.csv,810,"End-effector lifting the object, using moderate force, causing medium-deformation, with increasing force."
/home/mdxuser/Genesis/main/data/picked_up_4/csv/Adrenaline_GTS_13_Color_WhtObsdianBlckOlmpcSlvr_Size_70/Elastic/medium/Adrenaline_GTS_13_Color_WhtObsdianBlckOlmpcSlvr_Size_70_Elastic_medium.csv,1080,"End-effector rotating the object, by an angle of 30.0 degrees, using moderate force, causing medium-deformation, with constant force."
/home/mdxuser/Genesis/main/data/picked_up_4/csv/Adrenaline_GTS_13_Color_WhtObsdianBlckOlmpcSlvr_Size_70/Elastic/medium/Adrenaline_GTS_13_Color_WhtObsdianBlckOlmpcSlvr_Size_70_Elastic_medium.csv,1350,"End-effector continue rotating the object, by an angle of 30.0 degrees, using moderate force, causing medium-deformation, with constant force."
/home/mdxuser/Genesis/main/data/picked_up_4/csv/Adrenaline_GTS_13_Color_WhtObsdianBlckOlmpcSlvr_Size_70/Elastic/medium/Adrenaline_GTS_13_Color_WhtObsdianBlckOlmpcSlvr_Size_70_Elastic_medium.csv,1620,The object has been dropped.
/home/mdxuser/Genesis/main/data/picked_up_4/csv/Adrenaline_GTS_13_Color_WhtObsdianBlckOlmpcSlvr_Size_70/Elastic/medium/Adrenaline_GTS_13_Color_WhtObsdianBlckOlmpcSlvr_Size_70_Elastic_medium.csv,1890,The object has been dropped.
/home/mdxuser/Genesis/main/data/picked_up_4/csv/Adrenaline_GTS_13_Color_WhtObsdianBlckOlmpcSlvr_Size_70/Elastic/medium/Adrenaline_GTS_13_Color_WhtObsdianBlckOlmpcSlvr_Size_70_Elastic_medium.csv,2160,The object has been dropped.
/home/mdxuser/Genesis/main/data/picked_up_4/csv/Adrenaline_GTS_13_Color_WhtObsdianBlckOlmpcSlvr_Size_70/Elastic/medium/Adrenaline_GTS_13_Color_WhtObsdianBlckOlmpcSlvr_Size_70_Elastic_medium.csv,2430,The object has been dropped.
/home/mdxuser/Genesis/main/data/picked_up_4/csv/Adrenaline_GTS_13_Color_WhtObsdianBlckOlmpcSlvr_Size_70/Elastic/medium/Adrenaline_GTS_13_Color_WhtObsdianBlckOlmpcSlvr_Size_70_Elastic_medium.csv,2700,The object has been dropped.
/home/mdxuser/Genesis/main/data/picked_up_4/csv/Android_Figure_Orange/Elastic/medium/Android_Figure_Orange_Elastic_medium.csv,0,"End-effector start towards the object, to begin the task."
/home/mdxuser/Genesis/main/data/picked_up_4/csv/Android_Figure_Orange/Elastic/medium/Android_Figure_Orange_Elastic_medium.csv,270,"End-effector grasping the object, using moderate force, causing medium-deformation, with increasing force."
/home/mdxuser/Genesis/main/data/picked_up_4/csv/Android_Figure_Orange/Elastic/medium/Android_Figure_Orange_Elastic_medium.csv,540,"End-effector continue grasping the object, using moderate force, causing medium-deformation, with increasing force."
/home/mdxuser/Genesis/main/data/picked_up_4/csv/Android_Figure_Orange/Elastic/medium/Android_Figure_Orange_Elastic_medium.csv,810,"End-effector lifting the object, using moderate force, causing medium-deformation, with increasing force."
/home/mdxuser/Genesis/main/data/picked_up_4/csv/Android_Figure_Orange/Elastic/medium/Android_Figure_Orange_Elastic_medium.csv,1080,"End-effector rotating the object, by an angle of 45.0 degrees, using moderate force, causing medium-deformation, with constant force."
/home/mdxuser/Genesis/main/data/picked_up_4/csv/Android_Figure_Orange/Elastic/medium/Android_Figure_Orange_Elastic_medium.csv,1350,"End-effector holding position of the object, maintaining a stable hold, using moderate force, causing medium-deformation."
/home/mdxuser/Genesis/main/data/picked_up_4/csv/Android_Figure_Orange/Elastic/medium/Android_Figure_Orange_Elastic_medium.csv,1620,"End-effector continue holding position of the object, maintaining a stable hold, using moderate force, causing medium-deformation."
/home/mdxuser/Genesis/main/data/picked_up_4/csv/Android_Figure_Orange/Elastic/medium/Android_Figure_Orange_Elastic_medium.csv,1890,"End-effector rotating the object, by an angle of 45.0 degrees, using moderate force, causing medium-deformation, with constant force."
/home/mdxuser/Genesis/main/data/picked_up_4/csv/Android_Figure_Orange/Elastic/medium/Android_Figure_Orange_Elastic_medium.csv,2160,"End-effector holding position of the object, maintaining a stable hold, using moderate force, causing medium-deformation."
/home/mdxuser/Genesis/main/data/picked_up_4/csv/Android_Figure_Orange/Elastic/medium/Android_Figure_Orange_Elastic_medium.csv,2430,"End-effector continue holding position of the object, maintaining a stable hold, using moderate force, causing medium-deformation."
/home/mdxuser/Genesis/main/data/picked_up_4/csv/Android_Figure_Orange/Elastic/medium/Android_Figure_Orange_Elastic_medium.csv,2700,"End-effector stopping the object, using zero-force, causing undeformed shape."
/home/mdxuser/Genesis/main/data/picked_up_4/csv/Office_Depot_Canon_CLI_8Y_Ink_Cartridge_Yellow_0623B002/Elastic/medium/Office_Depot_Canon_CLI_8Y_Ink_Cartridge_Yellow_0623B002_Elastic_medium.csv,0,"End-effector start towards the object, to begin the task."
/home/mdxuser/Genesis/main/data/picked_up_4/csv/Office_Depot_Canon_CLI_8Y_Ink_Cartridge_Yellow_0623B002/Elastic/medium/Office_Depot_Canon_CLI_8Y_Ink_Cartridge_Yellow_0623B002_Elastic_medium.csv,270,"End-effector grasping the object, using moderate force, causing medium-deformation, with increasing force."
/home/mdxuser/Genesis/main/data/picked_up_4/csv/Office_Depot_Canon_CLI_8Y_Ink_Cartridge_Yellow_0623B002/Elastic/medium/Office_Depot_Canon_CLI_8Y_Ink_Cartridge_Yellow_0623B002_Elastic_medium.csv,540,"End-effector continue grasping the object, using moderate force, causing medium-deformation, with increasing force."
/home/mdxuser/Genesis/main/data/picked_up_4/csv/Office_Depot_Canon_CLI_8Y_Ink_Cartridge_Yellow_0623B002/Elastic/medium/Office_Depot_Canon_CLI_8Y_Ink_Cartridge_Yellow_0623B002_Elastic_medium.csv,810,"End-effector lifting the object, using moderate force, causing medium-deformation, with increasing force."
/home/mdxuser/Genesis/main/data/picked_up_4/csv/Office_Depot_Canon_CLI_8Y_Ink_Cartridge_Yellow_0623B002/Elastic/medium/Office_Depot_Canon_CLI_8Y_Ink_Cartridge_Yellow_0623B002_Elastic_medium.csv,1080,"End-effector rotating the object, by an angle of 45.0 degrees, using moderate force, causing medium-deformation, with constant force."
/home/mdxuser/Genesis/main/data/picked_up_4/csv/Office_Depot_Canon_CLI_8Y_Ink_Cartridge_Yellow_0623B002/Elastic/medium/Office_Depot_Canon_CLI_8Y_Ink_Cartridge_Yellow_0623B002_Elastic_medium.csv,1350,"End-effector continue rotating the object, by an angle of 45.0 degrees, using moderate force, causing medium-deformation, with constant force."
/home/mdxuser/Genesis/main/data/picked_up_4/csv/Office_Depot_Canon_CLI_8Y_Ink_Cartridge_Yellow_0623B002/Elastic/medium/Office_Depot_Canon_CLI_8Y_Ink_Cartridge_Yellow_0623B002_Elastic_medium.csv,1620,The object has been dropped.
/home/mdxuser/Genesis/main/data/picked_up_4/csv/Office_Depot_Canon_CLI_8Y_Ink_Cartridge_Yellow_0623B002/Elastic/medium/Office_Depot_Canon_CLI_8Y_Ink_Cartridge_Yellow_0623B002_Elastic_medium.csv,1890,The object has been dropped.
/home/mdxuser/Genesis/main/data/picked_up_4/csv/Office_Depot_Canon_CLI_8Y_Ink_Cartridge_Yellow_0623B002/Elastic/medium/Office_Depot_Canon_CLI_8Y_Ink_Cartridge_Yellow_0623B002_Elastic_medium.csv,2160,The object has been dropped.
/home/mdxuser/Genesis/main/data/picked_up_4/csv/Office_Depot_Canon_CLI_8Y_Ink_Cartridge_Yellow_0623B002/Elastic/medium/Office_Depot_Canon_CLI_8Y_Ink_Cartridge_Yellow_0623B002_Elastic_medium.csv,2430,The object has been dropped.
/home/mdxuser/Genesis/main/data/picked_up_4/csv/Office_Depot_Canon_CLI_8Y_Ink_Cartridge_Yellow_0623B002/Elastic/medium/Office_Depot_Canon_CLI_8Y_Ink_Cartridge_Yellow_0623B002_Elastic_medium.csv,2700,The object has been dropped.
/home/mdxuser/Genesis/main/data/picked_up_4/csv/Cole_Hardware_Mug_Classic_Blue/Elastic/medium/Cole_Hardware_Mug_Classic_Blue_Elastic_medium.csv,0,"End-effector start towards the object, to begin the task."
/home/mdxuser/Genesis/main/data/picked_up_4/csv/Cole_Hardware_Mug_Classic_Blue/Elastic/medium/Cole_Hardware_Mug_Classic_Blue_Elastic_medium.csv,270,"End-effector grasping the object, using moderate force, causing medium-deformation, with increasing force."
/home/mdxuser/Genesis/main/data/picked_up_4/csv/Cole_Hardware_Mug_Classic_Blue/Elastic/medium/Cole_Hardware_Mug_Classic_Blue_Elastic_medium.csv,540,"End-effector continue grasping the object, using moderate force, causing medium-deformation, with increasing force."
/home/mdxuser/Genesis/main/data/picked_up_4/csv/Cole_Hardware_Mug_Classic_Blue/Elastic/medium/Cole_Hardware_Mug_Classic_Blue_Elastic_medium.csv,810,"End-effector lifting the object, using moderate force, causing medium-deformation, with increasing force."
/home/mdxuser/Genesis/main/data/picked_up_4/csv/Cole_Hardware_Mug_Classic_Blue/Elastic/medium/Cole_Hardware_Mug_Classic_Blue_Elastic_medium.csv,1080,"End-effector rotating the object, by an angle of 45.0 degrees, using moderate force, causing medium-deformation, with constant force."
/home/mdxuser/Genesis/main/data/picked_up_4/csv/Cole_Hardware_Mug_Classic_Blue/Elastic/medium/Cole_Hardware_Mug_Classic_Blue_Elastic_medium.csv,1350,"End-effector continue rotating the object, by an angle of 45.0 degrees, using moderate force, causing medium-deformation, with constant force."
/home/mdxuser/Genesis/main/data/picked_up_4/csv/Cole_Hardware_Mug_Classic_Blue/Elastic/medium/Cole_Hardware_Mug_Classic_Blue_Elastic_medium.csv,1620,"End-effector holding position of the object, maintaining a stable hold, using moderate force, causing medium-deformation."
/home/mdxuser/Genesis/main/data/picked_up_4/csv/Cole_Hardware_Mug_Classic_Blue/Elastic/medium/Cole_Hardware_Mug_Classic_Blue_Elastic_medium.csv,1890,"End-effector rotating the object, by an angle of 30.0 degrees, using moderate force, causing medium-deformation, with constant force."
/home/mdxuser/Genesis/main/data/picked_up_4/csv/Cole_Hardware_Mug_Classic_Blue/Elastic/medium/Cole_Hardware_Mug_Classic_Blue_Elastic_medium.csv,2160,"End-effector continue rotating the object, by an angle of 30.0 degrees, using moderate force, causing medium-deformation, with constant force."
/home/mdxuser/Genesis/main/data/picked_up_4/csv/Cole_Hardware_Mug_Classic_Blue/Elastic/medium/Cole_Hardware_Mug_Classic_Blue_Elastic_medium.csv,2430,"End-effector holding position of the object, maintaining a stable hold, using moderate force, causing medium-deformation."
/home/mdxuser/Genesis/main/data/picked_up_4/csv/Cole_Hardware_Mug_Classic_Blue/Elastic/medium/Cole_Hardware_Mug_Classic_Blue_Elastic_medium.csv,2700,"End-effector stopping the object, using zero-force, causing undeformed shape."
/home/mdxuser/Genesis/main/data/picked_up_4/csv/CAR_CARRIER_TRAIN/Elastic/medium/CAR_CARRIER_TRAIN_Elastic_medium.csv,0,"End-effector start towards the object, to begin the task."
/home/mdxuser/Genesis/main/data/picked_up_4/csv/CAR_CARRIER_TRAIN/Elastic/medium/CAR_CARRIER_TRAIN_Elastic_medium.csv,270,"End-effector grasping the object, using moderate force, causing medium-deformation, with increasing force."
/home/mdxuser/Genesis/main/data/picked_up_4/csv/CAR_CARRIER_TRAIN/Elastic/medium/CAR_CARRIER_TRAIN_Elastic_medium.csv,540,"End-effector continue grasping the object, using moderate force, causing medium-deformation, with increasing force."
/home/mdxuser/Genesis/main/data/picked_up_4/csv/CAR_CARRIER_TRAIN/Elastic/medium/CAR_CARRIER_TRAIN_Elastic_medium.csv,810,"End-effector lifting the object, using moderate force, causing medium-deformation, with increasing force."
/home/mdxuser/Genesis/main/data/picked_up_4/csv/CAR_CARRIER_TRAIN/Elastic/medium/CAR_CARRIER_TRAIN_Elastic_medium.csv,1080,"End-effector rotating the object, by an angle of 45.0 degrees, using moderate force, causing medium-deformation, with constant force."
/home/mdxuser/Genesis/main/data/picked_up_4/csv/CAR_CARRIER_TRAIN/Elastic/medium/CAR_CARRIER_TRAIN_Elastic_medium.csv,1350,"End-effector continue rotating the object, by an angle of 45.0 degrees, using moderate force, causing medium-deformation, with constant force."
/home/mdxuser/Genesis/main/data/picked_up_4/csv/CAR_CARRIER_TRAIN/Elastic/medium/CAR_CARRIER_TRAIN_Elastic_medium.csv,1620,The object has been dropped.
/home/mdxuser/Genesis/main/data/picked_up_4/csv/CAR_CARRIER_TRAIN/Elastic/medium/CAR_CARRIER_TRAIN_Elastic_medium.csv,1890,The object has been dropped.
/home/mdxuser/Genesis/main/data/picked_up_4/csv/CAR_CARRIER_TRAIN/Elastic/medium/CAR_CARRIER_TRAIN_Elastic_medium.csv,2160,The object has been dropped.
/home/mdxuser/Genesis/main/data/picked_up_4/csv/CAR_CARRIER_TRAIN/Elastic/medium/CAR_CARRIER_TRAIN_Elastic_medium.csv,2430,The object has been dropped.
/home/mdxuser/Genesis/main/data/picked_up_4/csv/CAR_CARRIER_TRAIN/Elastic/medium/CAR_CARRIER_TRAIN_Elastic_medium.csv,2700,The object has been dropped.
/home/mdxuser/Genesis/main/data/picked_up_4/csv/BIRD_RATTLE/Elastic/medium/BIRD_RATTLE_Elastic_medium.csv,0,"End-effector start towards the object, to begin the task."
/home/mdxuser/Genesis/main/data/picked_up_4/csv/BIRD_RATTLE/Elastic/medium/BIRD_RATTLE_Elastic_medium.csv,270,"End-effector grasping the object, using moderate force, causing medium-deformation, with increasing force."
/home/mdxuser/Genesis/main/data/picked_up_4/csv/BIRD_RATTLE/Elastic/medium/BIRD_RATTLE_Elastic_medium.csv,540,"End-effector continue grasping the object, using moderate force, causing medium-deformation, with increasing force."
/home/mdxuser/Genesis/main/data/picked_up_4/csv/BIRD_RATTLE/Elastic/medium/BIRD_RATTLE_Elastic_medium.csv,810,"End-effector lifting the object, using moderate force, causing medium-deformation, with increasing force."
/home/mdxuser/Genesis/main/data/picked_up_4/csv/BIRD_RATTLE/Elastic/medium/BIRD_RATTLE_Elastic_medium.csv,1080,"End-effector rotating the object, by an angle of 30.0 degrees, using moderate force, causing medium-deformation, with constant force."
/home/mdxuser/Genesis/main/data/picked_up_4/csv/BIRD_RATTLE/Elastic/medium/BIRD_RATTLE_Elastic_medium.csv,1350,"End-effector continue rotating the object, by an angle of 30.0 degrees, using moderate force, causing medium-deformation, with constant force."
/home/mdxuser/Genesis/main/data/picked_up_4/csv/BIRD_RATTLE/Elastic/medium/BIRD_RATTLE_Elastic_medium.csv,1620,"End-effector holding position of the object, maintaining a stable hold, using moderate force, causing medium-deformation."
/home/mdxuser/Genesis/main/data/picked_up_4/csv/BIRD_RATTLE/Elastic/medium/BIRD_RATTLE_Elastic_medium.csv,1890,"End-effector rotating the object, by an angle of 45.0 degrees, using moderate force, causing medium-deformation, with constant force."
/home/mdxuser/Genesis/main/data/picked_up_4/csv/BIRD_RATTLE/Elastic/medium/BIRD_RATTLE_Elastic_medium.csv,2160,"End-effector continue rotating the object, by an angle of 45.0 degrees, using moderate force, causing medium-deformation, with constant force."
/home/mdxuser/Genesis/main/data/picked_up_4/csv/BIRD_RATTLE/Elastic/medium/BIRD_RATTLE_Elastic_medium.csv,2430,"End-effector holding position of the object, maintaining a stable hold, using moderate force, causing medium-deformation."
/home/mdxuser/Genesis/main/data/picked_up_4/csv/BIRD_RATTLE/Elastic/medium/BIRD_RATTLE_Elastic_medium.csv,2700,"End-effector stopping the object, using zero-force, causing undeformed shape."
/home/mdxuser/Genesis/main/data/picked_up_4/csv/Asus_Z97IPLUS_Motherboard_Mini_ITX_LGA1150_Socket/Elastic/medium/Asus_Z97IPLUS_Motherboard_Mini_ITX_LGA1150_Socket_Elastic_medium.csv,0,"End-effector start towards the object, to begin the task."
/home/mdxuser/Genesis/main/data/picked_up_4/csv/Asus_Z97IPLUS_Motherboard_Mini_ITX_LGA1150_Socket/Elastic/medium/Asus_Z97IPLUS_Motherboard_Mini_ITX_LGA1150_Socket_Elastic_medium.csv,270,"End-effector grasping the object, using moderate force, causing medium-deformation, with increasing force."
/home/mdxuser/Genesis/main/data/picked_up_4/csv/Asus_Z97IPLUS_Motherboard_Mini_ITX_LGA1150_Socket/Elastic/medium/Asus_Z97IPLUS_Motherboard_Mini_ITX_LGA1150_Socket_Elastic_medium.csv,540,"End-effector continue grasping the object, using moderate force, causing medium-deformation, with increasing force."
/home/mdxuser/Genesis/main/data/picked_up_4/csv/Asus_Z97IPLUS_Motherboard_Mini_ITX_LGA1150_Socket/Elastic/medium/Asus_Z97IPLUS_Motherboard_Mini_ITX_LGA1150_Socket_Elastic_medium.csv,810,"End-effector lifting the object, using moderate force, causing medium-deformation, with increasing force."
/home/mdxuser/Genesis/main/data/picked_up_4/csv/Asus_Z97IPLUS_Motherboard_Mini_ITX_LGA1150_Socket/Elastic/medium/Asus_Z97IPLUS_Motherboard_Mini_ITX_LGA1150_Socket_Elastic_medium.csv,1080,"End-effector rotating the object, by an angle of 45.0 degrees, using moderate force, causing medium-deformation, with constant force."
/home/mdxuser/Genesis/main/data/picked_up_4/csv/Asus_Z97IPLUS_Motherboard_Mini_ITX_LGA1150_Socket/Elastic/medium/Asus_Z97IPLUS_Motherboard_Mini_ITX_LGA1150_Socket_Elastic_medium.csv,1350,The object has been dropped.
/home/mdxuser/Genesis/main/data/picked_up_4/csv/Asus_Z97IPLUS_Motherboard_Mini_ITX_LGA1150_Socket/Elastic/medium/Asus_Z97IPLUS_Motherboard_Mini_ITX_LGA1150_Socket_Elastic_medium.csv,1620,The object has been dropped.
/home/mdxuser/Genesis/main/data/picked_up_4/csv/Asus_Z97IPLUS_Motherboard_Mini_ITX_LGA1150_Socket/Elastic/medium/Asus_Z97IPLUS_Motherboard_Mini_ITX_LGA1150_Socket_Elastic_medium.csv,1890,The object has been dropped.
/home/mdxuser/Genesis/main/data/picked_up_4/csv/Asus_Z97IPLUS_Motherboard_Mini_ITX_LGA1150_Socket/Elastic/medium/Asus_Z97IPLUS_Motherboard_Mini_ITX_LGA1150_Socket_Elastic_medium.csv,2160,The object has been dropped.
/home/mdxuser/Genesis/main/data/picked_up_4/csv/Asus_Z97IPLUS_Motherboard_Mini_ITX_LGA1150_Socket/Elastic/medium/Asus_Z97IPLUS_Motherboard_Mini_ITX_LGA1150_Socket_Elastic_medium.csv,2430,The object has been dropped.
/home/mdxuser/Genesis/main/data/picked_up_4/csv/Asus_Z97IPLUS_Motherboard_Mini_ITX_LGA1150_Socket/Elastic/medium/Asus_Z97IPLUS_Motherboard_Mini_ITX_LGA1150_Socket_Elastic_medium.csv,2700,The object has been dropped.
/home/mdxuser/Genesis/main/data/picked_up_4/csv/Office_Depot_HP_920XL_920_High_Yield_Black_and_Standard_CMY_Color_Ink_Cartridges/Elastic/medium/Office_Depot_HP_920XL_920_High_Yield_Black_and_Standard_CMY_Color_Ink_Cartridges_Elastic_medium.csv,0,"End-effector start towards the object, to begin the task."
/home/mdxuser/Genesis/main/data/picked_up_4/csv/Office_Depot_HP_920XL_920_High_Yield_Black_and_Standard_CMY_Color_Ink_Cartridges/Elastic/medium/Office_Depot_HP_920XL_920_High_Yield_Black_and_Standard_CMY_Color_Ink_Cartridges_Elastic_medium.csv,270,"End-effector grasping the object, using moderate force, causing medium-deformation, with increasing force."
/home/mdxuser/Genesis/main/data/picked_up_4/csv/Office_Depot_HP_920XL_920_High_Yield_Black_and_Standard_CMY_Color_Ink_Cartridges/Elastic/medium/Office_Depot_HP_920XL_920_High_Yield_Black_and_Standard_CMY_Color_Ink_Cartridges_Elastic_medium.csv,540,"End-effector continue grasping the object, using moderate force, causing medium-deformation, with increasing force."
/home/mdxuser/Genesis/main/data/picked_up_4/csv/Office_Depot_HP_920XL_920_High_Yield_Black_and_Standard_CMY_Color_Ink_Cartridges/Elastic/medium/Office_Depot_HP_920XL_920_High_Yield_Black_and_Standard_CMY_Color_Ink_Cartridges_Elastic_medium.csv,810,"End-effector lifting the object, using moderate force, causing medium-deformation, with increasing force."
/home/mdxuser/Genesis/main/data/picked_up_4/csv/Office_Depot_HP_920XL_920_High_Yield_Black_and_Standard_CMY_Color_Ink_Cartridges/Elastic/medium/Office_Depot_HP_920XL_920_High_Yield_Black_and_Standard_CMY_Color_Ink_Cartridges_Elastic_medium.csv,1080,"End-effector rotating the object, by an angle of 45.0 degrees, using moderate force, causing medium-deformation, with constant force."
/home/mdxuser/Genesis/main/data/picked_up_4/csv/Office_Depot_HP_920XL_920_High_Yield_Black_and_Standard_CMY_Color_Ink_Cartridges/Elastic/medium/Office_Depot_HP_920XL_920_High_Yield_Black_and_Standard_CMY_Color_Ink_Cartridges_Elastic_medium.csv,1350,"End-effector holding position of the object, maintaining a stable hold, using moderate force, causing medium-deformation."
/home/mdxuser/Genesis/main/data/picked_up_4/csv/Office_Depot_HP_920XL_920_High_Yield_Black_and_Standard_CMY_Color_Ink_Cartridges/Elastic/medium/Office_Depot_HP_920XL_920_High_Yield_Black_and_Standard_CMY_Color_Ink_Cartridges_Elastic_medium.csv,1620,"End-effector continue holding position of the object, maintaining a stable hold, using moderate force, causing medium-deformation."
/home/mdxuser/Genesis/main/data/picked_up_4/csv/Office_Depot_HP_920XL_920_High_Yield_Black_and_Standard_CMY_Color_Ink_Cartridges/Elastic/medium/Office_Depot_HP_920XL_920_High_Yield_Black_and_Standard_CMY_Color_Ink_Cartridges_Elastic_medium.csv,1890,"End-effector rotating the object, by an angle of 45.0 degrees, using moderate force, causing medium-deformation, with constant force."
/home/mdxuser/Genesis/main/data/picked_up_4/csv/Office_Depot_HP_920XL_920_High_Yield_Black_and_Standard_CMY_Color_Ink_Cartridges/Elastic/medium/Office_Depot_HP_920XL_920_High_Yield_Black_and_Standard_CMY_Color_Ink_Cartridges_Elastic_medium.csv,2160,"End-effector continue rotating the object, by an angle of 45.0 degrees, using moderate force, causing medium-deformation, with constant force."
/home/mdxuser/Genesis/main/data/picked_up_4/csv/Office_Depot_HP_920XL_920_High_Yield_Black_and_Standard_CMY_Color_Ink_Cartridges/Elastic/medium/Office_Depot_HP_920XL_920_High_Yield_Black_and_Standard_CMY_Color_Ink_Cartridges_Elastic_medium.csv,2430,The object has been dropped.
/home/mdxuser/Genesis/main/data/picked_up_4/csv/Office_Depot_HP_920XL_920_High_Yield_Black_and_Standard_CMY_Color_Ink_Cartridges/Elastic/medium/Office_Depot_HP_920XL_920_High_Yield_Black_and_Standard_CMY_Color_Ink_Cartridges_Elastic_medium.csv,2700,The object has been dropped.
/home/mdxuser/Genesis/main/data/picked_up_4/csv/CHILDREN_BEDROOM_CLASSIC/Elastic/hard/CHILDREN_BEDROOM_CLASSIC_Elastic_hard.csv,0,"End-effector start towards the object, to begin the task."
/home/mdxuser/Genesis/main/data/picked_up_4/csv/CHILDREN_BEDROOM_CLASSIC/Elastic/hard/CHILDREN_BEDROOM_CLASSIC_Elastic_hard.csv,270,"End-effector grasping the object, using strong force, causing hard-deformation, with increasing force."
/home/mdxuser/Genesis/main/data/picked_up_4/csv/CHILDREN_BEDROOM_CLASSIC/Elastic/hard/CHILDREN_BEDROOM_CLASSIC_Elastic_hard.csv,540,"End-effector continue grasping the object, using strong force, causing hard-deformation, with increasing force."
/home/mdxuser/Genesis/main/data/picked_up_4/csv/CHILDREN_BEDROOM_CLASSIC/Elastic/hard/CHILDREN_BEDROOM_CLASSIC_Elastic_hard.csv,810,"End-effector lifting the object, using strong force, causing hard-deformation, with increasing force."
/home/mdxuser/Genesis/main/data/picked_up_4/csv/CHILDREN_BEDROOM_CLASSIC/Elastic/hard/CHILDREN_BEDROOM_CLASSIC_Elastic_hard.csv,1080,"End-effector rotating the object, by an angle of 45.0 degrees, using strong force, causing hard-deformation, with constant force."
/home/mdxuser/Genesis/main/data/picked_up_4/csv/CHILDREN_BEDROOM_CLASSIC/Elastic/hard/CHILDREN_BEDROOM_CLASSIC_Elastic_hard.csv,1350,"End-effector continue rotating the object, by an angle of 45.0 degrees, using strong force, causing hard-deformation, with constant force."
/home/mdxuser/Genesis/main/data/picked_up_4/csv/CHILDREN_BEDROOM_CLASSIC/Elastic/hard/CHILDREN_BEDROOM_CLASSIC_Elastic_hard.csv,1620,The object has been dropped.
/home/mdxuser/Genesis/main/data/picked_up_4/csv/CHILDREN_BEDROOM_CLASSIC/Elastic/hard/CHILDREN_BEDROOM_CLASSIC_Elastic_hard.csv,1890,The object has been dropped.
/home/mdxuser/Genesis/main/data/picked_up_4/csv/CHILDREN_BEDROOM_CLASSIC/Elastic/hard/CHILDREN_BEDROOM_CLASSIC_Elastic_hard.csv,2160,The object has been dropped.
/home/mdxuser/Genesis/main/data/picked_up_4/csv/CHILDREN_BEDROOM_CLASSIC/Elastic/hard/CHILDREN_BEDROOM_CLASSIC_Elastic_hard.csv,2430,The object has been dropped.
/home/mdxuser/Genesis/main/data/picked_up_4/csv/CHILDREN_BEDROOM_CLASSIC/Elastic/hard/CHILDREN_BEDROOM_CLASSIC_Elastic_hard.csv,2700,The object has been dropped.
/home/mdxuser/Genesis/main/data/picked_up_4/csv/Pinwheel_Pencil_Case/Elastic/medium/Pinwheel_Pencil_Case_Elastic_medium.csv,0,"End-effector start towards the object, to begin the task."
/home/mdxuser/Genesis/main/data/picked_up_4/csv/Pinwheel_Pencil_Case/Elastic/medium/Pinwheel_Pencil_Case_Elastic_medium.csv,270,"End-effector grasping the object, using moderate force, causing medium-deformation, with increasing force."
/home/mdxuser/Genesis/main/data/picked_up_4/csv/Pinwheel_Pencil_Case/Elastic/medium/Pinwheel_Pencil_Case_Elastic_medium.csv,540,"End-effector continue grasping the object, using moderate force, causing medium-deformation, with increasing force."
/home/mdxuser/Genesis/main/data/picked_up_4/csv/Pinwheel_Pencil_Case/Elastic/medium/Pinwheel_Pencil_Case_Elastic_medium.csv,810,"End-effector lifting the object, using moderate force, causing medium-deformation, with increasing force."
/home/mdxuser/Genesis/main/data/picked_up_4/csv/Pinwheel_Pencil_Case/Elastic/medium/Pinwheel_Pencil_Case_Elastic_medium.csv,1080,"End-effector rotating the object, by an angle of 30.0 degrees, using moderate force, causing medium-deformation, with constant force."
/home/mdxuser/Genesis/main/data/picked_up_4/csv/Pinwheel_Pencil_Case/Elastic/medium/Pinwheel_Pencil_Case_Elastic_medium.csv,1350,"End-effector continue rotating the object, by an angle of 30.0 degrees, using moderate force, causing medium-deformation, with constant force."
/home/mdxuser/Genesis/main/data/picked_up_4/csv/Pinwheel_Pencil_Case/Elastic/medium/Pinwheel_Pencil_Case_Elastic_medium.csv,1620,The object has been dropped.
/home/mdxuser/Genesis/main/data/picked_up_4/csv/Pinwheel_Pencil_Case/Elastic/medium/Pinwheel_Pencil_Case_Elastic_medium.csv,1890,The object has been dropped.
/home/mdxuser/Genesis/main/data/picked_up_4/csv/Pinwheel_Pencil_Case/Elastic/medium/Pinwheel_Pencil_Case_Elastic_medium.csv,2160,The object has been dropped.
/home/mdxuser/Genesis/main/data/picked_up_4/csv/Pinwheel_Pencil_Case/Elastic/medium/Pinwheel_Pencil_Case_Elastic_medium.csv,2430,The object has been dropped.
/home/mdxuser/Genesis/main/data/picked_up_4/csv/Pinwheel_Pencil_Case/Elastic/medium/Pinwheel_Pencil_Case_Elastic_medium.csv,2700,The object has been dropped.
/home/mdxuser/Genesis/main/data/picked_up_4/csv/CoQ10_BjTLbuRVt1t/Elastic/medium/CoQ10_BjTLbuRVt1t_Elastic_medium.csv,0,"End-effector start towards the object, to begin the task."
/home/mdxuser/Genesis/main/data/picked_up_4/csv/CoQ10_BjTLbuRVt1t/Elastic/medium/CoQ10_BjTLbuRVt1t_Elastic_medium.csv,270,"End-effector grasping the object, using moderate force, causing medium-deformation, with increasing force."
/home/mdxuser/Genesis/main/data/picked_up_4/csv/CoQ10_BjTLbuRVt1t/Elastic/medium/CoQ10_BjTLbuRVt1t_Elastic_medium.csv,540,"End-effector continue grasping the object, using moderate force, causing medium-deformation, with increasing force."
/home/mdxuser/Genesis/main/data/picked_up_4/csv/CoQ10_BjTLbuRVt1t/Elastic/medium/CoQ10_BjTLbuRVt1t_Elastic_medium.csv,810,"End-effector lifting the object, using moderate force, causing medium-deformation, with increasing force."
/home/mdxuser/Genesis/main/data/picked_up_4/csv/CoQ10_BjTLbuRVt1t/Elastic/medium/CoQ10_BjTLbuRVt1t_Elastic_medium.csv,1080,"End-effector rotating the object, by an angle of 30.0 degrees, using moderate force, causing medium-deformation, with constant force."
/home/mdxuser/Genesis/main/data/picked_up_4/csv/CoQ10_BjTLbuRVt1t/Elastic/medium/CoQ10_BjTLbuRVt1t_Elastic_medium.csv,1350,"End-effector continue rotating the object, by an angle of 30.0 degrees, using moderate force, causing medium-deformation, with constant force."
/home/mdxuser/Genesis/main/data/picked_up_4/csv/CoQ10_BjTLbuRVt1t/Elastic/medium/CoQ10_BjTLbuRVt1t_Elastic_medium.csv,1620,"End-effector holding position of the object, maintaining a stable hold, using moderate force, causing medium-deformation."
/home/mdxuser/Genesis/main/data/picked_up_4/csv/CoQ10_BjTLbuRVt1t/Elastic/medium/CoQ10_BjTLbuRVt1t_Elastic_medium.csv,1890,"End-effector rotating the object, by an angle of 45.0 degrees, using moderate force, causing medium-deformation, with constant force."
/home/mdxuser/Genesis/main/data/picked_up_4/csv/CoQ10_BjTLbuRVt1t/Elastic/medium/CoQ10_BjTLbuRVt1t_Elastic_medium.csv,2160,"End-effector continue rotating the object, by an angle of 45.0 degrees, using moderate force, causing medium-deformation, with constant force."
/home/mdxuser/Genesis/main/data/picked_up_4/csv/CoQ10_BjTLbuRVt1t/Elastic/medium/CoQ10_BjTLbuRVt1t_Elastic_medium.csv,2430,"End-effector holding position of the object, maintaining a stable hold, using moderate force, causing medium-deformation."
/home/mdxuser/Genesis/main/data/picked_up_4/csv/CoQ10_BjTLbuRVt1t/Elastic/medium/CoQ10_BjTLbuRVt1t_Elastic_medium.csv,2700,"End-effector stopping the object, using zero-force, causing undeformed shape."
/home/mdxuser/Genesis/main/data/picked_up_4/csv/Cole_Hardware_Mug_Classic_Blue/Elastic/hard/Cole_Hardware_Mug_Classic_Blue_Elastic_hard.csv,0,"End-effector start towards the object, to begin the task."
/home/mdxuser/Genesis/main/data/picked_up_4/csv/Cole_Hardware_Mug_Classic_Blue/Elastic/hard/Cole_Hardware_Mug_Classic_Blue_Elastic_hard.csv,270,"End-effector grasping the object, using strong force, causing hard-deformation, with increasing force."
/home/mdxuser/Genesis/main/data/picked_up_4/csv/Cole_Hardware_Mug_Classic_Blue/Elastic/hard/Cole_Hardware_Mug_Classic_Blue_Elastic_hard.csv,540,"End-effector continue grasping the object, using strong force, causing hard-deformation, with increasing force."
/home/mdxuser/Genesis/main/data/picked_up_4/csv/Cole_Hardware_Mug_Classic_Blue/Elastic/hard/Cole_Hardware_Mug_Classic_Blue_Elastic_hard.csv,810,"End-effector lifting the object, using strong force, causing hard-deformation, with increasing force."
/home/mdxuser/Genesis/main/data/picked_up_4/csv/Cole_Hardware_Mug_Classic_Blue/Elastic/hard/Cole_Hardware_Mug_Classic_Blue_Elastic_hard.csv,1080,"End-effector rotating the object, by an angle of 30.0 degrees, using strong force, causing hard-deformation, with constant force."
/home/mdxuser/Genesis/main/data/picked_up_4/csv/Cole_Hardware_Mug_Classic_Blue/Elastic/hard/Cole_Hardware_Mug_Classic_Blue_Elastic_hard.csv,1350,"End-effector continue rotating the object, by an angle of 30.0 degrees, using strong force, causing hard-deformation, with constant force."
/home/mdxuser/Genesis/main/data/picked_up_4/csv/Cole_Hardware_Mug_Classic_Blue/Elastic/hard/Cole_Hardware_Mug_Classic_Blue_Elastic_hard.csv,1620,"End-effector holding position of the object, maintaining a stable hold, using strong force, causing hard-deformation."
/home/mdxuser/Genesis/main/data/picked_up_4/csv/Cole_Hardware_Mug_Classic_Blue/Elastic/hard/Cole_Hardware_Mug_Classic_Blue_Elastic_hard.csv,1890,"End-effector rotating the object, by an angle of 30.0 degrees, using strong force, causing hard-deformation, with constant force."
/home/mdxuser/Genesis/main/data/picked_up_4/csv/Cole_Hardware_Mug_Classic_Blue/Elastic/hard/Cole_Hardware_Mug_Classic_Blue_Elastic_hard.csv,2160,"End-effector continue rotating the object, by an angle of 30.0 degrees, using strong force, causing hard-deformation, with constant force."
/home/mdxuser/Genesis/main/data/picked_up_4/csv/Cole_Hardware_Mug_Classic_Blue/Elastic/hard/Cole_Hardware_Mug_Classic_Blue_Elastic_hard.csv,2430,"End-effector holding position of the object, maintaining a stable hold, using strong force, causing hard-deformation."
/home/mdxuser/Genesis/main/data/picked_up_4/csv/Cole_Hardware_Mug_Classic_Blue/Elastic/hard/Cole_Hardware_Mug_Classic_Blue_Elastic_hard.csv,2700,"End-effector stopping the object, using zero-force, causing undeformed shape."
/home/mdxuser/Genesis/main/data/picked_up_4/csv/Court_Attitude/Elastic/soft/Court_Attitude_Elastic_soft.csv,0,"End-effector start towards the object, to begin the task."
/home/mdxuser/Genesis/main/data/picked_up_4/csv/Court_Attitude/Elastic/soft/Court_Attitude_Elastic_soft.csv,270,"End-effector grasping the object, using gentle force, causing soft-deformation, with increasing force."
/home/mdxuser/Genesis/main/data/picked_up_4/csv/Court_Attitude/Elastic/soft/Court_Attitude_Elastic_soft.csv,540,"End-effector continue grasping the object, using gentle force, causing soft-deformation, with increasing force."
/home/mdxuser/Genesis/main/data/picked_up_4/csv/Court_Attitude/Elastic/soft/Court_Attitude_Elastic_soft.csv,810,"End-effector lifting the object, using gentle force, causing soft-deformation, with increasing force."
/home/mdxuser/Genesis/main/data/picked_up_4/csv/Court_Attitude/Elastic/soft/Court_Attitude_Elastic_soft.csv,1080,"End-effector rotating the object, by an angle of 45.0 degrees, using gentle force, causing soft-deformation, with constant force."
/home/mdxuser/Genesis/main/data/picked_up_4/csv/Court_Attitude/Elastic/soft/Court_Attitude_Elastic_soft.csv,1350,The object has been dropped.
/home/mdxuser/Genesis/main/data/picked_up_4/csv/Court_Attitude/Elastic/soft/Court_Attitude_Elastic_soft.csv,1620,The object has been dropped.
/home/mdxuser/Genesis/main/data/picked_up_4/csv/Court_Attitude/Elastic/soft/Court_Attitude_Elastic_soft.csv,1890,The object has been dropped.
/home/mdxuser/Genesis/main/data/picked_up_4/csv/Court_Attitude/Elastic/soft/Court_Attitude_Elastic_soft.csv,2160,The object has been dropped.
/home/mdxuser/Genesis/main/data/picked_up_4/csv/Court_Attitude/Elastic/soft/Court_Attitude_Elastic_soft.csv,2430,The object has been dropped.
/home/mdxuser/Genesis/main/data/picked_up_4/csv/Court_Attitude/Elastic/soft/Court_Attitude_Elastic_soft.csv,2700,The object has been dropped.
/home/mdxuser/Genesis/main/data/picked_up_4/csv/Down_To_Earth_Orchid_Pot_Ceramic_Lime/Elastic/soft/Down_To_Earth_Orchid_Pot_Ceramic_Lime_Elastic_soft.csv,0,"End-effector start towards the object, to begin the task."
/home/mdxuser/Genesis/main/data/picked_up_4/csv/Down_To_Earth_Orchid_Pot_Ceramic_Lime/Elastic/soft/Down_To_Earth_Orchid_Pot_Ceramic_Lime_Elastic_soft.csv,270,"End-effector grasping the object, using gentle force, causing soft-deformation, with increasing force."
/home/mdxuser/Genesis/main/data/picked_up_4/csv/Down_To_Earth_Orchid_Pot_Ceramic_Lime/Elastic/soft/Down_To_Earth_Orchid_Pot_Ceramic_Lime_Elastic_soft.csv,540,"End-effector continue grasping the object, using gentle force, causing soft-deformation, with increasing force."
/home/mdxuser/Genesis/main/data/picked_up_4/csv/Down_To_Earth_Orchid_Pot_Ceramic_Lime/Elastic/soft/Down_To_Earth_Orchid_Pot_Ceramic_Lime_Elastic_soft.csv,810,"End-effector lifting the object, using gentle force, causing soft-deformation, with increasing force."
/home/mdxuser/Genesis/main/data/picked_up_4/csv/Down_To_Earth_Orchid_Pot_Ceramic_Lime/Elastic/soft/Down_To_Earth_Orchid_Pot_Ceramic_Lime_Elastic_soft.csv,1080,"End-effector rotating the object, by an angle of 45.0 degrees, using gentle force, causing soft-deformation, with constant force."
/home/mdxuser/Genesis/main/data/picked_up_4/csv/Down_To_Earth_Orchid_Pot_Ceramic_Lime/Elastic/soft/Down_To_Earth_Orchid_Pot_Ceramic_Lime_Elastic_soft.csv,1350,"End-effector continue rotating the object, by an angle of 45.0 degrees, using gentle force, causing soft-deformation, with constant force."
/home/mdxuser/Genesis/main/data/picked_up_4/csv/Down_To_Earth_Orchid_Pot_Ceramic_Lime/Elastic/soft/Down_To_Earth_Orchid_Pot_Ceramic_Lime_Elastic_soft.csv,1620,The object has been dropped.
/home/mdxuser/Genesis/main/data/picked_up_4/csv/Down_To_Earth_Orchid_Pot_Ceramic_Lime/Elastic/soft/Down_To_Earth_Orchid_Pot_Ceramic_Lime_Elastic_soft.csv,1890,The object has been dropped.
/home/mdxuser/Genesis/main/data/picked_up_4/csv/Down_To_Earth_Orchid_Pot_Ceramic_Lime/Elastic/soft/Down_To_Earth_Orchid_Pot_Ceramic_Lime_Elastic_soft.csv,2160,The object has been dropped.
/home/mdxuser/Genesis/main/data/picked_up_4/csv/Down_To_Earth_Orchid_Pot_Ceramic_Lime/Elastic/soft/Down_To_Earth_Orchid_Pot_Ceramic_Lime_Elastic_soft.csv,2430,The object has been dropped.
/home/mdxuser/Genesis/main/data/picked_up_4/csv/Down_To_Earth_Orchid_Pot_Ceramic_Lime/Elastic/soft/Down_To_Earth_Orchid_Pot_Ceramic_Lime_Elastic_soft.csv,2700,The object has been dropped.
/home/mdxuser/Genesis/main/data/picked_up_4/csv/3D_Dollhouse_Sofa/Elastic/soft/3D_Dollhouse_Sofa_Elastic_soft.csv,0,"End-effector start towards the object, to begin the task."
/home/mdxuser/Genesis/main/data/picked_up_4/csv/3D_Dollhouse_Sofa/Elastic/soft/3D_Dollhouse_Sofa_Elastic_soft.csv,270,"End-effector grasping the object, using gentle force, causing soft-deformation, with increasing force."
/home/mdxuser/Genesis/main/data/picked_up_4/csv/3D_Dollhouse_Sofa/Elastic/soft/3D_Dollhouse_Sofa_Elastic_soft.csv,540,"End-effector continue grasping the object, using gentle force, causing soft-deformation, with increasing force."
/home/mdxuser/Genesis/main/data/picked_up_4/csv/3D_Dollhouse_Sofa/Elastic/soft/3D_Dollhouse_Sofa_Elastic_soft.csv,810,"End-effector lifting the object, using gentle force, causing soft-deformation, with increasing force."
/home/mdxuser/Genesis/main/data/picked_up_4/csv/3D_Dollhouse_Sofa/Elastic/soft/3D_Dollhouse_Sofa_Elastic_soft.csv,1080,"End-effector rotating the object, by an angle of 30.0 degrees, using gentle force, causing soft-deformation, with constant force."
/home/mdxuser/Genesis/main/data/picked_up_4/csv/3D_Dollhouse_Sofa/Elastic/soft/3D_Dollhouse_Sofa_Elastic_soft.csv,1350,"End-effector continue rotating the object, by an angle of 30.0 degrees, using gentle force, causing soft-deformation, with constant force."
/home/mdxuser/Genesis/main/data/picked_up_4/csv/3D_Dollhouse_Sofa/Elastic/soft/3D_Dollhouse_Sofa_Elastic_soft.csv,1620,The object has been dropped.
/home/mdxuser/Genesis/main/data/picked_up_4/csv/3D_Dollhouse_Sofa/Elastic/soft/3D_Dollhouse_Sofa_Elastic_soft.csv,1890,The object has been dropped.
/home/mdxuser/Genesis/main/data/picked_up_4/csv/3D_Dollhouse_Sofa/Elastic/soft/3D_Dollhouse_Sofa_Elastic_soft.csv,2160,The object has been dropped.
/home/mdxuser/Genesis/main/data/picked_up_4/csv/3D_Dollhouse_Sofa/Elastic/soft/3D_Dollhouse_Sofa_Elastic_soft.csv,2430,The object has been dropped.
/home/mdxuser/Genesis/main/data/picked_up_4/csv/3D_Dollhouse_Sofa/Elastic/soft/3D_Dollhouse_Sofa_Elastic_soft.csv,2700,The object has been dropped.
/home/mdxuser/Genesis/main/data/picked_up_4/csv/CoQ10/Elastic/hard/CoQ10_Elastic_hard.csv,0,"End-effector start towards the object, to begin the task."
/home/mdxuser/Genesis/main/data/picked_up_4/csv/CoQ10/Elastic/hard/CoQ10_Elastic_hard.csv,270,"End-effector grasping the object, using strong force, causing hard-deformation, with increasing force."
/home/mdxuser/Genesis/main/data/picked_up_4/csv/CoQ10/Elastic/hard/CoQ10_Elastic_hard.csv,540,"End-effector continue grasping the object, using strong force, causing hard-deformation, with increasing force."
/home/mdxuser/Genesis/main/data/picked_up_4/csv/CoQ10/Elastic/hard/CoQ10_Elastic_hard.csv,810,"End-effector lifting the object, using strong force, causing hard-deformation, with increasing force."
/home/mdxuser/Genesis/main/data/picked_up_4/csv/CoQ10/Elastic/hard/CoQ10_Elastic_hard.csv,1080,"End-effector rotating the object, by an angle of 30.0 degrees, using strong force, causing hard-deformation, with constant force."
/home/mdxuser/Genesis/main/data/picked_up_4/csv/CoQ10/Elastic/hard/CoQ10_Elastic_hard.csv,1350,"End-effector continue rotating the object, by an angle of 30.0 degrees, using strong force, causing hard-deformation, with constant force."
/home/mdxuser/Genesis/main/data/picked_up_4/csv/CoQ10/Elastic/hard/CoQ10_Elastic_hard.csv,1620,"End-effector holding position of the object, maintaining a stable hold, using strong force, causing hard-deformation."
/home/mdxuser/Genesis/main/data/picked_up_4/csv/CoQ10/Elastic/hard/CoQ10_Elastic_hard.csv,1890,"End-effector rotating the object, by an angle of 45.0 degrees, using strong force, causing hard-deformation, with constant force."
/home/mdxuser/Genesis/main/data/picked_up_4/csv/CoQ10/Elastic/hard/CoQ10_Elastic_hard.csv,2160,"End-effector holding position of the object, maintaining a stable hold, using strong force, causing hard-deformation."
/home/mdxuser/Genesis/main/data/picked_up_4/csv/CoQ10/Elastic/hard/CoQ10_Elastic_hard.csv,2430,"End-effector continue holding position of the object, maintaining a stable hold, using strong force, causing hard-deformation."
/home/mdxuser/Genesis/main/data/picked_up_4/csv/CoQ10/Elastic/hard/CoQ10_Elastic_hard.csv,2700,"End-effector stopping the object, using zero-force, causing undeformed shape."
/home/mdxuser/Genesis/main/data/picked_up_4/csv/Office_Depot_HP_98_Remanufactured_Ink_Cartridge_Black/Elastic/medium/Office_Depot_HP_98_Remanufactured_Ink_Cartridge_Black_Elastic_medium.csv,0,"End-effector start towards the object, to begin the task."
/home/mdxuser/Genesis/main/data/picked_up_4/csv/Office_Depot_HP_98_Remanufactured_Ink_Cartridge_Black/Elastic/medium/Office_Depot_HP_98_Remanufactured_Ink_Cartridge_Black_Elastic_medium.csv,270,"End-effector grasping the object, using moderate force, causing medium-deformation, with increasing force."
/home/mdxuser/Genesis/main/data/picked_up_4/csv/Office_Depot_HP_98_Remanufactured_Ink_Cartridge_Black/Elastic/medium/Office_Depot_HP_98_Remanufactured_Ink_Cartridge_Black_Elastic_medium.csv,540,"End-effector continue grasping the object, using moderate force, causing medium-deformation, with increasing force."
/home/mdxuser/Genesis/main/data/picked_up_4/csv/Office_Depot_HP_98_Remanufactured_Ink_Cartridge_Black/Elastic/medium/Office_Depot_HP_98_Remanufactured_Ink_Cartridge_Black_Elastic_medium.csv,810,"End-effector lifting the object, using moderate force, causing medium-deformation, with increasing force."
/home/mdxuser/Genesis/main/data/picked_up_4/csv/Office_Depot_HP_98_Remanufactured_Ink_Cartridge_Black/Elastic/medium/Office_Depot_HP_98_Remanufactured_Ink_Cartridge_Black_Elastic_medium.csv,1080,"End-effector rotating the object, by an angle of 30.0 degrees, using moderate force, causing medium-deformation, with constant force."
/home/mdxuser/Genesis/main/data/picked_up_4/csv/Office_Depot_HP_98_Remanufactured_Ink_Cartridge_Black/Elastic/medium/Office_Depot_HP_98_Remanufactured_Ink_Cartridge_Black_Elastic_medium.csv,1350,"End-effector continue rotating the object, by an angle of 30.0 degrees, using moderate force, causing medium-deformation, with constant force."
/home/mdxuser/Genesis/main/data/picked_up_4/csv/Office_Depot_HP_98_Remanufactured_Ink_Cartridge_Black/Elastic/medium/Office_Depot_HP_98_Remanufactured_Ink_Cartridge_Black_Elastic_medium.csv,1620,The object has been dropped.
/home/mdxuser/Genesis/main/data/picked_up_4/csv/Office_Depot_HP_98_Remanufactured_Ink_Cartridge_Black/Elastic/medium/Office_Depot_HP_98_Remanufactured_Ink_Cartridge_Black_Elastic_medium.csv,1890,The object has been dropped.
/home/mdxuser/Genesis/main/data/picked_up_4/csv/Office_Depot_HP_98_Remanufactured_Ink_Cartridge_Black/Elastic/medium/Office_Depot_HP_98_Remanufactured_Ink_Cartridge_Black_Elastic_medium.csv,2160,The object has been dropped.
/home/mdxuser/Genesis/main/data/picked_up_4/csv/Office_Depot_HP_98_Remanufactured_Ink_Cartridge_Black/Elastic/medium/Office_Depot_HP_98_Remanufactured_Ink_Cartridge_Black_Elastic_medium.csv,2430,The object has been dropped.
/home/mdxuser/Genesis/main/data/picked_up_4/csv/Office_Depot_HP_98_Remanufactured_Ink_Cartridge_Black/Elastic/medium/Office_Depot_HP_98_Remanufactured_Ink_Cartridge_Black_Elastic_medium.csv,2700,The object has been dropped.
/home/mdxuser/Genesis/main/data/picked_up_4/csv/ASICS_HyperRocketgirl_SP_5_WhiteMalibu_BlueBlack/Elastic/soft/ASICS_HyperRocketgirl_SP_5_WhiteMalibu_BlueBlack_Elastic_soft.csv,0,"End-effector start towards the object, to begin the task."
/home/mdxuser/Genesis/main/data/picked_up_4/csv/ASICS_HyperRocketgirl_SP_5_WhiteMalibu_BlueBlack/Elastic/soft/ASICS_HyperRocketgirl_SP_5_WhiteMalibu_BlueBlack_Elastic_soft.csv,270,"End-effector grasping the object, using gentle force, causing soft-deformation, with increasing force."
/home/mdxuser/Genesis/main/data/picked_up_4/csv/ASICS_HyperRocketgirl_SP_5_WhiteMalibu_BlueBlack/Elastic/soft/ASICS_HyperRocketgirl_SP_5_WhiteMalibu_BlueBlack_Elastic_soft.csv,540,"End-effector continue grasping the object, using gentle force, causing soft-deformation, with increasing force."
/home/mdxuser/Genesis/main/data/picked_up_4/csv/ASICS_HyperRocketgirl_SP_5_WhiteMalibu_BlueBlack/Elastic/soft/ASICS_HyperRocketgirl_SP_5_WhiteMalibu_BlueBlack_Elastic_soft.csv,810,"End-effector lifting the object, using gentle force, causing soft-deformation, with increasing force."
/home/mdxuser/Genesis/main/data/picked_up_4/csv/ASICS_HyperRocketgirl_SP_5_WhiteMalibu_BlueBlack/Elastic/soft/ASICS_HyperRocketgirl_SP_5_WhiteMalibu_BlueBlack_Elastic_soft.csv,1080,"End-effector rotating the object, by an angle of 45.0 degrees, using gentle force, causing soft-deformation, with constant force."
/home/mdxuser/Genesis/main/data/picked_up_4/csv/ASICS_HyperRocketgirl_SP_5_WhiteMalibu_BlueBlack/Elastic/soft/ASICS_HyperRocketgirl_SP_5_WhiteMalibu_BlueBlack_Elastic_soft.csv,1350,The object has been dropped.
/home/mdxuser/Genesis/main/data/picked_up_4/csv/ASICS_HyperRocketgirl_SP_5_WhiteMalibu_BlueBlack/Elastic/soft/ASICS_HyperRocketgirl_SP_5_WhiteMalibu_BlueBlack_Elastic_soft.csv,1620,The object has been dropped.
/home/mdxuser/Genesis/main/data/picked_up_4/csv/ASICS_HyperRocketgirl_SP_5_WhiteMalibu_BlueBlack/Elastic/soft/ASICS_HyperRocketgirl_SP_5_WhiteMalibu_BlueBlack_Elastic_soft.csv,1890,The object has been dropped.
/home/mdxuser/Genesis/main/data/picked_up_4/csv/ASICS_HyperRocketgirl_SP_5_WhiteMalibu_BlueBlack/Elastic/soft/ASICS_HyperRocketgirl_SP_5_WhiteMalibu_BlueBlack_Elastic_soft.csv,2160,The object has been dropped.
/home/mdxuser/Genesis/main/data/picked_up_4/csv/ASICS_HyperRocketgirl_SP_5_WhiteMalibu_BlueBlack/Elastic/soft/ASICS_HyperRocketgirl_SP_5_WhiteMalibu_BlueBlack_Elastic_soft.csv,2430,The object has been dropped.
/home/mdxuser/Genesis/main/data/picked_up_4/csv/ASICS_HyperRocketgirl_SP_5_WhiteMalibu_BlueBlack/Elastic/soft/ASICS_HyperRocketgirl_SP_5_WhiteMalibu_BlueBlack_Elastic_soft.csv,2700,The object has been dropped.
/home/mdxuser/Genesis/main/data/picked_up_4/csv/Office_Depot_HP_71_Remanufactured_Ink_Cartridge_Black/Elastic/medium/Office_Depot_HP_71_Remanufactured_Ink_Cartridge_Black_Elastic_medium.csv,0,"End-effector start towards the object, to begin the task."
/home/mdxuser/Genesis/main/data/picked_up_4/csv/Office_Depot_HP_71_Remanufactured_Ink_Cartridge_Black/Elastic/medium/Office_Depot_HP_71_Remanufactured_Ink_Cartridge_Black_Elastic_medium.csv,270,"End-effector grasping the object, using moderate force, causing medium-deformation, with increasing force."
/home/mdxuser/Genesis/main/data/picked_up_4/csv/Office_Depot_HP_71_Remanufactured_Ink_Cartridge_Black/Elastic/medium/Office_Depot_HP_71_Remanufactured_Ink_Cartridge_Black_Elastic_medium.csv,540,"End-effector continue grasping the object, using moderate force, causing medium-deformation, with increasing force."
/home/mdxuser/Genesis/main/data/picked_up_4/csv/Office_Depot_HP_71_Remanufactured_Ink_Cartridge_Black/Elastic/medium/Office_Depot_HP_71_Remanufactured_Ink_Cartridge_Black_Elastic_medium.csv,810,"End-effector lifting the object, using moderate force, causing medium-deformation, with increasing force."
/home/mdxuser/Genesis/main/data/picked_up_4/csv/Office_Depot_HP_71_Remanufactured_Ink_Cartridge_Black/Elastic/medium/Office_Depot_HP_71_Remanufactured_Ink_Cartridge_Black_Elastic_medium.csv,1080,"End-effector rotating the object, by an angle of 45.0 degrees, using moderate force, causing medium-deformation, with constant force."
/home/mdxuser/Genesis/main/data/picked_up_4/csv/Office_Depot_HP_71_Remanufactured_Ink_Cartridge_Black/Elastic/medium/Office_Depot_HP_71_Remanufactured_Ink_Cartridge_Black_Elastic_medium.csv,1350,"End-effector holding position of the object, maintaining a stable hold, using moderate force, causing medium-deformation."
/home/mdxuser/Genesis/main/data/picked_up_4/csv/Office_Depot_HP_71_Remanufactured_Ink_Cartridge_Black/Elastic/medium/Office_Depot_HP_71_Remanufactured_Ink_Cartridge_Black_Elastic_medium.csv,1620,"End-effector continue holding position of the object, maintaining a stable hold, using moderate force, causing medium-deformation."
/home/mdxuser/Genesis/main/data/picked_up_4/csv/Office_Depot_HP_71_Remanufactured_Ink_Cartridge_Black/Elastic/medium/Office_Depot_HP_71_Remanufactured_Ink_Cartridge_Black_Elastic_medium.csv,1890,"End-effector rotating the object, by an angle of 45.0 degrees, using moderate force, causing medium-deformation, with constant force."
/home/mdxuser/Genesis/main/data/picked_up_4/csv/Office_Depot_HP_71_Remanufactured_Ink_Cartridge_Black/Elastic/medium/Office_Depot_HP_71_Remanufactured_Ink_Cartridge_Black_Elastic_medium.csv,2160,"End-effector continue rotating the object, by an angle of 45.0 degrees, using moderate force, causing medium-deformation, with constant force."
/home/mdxuser/Genesis/main/data/picked_up_4/csv/Office_Depot_HP_71_Remanufactured_Ink_Cartridge_Black/Elastic/medium/Office_Depot_HP_71_Remanufactured_Ink_Cartridge_Black_Elastic_medium.csv,2430,The object has been dropped.
/home/mdxuser/Genesis/main/data/picked_up_4/csv/Office_Depot_HP_71_Remanufactured_Ink_Cartridge_Black/Elastic/medium/Office_Depot_HP_71_Remanufactured_Ink_Cartridge_Black_Elastic_medium.csv,2700,The object has been dropped.
/home/mdxuser/Genesis/main/data/picked_up_4/csv/Animal_Crossing_New_Leaf_Nintendo_3DS_Game/Elastic/soft/Animal_Crossing_New_Leaf_Nintendo_3DS_Game_Elastic_soft.csv,0,"End-effector start towards the object, to begin the task."
/home/mdxuser/Genesis/main/data/picked_up_4/csv/Animal_Crossing_New_Leaf_Nintendo_3DS_Game/Elastic/soft/Animal_Crossing_New_Leaf_Nintendo_3DS_Game_Elastic_soft.csv,270,"End-effector grasping the object, using gentle force, causing soft-deformation, with increasing force."
/home/mdxuser/Genesis/main/data/picked_up_4/csv/Animal_Crossing_New_Leaf_Nintendo_3DS_Game/Elastic/soft/Animal_Crossing_New_Leaf_Nintendo_3DS_Game_Elastic_soft.csv,540,"End-effector continue grasping the object, using gentle force, causing soft-deformation, with increasing force."
/home/mdxuser/Genesis/main/data/picked_up_4/csv/Animal_Crossing_New_Leaf_Nintendo_3DS_Game/Elastic/soft/Animal_Crossing_New_Leaf_Nintendo_3DS_Game_Elastic_soft.csv,810,"End-effector lifting the object, using gentle force, causing soft-deformation, with increasing force."
/home/mdxuser/Genesis/main/data/picked_up_4/csv/Animal_Crossing_New_Leaf_Nintendo_3DS_Game/Elastic/soft/Animal_Crossing_New_Leaf_Nintendo_3DS_Game_Elastic_soft.csv,1080,"End-effector rotating the object, by an angle of 45.0 degrees, using gentle force, causing soft-deformation, with constant force."
/home/mdxuser/Genesis/main/data/picked_up_4/csv/Animal_Crossing_New_Leaf_Nintendo_3DS_Game/Elastic/soft/Animal_Crossing_New_Leaf_Nintendo_3DS_Game_Elastic_soft.csv,1350,The object has been dropped.
/home/mdxuser/Genesis/main/data/picked_up_4/csv/Animal_Crossing_New_Leaf_Nintendo_3DS_Game/Elastic/soft/Animal_Crossing_New_Leaf_Nintendo_3DS_Game_Elastic_soft.csv,1620,The object has been dropped.
/home/mdxuser/Genesis/main/data/picked_up_4/csv/Animal_Crossing_New_Leaf_Nintendo_3DS_Game/Elastic/soft/Animal_Crossing_New_Leaf_Nintendo_3DS_Game_Elastic_soft.csv,1890,The object has been dropped.
/home/mdxuser/Genesis/main/data/picked_up_4/csv/Animal_Crossing_New_Leaf_Nintendo_3DS_Game/Elastic/soft/Animal_Crossing_New_Leaf_Nintendo_3DS_Game_Elastic_soft.csv,2160,The object has been dropped.
/home/mdxuser/Genesis/main/data/picked_up_4/csv/Animal_Crossing_New_Leaf_Nintendo_3DS_Game/Elastic/soft/Animal_Crossing_New_Leaf_Nintendo_3DS_Game_Elastic_soft.csv,2430,The object has been dropped.
/home/mdxuser/Genesis/main/data/picked_up_4/csv/Animal_Crossing_New_Leaf_Nintendo_3DS_Game/Elastic/soft/Animal_Crossing_New_Leaf_Nintendo_3DS_Game_Elastic_soft.csv,2700,The object has been dropped.
/home/mdxuser/Genesis/main/data/picked_up_4/csv/Crayola_Crayons_24_count/Elastic/soft/Crayola_Crayons_24_count_Elastic_soft.csv,0,"End-effector start towards the object, to begin the task."
/home/mdxuser/Genesis/main/data/picked_up_4/csv/Crayola_Crayons_24_count/Elastic/soft/Crayola_Crayons_24_count_Elastic_soft.csv,270,"End-effector grasping the object, using gentle force, causing soft-deformation, with increasing force."
/home/mdxuser/Genesis/main/data/picked_up_4/csv/Crayola_Crayons_24_count/Elastic/soft/Crayola_Crayons_24_count_Elastic_soft.csv,540,"End-effector continue grasping the object, using gentle force, causing soft-deformation, with increasing force."
/home/mdxuser/Genesis/main/data/picked_up_4/csv/Crayola_Crayons_24_count/Elastic/soft/Crayola_Crayons_24_count_Elastic_soft.csv,810,"End-effector lifting the object, using gentle force, causing soft-deformation, with increasing force."
/home/mdxuser/Genesis/main/data/picked_up_4/csv/Crayola_Crayons_24_count/Elastic/soft/Crayola_Crayons_24_count_Elastic_soft.csv,1080,"End-effector rotating the object, by an angle of 30.0 degrees, using gentle force, causing soft-deformation, with constant force."
/home/mdxuser/Genesis/main/data/picked_up_4/csv/Crayola_Crayons_24_count/Elastic/soft/Crayola_Crayons_24_count_Elastic_soft.csv,1350,"End-effector continue rotating the object, by an angle of 30.0 degrees, using gentle force, causing soft-deformation, with constant force."
/home/mdxuser/Genesis/main/data/picked_up_4/csv/Crayola_Crayons_24_count/Elastic/soft/Crayola_Crayons_24_count_Elastic_soft.csv,1620,"End-effector holding position of the object, maintaining a stable hold, using gentle force, causing soft-deformation."
/home/mdxuser/Genesis/main/data/picked_up_4/csv/Crayola_Crayons_24_count/Elastic/soft/Crayola_Crayons_24_count_Elastic_soft.csv,1890,"End-effector rotating the object, by an angle of 45.0 degrees, using gentle force, causing soft-deformation, with constant force."
/home/mdxuser/Genesis/main/data/picked_up_4/csv/Crayola_Crayons_24_count/Elastic/soft/Crayola_Crayons_24_count_Elastic_soft.csv,2160,"End-effector continue rotating the object, by an angle of 45.0 degrees, using gentle force, causing soft-deformation, with constant force."
/home/mdxuser/Genesis/main/data/picked_up_4/csv/Crayola_Crayons_24_count/Elastic/soft/Crayola_Crayons_24_count_Elastic_soft.csv,2430,"End-effector holding position of the object, maintaining a stable hold, using gentle force, causing soft-deformation."
/home/mdxuser/Genesis/main/data/picked_up_4/csv/Crayola_Crayons_24_count/Elastic/soft/Crayola_Crayons_24_count_Elastic_soft.csv,2700,"End-effector stopping the object, using zero-force, causing undeformed shape."
/home/mdxuser/Genesis/main/data/picked_up_4/csv/Perricone_MD_Hypoallergenic_Gentle_Cleanser/Elastic/medium/Perricone_MD_Hypoallergenic_Gentle_Cleanser_Elastic_medium.csv,0,"End-effector start towards the object, to begin the task."
/home/mdxuser/Genesis/main/data/picked_up_4/csv/Perricone_MD_Hypoallergenic_Gentle_Cleanser/Elastic/medium/Perricone_MD_Hypoallergenic_Gentle_Cleanser_Elastic_medium.csv,270,"End-effector grasping the object, using moderate force, causing medium-deformation, with increasing force."
/home/mdxuser/Genesis/main/data/picked_up_4/csv/Perricone_MD_Hypoallergenic_Gentle_Cleanser/Elastic/medium/Perricone_MD_Hypoallergenic_Gentle_Cleanser_Elastic_medium.csv,540,"End-effector continue grasping the object, using moderate force, causing medium-deformation, with increasing force."
/home/mdxuser/Genesis/main/data/picked_up_4/csv/Perricone_MD_Hypoallergenic_Gentle_Cleanser/Elastic/medium/Perricone_MD_Hypoallergenic_Gentle_Cleanser_Elastic_medium.csv,810,"End-effector lifting the object, using moderate force, causing medium-deformation, with increasing force."
/home/mdxuser/Genesis/main/data/picked_up_4/csv/Perricone_MD_Hypoallergenic_Gentle_Cleanser/Elastic/medium/Perricone_MD_Hypoallergenic_Gentle_Cleanser_Elastic_medium.csv,1080,"End-effector rotating the object, by an angle of 30.0 degrees, using moderate force, causing medium-deformation, with constant force."
/home/mdxuser/Genesis/main/data/picked_up_4/csv/Perricone_MD_Hypoallergenic_Gentle_Cleanser/Elastic/medium/Perricone_MD_Hypoallergenic_Gentle_Cleanser_Elastic_medium.csv,1350,"End-effector continue rotating the object, by an angle of 30.0 degrees, using moderate force, causing medium-deformation, with constant force."
/home/mdxuser/Genesis/main/data/picked_up_4/csv/Perricone_MD_Hypoallergenic_Gentle_Cleanser/Elastic/medium/Perricone_MD_Hypoallergenic_Gentle_Cleanser_Elastic_medium.csv,1620,"End-effector holding position of the object, maintaining a stable hold, using moderate force, causing medium-deformation."
/home/mdxuser/Genesis/main/data/picked_up_4/csv/Perricone_MD_Hypoallergenic_Gentle_Cleanser/Elastic/medium/Perricone_MD_Hypoallergenic_Gentle_Cleanser_Elastic_medium.csv,1890,"End-effector rotating the object, by an angle of 45.0 degrees, using moderate force, causing medium-deformation, with constant force."
/home/mdxuser/Genesis/main/data/picked_up_4/csv/Perricone_MD_Hypoallergenic_Gentle_Cleanser/Elastic/medium/Perricone_MD_Hypoallergenic_Gentle_Cleanser_Elastic_medium.csv,2160,"End-effector continue rotating the object, by an angle of 45.0 degrees, using moderate force, causing medium-deformation, with constant force."
/home/mdxuser/Genesis/main/data/picked_up_4/csv/Perricone_MD_Hypoallergenic_Gentle_Cleanser/Elastic/medium/Perricone_MD_Hypoallergenic_Gentle_Cleanser_Elastic_medium.csv,2430,The object has been dropped.
/home/mdxuser/Genesis/main/data/picked_up_4/csv/Perricone_MD_Hypoallergenic_Gentle_Cleanser/Elastic/medium/Perricone_MD_Hypoallergenic_Gentle_Cleanser_Elastic_medium.csv,2700,The object has been dropped.
/home/mdxuser/Genesis/main/data/picked_up_4/csv/Crayola_Crayons_Washable_24_crayons/Elastic/soft/Crayola_Crayons_Washable_24_crayons_Elastic_soft.csv,0,"End-effector start towards the object, to begin the task."
/home/mdxuser/Genesis/main/data/picked_up_4/csv/Crayola_Crayons_Washable_24_crayons/Elastic/soft/Crayola_Crayons_Washable_24_crayons_Elastic_soft.csv,270,"End-effector grasping the object, using gentle force, causing soft-deformation, with increasing force."
/home/mdxuser/Genesis/main/data/picked_up_4/csv/Crayola_Crayons_Washable_24_crayons/Elastic/soft/Crayola_Crayons_Washable_24_crayons_Elastic_soft.csv,540,"End-effector continue grasping the object, using gentle force, causing soft-deformation, with increasing force."
/home/mdxuser/Genesis/main/data/picked_up_4/csv/Crayola_Crayons_Washable_24_crayons/Elastic/soft/Crayola_Crayons_Washable_24_crayons_Elastic_soft.csv,810,"End-effector lifting the object, using gentle force, causing soft-deformation, with increasing force."
/home/mdxuser/Genesis/main/data/picked_up_4/csv/Crayola_Crayons_Washable_24_crayons/Elastic/soft/Crayola_Crayons_Washable_24_crayons_Elastic_soft.csv,1080,"End-effector rotating the object, by an angle of 45.0 degrees, using gentle force, causing soft-deformation, with constant force."
/home/mdxuser/Genesis/main/data/picked_up_4/csv/Crayola_Crayons_Washable_24_crayons/Elastic/soft/Crayola_Crayons_Washable_24_crayons_Elastic_soft.csv,1350,"End-effector continue rotating the object, by an angle of 45.0 degrees, using gentle force, causing soft-deformation, with constant force."
/home/mdxuser/Genesis/main/data/picked_up_4/csv/Crayola_Crayons_Washable_24_crayons/Elastic/soft/Crayola_Crayons_Washable_24_crayons_Elastic_soft.csv,1620,"End-effector holding position of the object, maintaining a stable hold, using gentle force, causing soft-deformation."
/home/mdxuser/Genesis/main/data/picked_up_4/csv/Crayola_Crayons_Washable_24_crayons/Elastic/soft/Crayola_Crayons_Washable_24_crayons_Elastic_soft.csv,1890,"End-effector rotating the object, by an angle of 45.0 degrees, using gentle force, causing soft-deformation, with constant force."
/home/mdxuser/Genesis/main/data/picked_up_4/csv/Crayola_Crayons_Washable_24_crayons/Elastic/soft/Crayola_Crayons_Washable_24_crayons_Elastic_soft.csv,2160,"End-effector holding position of the object, maintaining a stable hold, using gentle force, causing soft-deformation."
/home/mdxuser/Genesis/main/data/picked_up_4/csv/Crayola_Crayons_Washable_24_crayons/Elastic/soft/Crayola_Crayons_Washable_24_crayons_Elastic_soft.csv,2430,"End-effector continue holding position of the object, maintaining a stable hold, using gentle force, causing soft-deformation."
/home/mdxuser/Genesis/main/data/picked_up_4/csv/Crayola_Crayons_Washable_24_crayons/Elastic/soft/Crayola_Crayons_Washable_24_crayons_Elastic_soft.csv,2700,"End-effector stopping the object, using zero-force, causing undeformed shape."
/home/mdxuser/Genesis/main/data/picked_up_4/csv/D_ROSE_ENGLEWOOD_II/Elastic/hard/D_ROSE_ENGLEWOOD_II_Elastic_hard.csv,0,"End-effector start towards the object, to begin the task."
/home/mdxuser/Genesis/main/data/picked_up_4/csv/D_ROSE_ENGLEWOOD_II/Elastic/hard/D_ROSE_ENGLEWOOD_II_Elastic_hard.csv,270,"End-effector grasping the object, using strong force, causing hard-deformation, with increasing force."
/home/mdxuser/Genesis/main/data/picked_up_4/csv/D_ROSE_ENGLEWOOD_II/Elastic/hard/D_ROSE_ENGLEWOOD_II_Elastic_hard.csv,540,"End-effector continue grasping the object, using strong force, causing hard-deformation, with increasing force."
/home/mdxuser/Genesis/main/data/picked_up_4/csv/D_ROSE_ENGLEWOOD_II/Elastic/hard/D_ROSE_ENGLEWOOD_II_Elastic_hard.csv,810,"End-effector lifting the object, using strong force, causing hard-deformation, with increasing force."
/home/mdxuser/Genesis/main/data/picked_up_4/csv/D_ROSE_ENGLEWOOD_II/Elastic/hard/D_ROSE_ENGLEWOOD_II_Elastic_hard.csv,1080,"End-effector rotating the object, by an angle of 45.0 degrees, using strong force, causing hard-deformation, with constant force."
/home/mdxuser/Genesis/main/data/picked_up_4/csv/D_ROSE_ENGLEWOOD_II/Elastic/hard/D_ROSE_ENGLEWOOD_II_Elastic_hard.csv,1350,"End-effector holding position of the object, maintaining a stable hold, using strong force, causing hard-deformation."
/home/mdxuser/Genesis/main/data/picked_up_4/csv/D_ROSE_ENGLEWOOD_II/Elastic/hard/D_ROSE_ENGLEWOOD_II_Elastic_hard.csv,1620,"End-effector continue holding position of the object, maintaining a stable hold, using strong force, causing hard-deformation."
/home/mdxuser/Genesis/main/data/picked_up_4/csv/D_ROSE_ENGLEWOOD_II/Elastic/hard/D_ROSE_ENGLEWOOD_II_Elastic_hard.csv,1890,The object has been dropped.
/home/mdxuser/Genesis/main/data/picked_up_4/csv/D_ROSE_ENGLEWOOD_II/Elastic/hard/D_ROSE_ENGLEWOOD_II_Elastic_hard.csv,2160,The object has been dropped.
/home/mdxuser/Genesis/main/data/picked_up_4/csv/D_ROSE_ENGLEWOOD_II/Elastic/hard/D_ROSE_ENGLEWOOD_II_Elastic_hard.csv,2430,The object has been dropped.
/home/mdxuser/Genesis/main/data/picked_up_4/csv/D_ROSE_ENGLEWOOD_II/Elastic/hard/D_ROSE_ENGLEWOOD_II_Elastic_hard.csv,2700,The object has been dropped.
/home/mdxuser/Genesis/main/data/picked_up_4/csv/Black_Forest_Fruit_Snacks_Juicy_Filled_Centers_10_pouches_9_oz_total/Elastic/medium/Black_Forest_Fruit_Snacks_Juicy_Filled_Centers_10_pouches_9_oz_total_Elastic_medium.csv,0,"End-effector start towards the object, to begin the task."
/home/mdxuser/Genesis/main/data/picked_up_4/csv/Black_Forest_Fruit_Snacks_Juicy_Filled_Centers_10_pouches_9_oz_total/Elastic/medium/Black_Forest_Fruit_Snacks_Juicy_Filled_Centers_10_pouches_9_oz_total_Elastic_medium.csv,270,"End-effector grasping the object, using moderate force, causing medium-deformation, with increasing force."
/home/mdxuser/Genesis/main/data/picked_up_4/csv/Black_Forest_Fruit_Snacks_Juicy_Filled_Centers_10_pouches_9_oz_total/Elastic/medium/Black_Forest_Fruit_Snacks_Juicy_Filled_Centers_10_pouches_9_oz_total_Elastic_medium.csv,540,"End-effector continue grasping the object, using moderate force, causing medium-deformation, with increasing force."
/home/mdxuser/Genesis/main/data/picked_up_4/csv/Black_Forest_Fruit_Snacks_Juicy_Filled_Centers_10_pouches_9_oz_total/Elastic/medium/Black_Forest_Fruit_Snacks_Juicy_Filled_Centers_10_pouches_9_oz_total_Elastic_medium.csv,810,"End-effector lifting the object, using moderate force, causing medium-deformation, with increasing force."
/home/mdxuser/Genesis/main/data/picked_up_4/csv/Black_Forest_Fruit_Snacks_Juicy_Filled_Centers_10_pouches_9_oz_total/Elastic/medium/Black_Forest_Fruit_Snacks_Juicy_Filled_Centers_10_pouches_9_oz_total_Elastic_medium.csv,1080,"End-effector rotating the object, by an angle of 45.0 degrees, using moderate force, causing medium-deformation, with constant force."
/home/mdxuser/Genesis/main/data/picked_up_4/csv/Black_Forest_Fruit_Snacks_Juicy_Filled_Centers_10_pouches_9_oz_total/Elastic/medium/Black_Forest_Fruit_Snacks_Juicy_Filled_Centers_10_pouches_9_oz_total_Elastic_medium.csv,1350,"End-effector continue rotating the object, by an angle of 45.0 degrees, using moderate force, causing medium-deformation, with constant force."
/home/mdxuser/Genesis/main/data/picked_up_4/csv/Black_Forest_Fruit_Snacks_Juicy_Filled_Centers_10_pouches_9_oz_total/Elastic/medium/Black_Forest_Fruit_Snacks_Juicy_Filled_Centers_10_pouches_9_oz_total_Elastic_medium.csv,1620,The object has been dropped.
/home/mdxuser/Genesis/main/data/picked_up_4/csv/Black_Forest_Fruit_Snacks_Juicy_Filled_Centers_10_pouches_9_oz_total/Elastic/medium/Black_Forest_Fruit_Snacks_Juicy_Filled_Centers_10_pouches_9_oz_total_Elastic_medium.csv,1890,The object has been dropped.
/home/mdxuser/Genesis/main/data/picked_up_4/csv/Black_Forest_Fruit_Snacks_Juicy_Filled_Centers_10_pouches_9_oz_total/Elastic/medium/Black_Forest_Fruit_Snacks_Juicy_Filled_Centers_10_pouches_9_oz_total_Elastic_medium.csv,2160,The object has been dropped.
/home/mdxuser/Genesis/main/data/picked_up_4/csv/Black_Forest_Fruit_Snacks_Juicy_Filled_Centers_10_pouches_9_oz_total/Elastic/medium/Black_Forest_Fruit_Snacks_Juicy_Filled_Centers_10_pouches_9_oz_total_Elastic_medium.csv,2430,The object has been dropped.
/home/mdxuser/Genesis/main/data/picked_up_4/csv/Black_Forest_Fruit_Snacks_Juicy_Filled_Centers_10_pouches_9_oz_total/Elastic/medium/Black_Forest_Fruit_Snacks_Juicy_Filled_Centers_10_pouches_9_oz_total_Elastic_medium.csv,2700,The object has been dropped.
/home/mdxuser/Genesis/main/data/picked_up_4/csv/ASICS_HyperRocketgirl_SP_5_WhiteMalibu_BlueBlack/Elastic/medium/ASICS_HyperRocketgirl_SP_5_WhiteMalibu_BlueBlack_Elastic_medium.csv,0,"End-effector start towards the object, to begin the task."
/home/mdxuser/Genesis/main/data/picked_up_4/csv/ASICS_HyperRocketgirl_SP_5_WhiteMalibu_BlueBlack/Elastic/medium/ASICS_HyperRocketgirl_SP_5_WhiteMalibu_BlueBlack_Elastic_medium.csv,270,"End-effector grasping the object, using moderate force, causing medium-deformation, with increasing force."
/home/mdxuser/Genesis/main/data/picked_up_4/csv/ASICS_HyperRocketgirl_SP_5_WhiteMalibu_BlueBlack/Elastic/medium/ASICS_HyperRocketgirl_SP_5_WhiteMalibu_BlueBlack_Elastic_medium.csv,540,"End-effector continue grasping the object, using moderate force, causing medium-deformation, with increasing force."
/home/mdxuser/Genesis/main/data/picked_up_4/csv/ASICS_HyperRocketgirl_SP_5_WhiteMalibu_BlueBlack/Elastic/medium/ASICS_HyperRocketgirl_SP_5_WhiteMalibu_BlueBlack_Elastic_medium.csv,810,"End-effector lifting the object, using moderate force, causing medium-deformation, with increasing force."
/home/mdxuser/Genesis/main/data/picked_up_4/csv/ASICS_HyperRocketgirl_SP_5_WhiteMalibu_BlueBlack/Elastic/medium/ASICS_HyperRocketgirl_SP_5_WhiteMalibu_BlueBlack_Elastic_medium.csv,1080,"End-effector rotating the object, by an angle of 30.0 degrees, using moderate force, causing medium-deformation, with constant force."
/home/mdxuser/Genesis/main/data/picked_up_4/csv/ASICS_HyperRocketgirl_SP_5_WhiteMalibu_BlueBlack/Elastic/medium/ASICS_HyperRocketgirl_SP_5_WhiteMalibu_BlueBlack_Elastic_medium.csv,1350,"End-effector continue rotating the object, by an angle of 30.0 degrees, using moderate force, causing medium-deformation, with constant force."
/home/mdxuser/Genesis/main/data/picked_up_4/csv/ASICS_HyperRocketgirl_SP_5_WhiteMalibu_BlueBlack/Elastic/medium/ASICS_HyperRocketgirl_SP_5_WhiteMalibu_BlueBlack_Elastic_medium.csv,1620,"End-effector holding position of the object, maintaining a stable hold, using moderate force, causing medium-deformation."
/home/mdxuser/Genesis/main/data/picked_up_4/csv/ASICS_HyperRocketgirl_SP_5_WhiteMalibu_BlueBlack/Elastic/medium/ASICS_HyperRocketgirl_SP_5_WhiteMalibu_BlueBlack_Elastic_medium.csv,1890,"End-effector rotating the object, by an angle of 45.0 degrees, using moderate force, causing medium-deformation, with constant force."
/home/mdxuser/Genesis/main/data/picked_up_4/csv/ASICS_HyperRocketgirl_SP_5_WhiteMalibu_BlueBlack/Elastic/medium/ASICS_HyperRocketgirl_SP_5_WhiteMalibu_BlueBlack_Elastic_medium.csv,2160,"End-effector holding position of the object, maintaining a stable hold, using moderate force, causing medium-deformation."
/home/mdxuser/Genesis/main/data/picked_up_4/csv/ASICS_HyperRocketgirl_SP_5_WhiteMalibu_BlueBlack/Elastic/medium/ASICS_HyperRocketgirl_SP_5_WhiteMalibu_BlueBlack_Elastic_medium.csv,2430,"End-effector continue holding position of the object, maintaining a stable hold, using moderate force, causing medium-deformation."
/home/mdxuser/Genesis/main/data/picked_up_4/csv/ASICS_HyperRocketgirl_SP_5_WhiteMalibu_BlueBlack/Elastic/medium/ASICS_HyperRocketgirl_SP_5_WhiteMalibu_BlueBlack_Elastic_medium.csv,2700,"End-effector stopping the object, using zero-force, causing undeformed shape."
/home/mdxuser/Genesis/main/data/picked_up_4/csv/Jarrow_Glucosamine_Chondroitin_Combination_120_Caps/Elastic/medium/Jarrow_Glucosamine_Chondroitin_Combination_120_Caps_Elastic_medium.csv,0,"End-effector start towards the object, to begin the task."
/home/mdxuser/Genesis/main/data/picked_up_4/csv/Jarrow_Glucosamine_Chondroitin_Combination_120_Caps/Elastic/medium/Jarrow_Glucosamine_Chondroitin_Combination_120_Caps_Elastic_medium.csv,270,"End-effector grasping the object, using moderate force, causing medium-deformation, with increasing force."
/home/mdxuser/Genesis/main/data/picked_up_4/csv/Jarrow_Glucosamine_Chondroitin_Combination_120_Caps/Elastic/medium/Jarrow_Glucosamine_Chondroitin_Combination_120_Caps_Elastic_medium.csv,540,"End-effector continue grasping the object, using moderate force, causing medium-deformation, with increasing force."
/home/mdxuser/Genesis/main/data/picked_up_4/csv/Jarrow_Glucosamine_Chondroitin_Combination_120_Caps/Elastic/medium/Jarrow_Glucosamine_Chondroitin_Combination_120_Caps_Elastic_medium.csv,810,"End-effector lifting the object, using moderate force, causing medium-deformation, with increasing force."
/home/mdxuser/Genesis/main/data/picked_up_4/csv/Jarrow_Glucosamine_Chondroitin_Combination_120_Caps/Elastic/medium/Jarrow_Glucosamine_Chondroitin_Combination_120_Caps_Elastic_medium.csv,1080,"End-effector rotating the object, by an angle of 45.0 degrees, using moderate force, causing medium-deformation, with constant force."
/home/mdxuser/Genesis/main/data/picked_up_4/csv/Jarrow_Glucosamine_Chondroitin_Combination_120_Caps/Elastic/medium/Jarrow_Glucosamine_Chondroitin_Combination_120_Caps_Elastic_medium.csv,1350,"End-effector continue rotating the object, by an angle of 45.0 degrees, using moderate force, causing medium-deformation, with constant force."
/home/mdxuser/Genesis/main/data/picked_up_4/csv/Jarrow_Glucosamine_Chondroitin_Combination_120_Caps/Elastic/medium/Jarrow_Glucosamine_Chondroitin_Combination_120_Caps_Elastic_medium.csv,1620,"End-effector holding position of the object, maintaining a stable hold, using moderate force, causing medium-deformation."
/home/mdxuser/Genesis/main/data/picked_up_4/csv/Jarrow_Glucosamine_Chondroitin_Combination_120_Caps/Elastic/medium/Jarrow_Glucosamine_Chondroitin_Combination_120_Caps_Elastic_medium.csv,1890,"End-effector rotating the object, by an angle of 30.0 degrees, using moderate force, causing medium-deformation, with constant force."
/home/mdxuser/Genesis/main/data/picked_up_4/csv/Jarrow_Glucosamine_Chondroitin_Combination_120_Caps/Elastic/medium/Jarrow_Glucosamine_Chondroitin_Combination_120_Caps_Elastic_medium.csv,2160,"End-effector continue rotating the object, by an angle of 30.0 degrees, using moderate force, causing medium-deformation, with constant force."
/home/mdxuser/Genesis/main/data/picked_up_4/csv/Jarrow_Glucosamine_Chondroitin_Combination_120_Caps/Elastic/medium/Jarrow_Glucosamine_Chondroitin_Combination_120_Caps_Elastic_medium.csv,2430,"End-effector holding position of the object, maintaining a stable hold, using moderate force, causing medium-deformation."
/home/mdxuser/Genesis/main/data/picked_up_4/csv/Jarrow_Glucosamine_Chondroitin_Combination_120_Caps/Elastic/medium/Jarrow_Glucosamine_Chondroitin_Combination_120_Caps_Elastic_medium.csv,2700,"End-effector stopping the object, using zero-force, causing undeformed shape."
/home/mdxuser/Genesis/main/data/picked_up_4/csv/BUNNY_RACER/Elastic/soft/BUNNY_RACER_Elastic_soft.csv,0,"End-effector start towards the object, to begin the task."
/home/mdxuser/Genesis/main/data/picked_up_4/csv/BUNNY_RACER/Elastic/soft/BUNNY_RACER_Elastic_soft.csv,270,"End-effector grasping the object, using gentle force, causing soft-deformation, with increasing force."
/home/mdxuser/Genesis/main/data/picked_up_4/csv/BUNNY_RACER/Elastic/soft/BUNNY_RACER_Elastic_soft.csv,540,"End-effector continue grasping the object, using gentle force, causing soft-deformation, with increasing force."
/home/mdxuser/Genesis/main/data/picked_up_4/csv/BUNNY_RACER/Elastic/soft/BUNNY_RACER_Elastic_soft.csv,810,"End-effector lifting the object, using gentle force, causing soft-deformation, with increasing force."
/home/mdxuser/Genesis/main/data/picked_up_4/csv/BUNNY_RACER/Elastic/soft/BUNNY_RACER_Elastic_soft.csv,1080,"End-effector rotating the object, by an angle of 45.0 degrees, using gentle force, causing soft-deformation, with constant force."
/home/mdxuser/Genesis/main/data/picked_up_4/csv/BUNNY_RACER/Elastic/soft/BUNNY_RACER_Elastic_soft.csv,1350,"End-effector continue rotating the object, by an angle of 45.0 degrees, using gentle force, causing soft-deformation, with constant force."
/home/mdxuser/Genesis/main/data/picked_up_4/csv/BUNNY_RACER/Elastic/soft/BUNNY_RACER_Elastic_soft.csv,1620,"End-effector holding position of the object, maintaining a stable hold, using gentle force, causing soft-deformation."
/home/mdxuser/Genesis/main/data/picked_up_4/csv/BUNNY_RACER/Elastic/soft/BUNNY_RACER_Elastic_soft.csv,1890,"End-effector rotating the object, by an angle of 45.0 degrees, using gentle force, causing soft-deformation, with constant force."
/home/mdxuser/Genesis/main/data/picked_up_4/csv/BUNNY_RACER/Elastic/soft/BUNNY_RACER_Elastic_soft.csv,2160,"End-effector holding position of the object, maintaining a stable hold, using gentle force, causing soft-deformation."
/home/mdxuser/Genesis/main/data/picked_up_4/csv/BUNNY_RACER/Elastic/soft/BUNNY_RACER_Elastic_soft.csv,2430,"End-effector continue holding position of the object, maintaining a stable hold, using gentle force, causing soft-deformation."
/home/mdxuser/Genesis/main/data/picked_up_4/csv/BUNNY_RACER/Elastic/soft/BUNNY_RACER_Elastic_soft.csv,2700,"End-effector stopping the object, using zero-force, causing undeformed shape."
/home/mdxuser/Genesis/main/data/picked_up_4/csv/adistar_boost_m/Elastic/medium/adistar_boost_m_Elastic_medium.csv,0,"End-effector start towards the object, to begin the task."
/home/mdxuser/Genesis/main/data/picked_up_4/csv/adistar_boost_m/Elastic/medium/adistar_boost_m_Elastic_medium.csv,270,"End-effector grasping the object, using moderate force, causing medium-deformation, with increasing force."
/home/mdxuser/Genesis/main/data/picked_up_4/csv/adistar_boost_m/Elastic/medium/adistar_boost_m_Elastic_medium.csv,540,"End-effector continue grasping the object, using moderate force, causing medium-deformation, with increasing force."
/home/mdxuser/Genesis/main/data/picked_up_4/csv/adistar_boost_m/Elastic/medium/adistar_boost_m_Elastic_medium.csv,810,"End-effector lifting the object, using moderate force, causing medium-deformation, with increasing force."
/home/mdxuser/Genesis/main/data/picked_up_4/csv/adistar_boost_m/Elastic/medium/adistar_boost_m_Elastic_medium.csv,1080,"End-effector rotating the object, by an angle of 30.0 degrees, using moderate force, causing medium-deformation, with constant force."
/home/mdxuser/Genesis/main/data/picked_up_4/csv/adistar_boost_m/Elastic/medium/adistar_boost_m_Elastic_medium.csv,1350,"End-effector continue rotating the object, by an angle of 30.0 degrees, using moderate force, causing medium-deformation, with constant force."
/home/mdxuser/Genesis/main/data/picked_up_4/csv/adistar_boost_m/Elastic/medium/adistar_boost_m_Elastic_medium.csv,1620,"End-effector holding position of the object, maintaining a stable hold, using moderate force, causing medium-deformation."
/home/mdxuser/Genesis/main/data/picked_up_4/csv/adistar_boost_m/Elastic/medium/adistar_boost_m_Elastic_medium.csv,1890,"End-effector rotating the object, by an angle of 45.0 degrees, using moderate force, causing medium-deformation, with constant force."
/home/mdxuser/Genesis/main/data/picked_up_4/csv/adistar_boost_m/Elastic/medium/adistar_boost_m_Elastic_medium.csv,2160,"End-effector continue rotating the object, by an angle of 45.0 degrees, using moderate force, causing medium-deformation, with constant force."
/home/mdxuser/Genesis/main/data/picked_up_4/csv/adistar_boost_m/Elastic/medium/adistar_boost_m_Elastic_medium.csv,2430,The object has been dropped.
/home/mdxuser/Genesis/main/data/picked_up_4/csv/adistar_boost_m/Elastic/medium/adistar_boost_m_Elastic_medium.csv,2700,The object has been dropped.
/home/mdxuser/Genesis/main/data/picked_up_4/csv/ASICS_GELTour_Lyte_WhiteOrchidSilver/Elastic/soft/ASICS_GELTour_Lyte_WhiteOrchidSilver_Elastic_soft.csv,0,"End-effector start towards the object, to begin the task."
/home/mdxuser/Genesis/main/data/picked_up_4/csv/ASICS_GELTour_Lyte_WhiteOrchidSilver/Elastic/soft/ASICS_GELTour_Lyte_WhiteOrchidSilver_Elastic_soft.csv,270,"End-effector grasping the object, using gentle force, causing soft-deformation, with increasing force."
/home/mdxuser/Genesis/main/data/picked_up_4/csv/ASICS_GELTour_Lyte_WhiteOrchidSilver/Elastic/soft/ASICS_GELTour_Lyte_WhiteOrchidSilver_Elastic_soft.csv,540,"End-effector continue grasping the object, using gentle force, causing soft-deformation, with increasing force."
/home/mdxuser/Genesis/main/data/picked_up_4/csv/ASICS_GELTour_Lyte_WhiteOrchidSilver/Elastic/soft/ASICS_GELTour_Lyte_WhiteOrchidSilver_Elastic_soft.csv,810,"End-effector lifting the object, using gentle force, causing soft-deformation, with increasing force."
/home/mdxuser/Genesis/main/data/picked_up_4/csv/ASICS_GELTour_Lyte_WhiteOrchidSilver/Elastic/soft/ASICS_GELTour_Lyte_WhiteOrchidSilver_Elastic_soft.csv,1080,"End-effector rotating the object, by an angle of 45.0 degrees, using gentle force, causing soft-deformation, with constant force."
/home/mdxuser/Genesis/main/data/picked_up_4/csv/ASICS_GELTour_Lyte_WhiteOrchidSilver/Elastic/soft/ASICS_GELTour_Lyte_WhiteOrchidSilver_Elastic_soft.csv,1350,"End-effector holding position of the object, maintaining a stable hold, using gentle force, causing soft-deformation."
/home/mdxuser/Genesis/main/data/picked_up_4/csv/ASICS_GELTour_Lyte_WhiteOrchidSilver/Elastic/soft/ASICS_GELTour_Lyte_WhiteOrchidSilver_Elastic_soft.csv,1620,"End-effector continue holding position of the object, maintaining a stable hold, using gentle force, causing soft-deformation."
/home/mdxuser/Genesis/main/data/picked_up_4/csv/ASICS_GELTour_Lyte_WhiteOrchidSilver/Elastic/soft/ASICS_GELTour_Lyte_WhiteOrchidSilver_Elastic_soft.csv,1890,"End-effector rotating the object, by an angle of 45.0 degrees, using gentle force, causing soft-deformation, with constant force."
/home/mdxuser/Genesis/main/data/picked_up_4/csv/ASICS_GELTour_Lyte_WhiteOrchidSilver/Elastic/soft/ASICS_GELTour_Lyte_WhiteOrchidSilver_Elastic_soft.csv,2160,The object has been dropped.
/home/mdxuser/Genesis/main/data/picked_up_4/csv/ASICS_GELTour_Lyte_WhiteOrchidSilver/Elastic/soft/ASICS_GELTour_Lyte_WhiteOrchidSilver_Elastic_soft.csv,2430,The object has been dropped.
/home/mdxuser/Genesis/main/data/picked_up_4/csv/ASICS_GELTour_Lyte_WhiteOrchidSilver/Elastic/soft/ASICS_GELTour_Lyte_WhiteOrchidSilver_Elastic_soft.csv,2700,The object has been dropped.
/home/mdxuser/Genesis/main/data/picked_up_4/csv/3D_Dollhouse_Refrigerator/Elastic/medium/3D_Dollhouse_Refrigerator_Elastic_medium.csv,0,"End-effector start towards the object, to begin the task."
/home/mdxuser/Genesis/main/data/picked_up_4/csv/3D_Dollhouse_Refrigerator/Elastic/medium/3D_Dollhouse_Refrigerator_Elastic_medium.csv,270,"End-effector grasping the object, using moderate force, causing medium-deformation, with increasing force."
/home/mdxuser/Genesis/main/data/picked_up_4/csv/3D_Dollhouse_Refrigerator/Elastic/medium/3D_Dollhouse_Refrigerator_Elastic_medium.csv,540,"End-effector continue grasping the object, using moderate force, causing medium-deformation, with increasing force."
/home/mdxuser/Genesis/main/data/picked_up_4/csv/3D_Dollhouse_Refrigerator/Elastic/medium/3D_Dollhouse_Refrigerator_Elastic_medium.csv,810,"End-effector lifting the object, using moderate force, causing medium-deformation, with increasing force."
/home/mdxuser/Genesis/main/data/picked_up_4/csv/3D_Dollhouse_Refrigerator/Elastic/medium/3D_Dollhouse_Refrigerator_Elastic_medium.csv,1080,"End-effector rotating the object, by an angle of 30.0 degrees, using moderate force, causing medium-deformation, with constant force."
/home/mdxuser/Genesis/main/data/picked_up_4/csv/3D_Dollhouse_Refrigerator/Elastic/medium/3D_Dollhouse_Refrigerator_Elastic_medium.csv,1350,"End-effector continue rotating the object, by an angle of 30.0 degrees, using moderate force, causing medium-deformation, with constant force."
/home/mdxuser/Genesis/main/data/picked_up_4/csv/3D_Dollhouse_Refrigerator/Elastic/medium/3D_Dollhouse_Refrigerator_Elastic_medium.csv,1620,"End-effector holding position of the object, maintaining a stable hold, using moderate force, causing medium-deformation."
/home/mdxuser/Genesis/main/data/picked_up_4/csv/3D_Dollhouse_Refrigerator/Elastic/medium/3D_Dollhouse_Refrigerator_Elastic_medium.csv,1890,"End-effector rotating the object, by an angle of 45.0 degrees, using moderate force, causing medium-deformation, with constant force."
/home/mdxuser/Genesis/main/data/picked_up_4/csv/3D_Dollhouse_Refrigerator/Elastic/medium/3D_Dollhouse_Refrigerator_Elastic_medium.csv,2160,"End-effector holding position of the object, maintaining a stable hold, using moderate force, causing medium-deformation."
/home/mdxuser/Genesis/main/data/picked_up_4/csv/3D_Dollhouse_Refrigerator/Elastic/medium/3D_Dollhouse_Refrigerator_Elastic_medium.csv,2430,"End-effector continue holding position of the object, maintaining a stable hold, using moderate force, causing medium-deformation."
/home/mdxuser/Genesis/main/data/picked_up_4/csv/3D_Dollhouse_Refrigerator/Elastic/medium/3D_Dollhouse_Refrigerator_Elastic_medium.csv,2700,The object has been dropped.
/home/mdxuser/Genesis/main/data/picked_up_4/csv/Down_To_Earth_Orchid_Pot_Ceramic_Red/Elastic/hard/Down_To_Earth_Orchid_Pot_Ceramic_Red_Elastic_hard.csv,0,"End-effector start towards the object, to begin the task."
/home/mdxuser/Genesis/main/data/picked_up_4/csv/Down_To_Earth_Orchid_Pot_Ceramic_Red/Elastic/hard/Down_To_Earth_Orchid_Pot_Ceramic_Red_Elastic_hard.csv,270,"End-effector grasping the object, using strong force, causing hard-deformation, with increasing force."
/home/mdxuser/Genesis/main/data/picked_up_4/csv/Down_To_Earth_Orchid_Pot_Ceramic_Red/Elastic/hard/Down_To_Earth_Orchid_Pot_Ceramic_Red_Elastic_hard.csv,540,"End-effector continue grasping the object, using strong force, causing hard-deformation, with increasing force."
/home/mdxuser/Genesis/main/data/picked_up_4/csv/Down_To_Earth_Orchid_Pot_Ceramic_Red/Elastic/hard/Down_To_Earth_Orchid_Pot_Ceramic_Red_Elastic_hard.csv,810,"End-effector lifting the object, using strong force, causing hard-deformation, with increasing force."
/home/mdxuser/Genesis/main/data/picked_up_4/csv/Down_To_Earth_Orchid_Pot_Ceramic_Red/Elastic/hard/Down_To_Earth_Orchid_Pot_Ceramic_Red_Elastic_hard.csv,1080,"End-effector rotating the object, by an angle of 30.0 degrees, using strong force, causing hard-deformation, with constant force."
/home/mdxuser/Genesis/main/data/picked_up_4/csv/Down_To_Earth_Orchid_Pot_Ceramic_Red/Elastic/hard/Down_To_Earth_Orchid_Pot_Ceramic_Red_Elastic_hard.csv,1350,"End-effector continue rotating the object, by an angle of 30.0 degrees, using strong force, causing hard-deformation, with constant force."
/home/mdxuser/Genesis/main/data/picked_up_4/csv/Down_To_Earth_Orchid_Pot_Ceramic_Red/Elastic/hard/Down_To_Earth_Orchid_Pot_Ceramic_Red_Elastic_hard.csv,1620,"End-effector holding position of the object, maintaining a stable hold, using strong force, causing hard-deformation."
/home/mdxuser/Genesis/main/data/picked_up_4/csv/Down_To_Earth_Orchid_Pot_Ceramic_Red/Elastic/hard/Down_To_Earth_Orchid_Pot_Ceramic_Red_Elastic_hard.csv,1890,"End-effector rotating the object, by an angle of 45.0 degrees, using strong force, causing hard-deformation, with constant force."
/home/mdxuser/Genesis/main/data/picked_up_4/csv/Down_To_Earth_Orchid_Pot_Ceramic_Red/Elastic/hard/Down_To_Earth_Orchid_Pot_Ceramic_Red_Elastic_hard.csv,2160,"End-effector continue rotating the object, by an angle of 45.0 degrees, using strong force, causing hard-deformation, with constant force."
/home/mdxuser/Genesis/main/data/picked_up_4/csv/Down_To_Earth_Orchid_Pot_Ceramic_Red/Elastic/hard/Down_To_Earth_Orchid_Pot_Ceramic_Red_Elastic_hard.csv,2430,The object has been dropped.
/home/mdxuser/Genesis/main/data/picked_up_4/csv/Down_To_Earth_Orchid_Pot_Ceramic_Red/Elastic/hard/Down_To_Earth_Orchid_Pot_Ceramic_Red_Elastic_hard.csv,2700,The object has been dropped.
/home/mdxuser/Genesis/main/data/picked_up_4/csv/Big_Dot_Pink_Pencil_Case/Elastic/medium/Big_Dot_Pink_Pencil_Case_Elastic_medium.csv,0,"End-effector start towards the object, to begin the task."
/home/mdxuser/Genesis/main/data/picked_up_4/csv/Big_Dot_Pink_Pencil_Case/Elastic/medium/Big_Dot_Pink_Pencil_Case_Elastic_medium.csv,270,"End-effector grasping the object, using moderate force, causing medium-deformation, with increasing force."
/home/mdxuser/Genesis/main/data/picked_up_4/csv/Big_Dot_Pink_Pencil_Case/Elastic/medium/Big_Dot_Pink_Pencil_Case_Elastic_medium.csv,540,"End-effector continue grasping the object, using moderate force, causing medium-deformation, with increasing force."
/home/mdxuser/Genesis/main/data/picked_up_4/csv/Big_Dot_Pink_Pencil_Case/Elastic/medium/Big_Dot_Pink_Pencil_Case_Elastic_medium.csv,810,"End-effector lifting the object, using moderate force, causing medium-deformation, with increasing force."
/home/mdxuser/Genesis/main/data/picked_up_4/csv/Big_Dot_Pink_Pencil_Case/Elastic/medium/Big_Dot_Pink_Pencil_Case_Elastic_medium.csv,1080,"End-effector rotating the object, by an angle of 30.0 degrees, using moderate force, causing medium-deformation, with constant force."
/home/mdxuser/Genesis/main/data/picked_up_4/csv/Big_Dot_Pink_Pencil_Case/Elastic/medium/Big_Dot_Pink_Pencil_Case_Elastic_medium.csv,1350,"End-effector continue rotating the object, by an angle of 30.0 degrees, using moderate force, causing medium-deformation, with constant force."
/home/mdxuser/Genesis/main/data/picked_up_4/csv/Big_Dot_Pink_Pencil_Case/Elastic/medium/Big_Dot_Pink_Pencil_Case_Elastic_medium.csv,1620,The object has been dropped.
/home/mdxuser/Genesis/main/data/picked_up_4/csv/Big_Dot_Pink_Pencil_Case/Elastic/medium/Big_Dot_Pink_Pencil_Case_Elastic_medium.csv,1890,The object has been dropped.
/home/mdxuser/Genesis/main/data/picked_up_4/csv/Big_Dot_Pink_Pencil_Case/Elastic/medium/Big_Dot_Pink_Pencil_Case_Elastic_medium.csv,2160,The object has been dropped.
/home/mdxuser/Genesis/main/data/picked_up_4/csv/Big_Dot_Pink_Pencil_Case/Elastic/medium/Big_Dot_Pink_Pencil_Case_Elastic_medium.csv,2430,The object has been dropped.
/home/mdxuser/Genesis/main/data/picked_up_4/csv/Big_Dot_Pink_Pencil_Case/Elastic/medium/Big_Dot_Pink_Pencil_Case_Elastic_medium.csv,2700,The object has been dropped.
/home/mdxuser/Genesis/main/data/picked_up_4/csv/Android_Figure_Chrome/Elastic/hard/Android_Figure_Chrome_Elastic_hard.csv,0,"End-effector start towards the object, to begin the task."
/home/mdxuser/Genesis/main/data/picked_up_4/csv/Android_Figure_Chrome/Elastic/hard/Android_Figure_Chrome_Elastic_hard.csv,270,"End-effector grasping the object, using strong force, causing hard-deformation, with increasing force."
/home/mdxuser/Genesis/main/data/picked_up_4/csv/Android_Figure_Chrome/Elastic/hard/Android_Figure_Chrome_Elastic_hard.csv,540,"End-effector continue grasping the object, using strong force, causing hard-deformation, with increasing force."
/home/mdxuser/Genesis/main/data/picked_up_4/csv/Android_Figure_Chrome/Elastic/hard/Android_Figure_Chrome_Elastic_hard.csv,810,"End-effector lifting the object, using strong force, causing hard-deformation, with increasing force."
/home/mdxuser/Genesis/main/data/picked_up_4/csv/Android_Figure_Chrome/Elastic/hard/Android_Figure_Chrome_Elastic_hard.csv,1080,"End-effector rotating the object, by an angle of 30.0 degrees, using strong force, causing hard-deformation, with constant force."
/home/mdxuser/Genesis/main/data/picked_up_4/csv/Android_Figure_Chrome/Elastic/hard/Android_Figure_Chrome_Elastic_hard.csv,1350,"End-effector continue rotating the object, by an angle of 30.0 degrees, using strong force, causing hard-deformation, with constant force."
/home/mdxuser/Genesis/main/data/picked_up_4/csv/Android_Figure_Chrome/Elastic/hard/Android_Figure_Chrome_Elastic_hard.csv,1620,"End-effector holding position of the object, maintaining a stable hold, using strong force, causing hard-deformation."
/home/mdxuser/Genesis/main/data/picked_up_4/csv/Android_Figure_Chrome/Elastic/hard/Android_Figure_Chrome_Elastic_hard.csv,1890,"End-effector rotating the object, by an angle of 30.0 degrees, using strong force, causing hard-deformation, with constant force."
/home/mdxuser/Genesis/main/data/picked_up_4/csv/Android_Figure_Chrome/Elastic/hard/Android_Figure_Chrome_Elastic_hard.csv,2160,"End-effector continue rotating the object, by an angle of 30.0 degrees, using strong force, causing hard-deformation, with constant force."
/home/mdxuser/Genesis/main/data/picked_up_4/csv/Android_Figure_Chrome/Elastic/hard/Android_Figure_Chrome_Elastic_hard.csv,2430,"End-effector holding position of the object, maintaining a stable hold, using strong force, causing hard-deformation."
/home/mdxuser/Genesis/main/data/picked_up_4/csv/Android_Figure_Chrome/Elastic/hard/Android_Figure_Chrome_Elastic_hard.csv,2700,"End-effector stopping the object, using zero-force, causing undeformed shape."
/home/mdxuser/Genesis/main/data/picked_up_4/csv/Dell_Series_9_Color_Ink_Cartridge_MK993_High_Yield/Elastic/soft/Dell_Series_9_Color_Ink_Cartridge_MK993_High_Yield_Elastic_soft.csv,0,"End-effector start towards the object, to begin the task."
/home/mdxuser/Genesis/main/data/picked_up_4/csv/Dell_Series_9_Color_Ink_Cartridge_MK993_High_Yield/Elastic/soft/Dell_Series_9_Color_Ink_Cartridge_MK993_High_Yield_Elastic_soft.csv,270,"End-effector grasping the object, using gentle force, causing soft-deformation, with increasing force."
/home/mdxuser/Genesis/main/data/picked_up_4/csv/Dell_Series_9_Color_Ink_Cartridge_MK993_High_Yield/Elastic/soft/Dell_Series_9_Color_Ink_Cartridge_MK993_High_Yield_Elastic_soft.csv,540,"End-effector continue grasping the object, using gentle force, causing soft-deformation, with increasing force."
/home/mdxuser/Genesis/main/data/picked_up_4/csv/Dell_Series_9_Color_Ink_Cartridge_MK993_High_Yield/Elastic/soft/Dell_Series_9_Color_Ink_Cartridge_MK993_High_Yield_Elastic_soft.csv,810,"End-effector lifting the object, using gentle force, causing soft-deformation, with increasing force."
/home/mdxuser/Genesis/main/data/picked_up_4/csv/Dell_Series_9_Color_Ink_Cartridge_MK993_High_Yield/Elastic/soft/Dell_Series_9_Color_Ink_Cartridge_MK993_High_Yield_Elastic_soft.csv,1080,"End-effector rotating the object, by an angle of 45.0 degrees, using gentle force, causing soft-deformation, with constant force."
/home/mdxuser/Genesis/main/data/picked_up_4/csv/Dell_Series_9_Color_Ink_Cartridge_MK993_High_Yield/Elastic/soft/Dell_Series_9_Color_Ink_Cartridge_MK993_High_Yield_Elastic_soft.csv,1350,"End-effector holding position of the object, maintaining a stable hold, using gentle force, causing soft-deformation."
/home/mdxuser/Genesis/main/data/picked_up_4/csv/Dell_Series_9_Color_Ink_Cartridge_MK993_High_Yield/Elastic/soft/Dell_Series_9_Color_Ink_Cartridge_MK993_High_Yield_Elastic_soft.csv,1620,"End-effector continue holding position of the object, maintaining a stable hold, using gentle force, causing soft-deformation."
/home/mdxuser/Genesis/main/data/picked_up_4/csv/Dell_Series_9_Color_Ink_Cartridge_MK993_High_Yield/Elastic/soft/Dell_Series_9_Color_Ink_Cartridge_MK993_High_Yield_Elastic_soft.csv,1890,"End-effector rotating the object, by an angle of 30.0 degrees, using gentle force, causing soft-deformation, with constant force."
/home/mdxuser/Genesis/main/data/picked_up_4/csv/Dell_Series_9_Color_Ink_Cartridge_MK993_High_Yield/Elastic/soft/Dell_Series_9_Color_Ink_Cartridge_MK993_High_Yield_Elastic_soft.csv,2160,"End-effector continue rotating the object, by an angle of 30.0 degrees, using gentle force, causing soft-deformation, with constant force."
/home/mdxuser/Genesis/main/data/picked_up_4/csv/Dell_Series_9_Color_Ink_Cartridge_MK993_High_Yield/Elastic/soft/Dell_Series_9_Color_Ink_Cartridge_MK993_High_Yield_Elastic_soft.csv,2430,"End-effector holding position of the object, maintaining a stable hold, using gentle force, causing soft-deformation."
/home/mdxuser/Genesis/main/data/picked_up_4/csv/Dell_Series_9_Color_Ink_Cartridge_MK993_High_Yield/Elastic/soft/Dell_Series_9_Color_Ink_Cartridge_MK993_High_Yield_Elastic_soft.csv,2700,The object has been dropped.
/home/mdxuser/Genesis/main/data/picked_up_4/csv/Mens_Mako_Canoe_Moc_2Eye_Boat_Shoe_in_OysterTaupe_otyRrfvPMiA/Elastic/soft/Mens_Mako_Canoe_Moc_2Eye_Boat_Shoe_in_OysterTaupe_otyRrfvPMiA_Elastic_soft.csv,0,"End-effector start towards the object, to begin the task."
/home/mdxuser/Genesis/main/data/picked_up_4/csv/Mens_Mako_Canoe_Moc_2Eye_Boat_Shoe_in_OysterTaupe_otyRrfvPMiA/Elastic/soft/Mens_Mako_Canoe_Moc_2Eye_Boat_Shoe_in_OysterTaupe_otyRrfvPMiA_Elastic_soft.csv,270,"End-effector grasping the object, using gentle force, causing soft-deformation, with increasing force."
/home/mdxuser/Genesis/main/data/picked_up_4/csv/Mens_Mako_Canoe_Moc_2Eye_Boat_Shoe_in_OysterTaupe_otyRrfvPMiA/Elastic/soft/Mens_Mako_Canoe_Moc_2Eye_Boat_Shoe_in_OysterTaupe_otyRrfvPMiA_Elastic_soft.csv,540,"End-effector continue grasping the object, using gentle force, causing soft-deformation, with increasing force."
/home/mdxuser/Genesis/main/data/picked_up_4/csv/Mens_Mako_Canoe_Moc_2Eye_Boat_Shoe_in_OysterTaupe_otyRrfvPMiA/Elastic/soft/Mens_Mako_Canoe_Moc_2Eye_Boat_Shoe_in_OysterTaupe_otyRrfvPMiA_Elastic_soft.csv,810,"End-effector lifting the object, using gentle force, causing soft-deformation, with increasing force."
/home/mdxuser/Genesis/main/data/picked_up_4/csv/Mens_Mako_Canoe_Moc_2Eye_Boat_Shoe_in_OysterTaupe_otyRrfvPMiA/Elastic/soft/Mens_Mako_Canoe_Moc_2Eye_Boat_Shoe_in_OysterTaupe_otyRrfvPMiA_Elastic_soft.csv,1080,"End-effector rotating the object, by an angle of 45.0 degrees, using gentle force, causing soft-deformation, with constant force."
/home/mdxuser/Genesis/main/data/picked_up_4/csv/Mens_Mako_Canoe_Moc_2Eye_Boat_Shoe_in_OysterTaupe_otyRrfvPMiA/Elastic/soft/Mens_Mako_Canoe_Moc_2Eye_Boat_Shoe_in_OysterTaupe_otyRrfvPMiA_Elastic_soft.csv,1350,"End-effector continue rotating the object, by an angle of 45.0 degrees, using gentle force, causing soft-deformation, with constant force."
/home/mdxuser/Genesis/main/data/picked_up_4/csv/Mens_Mako_Canoe_Moc_2Eye_Boat_Shoe_in_OysterTaupe_otyRrfvPMiA/Elastic/soft/Mens_Mako_Canoe_Moc_2Eye_Boat_Shoe_in_OysterTaupe_otyRrfvPMiA_Elastic_soft.csv,1620,The object has been dropped.
/home/mdxuser/Genesis/main/data/picked_up_4/csv/Mens_Mako_Canoe_Moc_2Eye_Boat_Shoe_in_OysterTaupe_otyRrfvPMiA/Elastic/soft/Mens_Mako_Canoe_Moc_2Eye_Boat_Shoe_in_OysterTaupe_otyRrfvPMiA_Elastic_soft.csv,1890,The object has been dropped.
/home/mdxuser/Genesis/main/data/picked_up_4/csv/Mens_Mako_Canoe_Moc_2Eye_Boat_Shoe_in_OysterTaupe_otyRrfvPMiA/Elastic/soft/Mens_Mako_Canoe_Moc_2Eye_Boat_Shoe_in_OysterTaupe_otyRrfvPMiA_Elastic_soft.csv,2160,The object has been dropped.
/home/mdxuser/Genesis/main/data/picked_up_4/csv/Mens_Mako_Canoe_Moc_2Eye_Boat_Shoe_in_OysterTaupe_otyRrfvPMiA/Elastic/soft/Mens_Mako_Canoe_Moc_2Eye_Boat_Shoe_in_OysterTaupe_otyRrfvPMiA_Elastic_soft.csv,2430,The object has been dropped.
/home/mdxuser/Genesis/main/data/picked_up_4/csv/Mens_Mako_Canoe_Moc_2Eye_Boat_Shoe_in_OysterTaupe_otyRrfvPMiA/Elastic/soft/Mens_Mako_Canoe_Moc_2Eye_Boat_Shoe_in_OysterTaupe_otyRrfvPMiA_Elastic_soft.csv,2700,The object has been dropped.
/home/mdxuser/Genesis/main/data/picked_up_4/csv/Bifidus_Balance_FOS/Elastic/hard/Bifidus_Balance_FOS_Elastic_hard.csv,0,"End-effector start towards the object, to begin the task."
/home/mdxuser/Genesis/main/data/picked_up_4/csv/Bifidus_Balance_FOS/Elastic/hard/Bifidus_Balance_FOS_Elastic_hard.csv,270,"End-effector grasping the object, using strong force, causing hard-deformation, with increasing force."
/home/mdxuser/Genesis/main/data/picked_up_4/csv/Bifidus_Balance_FOS/Elastic/hard/Bifidus_Balance_FOS_Elastic_hard.csv,540,"End-effector continue grasping the object, using strong force, causing hard-deformation, with increasing force."
/home/mdxuser/Genesis/main/data/picked_up_4/csv/Bifidus_Balance_FOS/Elastic/hard/Bifidus_Balance_FOS_Elastic_hard.csv,810,"End-effector lifting the object, using strong force, causing hard-deformation, with increasing force."
/home/mdxuser/Genesis/main/data/picked_up_4/csv/Bifidus_Balance_FOS/Elastic/hard/Bifidus_Balance_FOS_Elastic_hard.csv,1080,"End-effector rotating the object, by an angle of 45.0 degrees, using strong force, causing hard-deformation, with constant force."
/home/mdxuser/Genesis/main/data/picked_up_4/csv/Bifidus_Balance_FOS/Elastic/hard/Bifidus_Balance_FOS_Elastic_hard.csv,1350,"End-effector continue rotating the object, by an angle of 45.0 degrees, using strong force, causing hard-deformation, with constant force."
/home/mdxuser/Genesis/main/data/picked_up_4/csv/Bifidus_Balance_FOS/Elastic/hard/Bifidus_Balance_FOS_Elastic_hard.csv,1620,The object has been dropped.
/home/mdxuser/Genesis/main/data/picked_up_4/csv/Bifidus_Balance_FOS/Elastic/hard/Bifidus_Balance_FOS_Elastic_hard.csv,1890,The object has been dropped.
/home/mdxuser/Genesis/main/data/picked_up_4/csv/Bifidus_Balance_FOS/Elastic/hard/Bifidus_Balance_FOS_Elastic_hard.csv,2160,The object has been dropped.
/home/mdxuser/Genesis/main/data/picked_up_4/csv/Bifidus_Balance_FOS/Elastic/hard/Bifidus_Balance_FOS_Elastic_hard.csv,2430,The object has been dropped.
/home/mdxuser/Genesis/main/data/picked_up_4/csv/Bifidus_Balance_FOS/Elastic/hard/Bifidus_Balance_FOS_Elastic_hard.csv,2700,The object has been dropped.
/home/mdxuser/Genesis/main/data/picked_up_4/csv/ASICS_GELBlur33_20_GS_BlackWhiteSafety_Orange/Elastic/medium/ASICS_GELBlur33_20_GS_BlackWhiteSafety_Orange_Elastic_medium.csv,0,"End-effector start towards the object, to begin the task."
/home/mdxuser/Genesis/main/data/picked_up_4/csv/ASICS_GELBlur33_20_GS_BlackWhiteSafety_Orange/Elastic/medium/ASICS_GELBlur33_20_GS_BlackWhiteSafety_Orange_Elastic_medium.csv,270,"End-effector grasping the object, using moderate force, causing medium-deformation, with increasing force."
/home/mdxuser/Genesis/main/data/picked_up_4/csv/ASICS_GELBlur33_20_GS_BlackWhiteSafety_Orange/Elastic/medium/ASICS_GELBlur33_20_GS_BlackWhiteSafety_Orange_Elastic_medium.csv,540,"End-effector continue grasping the object, using moderate force, causing medium-deformation, with increasing force."
/home/mdxuser/Genesis/main/data/picked_up_4/csv/ASICS_GELBlur33_20_GS_BlackWhiteSafety_Orange/Elastic/medium/ASICS_GELBlur33_20_GS_BlackWhiteSafety_Orange_Elastic_medium.csv,810,"End-effector lifting the object, using moderate force, causing medium-deformation, with increasing force."
/home/mdxuser/Genesis/main/data/picked_up_4/csv/ASICS_GELBlur33_20_GS_BlackWhiteSafety_Orange/Elastic/medium/ASICS_GELBlur33_20_GS_BlackWhiteSafety_Orange_Elastic_medium.csv,1080,"End-effector rotating the object, by an angle of 45.0 degrees, using moderate force, causing medium-deformation, with constant force."
/home/mdxuser/Genesis/main/data/picked_up_4/csv/ASICS_GELBlur33_20_GS_BlackWhiteSafety_Orange/Elastic/medium/ASICS_GELBlur33_20_GS_BlackWhiteSafety_Orange_Elastic_medium.csv,1350,"End-effector holding position of the object, maintaining a stable hold, using moderate force, causing medium-deformation."
/home/mdxuser/Genesis/main/data/picked_up_4/csv/ASICS_GELBlur33_20_GS_BlackWhiteSafety_Orange/Elastic/medium/ASICS_GELBlur33_20_GS_BlackWhiteSafety_Orange_Elastic_medium.csv,1620,"End-effector continue holding position of the object, maintaining a stable hold, using moderate force, causing medium-deformation."
/home/mdxuser/Genesis/main/data/picked_up_4/csv/ASICS_GELBlur33_20_GS_BlackWhiteSafety_Orange/Elastic/medium/ASICS_GELBlur33_20_GS_BlackWhiteSafety_Orange_Elastic_medium.csv,1890,"End-effector rotating the object, by an angle of 45.0 degrees, using moderate force, causing medium-deformation, with constant force."
/home/mdxuser/Genesis/main/data/picked_up_4/csv/ASICS_GELBlur33_20_GS_BlackWhiteSafety_Orange/Elastic/medium/ASICS_GELBlur33_20_GS_BlackWhiteSafety_Orange_Elastic_medium.csv,2160,"End-effector holding position of the object, maintaining a stable hold, using moderate force, causing medium-deformation."
/home/mdxuser/Genesis/main/data/picked_up_4/csv/ASICS_GELBlur33_20_GS_BlackWhiteSafety_Orange/Elastic/medium/ASICS_GELBlur33_20_GS_BlackWhiteSafety_Orange_Elastic_medium.csv,2430,"End-effector continue holding position of the object, maintaining a stable hold, using moderate force, causing medium-deformation."
/home/mdxuser/Genesis/main/data/picked_up_4/csv/ASICS_GELBlur33_20_GS_BlackWhiteSafety_Orange/Elastic/medium/ASICS_GELBlur33_20_GS_BlackWhiteSafety_Orange_Elastic_medium.csv,2700,"End-effector stopping the object, using zero-force, causing undeformed shape."
/home/mdxuser/Genesis/main/data/picked_up_4/csv/Arm_Hammer_Diaper_Pail_Refills_12_Pack_MFWkmoweejt/Elastic/hard/Arm_Hammer_Diaper_Pail_Refills_12_Pack_MFWkmoweejt_Elastic_hard.csv,0,"End-effector start towards the object, to begin the task."
/home/mdxuser/Genesis/main/data/picked_up_4/csv/Arm_Hammer_Diaper_Pail_Refills_12_Pack_MFWkmoweejt/Elastic/hard/Arm_Hammer_Diaper_Pail_Refills_12_Pack_MFWkmoweejt_Elastic_hard.csv,270,"End-effector grasping the object, using strong force, causing hard-deformation, with increasing force."
/home/mdxuser/Genesis/main/data/picked_up_4/csv/Arm_Hammer_Diaper_Pail_Refills_12_Pack_MFWkmoweejt/Elastic/hard/Arm_Hammer_Diaper_Pail_Refills_12_Pack_MFWkmoweejt_Elastic_hard.csv,540,"End-effector continue grasping the object, using strong force, causing hard-deformation, with increasing force."
/home/mdxuser/Genesis/main/data/picked_up_4/csv/Arm_Hammer_Diaper_Pail_Refills_12_Pack_MFWkmoweejt/Elastic/hard/Arm_Hammer_Diaper_Pail_Refills_12_Pack_MFWkmoweejt_Elastic_hard.csv,810,"End-effector lifting the object, using strong force, causing hard-deformation, with increasing force."
/home/mdxuser/Genesis/main/data/picked_up_4/csv/Arm_Hammer_Diaper_Pail_Refills_12_Pack_MFWkmoweejt/Elastic/hard/Arm_Hammer_Diaper_Pail_Refills_12_Pack_MFWkmoweejt_Elastic_hard.csv,1080,"End-effector rotating the object, by an angle of 30.0 degrees, using strong force, causing hard-deformation, with constant force."
/home/mdxuser/Genesis/main/data/picked_up_4/csv/Arm_Hammer_Diaper_Pail_Refills_12_Pack_MFWkmoweejt/Elastic/hard/Arm_Hammer_Diaper_Pail_Refills_12_Pack_MFWkmoweejt_Elastic_hard.csv,1350,"End-effector continue rotating the object, by an angle of 30.0 degrees, using strong force, causing hard-deformation, with constant force."
/home/mdxuser/Genesis/main/data/picked_up_4/csv/Arm_Hammer_Diaper_Pail_Refills_12_Pack_MFWkmoweejt/Elastic/hard/Arm_Hammer_Diaper_Pail_Refills_12_Pack_MFWkmoweejt_Elastic_hard.csv,1620,"End-effector holding position of the object, maintaining a stable hold, using strong force, causing hard-deformation."
/home/mdxuser/Genesis/main/data/picked_up_4/csv/Arm_Hammer_Diaper_Pail_Refills_12_Pack_MFWkmoweejt/Elastic/hard/Arm_Hammer_Diaper_Pail_Refills_12_Pack_MFWkmoweejt_Elastic_hard.csv,1890,"End-effector rotating the object, by an angle of 30.0 degrees, using strong force, causing hard-deformation, with constant force."
/home/mdxuser/Genesis/main/data/picked_up_4/csv/Arm_Hammer_Diaper_Pail_Refills_12_Pack_MFWkmoweejt/Elastic/hard/Arm_Hammer_Diaper_Pail_Refills_12_Pack_MFWkmoweejt_Elastic_hard.csv,2160,"End-effector continue rotating the object, by an angle of 30.0 degrees, using strong force, causing hard-deformation, with constant force."
/home/mdxuser/Genesis/main/data/picked_up_4/csv/Arm_Hammer_Diaper_Pail_Refills_12_Pack_MFWkmoweejt/Elastic/hard/Arm_Hammer_Diaper_Pail_Refills_12_Pack_MFWkmoweejt_Elastic_hard.csv,2430,"End-effector holding position of the object, maintaining a stable hold, using strong force, causing hard-deformation."
/home/mdxuser/Genesis/main/data/picked_up_4/csv/Arm_Hammer_Diaper_Pail_Refills_12_Pack_MFWkmoweejt/Elastic/hard/Arm_Hammer_Diaper_Pail_Refills_12_Pack_MFWkmoweejt_Elastic_hard.csv,2700,The object has been dropped.
/home/mdxuser/Genesis/main/data/picked_up_4/csv/Crayola_Model_Magic_Modeling_Material_Single_Packs_6_pack_05_oz_packs/Elastic/medium/Crayola_Model_Magic_Modeling_Material_Single_Packs_6_pack_05_oz_packs_Elastic_medium.csv,0,"End-effector start towards the object, to begin the task."
/home/mdxuser/Genesis/main/data/picked_up_4/csv/Crayola_Model_Magic_Modeling_Material_Single_Packs_6_pack_05_oz_packs/Elastic/medium/Crayola_Model_Magic_Modeling_Material_Single_Packs_6_pack_05_oz_packs_Elastic_medium.csv,270,"End-effector grasping the object, using moderate force, causing medium-deformation, with increasing force."
/home/mdxuser/Genesis/main/data/picked_up_4/csv/Crayola_Model_Magic_Modeling_Material_Single_Packs_6_pack_05_oz_packs/Elastic/medium/Crayola_Model_Magic_Modeling_Material_Single_Packs_6_pack_05_oz_packs_Elastic_medium.csv,540,"End-effector continue grasping the object, using moderate force, causing medium-deformation, with increasing force."
/home/mdxuser/Genesis/main/data/picked_up_4/csv/Crayola_Model_Magic_Modeling_Material_Single_Packs_6_pack_05_oz_packs/Elastic/medium/Crayola_Model_Magic_Modeling_Material_Single_Packs_6_pack_05_oz_packs_Elastic_medium.csv,810,"End-effector lifting the object, using moderate force, causing medium-deformation, with increasing force."
/home/mdxuser/Genesis/main/data/picked_up_4/csv/Crayola_Model_Magic_Modeling_Material_Single_Packs_6_pack_05_oz_packs/Elastic/medium/Crayola_Model_Magic_Modeling_Material_Single_Packs_6_pack_05_oz_packs_Elastic_medium.csv,1080,"End-effector rotating the object, by an angle of 30.0 degrees, using moderate force, causing medium-deformation, with constant force."
/home/mdxuser/Genesis/main/data/picked_up_4/csv/Crayola_Model_Magic_Modeling_Material_Single_Packs_6_pack_05_oz_packs/Elastic/medium/Crayola_Model_Magic_Modeling_Material_Single_Packs_6_pack_05_oz_packs_Elastic_medium.csv,1350,"End-effector continue rotating the object, by an angle of 30.0 degrees, using moderate force, causing medium-deformation, with constant force."
/home/mdxuser/Genesis/main/data/picked_up_4/csv/Crayola_Model_Magic_Modeling_Material_Single_Packs_6_pack_05_oz_packs/Elastic/medium/Crayola_Model_Magic_Modeling_Material_Single_Packs_6_pack_05_oz_packs_Elastic_medium.csv,1620,"End-effector holding position of the object, maintaining a stable hold, using moderate force, causing medium-deformation."
/home/mdxuser/Genesis/main/data/picked_up_4/csv/Crayola_Model_Magic_Modeling_Material_Single_Packs_6_pack_05_oz_packs/Elastic/medium/Crayola_Model_Magic_Modeling_Material_Single_Packs_6_pack_05_oz_packs_Elastic_medium.csv,1890,"End-effector rotating the object, by an angle of 45.0 degrees, using moderate force, causing medium-deformation, with constant force."
/home/mdxuser/Genesis/main/data/picked_up_4/csv/Crayola_Model_Magic_Modeling_Material_Single_Packs_6_pack_05_oz_packs/Elastic/medium/Crayola_Model_Magic_Modeling_Material_Single_Packs_6_pack_05_oz_packs_Elastic_medium.csv,2160,The object has been dropped.
/home/mdxuser/Genesis/main/data/picked_up_4/csv/Crayola_Model_Magic_Modeling_Material_Single_Packs_6_pack_05_oz_packs/Elastic/medium/Crayola_Model_Magic_Modeling_Material_Single_Packs_6_pack_05_oz_packs_Elastic_medium.csv,2430,The object has been dropped.
/home/mdxuser/Genesis/main/data/picked_up_4/csv/Crayola_Model_Magic_Modeling_Material_Single_Packs_6_pack_05_oz_packs/Elastic/medium/Crayola_Model_Magic_Modeling_Material_Single_Packs_6_pack_05_oz_packs_Elastic_medium.csv,2700,The object has been dropped.
/home/mdxuser/Genesis/main/data/picked_up_4/csv/BIA_Cordon_Bleu_White_Porcelain_Utensil_Holder_900028/Elastic/soft/BIA_Cordon_Bleu_White_Porcelain_Utensil_Holder_900028_Elastic_soft.csv,0,"End-effector start towards the object, to begin the task."
/home/mdxuser/Genesis/main/data/picked_up_4/csv/BIA_Cordon_Bleu_White_Porcelain_Utensil_Holder_900028/Elastic/soft/BIA_Cordon_Bleu_White_Porcelain_Utensil_Holder_900028_Elastic_soft.csv,270,"End-effector grasping the object, using gentle force, causing soft-deformation, with increasing force."
/home/mdxuser/Genesis/main/data/picked_up_4/csv/BIA_Cordon_Bleu_White_Porcelain_Utensil_Holder_900028/Elastic/soft/BIA_Cordon_Bleu_White_Porcelain_Utensil_Holder_900028_Elastic_soft.csv,540,"End-effector continue grasping the object, using gentle force, causing soft-deformation, with increasing force."
/home/mdxuser/Genesis/main/data/picked_up_4/csv/BIA_Cordon_Bleu_White_Porcelain_Utensil_Holder_900028/Elastic/soft/BIA_Cordon_Bleu_White_Porcelain_Utensil_Holder_900028_Elastic_soft.csv,810,"End-effector lifting the object, using gentle force, causing soft-deformation, with increasing force."
/home/mdxuser/Genesis/main/data/picked_up_4/csv/BIA_Cordon_Bleu_White_Porcelain_Utensil_Holder_900028/Elastic/soft/BIA_Cordon_Bleu_White_Porcelain_Utensil_Holder_900028_Elastic_soft.csv,1080,"End-effector rotating the object, by an angle of 45.0 degrees, using gentle force, causing soft-deformation, with constant force."
/home/mdxuser/Genesis/main/data/picked_up_4/csv/BIA_Cordon_Bleu_White_Porcelain_Utensil_Holder_900028/Elastic/soft/BIA_Cordon_Bleu_White_Porcelain_Utensil_Holder_900028_Elastic_soft.csv,1350,"End-effector continue rotating the object, by an angle of 45.0 degrees, using gentle force, causing soft-deformation, with constant force."
/home/mdxuser/Genesis/main/data/picked_up_4/csv/BIA_Cordon_Bleu_White_Porcelain_Utensil_Holder_900028/Elastic/soft/BIA_Cordon_Bleu_White_Porcelain_Utensil_Holder_900028_Elastic_soft.csv,1620,The object has been dropped.
/home/mdxuser/Genesis/main/data/picked_up_4/csv/BIA_Cordon_Bleu_White_Porcelain_Utensil_Holder_900028/Elastic/soft/BIA_Cordon_Bleu_White_Porcelain_Utensil_Holder_900028_Elastic_soft.csv,1890,The object has been dropped.
/home/mdxuser/Genesis/main/data/picked_up_4/csv/BIA_Cordon_Bleu_White_Porcelain_Utensil_Holder_900028/Elastic/soft/BIA_Cordon_Bleu_White_Porcelain_Utensil_Holder_900028_Elastic_soft.csv,2160,The object has been dropped.
/home/mdxuser/Genesis/main/data/picked_up_4/csv/BIA_Cordon_Bleu_White_Porcelain_Utensil_Holder_900028/Elastic/soft/BIA_Cordon_Bleu_White_Porcelain_Utensil_Holder_900028_Elastic_soft.csv,2430,The object has been dropped.
/home/mdxuser/Genesis/main/data/picked_up_4/csv/BIA_Cordon_Bleu_White_Porcelain_Utensil_Holder_900028/Elastic/soft/BIA_Cordon_Bleu_White_Porcelain_Utensil_Holder_900028_Elastic_soft.csv,2700,The object has been dropped.
/home/mdxuser/Genesis/main/data/picked_up_4/csv/Cole_Hardware_Antislip_Surfacing_Material_White/Elastic/soft/Cole_Hardware_Antislip_Surfacing_Material_White_Elastic_soft.csv,0,"End-effector start towards the object, to begin the task."
/home/mdxuser/Genesis/main/data/picked_up_4/csv/Cole_Hardware_Antislip_Surfacing_Material_White/Elastic/soft/Cole_Hardware_Antislip_Surfacing_Material_White_Elastic_soft.csv,270,"End-effector grasping the object, using gentle force, causing soft-deformation, with increasing force."
/home/mdxuser/Genesis/main/data/picked_up_4/csv/Cole_Hardware_Antislip_Surfacing_Material_White/Elastic/soft/Cole_Hardware_Antislip_Surfacing_Material_White_Elastic_soft.csv,540,"End-effector continue grasping the object, using gentle force, causing soft-deformation, with increasing force."
/home/mdxuser/Genesis/main/data/picked_up_4/csv/Cole_Hardware_Antislip_Surfacing_Material_White/Elastic/soft/Cole_Hardware_Antislip_Surfacing_Material_White_Elastic_soft.csv,810,"End-effector lifting the object, using gentle force, causing soft-deformation, with increasing force."
/home/mdxuser/Genesis/main/data/picked_up_4/csv/Cole_Hardware_Antislip_Surfacing_Material_White/Elastic/soft/Cole_Hardware_Antislip_Surfacing_Material_White_Elastic_soft.csv,1080,"End-effector rotating the object, by an angle of 45.0 degrees, using gentle force, causing soft-deformation, with constant force."
/home/mdxuser/Genesis/main/data/picked_up_4/csv/Cole_Hardware_Antislip_Surfacing_Material_White/Elastic/soft/Cole_Hardware_Antislip_Surfacing_Material_White_Elastic_soft.csv,1350,"End-effector holding position of the object, maintaining a stable hold, using gentle force, causing soft-deformation."
/home/mdxuser/Genesis/main/data/picked_up_4/csv/Cole_Hardware_Antislip_Surfacing_Material_White/Elastic/soft/Cole_Hardware_Antislip_Surfacing_Material_White_Elastic_soft.csv,1620,"End-effector continue holding position of the object, maintaining a stable hold, using gentle force, causing soft-deformation."
/home/mdxuser/Genesis/main/data/picked_up_4/csv/Cole_Hardware_Antislip_Surfacing_Material_White/Elastic/soft/Cole_Hardware_Antislip_Surfacing_Material_White_Elastic_soft.csv,1890,"End-effector rotating the object, by an angle of 45.0 degrees, using gentle force, causing soft-deformation, with constant force."
/home/mdxuser/Genesis/main/data/picked_up_4/csv/Cole_Hardware_Antislip_Surfacing_Material_White/Elastic/soft/Cole_Hardware_Antislip_Surfacing_Material_White_Elastic_soft.csv,2160,The object has been dropped.
/home/mdxuser/Genesis/main/data/picked_up_4/csv/Cole_Hardware_Antislip_Surfacing_Material_White/Elastic/soft/Cole_Hardware_Antislip_Surfacing_Material_White_Elastic_soft.csv,2430,The object has been dropped.
/home/mdxuser/Genesis/main/data/picked_up_4/csv/Cole_Hardware_Antislip_Surfacing_Material_White/Elastic/soft/Cole_Hardware_Antislip_Surfacing_Material_White_Elastic_soft.csv,2700,The object has been dropped.
/home/mdxuser/Genesis/main/data/picked_up_4/csv/Android_Figure_Chrome/Elastic/medium/Android_Figure_Chrome_Elastic_medium.csv,0,"End-effector start towards the object, to begin the task."
/home/mdxuser/Genesis/main/data/picked_up_4/csv/Android_Figure_Chrome/Elastic/medium/Android_Figure_Chrome_Elastic_medium.csv,270,"End-effector grasping the object, using moderate force, causing medium-deformation, with increasing force."
/home/mdxuser/Genesis/main/data/picked_up_4/csv/Android_Figure_Chrome/Elastic/medium/Android_Figure_Chrome_Elastic_medium.csv,540,"End-effector continue grasping the object, using moderate force, causing medium-deformation, with increasing force."
/home/mdxuser/Genesis/main/data/picked_up_4/csv/Android_Figure_Chrome/Elastic/medium/Android_Figure_Chrome_Elastic_medium.csv,810,"End-effector lifting the object, using moderate force, causing medium-deformation, with increasing force."
/home/mdxuser/Genesis/main/data/picked_up_4/csv/Android_Figure_Chrome/Elastic/medium/Android_Figure_Chrome_Elastic_medium.csv,1080,"End-effector rotating the object, by an angle of 45.0 degrees, using moderate force, causing medium-deformation, with constant force."
/home/mdxuser/Genesis/main/data/picked_up_4/csv/Android_Figure_Chrome/Elastic/medium/Android_Figure_Chrome_Elastic_medium.csv,1350,"End-effector continue rotating the object, by an angle of 45.0 degrees, using moderate force, causing medium-deformation, with constant force."
/home/mdxuser/Genesis/main/data/picked_up_4/csv/Android_Figure_Chrome/Elastic/medium/Android_Figure_Chrome_Elastic_medium.csv,1620,"End-effector holding position of the object, maintaining a stable hold, using moderate force, causing medium-deformation."
/home/mdxuser/Genesis/main/data/picked_up_4/csv/Android_Figure_Chrome/Elastic/medium/Android_Figure_Chrome_Elastic_medium.csv,1890,"End-effector rotating the object, by an angle of 45.0 degrees, using moderate force, causing medium-deformation, with constant force."
/home/mdxuser/Genesis/main/data/picked_up_4/csv/Android_Figure_Chrome/Elastic/medium/Android_Figure_Chrome_Elastic_medium.csv,2160,"End-effector holding position of the object, maintaining a stable hold, using moderate force, causing medium-deformation."
/home/mdxuser/Genesis/main/data/picked_up_4/csv/Android_Figure_Chrome/Elastic/medium/Android_Figure_Chrome_Elastic_medium.csv,2430,"End-effector continue holding position of the object, maintaining a stable hold, using moderate force, causing medium-deformation."
/home/mdxuser/Genesis/main/data/picked_up_4/csv/Android_Figure_Chrome/Elastic/medium/Android_Figure_Chrome_Elastic_medium.csv,2700,The object has been dropped.
/home/mdxuser/Genesis/main/data/picked_up_4/csv/5_HTP/Elastic/medium/5_HTP_Elastic_medium.csv,0,"End-effector start towards the object, to begin the task."
/home/mdxuser/Genesis/main/data/picked_up_4/csv/5_HTP/Elastic/medium/5_HTP_Elastic_medium.csv,270,"End-effector grasping the object, using moderate force, causing medium-deformation, with increasing force."
/home/mdxuser/Genesis/main/data/picked_up_4/csv/5_HTP/Elastic/medium/5_HTP_Elastic_medium.csv,540,"End-effector continue grasping the object, using moderate force, causing medium-deformation, with increasing force."
/home/mdxuser/Genesis/main/data/picked_up_4/csv/5_HTP/Elastic/medium/5_HTP_Elastic_medium.csv,810,"End-effector lifting the object, using moderate force, causing medium-deformation, with increasing force."
/home/mdxuser/Genesis/main/data/picked_up_4/csv/5_HTP/Elastic/medium/5_HTP_Elastic_medium.csv,1080,"End-effector rotating the object, by an angle of 30.0 degrees, using moderate force, causing medium-deformation, with constant force."
/home/mdxuser/Genesis/main/data/picked_up_4/csv/5_HTP/Elastic/medium/5_HTP_Elastic_medium.csv,1350,"End-effector continue rotating the object, by an angle of 30.0 degrees, using moderate force, causing medium-deformation, with constant force."
/home/mdxuser/Genesis/main/data/picked_up_4/csv/5_HTP/Elastic/medium/5_HTP_Elastic_medium.csv,1620,"End-effector holding position of the object, maintaining a stable hold, using moderate force, causing medium-deformation."
/home/mdxuser/Genesis/main/data/picked_up_4/csv/5_HTP/Elastic/medium/5_HTP_Elastic_medium.csv,1890,"End-effector rotating the object, by an angle of 45.0 degrees, using moderate force, causing medium-deformation, with constant force."
/home/mdxuser/Genesis/main/data/picked_up_4/csv/5_HTP/Elastic/medium/5_HTP_Elastic_medium.csv,2160,"End-effector continue rotating the object, by an angle of 45.0 degrees, using moderate force, causing medium-deformation, with constant force."
/home/mdxuser/Genesis/main/data/picked_up_4/csv/5_HTP/Elastic/medium/5_HTP_Elastic_medium.csv,2430,"End-effector holding position of the object, maintaining a stable hold, using moderate force, causing medium-deformation."
/home/mdxuser/Genesis/main/data/picked_up_4/csv/5_HTP/Elastic/medium/5_HTP_Elastic_medium.csv,2700,"End-effector stopping the object, using zero-force, causing undeformed shape."
/home/mdxuser/Genesis/main/data/picked_up_4/csv/Crayola_Washable_Sidewalk_Chalk_16_pack/Elastic/medium/Crayola_Washable_Sidewalk_Chalk_16_pack_Elastic_medium.csv,0,"End-effector start towards the object, to begin the task."
/home/mdxuser/Genesis/main/data/picked_up_4/csv/Crayola_Washable_Sidewalk_Chalk_16_pack/Elastic/medium/Crayola_Washable_Sidewalk_Chalk_16_pack_Elastic_medium.csv,270,"End-effector grasping the object, using moderate force, causing medium-deformation, with increasing force."
/home/mdxuser/Genesis/main/data/picked_up_4/csv/Crayola_Washable_Sidewalk_Chalk_16_pack/Elastic/medium/Crayola_Washable_Sidewalk_Chalk_16_pack_Elastic_medium.csv,540,"End-effector continue grasping the object, using moderate force, causing medium-deformation, with increasing force."
/home/mdxuser/Genesis/main/data/picked_up_4/csv/Crayola_Washable_Sidewalk_Chalk_16_pack/Elastic/medium/Crayola_Washable_Sidewalk_Chalk_16_pack_Elastic_medium.csv,810,"End-effector lifting the object, using moderate force, causing medium-deformation, with increasing force."
/home/mdxuser/Genesis/main/data/picked_up_4/csv/Crayola_Washable_Sidewalk_Chalk_16_pack/Elastic/medium/Crayola_Washable_Sidewalk_Chalk_16_pack_Elastic_medium.csv,1080,"End-effector rotating the object, by an angle of 45.0 degrees, using moderate force, causing medium-deformation, with constant force."
/home/mdxuser/Genesis/main/data/picked_up_4/csv/Crayola_Washable_Sidewalk_Chalk_16_pack/Elastic/medium/Crayola_Washable_Sidewalk_Chalk_16_pack_Elastic_medium.csv,1350,"End-effector holding position of the object, maintaining a stable hold, using moderate force, causing medium-deformation."
/home/mdxuser/Genesis/main/data/picked_up_4/csv/Crayola_Washable_Sidewalk_Chalk_16_pack/Elastic/medium/Crayola_Washable_Sidewalk_Chalk_16_pack_Elastic_medium.csv,1620,"End-effector continue holding position of the object, maintaining a stable hold, using moderate force, causing medium-deformation."
/home/mdxuser/Genesis/main/data/picked_up_4/csv/Crayola_Washable_Sidewalk_Chalk_16_pack/Elastic/medium/Crayola_Washable_Sidewalk_Chalk_16_pack_Elastic_medium.csv,1890,The object has been dropped.
/home/mdxuser/Genesis/main/data/picked_up_4/csv/Crayola_Washable_Sidewalk_Chalk_16_pack/Elastic/medium/Crayola_Washable_Sidewalk_Chalk_16_pack_Elastic_medium.csv,2160,The object has been dropped.
/home/mdxuser/Genesis/main/data/picked_up_4/csv/Crayola_Washable_Sidewalk_Chalk_16_pack/Elastic/medium/Crayola_Washable_Sidewalk_Chalk_16_pack_Elastic_medium.csv,2430,The object has been dropped.
/home/mdxuser/Genesis/main/data/picked_up_4/csv/Crayola_Washable_Sidewalk_Chalk_16_pack/Elastic/medium/Crayola_Washable_Sidewalk_Chalk_16_pack_Elastic_medium.csv,2700,The object has been dropped.
/home/mdxuser/Genesis/main/data/picked_up_4/csv/50_BLOCKS/Elastic/soft/50_BLOCKS_Elastic_soft.csv,0,"End-effector start towards the object, to begin the task."
/home/mdxuser/Genesis/main/data/picked_up_4/csv/50_BLOCKS/Elastic/soft/50_BLOCKS_Elastic_soft.csv,270,"End-effector grasping the object, using gentle force, causing soft-deformation, with increasing force."
/home/mdxuser/Genesis/main/data/picked_up_4/csv/50_BLOCKS/Elastic/soft/50_BLOCKS_Elastic_soft.csv,540,"End-effector continue grasping the object, using gentle force, causing soft-deformation, with increasing force."
/home/mdxuser/Genesis/main/data/picked_up_4/csv/50_BLOCKS/Elastic/soft/50_BLOCKS_Elastic_soft.csv,810,"End-effector lifting the object, using gentle force, causing soft-deformation, with increasing force."
/home/mdxuser/Genesis/main/data/picked_up_4/csv/50_BLOCKS/Elastic/soft/50_BLOCKS_Elastic_soft.csv,1080,"End-effector rotating the object, by an angle of 45.0 degrees, using gentle force, causing soft-deformation, with constant force."
/home/mdxuser/Genesis/main/data/picked_up_4/csv/50_BLOCKS/Elastic/soft/50_BLOCKS_Elastic_soft.csv,1350,"End-effector holding position of the object, maintaining a stable hold, using gentle force, causing soft-deformation."
/home/mdxuser/Genesis/main/data/picked_up_4/csv/50_BLOCKS/Elastic/soft/50_BLOCKS_Elastic_soft.csv,1620,"End-effector continue holding position of the object, maintaining a stable hold, using gentle force, causing soft-deformation."
/home/mdxuser/Genesis/main/data/picked_up_4/csv/50_BLOCKS/Elastic/soft/50_BLOCKS_Elastic_soft.csv,1890,"End-effector rotating the object, by an angle of 45.0 degrees, using gentle force, causing soft-deformation, with constant force."
/home/mdxuser/Genesis/main/data/picked_up_4/csv/50_BLOCKS/Elastic/soft/50_BLOCKS_Elastic_soft.csv,2160,"End-effector continue rotating the object, by an angle of 45.0 degrees, using gentle force, causing soft-deformation, with constant force."
/home/mdxuser/Genesis/main/data/picked_up_4/csv/50_BLOCKS/Elastic/soft/50_BLOCKS_Elastic_soft.csv,2430,"End-effector holding position of the object, maintaining a stable hold, using gentle force, causing soft-deformation."
/home/mdxuser/Genesis/main/data/picked_up_4/csv/50_BLOCKS/Elastic/soft/50_BLOCKS_Elastic_soft.csv,2700,"End-effector stopping the object, using zero-force, causing undeformed shape."
/home/mdxuser/Genesis/main/data/picked_up_4/csv/Black_Forest_Fruit_Snacks_28_Pack_Grape/Elastic/medium/Black_Forest_Fruit_Snacks_28_Pack_Grape_Elastic_medium.csv,0,"End-effector start towards the object, to begin the task."
/home/mdxuser/Genesis/main/data/picked_up_4/csv/Black_Forest_Fruit_Snacks_28_Pack_Grape/Elastic/medium/Black_Forest_Fruit_Snacks_28_Pack_Grape_Elastic_medium.csv,270,"End-effector grasping the object, using moderate force, causing medium-deformation, with increasing force."
/home/mdxuser/Genesis/main/data/picked_up_4/csv/Black_Forest_Fruit_Snacks_28_Pack_Grape/Elastic/medium/Black_Forest_Fruit_Snacks_28_Pack_Grape_Elastic_medium.csv,540,"End-effector continue grasping the object, using moderate force, causing medium-deformation, with increasing force."
/home/mdxuser/Genesis/main/data/picked_up_4/csv/Black_Forest_Fruit_Snacks_28_Pack_Grape/Elastic/medium/Black_Forest_Fruit_Snacks_28_Pack_Grape_Elastic_medium.csv,810,"End-effector lifting the object, using moderate force, causing medium-deformation, with increasing force."
/home/mdxuser/Genesis/main/data/picked_up_4/csv/Black_Forest_Fruit_Snacks_28_Pack_Grape/Elastic/medium/Black_Forest_Fruit_Snacks_28_Pack_Grape_Elastic_medium.csv,1080,"End-effector rotating the object, by an angle of 45.0 degrees, using moderate force, causing medium-deformation, with constant force."
/home/mdxuser/Genesis/main/data/picked_up_4/csv/Black_Forest_Fruit_Snacks_28_Pack_Grape/Elastic/medium/Black_Forest_Fruit_Snacks_28_Pack_Grape_Elastic_medium.csv,1350,"End-effector continue rotating the object, by an angle of 45.0 degrees, using moderate force, causing medium-deformation, with constant force."
/home/mdxuser/Genesis/main/data/picked_up_4/csv/Black_Forest_Fruit_Snacks_28_Pack_Grape/Elastic/medium/Black_Forest_Fruit_Snacks_28_Pack_Grape_Elastic_medium.csv,1620,The object has been dropped.
/home/mdxuser/Genesis/main/data/picked_up_4/csv/Black_Forest_Fruit_Snacks_28_Pack_Grape/Elastic/medium/Black_Forest_Fruit_Snacks_28_Pack_Grape_Elastic_medium.csv,1890,The object has been dropped.
/home/mdxuser/Genesis/main/data/picked_up_4/csv/Black_Forest_Fruit_Snacks_28_Pack_Grape/Elastic/medium/Black_Forest_Fruit_Snacks_28_Pack_Grape_Elastic_medium.csv,2160,The object has been dropped.
/home/mdxuser/Genesis/main/data/picked_up_4/csv/Black_Forest_Fruit_Snacks_28_Pack_Grape/Elastic/medium/Black_Forest_Fruit_Snacks_28_Pack_Grape_Elastic_medium.csv,2430,The object has been dropped.
/home/mdxuser/Genesis/main/data/picked_up_4/csv/Black_Forest_Fruit_Snacks_28_Pack_Grape/Elastic/medium/Black_Forest_Fruit_Snacks_28_Pack_Grape_Elastic_medium.csv,2700,The object has been dropped.
/home/mdxuser/Genesis/main/data/picked_up_4/csv/adizero_F50_TRX_FG_LEA/Elastic/soft/adizero_F50_TRX_FG_LEA_Elastic_soft.csv,0,"End-effector start towards the object, to begin the task."
/home/mdxuser/Genesis/main/data/picked_up_4/csv/adizero_F50_TRX_FG_LEA/Elastic/soft/adizero_F50_TRX_FG_LEA_Elastic_soft.csv,270,"End-effector grasping the object, using gentle force, causing soft-deformation, with increasing force."
/home/mdxuser/Genesis/main/data/picked_up_4/csv/adizero_F50_TRX_FG_LEA/Elastic/soft/adizero_F50_TRX_FG_LEA_Elastic_soft.csv,540,"End-effector continue grasping the object, using gentle force, causing soft-deformation, with increasing force."
/home/mdxuser/Genesis/main/data/picked_up_4/csv/adizero_F50_TRX_FG_LEA/Elastic/soft/adizero_F50_TRX_FG_LEA_Elastic_soft.csv,810,"End-effector lifting the object, using gentle force, causing soft-deformation, with increasing force."
/home/mdxuser/Genesis/main/data/picked_up_4/csv/adizero_F50_TRX_FG_LEA/Elastic/soft/adizero_F50_TRX_FG_LEA_Elastic_soft.csv,1080,"End-effector rotating the object, by an angle of 45.0 degrees, using gentle force, causing soft-deformation, with constant force."
/home/mdxuser/Genesis/main/data/picked_up_4/csv/adizero_F50_TRX_FG_LEA/Elastic/soft/adizero_F50_TRX_FG_LEA_Elastic_soft.csv,1350,"End-effector holding position of the object, maintaining a stable hold, using gentle force, causing soft-deformation."
/home/mdxuser/Genesis/main/data/picked_up_4/csv/adizero_F50_TRX_FG_LEA/Elastic/soft/adizero_F50_TRX_FG_LEA_Elastic_soft.csv,1620,"End-effector continue holding position of the object, maintaining a stable hold, using gentle force, causing soft-deformation."
/home/mdxuser/Genesis/main/data/picked_up_4/csv/adizero_F50_TRX_FG_LEA/Elastic/soft/adizero_F50_TRX_FG_LEA_Elastic_soft.csv,1890,"End-effector rotating the object, by an angle of 45.0 degrees, using gentle force, causing soft-deformation, with constant force."
/home/mdxuser/Genesis/main/data/picked_up_4/csv/adizero_F50_TRX_FG_LEA/Elastic/soft/adizero_F50_TRX_FG_LEA_Elastic_soft.csv,2160,"End-effector continue rotating the object, by an angle of 45.0 degrees, using gentle force, causing soft-deformation, with constant force."
/home/mdxuser/Genesis/main/data/picked_up_4/csv/adizero_F50_TRX_FG_LEA/Elastic/soft/adizero_F50_TRX_FG_LEA_Elastic_soft.csv,2430,The object has been dropped.
/home/mdxuser/Genesis/main/data/picked_up_4/csv/adizero_F50_TRX_FG_LEA/Elastic/soft/adizero_F50_TRX_FG_LEA_Elastic_soft.csv,2700,The object has been dropped.
/home/mdxuser/Genesis/main/data/picked_up_4/csv/3D_Dollhouse_Sofa/Elastic/medium/3D_Dollhouse_Sofa_Elastic_medium.csv,0,"End-effector start towards the object, to begin the task."
/home/mdxuser/Genesis/main/data/picked_up_4/csv/3D_Dollhouse_Sofa/Elastic/medium/3D_Dollhouse_Sofa_Elastic_medium.csv,270,"End-effector grasping the object, using moderate force, causing medium-deformation, with increasing force."
/home/mdxuser/Genesis/main/data/picked_up_4/csv/3D_Dollhouse_Sofa/Elastic/medium/3D_Dollhouse_Sofa_Elastic_medium.csv,540,"End-effector continue grasping the object, using moderate force, causing medium-deformation, with increasing force."
/home/mdxuser/Genesis/main/data/picked_up_4/csv/3D_Dollhouse_Sofa/Elastic/medium/3D_Dollhouse_Sofa_Elastic_medium.csv,810,"End-effector lifting the object, using moderate force, causing medium-deformation, with increasing force."
/home/mdxuser/Genesis/main/data/picked_up_4/csv/3D_Dollhouse_Sofa/Elastic/medium/3D_Dollhouse_Sofa_Elastic_medium.csv,1080,"End-effector rotating the object, by an angle of 45.0 degrees, using moderate force, causing medium-deformation, with constant force."
/home/mdxuser/Genesis/main/data/picked_up_4/csv/3D_Dollhouse_Sofa/Elastic/medium/3D_Dollhouse_Sofa_Elastic_medium.csv,1350,"End-effector continue rotating the object, by an angle of 45.0 degrees, using moderate force, causing medium-deformation, with constant force."
/home/mdxuser/Genesis/main/data/picked_up_4/csv/3D_Dollhouse_Sofa/Elastic/medium/3D_Dollhouse_Sofa_Elastic_medium.csv,1620,The object has been dropped.
/home/mdxuser/Genesis/main/data/picked_up_4/csv/3D_Dollhouse_Sofa/Elastic/medium/3D_Dollhouse_Sofa_Elastic_medium.csv,1890,The object has been dropped.
/home/mdxuser/Genesis/main/data/picked_up_4/csv/3D_Dollhouse_Sofa/Elastic/medium/3D_Dollhouse_Sofa_Elastic_medium.csv,2160,The object has been dropped.
/home/mdxuser/Genesis/main/data/picked_up_4/csv/3D_Dollhouse_Sofa/Elastic/medium/3D_Dollhouse_Sofa_Elastic_medium.csv,2430,The object has been dropped.
/home/mdxuser/Genesis/main/data/picked_up_4/csv/3D_Dollhouse_Sofa/Elastic/medium/3D_Dollhouse_Sofa_Elastic_medium.csv,2700,The object has been dropped.
/home/mdxuser/Genesis/main/data/picked_up_4/csv/Black_Elderberry_Syrup_54_oz_Gaia_Herbs/Elastic/soft/Black_Elderberry_Syrup_54_oz_Gaia_Herbs_Elastic_soft.csv,0,"End-effector start towards the object, to begin the task."
/home/mdxuser/Genesis/main/data/picked_up_4/csv/Black_Elderberry_Syrup_54_oz_Gaia_Herbs/Elastic/soft/Black_Elderberry_Syrup_54_oz_Gaia_Herbs_Elastic_soft.csv,270,"End-effector grasping the object, using gentle force, causing soft-deformation, with increasing force."
/home/mdxuser/Genesis/main/data/picked_up_4/csv/Black_Elderberry_Syrup_54_oz_Gaia_Herbs/Elastic/soft/Black_Elderberry_Syrup_54_oz_Gaia_Herbs_Elastic_soft.csv,540,"End-effector continue grasping the object, using gentle force, causing soft-deformation, with increasing force."
/home/mdxuser/Genesis/main/data/picked_up_4/csv/Black_Elderberry_Syrup_54_oz_Gaia_Herbs/Elastic/soft/Black_Elderberry_Syrup_54_oz_Gaia_Herbs_Elastic_soft.csv,810,"End-effector lifting the object, using gentle force, causing soft-deformation, with increasing force."
/home/mdxuser/Genesis/main/data/picked_up_4/csv/Black_Elderberry_Syrup_54_oz_Gaia_Herbs/Elastic/soft/Black_Elderberry_Syrup_54_oz_Gaia_Herbs_Elastic_soft.csv,1080,"End-effector rotating the object, by an angle of 45.0 degrees, using gentle force, causing soft-deformation, with constant force."
/home/mdxuser/Genesis/main/data/picked_up_4/csv/Black_Elderberry_Syrup_54_oz_Gaia_Herbs/Elastic/soft/Black_Elderberry_Syrup_54_oz_Gaia_Herbs_Elastic_soft.csv,1350,"End-effector continue rotating the object, by an angle of 45.0 degrees, using gentle force, causing soft-deformation, with constant force."
/home/mdxuser/Genesis/main/data/picked_up_4/csv/Black_Elderberry_Syrup_54_oz_Gaia_Herbs/Elastic/soft/Black_Elderberry_Syrup_54_oz_Gaia_Herbs_Elastic_soft.csv,1620,"End-effector holding position of the object, maintaining a stable hold, using gentle force, causing soft-deformation."
/home/mdxuser/Genesis/main/data/picked_up_4/csv/Black_Elderberry_Syrup_54_oz_Gaia_Herbs/Elastic/soft/Black_Elderberry_Syrup_54_oz_Gaia_Herbs_Elastic_soft.csv,1890,"End-effector rotating the object, by an angle of 45.0 degrees, using gentle force, causing soft-deformation, with constant force."
/home/mdxuser/Genesis/main/data/picked_up_4/csv/Black_Elderberry_Syrup_54_oz_Gaia_Herbs/Elastic/soft/Black_Elderberry_Syrup_54_oz_Gaia_Herbs_Elastic_soft.csv,2160,"End-effector holding position of the object, maintaining a stable hold, using gentle force, causing soft-deformation."
/home/mdxuser/Genesis/main/data/picked_up_4/csv/Black_Elderberry_Syrup_54_oz_Gaia_Herbs/Elastic/soft/Black_Elderberry_Syrup_54_oz_Gaia_Herbs_Elastic_soft.csv,2430,"End-effector continue holding position of the object, maintaining a stable hold, using gentle force, causing soft-deformation."
/home/mdxuser/Genesis/main/data/picked_up_4/csv/Black_Elderberry_Syrup_54_oz_Gaia_Herbs/Elastic/soft/Black_Elderberry_Syrup_54_oz_Gaia_Herbs_Elastic_soft.csv,2700,"End-effector stopping the object, using zero-force, causing undeformed shape."
/home/mdxuser/Genesis/main/data/picked_up_4/csv/Office_Depot_Dell_Series_1_Remanufactured_Ink_Cartridge_TriColor/Elastic/medium/Office_Depot_Dell_Series_1_Remanufactured_Ink_Cartridge_TriColor_Elastic_medium.csv,0,"End-effector start towards the object, to begin the task."
/home/mdxuser/Genesis/main/data/picked_up_4/csv/Office_Depot_Dell_Series_1_Remanufactured_Ink_Cartridge_TriColor/Elastic/medium/Office_Depot_Dell_Series_1_Remanufactured_Ink_Cartridge_TriColor_Elastic_medium.csv,270,"End-effector grasping the object, using moderate force, causing medium-deformation, with increasing force."
/home/mdxuser/Genesis/main/data/picked_up_4/csv/Office_Depot_Dell_Series_1_Remanufactured_Ink_Cartridge_TriColor/Elastic/medium/Office_Depot_Dell_Series_1_Remanufactured_Ink_Cartridge_TriColor_Elastic_medium.csv,540,"End-effector continue grasping the object, using moderate force, causing medium-deformation, with increasing force."
/home/mdxuser/Genesis/main/data/picked_up_4/csv/Office_Depot_Dell_Series_1_Remanufactured_Ink_Cartridge_TriColor/Elastic/medium/Office_Depot_Dell_Series_1_Remanufactured_Ink_Cartridge_TriColor_Elastic_medium.csv,810,"End-effector lifting the object, using moderate force, causing medium-deformation, with increasing force."
/home/mdxuser/Genesis/main/data/picked_up_4/csv/Office_Depot_Dell_Series_1_Remanufactured_Ink_Cartridge_TriColor/Elastic/medium/Office_Depot_Dell_Series_1_Remanufactured_Ink_Cartridge_TriColor_Elastic_medium.csv,1080,"End-effector rotating the object, by an angle of 45.0 degrees, using moderate force, causing medium-deformation, with constant force."
/home/mdxuser/Genesis/main/data/picked_up_4/csv/Office_Depot_Dell_Series_1_Remanufactured_Ink_Cartridge_TriColor/Elastic/medium/Office_Depot_Dell_Series_1_Remanufactured_Ink_Cartridge_TriColor_Elastic_medium.csv,1350,"End-effector continue rotating the object, by an angle of 45.0 degrees, using moderate force, causing medium-deformation, with constant force."
/home/mdxuser/Genesis/main/data/picked_up_4/csv/Office_Depot_Dell_Series_1_Remanufactured_Ink_Cartridge_TriColor/Elastic/medium/Office_Depot_Dell_Series_1_Remanufactured_Ink_Cartridge_TriColor_Elastic_medium.csv,1620,"End-effector holding position of the object, maintaining a stable hold, using moderate force, causing medium-deformation."
/home/mdxuser/Genesis/main/data/picked_up_4/csv/Office_Depot_Dell_Series_1_Remanufactured_Ink_Cartridge_TriColor/Elastic/medium/Office_Depot_Dell_Series_1_Remanufactured_Ink_Cartridge_TriColor_Elastic_medium.csv,1890,"End-effector rotating the object, by an angle of 30.0 degrees, using moderate force, causing medium-deformation, with constant force."
/home/mdxuser/Genesis/main/data/picked_up_4/csv/Office_Depot_Dell_Series_1_Remanufactured_Ink_Cartridge_TriColor/Elastic/medium/Office_Depot_Dell_Series_1_Remanufactured_Ink_Cartridge_TriColor_Elastic_medium.csv,2160,"End-effector continue rotating the object, by an angle of 30.0 degrees, using moderate force, causing medium-deformation, with constant force."
/home/mdxuser/Genesis/main/data/picked_up_4/csv/Office_Depot_Dell_Series_1_Remanufactured_Ink_Cartridge_TriColor/Elastic/medium/Office_Depot_Dell_Series_1_Remanufactured_Ink_Cartridge_TriColor_Elastic_medium.csv,2430,"End-effector holding position of the object, maintaining a stable hold, using moderate force, causing medium-deformation."
/home/mdxuser/Genesis/main/data/picked_up_4/csv/Office_Depot_Dell_Series_1_Remanufactured_Ink_Cartridge_TriColor/Elastic/medium/Office_Depot_Dell_Series_1_Remanufactured_Ink_Cartridge_TriColor_Elastic_medium.csv,2700,"End-effector stopping the object, using zero-force, causing undeformed shape."
/home/mdxuser/Genesis/main/data/picked_up_4/csv/CASTLE_BLOCKS/Elastic/hard/CASTLE_BLOCKS_Elastic_hard.csv,0,"End-effector start towards the object, to begin the task."
/home/mdxuser/Genesis/main/data/picked_up_4/csv/CASTLE_BLOCKS/Elastic/hard/CASTLE_BLOCKS_Elastic_hard.csv,270,"End-effector grasping the object, using strong force, causing hard-deformation, with increasing force."
/home/mdxuser/Genesis/main/data/picked_up_4/csv/CASTLE_BLOCKS/Elastic/hard/CASTLE_BLOCKS_Elastic_hard.csv,540,"End-effector continue grasping the object, using strong force, causing hard-deformation, with increasing force."
/home/mdxuser/Genesis/main/data/picked_up_4/csv/CASTLE_BLOCKS/Elastic/hard/CASTLE_BLOCKS_Elastic_hard.csv,810,"End-effector lifting the object, using strong force, causing hard-deformation, with increasing force."
/home/mdxuser/Genesis/main/data/picked_up_4/csv/CASTLE_BLOCKS/Elastic/hard/CASTLE_BLOCKS_Elastic_hard.csv,1080,"End-effector rotating the object, by an angle of 45.0 degrees, using strong force, causing hard-deformation, with constant force."
/home/mdxuser/Genesis/main/data/picked_up_4/csv/CASTLE_BLOCKS/Elastic/hard/CASTLE_BLOCKS_Elastic_hard.csv,1350,"End-effector continue rotating the object, by an angle of 45.0 degrees, using strong force, causing hard-deformation, with constant force."
/home/mdxuser/Genesis/main/data/picked_up_4/csv/CASTLE_BLOCKS/Elastic/hard/CASTLE_BLOCKS_Elastic_hard.csv,1620,The object has been dropped.
/home/mdxuser/Genesis/main/data/picked_up_4/csv/CASTLE_BLOCKS/Elastic/hard/CASTLE_BLOCKS_Elastic_hard.csv,1890,The object has been dropped.
/home/mdxuser/Genesis/main/data/picked_up_4/csv/CASTLE_BLOCKS/Elastic/hard/CASTLE_BLOCKS_Elastic_hard.csv,2160,The object has been dropped.
/home/mdxuser/Genesis/main/data/picked_up_4/csv/CASTLE_BLOCKS/Elastic/hard/CASTLE_BLOCKS_Elastic_hard.csv,2430,The object has been dropped.
/home/mdxuser/Genesis/main/data/picked_up_4/csv/CASTLE_BLOCKS/Elastic/hard/CASTLE_BLOCKS_Elastic_hard.csv,2700,The object has been dropped.
/home/mdxuser/Genesis/main/data/picked_up_4/csv/Perricone_MD_Skin_Clear_Supplements/Elastic/hard/Perricone_MD_Skin_Clear_Supplements_Elastic_hard.csv,0,"End-effector start towards the object, to begin the task."
/home/mdxuser/Genesis/main/data/picked_up_4/csv/Perricone_MD_Skin_Clear_Supplements/Elastic/hard/Perricone_MD_Skin_Clear_Supplements_Elastic_hard.csv,270,"End-effector grasping the object, using strong force, causing hard-deformation, with increasing force."
/home/mdxuser/Genesis/main/data/picked_up_4/csv/Perricone_MD_Skin_Clear_Supplements/Elastic/hard/Perricone_MD_Skin_Clear_Supplements_Elastic_hard.csv,540,"End-effector continue grasping the object, using strong force, causing hard-deformation, with increasing force."
/home/mdxuser/Genesis/main/data/picked_up_4/csv/Perricone_MD_Skin_Clear_Supplements/Elastic/hard/Perricone_MD_Skin_Clear_Supplements_Elastic_hard.csv,810,"End-effector lifting the object, using strong force, causing hard-deformation, with increasing force."
/home/mdxuser/Genesis/main/data/picked_up_4/csv/Perricone_MD_Skin_Clear_Supplements/Elastic/hard/Perricone_MD_Skin_Clear_Supplements_Elastic_hard.csv,1080,"End-effector rotating the object, by an angle of 45.0 degrees, using strong force, causing hard-deformation, with constant force."
/home/mdxuser/Genesis/main/data/picked_up_4/csv/Perricone_MD_Skin_Clear_Supplements/Elastic/hard/Perricone_MD_Skin_Clear_Supplements_Elastic_hard.csv,1350,"End-effector holding position of the object, maintaining a stable hold, using strong force, causing hard-deformation."
/home/mdxuser/Genesis/main/data/picked_up_4/csv/Perricone_MD_Skin_Clear_Supplements/Elastic/hard/Perricone_MD_Skin_Clear_Supplements_Elastic_hard.csv,1620,"End-effector continue holding position of the object, maintaining a stable hold, using strong force, causing hard-deformation."
/home/mdxuser/Genesis/main/data/picked_up_4/csv/Perricone_MD_Skin_Clear_Supplements/Elastic/hard/Perricone_MD_Skin_Clear_Supplements_Elastic_hard.csv,1890,"End-effector rotating the object, by an angle of 45.0 degrees, using strong force, causing hard-deformation, with constant force."
/home/mdxuser/Genesis/main/data/picked_up_4/csv/Perricone_MD_Skin_Clear_Supplements/Elastic/hard/Perricone_MD_Skin_Clear_Supplements_Elastic_hard.csv,2160,"End-effector holding position of the object, maintaining a stable hold, using strong force, causing hard-deformation."
/home/mdxuser/Genesis/main/data/picked_up_4/csv/Perricone_MD_Skin_Clear_Supplements/Elastic/hard/Perricone_MD_Skin_Clear_Supplements_Elastic_hard.csv,2430,"End-effector continue holding position of the object, maintaining a stable hold, using strong force, causing hard-deformation."
/home/mdxuser/Genesis/main/data/picked_up_4/csv/Perricone_MD_Skin_Clear_Supplements/Elastic/hard/Perricone_MD_Skin_Clear_Supplements_Elastic_hard.csv,2700,"End-effector stopping the object, using zero-force, causing undeformed shape."
/home/mdxuser/Genesis/main/data/picked_up_4/csv/Granimals_20_Wooden_ABC_Blocks_Wagon_g2TinmUGGHI/Elastic/medium/Granimals_20_Wooden_ABC_Blocks_Wagon_g2TinmUGGHI_Elastic_medium.csv,0,"End-effector start towards the object, to begin the task."
/home/mdxuser/Genesis/main/data/picked_up_4/csv/Granimals_20_Wooden_ABC_Blocks_Wagon_g2TinmUGGHI/Elastic/medium/Granimals_20_Wooden_ABC_Blocks_Wagon_g2TinmUGGHI_Elastic_medium.csv,270,"End-effector grasping the object, using moderate force, causing medium-deformation, with increasing force."
/home/mdxuser/Genesis/main/data/picked_up_4/csv/Granimals_20_Wooden_ABC_Blocks_Wagon_g2TinmUGGHI/Elastic/medium/Granimals_20_Wooden_ABC_Blocks_Wagon_g2TinmUGGHI_Elastic_medium.csv,540,"End-effector continue grasping the object, using moderate force, causing medium-deformation, with increasing force."
/home/mdxuser/Genesis/main/data/picked_up_4/csv/Granimals_20_Wooden_ABC_Blocks_Wagon_g2TinmUGGHI/Elastic/medium/Granimals_20_Wooden_ABC_Blocks_Wagon_g2TinmUGGHI_Elastic_medium.csv,810,"End-effector lifting the object, using moderate force, causing medium-deformation, with increasing force."
/home/mdxuser/Genesis/main/data/picked_up_4/csv/Granimals_20_Wooden_ABC_Blocks_Wagon_g2TinmUGGHI/Elastic/medium/Granimals_20_Wooden_ABC_Blocks_Wagon_g2TinmUGGHI_Elastic_medium.csv,1080,"End-effector rotating the object, by an angle of 30.0 degrees, using moderate force, causing medium-deformation, with constant force."
/home/mdxuser/Genesis/main/data/picked_up_4/csv/Granimals_20_Wooden_ABC_Blocks_Wagon_g2TinmUGGHI/Elastic/medium/Granimals_20_Wooden_ABC_Blocks_Wagon_g2TinmUGGHI_Elastic_medium.csv,1350,"End-effector continue rotating the object, by an angle of 30.0 degrees, using moderate force, causing medium-deformation, with constant force."
/home/mdxuser/Genesis/main/data/picked_up_4/csv/Granimals_20_Wooden_ABC_Blocks_Wagon_g2TinmUGGHI/Elastic/medium/Granimals_20_Wooden_ABC_Blocks_Wagon_g2TinmUGGHI_Elastic_medium.csv,1620,"End-effector holding position of the object, maintaining a stable hold, using moderate force, causing medium-deformation."
/home/mdxuser/Genesis/main/data/picked_up_4/csv/Granimals_20_Wooden_ABC_Blocks_Wagon_g2TinmUGGHI/Elastic/medium/Granimals_20_Wooden_ABC_Blocks_Wagon_g2TinmUGGHI_Elastic_medium.csv,1890,The object has been dropped.
/home/mdxuser/Genesis/main/data/picked_up_4/csv/Granimals_20_Wooden_ABC_Blocks_Wagon_g2TinmUGGHI/Elastic/medium/Granimals_20_Wooden_ABC_Blocks_Wagon_g2TinmUGGHI_Elastic_medium.csv,2160,The object has been dropped.
/home/mdxuser/Genesis/main/data/picked_up_4/csv/Granimals_20_Wooden_ABC_Blocks_Wagon_g2TinmUGGHI/Elastic/medium/Granimals_20_Wooden_ABC_Blocks_Wagon_g2TinmUGGHI_Elastic_medium.csv,2430,The object has been dropped.
/home/mdxuser/Genesis/main/data/picked_up_4/csv/Granimals_20_Wooden_ABC_Blocks_Wagon_g2TinmUGGHI/Elastic/medium/Granimals_20_Wooden_ABC_Blocks_Wagon_g2TinmUGGHI_Elastic_medium.csv,2700,The object has been dropped.
/home/mdxuser/Genesis/main/data/picked_up_4/csv/BUNNY_RACER/Elastic/hard/BUNNY_RACER_Elastic_hard.csv,0,"End-effector start towards the object, to begin the task."
/home/mdxuser/Genesis/main/data/picked_up_4/csv/BUNNY_RACER/Elastic/hard/BUNNY_RACER_Elastic_hard.csv,270,"End-effector grasping the object, using strong force, causing hard-deformation, with increasing force."
/home/mdxuser/Genesis/main/data/picked_up_4/csv/BUNNY_RACER/Elastic/hard/BUNNY_RACER_Elastic_hard.csv,540,"End-effector continue grasping the object, using strong force, causing hard-deformation, with increasing force."
/home/mdxuser/Genesis/main/data/picked_up_4/csv/BUNNY_RACER/Elastic/hard/BUNNY_RACER_Elastic_hard.csv,810,"End-effector lifting the object, using strong force, causing hard-deformation, with increasing force."
/home/mdxuser/Genesis/main/data/picked_up_4/csv/BUNNY_RACER/Elastic/hard/BUNNY_RACER_Elastic_hard.csv,1080,"End-effector rotating the object, by an angle of 45.0 degrees, using strong force, causing hard-deformation, with constant force."
/home/mdxuser/Genesis/main/data/picked_up_4/csv/BUNNY_RACER/Elastic/hard/BUNNY_RACER_Elastic_hard.csv,1350,"End-effector holding position of the object, maintaining a stable hold, using strong force, causing hard-deformation."
/home/mdxuser/Genesis/main/data/picked_up_4/csv/BUNNY_RACER/Elastic/hard/BUNNY_RACER_Elastic_hard.csv,1620,"End-effector continue holding position of the object, maintaining a stable hold, using strong force, causing hard-deformation."
/home/mdxuser/Genesis/main/data/picked_up_4/csv/BUNNY_RACER/Elastic/hard/BUNNY_RACER_Elastic_hard.csv,1890,"End-effector rotating the object, by an angle of 30.0 degrees, using strong force, causing hard-deformation, with constant force."
/home/mdxuser/Genesis/main/data/picked_up_4/csv/BUNNY_RACER/Elastic/hard/BUNNY_RACER_Elastic_hard.csv,2160,"End-effector continue rotating the object, by an angle of 30.0 degrees, using strong force, causing hard-deformation, with constant force."
/home/mdxuser/Genesis/main/data/picked_up_4/csv/BUNNY_RACER/Elastic/hard/BUNNY_RACER_Elastic_hard.csv,2430,"End-effector holding position of the object, maintaining a stable hold, using strong force, causing hard-deformation."
/home/mdxuser/Genesis/main/data/picked_up_4/csv/BUNNY_RACER/Elastic/hard/BUNNY_RACER_Elastic_hard.csv,2700,"End-effector stopping the object, using zero-force, causing undeformed shape."
/home/mdxuser/Genesis/main/data/picked_up_4/csv/Central_Garden_Flower_Pot_Goo_425/Elastic/soft/Central_Garden_Flower_Pot_Goo_425_Elastic_soft.csv,0,"End-effector start towards the object, to begin the task."
/home/mdxuser/Genesis/main/data/picked_up_4/csv/Central_Garden_Flower_Pot_Goo_425/Elastic/soft/Central_Garden_Flower_Pot_Goo_425_Elastic_soft.csv,270,"End-effector grasping the object, using gentle force, causing soft-deformation, with increasing force."
/home/mdxuser/Genesis/main/data/picked_up_4/csv/Central_Garden_Flower_Pot_Goo_425/Elastic/soft/Central_Garden_Flower_Pot_Goo_425_Elastic_soft.csv,540,"End-effector continue grasping the object, using gentle force, causing soft-deformation, with increasing force."
/home/mdxuser/Genesis/main/data/picked_up_4/csv/Central_Garden_Flower_Pot_Goo_425/Elastic/soft/Central_Garden_Flower_Pot_Goo_425_Elastic_soft.csv,810,"End-effector lifting the object, using gentle force, causing soft-deformation, with increasing force."
/home/mdxuser/Genesis/main/data/picked_up_4/csv/Central_Garden_Flower_Pot_Goo_425/Elastic/soft/Central_Garden_Flower_Pot_Goo_425_Elastic_soft.csv,1080,"End-effector rotating the object, by an angle of 30.0 degrees, using gentle force, causing soft-deformation, with constant force."
/home/mdxuser/Genesis/main/data/picked_up_4/csv/Central_Garden_Flower_Pot_Goo_425/Elastic/soft/Central_Garden_Flower_Pot_Goo_425_Elastic_soft.csv,1350,"End-effector continue rotating the object, by an angle of 30.0 degrees, using gentle force, causing soft-deformation, with constant force."
/home/mdxuser/Genesis/main/data/picked_up_4/csv/Central_Garden_Flower_Pot_Goo_425/Elastic/soft/Central_Garden_Flower_Pot_Goo_425_Elastic_soft.csv,1620,"End-effector holding position of the object, maintaining a stable hold, using gentle force, causing soft-deformation."
/home/mdxuser/Genesis/main/data/picked_up_4/csv/Central_Garden_Flower_Pot_Goo_425/Elastic/soft/Central_Garden_Flower_Pot_Goo_425_Elastic_soft.csv,1890,"End-effector rotating the object, by an angle of 45.0 degrees, using gentle force, causing soft-deformation, with constant force."
/home/mdxuser/Genesis/main/data/picked_up_4/csv/Central_Garden_Flower_Pot_Goo_425/Elastic/soft/Central_Garden_Flower_Pot_Goo_425_Elastic_soft.csv,2160,"End-effector holding position of the object, maintaining a stable hold, using gentle force, causing soft-deformation."
/home/mdxuser/Genesis/main/data/picked_up_4/csv/Central_Garden_Flower_Pot_Goo_425/Elastic/soft/Central_Garden_Flower_Pot_Goo_425_Elastic_soft.csv,2430,"End-effector continue holding position of the object, maintaining a stable hold, using gentle force, causing soft-deformation."
/home/mdxuser/Genesis/main/data/picked_up_4/csv/Central_Garden_Flower_Pot_Goo_425/Elastic/soft/Central_Garden_Flower_Pot_Goo_425_Elastic_soft.csv,2700,"End-effector stopping the object, using zero-force, causing undeformed shape."
/home/mdxuser/Genesis/main/data/picked_up_4/csv/ASICS_GELAce_Pro_Pearl_WhitePink/Elastic/hard/ASICS_GELAce_Pro_Pearl_WhitePink_Elastic_hard.csv,0,"End-effector start towards the object, to begin the task."
/home/mdxuser/Genesis/main/data/picked_up_4/csv/ASICS_GELAce_Pro_Pearl_WhitePink/Elastic/hard/ASICS_GELAce_Pro_Pearl_WhitePink_Elastic_hard.csv,270,"End-effector grasping the object, using strong force, causing hard-deformation, with increasing force."
/home/mdxuser/Genesis/main/data/picked_up_4/csv/ASICS_GELAce_Pro_Pearl_WhitePink/Elastic/hard/ASICS_GELAce_Pro_Pearl_WhitePink_Elastic_hard.csv,540,"End-effector continue grasping the object, using strong force, causing hard-deformation, with increasing force."
/home/mdxuser/Genesis/main/data/picked_up_4/csv/ASICS_GELAce_Pro_Pearl_WhitePink/Elastic/hard/ASICS_GELAce_Pro_Pearl_WhitePink_Elastic_hard.csv,810,"End-effector lifting the object, using strong force, causing hard-deformation, with increasing force."
/home/mdxuser/Genesis/main/data/picked_up_4/csv/ASICS_GELAce_Pro_Pearl_WhitePink/Elastic/hard/ASICS_GELAce_Pro_Pearl_WhitePink_Elastic_hard.csv,1080,"End-effector rotating the object, by an angle of 45.0 degrees, using strong force, causing hard-deformation, with constant force."
/home/mdxuser/Genesis/main/data/picked_up_4/csv/ASICS_GELAce_Pro_Pearl_WhitePink/Elastic/hard/ASICS_GELAce_Pro_Pearl_WhitePink_Elastic_hard.csv,1350,"End-effector continue rotating the object, by an angle of 45.0 degrees, using strong force, causing hard-deformation, with constant force."
/home/mdxuser/Genesis/main/data/picked_up_4/csv/ASICS_GELAce_Pro_Pearl_WhitePink/Elastic/hard/ASICS_GELAce_Pro_Pearl_WhitePink_Elastic_hard.csv,1620,"End-effector holding position of the object, maintaining a stable hold, using strong force, causing hard-deformation."
/home/mdxuser/Genesis/main/data/picked_up_4/csv/ASICS_GELAce_Pro_Pearl_WhitePink/Elastic/hard/ASICS_GELAce_Pro_Pearl_WhitePink_Elastic_hard.csv,1890,"End-effector rotating the object, by an angle of 30.0 degrees, using strong force, causing hard-deformation, with constant force."
/home/mdxuser/Genesis/main/data/picked_up_4/csv/ASICS_GELAce_Pro_Pearl_WhitePink/Elastic/hard/ASICS_GELAce_Pro_Pearl_WhitePink_Elastic_hard.csv,2160,"End-effector continue rotating the object, by an angle of 30.0 degrees, using strong force, causing hard-deformation, with constant force."
/home/mdxuser/Genesis/main/data/picked_up_4/csv/ASICS_GELAce_Pro_Pearl_WhitePink/Elastic/hard/ASICS_GELAce_Pro_Pearl_WhitePink_Elastic_hard.csv,2430,"End-effector holding position of the object, maintaining a stable hold, using strong force, causing hard-deformation."
/home/mdxuser/Genesis/main/data/picked_up_4/csv/ASICS_GELAce_Pro_Pearl_WhitePink/Elastic/hard/ASICS_GELAce_Pro_Pearl_WhitePink_Elastic_hard.csv,2700,The object has been dropped.
/home/mdxuser/Genesis/main/data/picked_up_4/csv/5_HTP/Elastic/hard/5_HTP_Elastic_hard.csv,0,"End-effector start towards the object, to begin the task."
/home/mdxuser/Genesis/main/data/picked_up_4/csv/5_HTP/Elastic/hard/5_HTP_Elastic_hard.csv,270,"End-effector grasping the object, using strong force, causing hard-deformation, with increasing force."
/home/mdxuser/Genesis/main/data/picked_up_4/csv/5_HTP/Elastic/hard/5_HTP_Elastic_hard.csv,540,"End-effector continue grasping the object, using strong force, causing hard-deformation, with increasing force."
/home/mdxuser/Genesis/main/data/picked_up_4/csv/5_HTP/Elastic/hard/5_HTP_Elastic_hard.csv,810,"End-effector lifting the object, using strong force, causing hard-deformation, with increasing force."
/home/mdxuser/Genesis/main/data/picked_up_4/csv/5_HTP/Elastic/hard/5_HTP_Elastic_hard.csv,1080,"End-effector rotating the object, by an angle of 30.0 degrees, using strong force, causing hard-deformation, with constant force."
/home/mdxuser/Genesis/main/data/picked_up_4/csv/5_HTP/Elastic/hard/5_HTP_Elastic_hard.csv,1350,"End-effector continue rotating the object, by an angle of 30.0 degrees, using strong force, causing hard-deformation, with constant force."
/home/mdxuser/Genesis/main/data/picked_up_4/csv/5_HTP/Elastic/hard/5_HTP_Elastic_hard.csv,1620,"End-effector holding position of the object, maintaining a stable hold, using strong force, causing hard-deformation."
/home/mdxuser/Genesis/main/data/picked_up_4/csv/5_HTP/Elastic/hard/5_HTP_Elastic_hard.csv,1890,"End-effector rotating the object, by an angle of 45.0 degrees, using strong force, causing hard-deformation, with constant force."
/home/mdxuser/Genesis/main/data/picked_up_4/csv/5_HTP/Elastic/hard/5_HTP_Elastic_hard.csv,2160,"End-effector continue rotating the object, by an angle of 45.0 degrees, using strong force, causing hard-deformation, with constant force."
/home/mdxuser/Genesis/main/data/picked_up_4/csv/5_HTP/Elastic/hard/5_HTP_Elastic_hard.csv,2430,The object has been dropped.
/home/mdxuser/Genesis/main/data/picked_up_4/csv/5_HTP/Elastic/hard/5_HTP_Elastic_hard.csv,2700,The object has been dropped.
/home/mdxuser/Genesis/main/data/picked_up_4/csv/CASTLE_BLOCKS/Elastic/soft/CASTLE_BLOCKS_Elastic_soft.csv,0,"End-effector start towards the object, to begin the task."
/home/mdxuser/Genesis/main/data/picked_up_4/csv/CASTLE_BLOCKS/Elastic/soft/CASTLE_BLOCKS_Elastic_soft.csv,270,"End-effector grasping the object, using gentle force, causing soft-deformation, with increasing force."
/home/mdxuser/Genesis/main/data/picked_up_4/csv/CASTLE_BLOCKS/Elastic/soft/CASTLE_BLOCKS_Elastic_soft.csv,540,"End-effector continue grasping the object, using gentle force, causing soft-deformation, with increasing force."
/home/mdxuser/Genesis/main/data/picked_up_4/csv/CASTLE_BLOCKS/Elastic/soft/CASTLE_BLOCKS_Elastic_soft.csv,810,"End-effector lifting the object, using gentle force, causing soft-deformation, with increasing force."
/home/mdxuser/Genesis/main/data/picked_up_4/csv/CASTLE_BLOCKS/Elastic/soft/CASTLE_BLOCKS_Elastic_soft.csv,1080,"End-effector rotating the object, by an angle of 45.0 degrees, using gentle force, causing soft-deformation, with constant force."
/home/mdxuser/Genesis/main/data/picked_up_4/csv/CASTLE_BLOCKS/Elastic/soft/CASTLE_BLOCKS_Elastic_soft.csv,1350,"End-effector continue rotating the object, by an angle of 45.0 degrees, using gentle force, causing soft-deformation, with constant force."
/home/mdxuser/Genesis/main/data/picked_up_4/csv/CASTLE_BLOCKS/Elastic/soft/CASTLE_BLOCKS_Elastic_soft.csv,1620,The object has been dropped.
/home/mdxuser/Genesis/main/data/picked_up_4/csv/CASTLE_BLOCKS/Elastic/soft/CASTLE_BLOCKS_Elastic_soft.csv,1890,The object has been dropped.
/home/mdxuser/Genesis/main/data/picked_up_4/csv/CASTLE_BLOCKS/Elastic/soft/CASTLE_BLOCKS_Elastic_soft.csv,2160,The object has been dropped.
/home/mdxuser/Genesis/main/data/picked_up_4/csv/CASTLE_BLOCKS/Elastic/soft/CASTLE_BLOCKS_Elastic_soft.csv,2430,The object has been dropped.
/home/mdxuser/Genesis/main/data/picked_up_4/csv/CASTLE_BLOCKS/Elastic/soft/CASTLE_BLOCKS_Elastic_soft.csv,2700,The object has been dropped.
/home/mdxuser/Genesis/main/data/picked_up_4/csv/Office_Depot_HP_71_Remanufactured_Ink_Cartridge_Black/Elastic/soft/Office_Depot_HP_71_Remanufactured_Ink_Cartridge_Black_Elastic_soft.csv,0,"End-effector start towards the object, to begin the task."
/home/mdxuser/Genesis/main/data/picked_up_4/csv/Office_Depot_HP_71_Remanufactured_Ink_Cartridge_Black/Elastic/soft/Office_Depot_HP_71_Remanufactured_Ink_Cartridge_Black_Elastic_soft.csv,270,"End-effector grasping the object, using gentle force, causing soft-deformation, with increasing force."
/home/mdxuser/Genesis/main/data/picked_up_4/csv/Office_Depot_HP_71_Remanufactured_Ink_Cartridge_Black/Elastic/soft/Office_Depot_HP_71_Remanufactured_Ink_Cartridge_Black_Elastic_soft.csv,540,"End-effector continue grasping the object, using gentle force, causing soft-deformation, with increasing force."
/home/mdxuser/Genesis/main/data/picked_up_4/csv/Office_Depot_HP_71_Remanufactured_Ink_Cartridge_Black/Elastic/soft/Office_Depot_HP_71_Remanufactured_Ink_Cartridge_Black_Elastic_soft.csv,810,"End-effector lifting the object, using gentle force, causing soft-deformation, with increasing force."
/home/mdxuser/Genesis/main/data/picked_up_4/csv/Office_Depot_HP_71_Remanufactured_Ink_Cartridge_Black/Elastic/soft/Office_Depot_HP_71_Remanufactured_Ink_Cartridge_Black_Elastic_soft.csv,1080,"End-effector rotating the object, by an angle of 30.0 degrees, using gentle force, causing soft-deformation, with constant force."
/home/mdxuser/Genesis/main/data/picked_up_4/csv/Office_Depot_HP_71_Remanufactured_Ink_Cartridge_Black/Elastic/soft/Office_Depot_HP_71_Remanufactured_Ink_Cartridge_Black_Elastic_soft.csv,1350,"End-effector continue rotating the object, by an angle of 30.0 degrees, using gentle force, causing soft-deformation, with constant force."
/home/mdxuser/Genesis/main/data/picked_up_4/csv/Office_Depot_HP_71_Remanufactured_Ink_Cartridge_Black/Elastic/soft/Office_Depot_HP_71_Remanufactured_Ink_Cartridge_Black_Elastic_soft.csv,1620,"End-effector holding position of the object, maintaining a stable hold, using gentle force, causing soft-deformation."
/home/mdxuser/Genesis/main/data/picked_up_4/csv/Office_Depot_HP_71_Remanufactured_Ink_Cartridge_Black/Elastic/soft/Office_Depot_HP_71_Remanufactured_Ink_Cartridge_Black_Elastic_soft.csv,1890,The object has been dropped.
/home/mdxuser/Genesis/main/data/picked_up_4/csv/Office_Depot_HP_71_Remanufactured_Ink_Cartridge_Black/Elastic/soft/Office_Depot_HP_71_Remanufactured_Ink_Cartridge_Black_Elastic_soft.csv,2160,The object has been dropped.
/home/mdxuser/Genesis/main/data/picked_up_4/csv/Office_Depot_HP_71_Remanufactured_Ink_Cartridge_Black/Elastic/soft/Office_Depot_HP_71_Remanufactured_Ink_Cartridge_Black_Elastic_soft.csv,2430,The object has been dropped.
/home/mdxuser/Genesis/main/data/picked_up_4/csv/Office_Depot_HP_71_Remanufactured_Ink_Cartridge_Black/Elastic/soft/Office_Depot_HP_71_Remanufactured_Ink_Cartridge_Black_Elastic_soft.csv,2700,The object has been dropped.
/home/mdxuser/Genesis/main/data/picked_up_4/csv/Down_To_Earth_Ceramic_Orchid_Pot_Asst_Blue/Elastic/soft/Down_To_Earth_Ceramic_Orchid_Pot_Asst_Blue_Elastic_soft.csv,0,"End-effector start towards the object, to begin the task."
/home/mdxuser/Genesis/main/data/picked_up_4/csv/Down_To_Earth_Ceramic_Orchid_Pot_Asst_Blue/Elastic/soft/Down_To_Earth_Ceramic_Orchid_Pot_Asst_Blue_Elastic_soft.csv,270,"End-effector grasping the object, using gentle force, causing soft-deformation, with increasing force."
/home/mdxuser/Genesis/main/data/picked_up_4/csv/Down_To_Earth_Ceramic_Orchid_Pot_Asst_Blue/Elastic/soft/Down_To_Earth_Ceramic_Orchid_Pot_Asst_Blue_Elastic_soft.csv,540,"End-effector continue grasping the object, using gentle force, causing soft-deformation, with increasing force."
/home/mdxuser/Genesis/main/data/picked_up_4/csv/Down_To_Earth_Ceramic_Orchid_Pot_Asst_Blue/Elastic/soft/Down_To_Earth_Ceramic_Orchid_Pot_Asst_Blue_Elastic_soft.csv,810,"End-effector lifting the object, using gentle force, causing soft-deformation, with increasing force."
/home/mdxuser/Genesis/main/data/picked_up_4/csv/Down_To_Earth_Ceramic_Orchid_Pot_Asst_Blue/Elastic/soft/Down_To_Earth_Ceramic_Orchid_Pot_Asst_Blue_Elastic_soft.csv,1080,"End-effector rotating the object, by an angle of 45.0 degrees, using gentle force, causing soft-deformation, with constant force."
/home/mdxuser/Genesis/main/data/picked_up_4/csv/Down_To_Earth_Ceramic_Orchid_Pot_Asst_Blue/Elastic/soft/Down_To_Earth_Ceramic_Orchid_Pot_Asst_Blue_Elastic_soft.csv,1350,"End-effector holding position of the object, maintaining a stable hold, using gentle force, causing soft-deformation."
/home/mdxuser/Genesis/main/data/picked_up_4/csv/Down_To_Earth_Ceramic_Orchid_Pot_Asst_Blue/Elastic/soft/Down_To_Earth_Ceramic_Orchid_Pot_Asst_Blue_Elastic_soft.csv,1620,"End-effector continue holding position of the object, maintaining a stable hold, using gentle force, causing soft-deformation."
/home/mdxuser/Genesis/main/data/picked_up_4/csv/Down_To_Earth_Ceramic_Orchid_Pot_Asst_Blue/Elastic/soft/Down_To_Earth_Ceramic_Orchid_Pot_Asst_Blue_Elastic_soft.csv,1890,"End-effector rotating the object, by an angle of 30.0 degrees, using gentle force, causing soft-deformation, with constant force."
/home/mdxuser/Genesis/main/data/picked_up_4/csv/Down_To_Earth_Ceramic_Orchid_Pot_Asst_Blue/Elastic/soft/Down_To_Earth_Ceramic_Orchid_Pot_Asst_Blue_Elastic_soft.csv,2160,"End-effector continue rotating the object, by an angle of 30.0 degrees, using gentle force, causing soft-deformation, with constant force."
/home/mdxuser/Genesis/main/data/picked_up_4/csv/Down_To_Earth_Ceramic_Orchid_Pot_Asst_Blue/Elastic/soft/Down_To_Earth_Ceramic_Orchid_Pot_Asst_Blue_Elastic_soft.csv,2430,"End-effector holding position of the object, maintaining a stable hold, using gentle force, causing soft-deformation."
/home/mdxuser/Genesis/main/data/picked_up_4/csv/Down_To_Earth_Ceramic_Orchid_Pot_Asst_Blue/Elastic/soft/Down_To_Earth_Ceramic_Orchid_Pot_Asst_Blue_Elastic_soft.csv,2700,The object has been dropped.
/home/mdxuser/Genesis/main/data/picked_up_4/csv/Office_Depot_HP_920XL_920_High_Yield_Black_and_Standard_CMY_Color_Ink_Cartridges/Elastic/soft/Office_Depot_HP_920XL_920_High_Yield_Black_and_Standard_CMY_Color_Ink_Cartridges_Elastic_soft.csv,0,"End-effector start towards the object, to begin the task."
/home/mdxuser/Genesis/main/data/picked_up_4/csv/Office_Depot_HP_920XL_920_High_Yield_Black_and_Standard_CMY_Color_Ink_Cartridges/Elastic/soft/Office_Depot_HP_920XL_920_High_Yield_Black_and_Standard_CMY_Color_Ink_Cartridges_Elastic_soft.csv,270,"End-effector grasping the object, using gentle force, causing soft-deformation, with increasing force."
/home/mdxuser/Genesis/main/data/picked_up_4/csv/Office_Depot_HP_920XL_920_High_Yield_Black_and_Standard_CMY_Color_Ink_Cartridges/Elastic/soft/Office_Depot_HP_920XL_920_High_Yield_Black_and_Standard_CMY_Color_Ink_Cartridges_Elastic_soft.csv,540,"End-effector continue grasping the object, using gentle force, causing soft-deformation, with increasing force."
/home/mdxuser/Genesis/main/data/picked_up_4/csv/Office_Depot_HP_920XL_920_High_Yield_Black_and_Standard_CMY_Color_Ink_Cartridges/Elastic/soft/Office_Depot_HP_920XL_920_High_Yield_Black_and_Standard_CMY_Color_Ink_Cartridges_Elastic_soft.csv,810,"End-effector lifting the object, using gentle force, causing soft-deformation, with increasing force."
/home/mdxuser/Genesis/main/data/picked_up_4/csv/Office_Depot_HP_920XL_920_High_Yield_Black_and_Standard_CMY_Color_Ink_Cartridges/Elastic/soft/Office_Depot_HP_920XL_920_High_Yield_Black_and_Standard_CMY_Color_Ink_Cartridges_Elastic_soft.csv,1080,"End-effector rotating the object, by an angle of 45.0 degrees, using gentle force, causing soft-deformation, with constant force."
/home/mdxuser/Genesis/main/data/picked_up_4/csv/Office_Depot_HP_920XL_920_High_Yield_Black_and_Standard_CMY_Color_Ink_Cartridges/Elastic/soft/Office_Depot_HP_920XL_920_High_Yield_Black_and_Standard_CMY_Color_Ink_Cartridges_Elastic_soft.csv,1350,"End-effector holding position of the object, maintaining a stable hold, using gentle force, causing soft-deformation."
/home/mdxuser/Genesis/main/data/picked_up_4/csv/Office_Depot_HP_920XL_920_High_Yield_Black_and_Standard_CMY_Color_Ink_Cartridges/Elastic/soft/Office_Depot_HP_920XL_920_High_Yield_Black_and_Standard_CMY_Color_Ink_Cartridges_Elastic_soft.csv,1620,"End-effector continue holding position of the object, maintaining a stable hold, using gentle force, causing soft-deformation."
/home/mdxuser/Genesis/main/data/picked_up_4/csv/Office_Depot_HP_920XL_920_High_Yield_Black_and_Standard_CMY_Color_Ink_Cartridges/Elastic/soft/Office_Depot_HP_920XL_920_High_Yield_Black_and_Standard_CMY_Color_Ink_Cartridges_Elastic_soft.csv,1890,"End-effector rotating the object, by an angle of 30.0 degrees, using gentle force, causing soft-deformation, with constant force."
/home/mdxuser/Genesis/main/data/picked_up_4/csv/Office_Depot_HP_920XL_920_High_Yield_Black_and_Standard_CMY_Color_Ink_Cartridges/Elastic/soft/Office_Depot_HP_920XL_920_High_Yield_Black_and_Standard_CMY_Color_Ink_Cartridges_Elastic_soft.csv,2160,"End-effector continue rotating the object, by an angle of 30.0 degrees, using gentle force, causing soft-deformation, with constant force."
/home/mdxuser/Genesis/main/data/picked_up_4/csv/Office_Depot_HP_920XL_920_High_Yield_Black_and_Standard_CMY_Color_Ink_Cartridges/Elastic/soft/Office_Depot_HP_920XL_920_High_Yield_Black_and_Standard_CMY_Color_Ink_Cartridges_Elastic_soft.csv,2430,"End-effector holding position of the object, maintaining a stable hold, using gentle force, causing soft-deformation."
/home/mdxuser/Genesis/main/data/picked_up_4/csv/Office_Depot_HP_920XL_920_High_Yield_Black_and_Standard_CMY_Color_Ink_Cartridges/Elastic/soft/Office_Depot_HP_920XL_920_High_Yield_Black_and_Standard_CMY_Color_Ink_Cartridges_Elastic_soft.csv,2700,The object has been dropped.
/home/mdxuser/Genesis/main/data/picked_up_4/csv/Little_Debbie_Donut_Sticks_6_cake_donuts_10_oz_total/Elastic/medium/Little_Debbie_Donut_Sticks_6_cake_donuts_10_oz_total_Elastic_medium.csv,0,"End-effector start towards the object, to begin the task."
/home/mdxuser/Genesis/main/data/picked_up_4/csv/Little_Debbie_Donut_Sticks_6_cake_donuts_10_oz_total/Elastic/medium/Little_Debbie_Donut_Sticks_6_cake_donuts_10_oz_total_Elastic_medium.csv,270,"End-effector grasping the object, using moderate force, causing medium-deformation, with increasing force."
/home/mdxuser/Genesis/main/data/picked_up_4/csv/Little_Debbie_Donut_Sticks_6_cake_donuts_10_oz_total/Elastic/medium/Little_Debbie_Donut_Sticks_6_cake_donuts_10_oz_total_Elastic_medium.csv,540,"End-effector continue grasping the object, using moderate force, causing medium-deformation, with increasing force."
/home/mdxuser/Genesis/main/data/picked_up_4/csv/Little_Debbie_Donut_Sticks_6_cake_donuts_10_oz_total/Elastic/medium/Little_Debbie_Donut_Sticks_6_cake_donuts_10_oz_total_Elastic_medium.csv,810,"End-effector lifting the object, using moderate force, causing medium-deformation, with increasing force."
/home/mdxuser/Genesis/main/data/picked_up_4/csv/Little_Debbie_Donut_Sticks_6_cake_donuts_10_oz_total/Elastic/medium/Little_Debbie_Donut_Sticks_6_cake_donuts_10_oz_total_Elastic_medium.csv,1080,"End-effector rotating the object, by an angle of 45.0 degrees, using moderate force, causing medium-deformation, with constant force."
/home/mdxuser/Genesis/main/data/picked_up_4/csv/Little_Debbie_Donut_Sticks_6_cake_donuts_10_oz_total/Elastic/medium/Little_Debbie_Donut_Sticks_6_cake_donuts_10_oz_total_Elastic_medium.csv,1350,"End-effector holding position of the object, maintaining a stable hold, using moderate force, causing medium-deformation."
/home/mdxuser/Genesis/main/data/picked_up_4/csv/Little_Debbie_Donut_Sticks_6_cake_donuts_10_oz_total/Elastic/medium/Little_Debbie_Donut_Sticks_6_cake_donuts_10_oz_total_Elastic_medium.csv,1620,"End-effector continue holding position of the object, maintaining a stable hold, using moderate force, causing medium-deformation."
/home/mdxuser/Genesis/main/data/picked_up_4/csv/Little_Debbie_Donut_Sticks_6_cake_donuts_10_oz_total/Elastic/medium/Little_Debbie_Donut_Sticks_6_cake_donuts_10_oz_total_Elastic_medium.csv,1890,"End-effector rotating the object, by an angle of 45.0 degrees, using moderate force, causing medium-deformation, with constant force."
/home/mdxuser/Genesis/main/data/picked_up_4/csv/Little_Debbie_Donut_Sticks_6_cake_donuts_10_oz_total/Elastic/medium/Little_Debbie_Donut_Sticks_6_cake_donuts_10_oz_total_Elastic_medium.csv,2160,"End-effector holding position of the object, maintaining a stable hold, using moderate force, causing medium-deformation."
/home/mdxuser/Genesis/main/data/picked_up_4/csv/Little_Debbie_Donut_Sticks_6_cake_donuts_10_oz_total/Elastic/medium/Little_Debbie_Donut_Sticks_6_cake_donuts_10_oz_total_Elastic_medium.csv,2430,"End-effector continue holding position of the object, maintaining a stable hold, using moderate force, causing medium-deformation."
/home/mdxuser/Genesis/main/data/picked_up_4/csv/Little_Debbie_Donut_Sticks_6_cake_donuts_10_oz_total/Elastic/medium/Little_Debbie_Donut_Sticks_6_cake_donuts_10_oz_total_Elastic_medium.csv,2700,The object has been dropped.
/home/mdxuser/Genesis/main/data/picked_up_4/csv/Cole_Hardware_Antislip_Surfacing_Material_White/Elastic/hard/Cole_Hardware_Antislip_Surfacing_Material_White_Elastic_hard.csv,0,"End-effector start towards the object, to begin the task."
/home/mdxuser/Genesis/main/data/picked_up_4/csv/Cole_Hardware_Antislip_Surfacing_Material_White/Elastic/hard/Cole_Hardware_Antislip_Surfacing_Material_White_Elastic_hard.csv,270,"End-effector grasping the object, using strong force, causing hard-deformation, with increasing force."
/home/mdxuser/Genesis/main/data/picked_up_4/csv/Cole_Hardware_Antislip_Surfacing_Material_White/Elastic/hard/Cole_Hardware_Antislip_Surfacing_Material_White_Elastic_hard.csv,540,"End-effector continue grasping the object, using strong force, causing hard-deformation, with increasing force."
/home/mdxuser/Genesis/main/data/picked_up_4/csv/Cole_Hardware_Antislip_Surfacing_Material_White/Elastic/hard/Cole_Hardware_Antislip_Surfacing_Material_White_Elastic_hard.csv,810,"End-effector lifting the object, using strong force, causing hard-deformation, with increasing force."
/home/mdxuser/Genesis/main/data/picked_up_4/csv/Cole_Hardware_Antislip_Surfacing_Material_White/Elastic/hard/Cole_Hardware_Antislip_Surfacing_Material_White_Elastic_hard.csv,1080,"End-effector rotating the object, by an angle of 45.0 degrees, using strong force, causing hard-deformation, with constant force."
/home/mdxuser/Genesis/main/data/picked_up_4/csv/Cole_Hardware_Antislip_Surfacing_Material_White/Elastic/hard/Cole_Hardware_Antislip_Surfacing_Material_White_Elastic_hard.csv,1350,"End-effector continue rotating the object, by an angle of 45.0 degrees, using strong force, causing hard-deformation, with constant force."
/home/mdxuser/Genesis/main/data/picked_up_4/csv/Cole_Hardware_Antislip_Surfacing_Material_White/Elastic/hard/Cole_Hardware_Antislip_Surfacing_Material_White_Elastic_hard.csv,1620,"End-effector holding position of the object, maintaining a stable hold, using strong force, causing hard-deformation."
/home/mdxuser/Genesis/main/data/picked_up_4/csv/Cole_Hardware_Antislip_Surfacing_Material_White/Elastic/hard/Cole_Hardware_Antislip_Surfacing_Material_White_Elastic_hard.csv,1890,"End-effector rotating the object, by an angle of 30.0 degrees, using strong force, causing hard-deformation, with constant force."
/home/mdxuser/Genesis/main/data/picked_up_4/csv/Cole_Hardware_Antislip_Surfacing_Material_White/Elastic/hard/Cole_Hardware_Antislip_Surfacing_Material_White_Elastic_hard.csv,2160,"End-effector continue rotating the object, by an angle of 30.0 degrees, using strong force, causing hard-deformation, with constant force."
/home/mdxuser/Genesis/main/data/picked_up_4/csv/Cole_Hardware_Antislip_Surfacing_Material_White/Elastic/hard/Cole_Hardware_Antislip_Surfacing_Material_White_Elastic_hard.csv,2430,"End-effector holding position of the object, maintaining a stable hold, using strong force, causing hard-deformation."
/home/mdxuser/Genesis/main/data/picked_up_4/csv/Cole_Hardware_Antislip_Surfacing_Material_White/Elastic/hard/Cole_Hardware_Antislip_Surfacing_Material_White_Elastic_hard.csv,2700,"End-effector stopping the object, using zero-force, causing undeformed shape."
/home/mdxuser/Genesis/main/data/picked_up_4/csv/Home_Fashions_Washcloth_Olive_Green/Elastic/soft/Home_Fashions_Washcloth_Olive_Green_Elastic_soft.csv,0,"End-effector start towards the object, to begin the task."
/home/mdxuser/Genesis/main/data/picked_up_4/csv/Home_Fashions_Washcloth_Olive_Green/Elastic/soft/Home_Fashions_Washcloth_Olive_Green_Elastic_soft.csv,270,"End-effector grasping the object, using gentle force, causing soft-deformation, with increasing force."
/home/mdxuser/Genesis/main/data/picked_up_4/csv/Home_Fashions_Washcloth_Olive_Green/Elastic/soft/Home_Fashions_Washcloth_Olive_Green_Elastic_soft.csv,540,"End-effector continue grasping the object, using gentle force, causing soft-deformation, with increasing force."
/home/mdxuser/Genesis/main/data/picked_up_4/csv/Home_Fashions_Washcloth_Olive_Green/Elastic/soft/Home_Fashions_Washcloth_Olive_Green_Elastic_soft.csv,810,"End-effector lifting the object, using gentle force, causing soft-deformation, with increasing force."
/home/mdxuser/Genesis/main/data/picked_up_4/csv/Home_Fashions_Washcloth_Olive_Green/Elastic/soft/Home_Fashions_Washcloth_Olive_Green_Elastic_soft.csv,1080,"End-effector rotating the object, by an angle of 45.0 degrees, using gentle force, causing soft-deformation, with constant force."
/home/mdxuser/Genesis/main/data/picked_up_4/csv/Home_Fashions_Washcloth_Olive_Green/Elastic/soft/Home_Fashions_Washcloth_Olive_Green_Elastic_soft.csv,1350,"End-effector continue rotating the object, by an angle of 45.0 degrees, using gentle force, causing soft-deformation, with constant force."
/home/mdxuser/Genesis/main/data/picked_up_4/csv/Home_Fashions_Washcloth_Olive_Green/Elastic/soft/Home_Fashions_Washcloth_Olive_Green_Elastic_soft.csv,1620,"End-effector holding position of the object, maintaining a stable hold, using gentle force, causing soft-deformation."
/home/mdxuser/Genesis/main/data/picked_up_4/csv/Home_Fashions_Washcloth_Olive_Green/Elastic/soft/Home_Fashions_Washcloth_Olive_Green_Elastic_soft.csv,1890,"End-effector rotating the object, by an angle of 45.0 degrees, using gentle force, causing soft-deformation, with constant force."
/home/mdxuser/Genesis/main/data/picked_up_4/csv/Home_Fashions_Washcloth_Olive_Green/Elastic/soft/Home_Fashions_Washcloth_Olive_Green_Elastic_soft.csv,2160,"End-effector continue rotating the object, by an angle of 45.0 degrees, using gentle force, causing soft-deformation, with constant force."
/home/mdxuser/Genesis/main/data/picked_up_4/csv/Home_Fashions_Washcloth_Olive_Green/Elastic/soft/Home_Fashions_Washcloth_Olive_Green_Elastic_soft.csv,2430,The object has been dropped.
/home/mdxuser/Genesis/main/data/picked_up_4/csv/Home_Fashions_Washcloth_Olive_Green/Elastic/soft/Home_Fashions_Washcloth_Olive_Green_Elastic_soft.csv,2700,The object has been dropped.
/home/mdxuser/Genesis/main/data/picked_up_4/csv/COAST_GUARD_BOAT/Elastic/soft/COAST_GUARD_BOAT_Elastic_soft.csv,0,"End-effector start towards the object, to begin the task."
/home/mdxuser/Genesis/main/data/picked_up_4/csv/COAST_GUARD_BOAT/Elastic/soft/COAST_GUARD_BOAT_Elastic_soft.csv,270,"End-effector grasping the object, using gentle force, causing soft-deformation, with increasing force."
/home/mdxuser/Genesis/main/data/picked_up_4/csv/COAST_GUARD_BOAT/Elastic/soft/COAST_GUARD_BOAT_Elastic_soft.csv,540,"End-effector continue grasping the object, using gentle force, causing soft-deformation, with increasing force."
/home/mdxuser/Genesis/main/data/picked_up_4/csv/COAST_GUARD_BOAT/Elastic/soft/COAST_GUARD_BOAT_Elastic_soft.csv,810,"End-effector lifting the object, using gentle force, causing soft-deformation, with increasing force."
/home/mdxuser/Genesis/main/data/picked_up_4/csv/COAST_GUARD_BOAT/Elastic/soft/COAST_GUARD_BOAT_Elastic_soft.csv,1080,"End-effector rotating the object, by an angle of 45.0 degrees, using gentle force, causing soft-deformation, with constant force."
/home/mdxuser/Genesis/main/data/picked_up_4/csv/COAST_GUARD_BOAT/Elastic/soft/COAST_GUARD_BOAT_Elastic_soft.csv,1350,"End-effector continue rotating the object, by an angle of 45.0 degrees, using gentle force, causing soft-deformation, with constant force."
/home/mdxuser/Genesis/main/data/picked_up_4/csv/COAST_GUARD_BOAT/Elastic/soft/COAST_GUARD_BOAT_Elastic_soft.csv,1620,"End-effector holding position of the object, maintaining a stable hold, using gentle force, causing soft-deformation."
/home/mdxuser/Genesis/main/data/picked_up_4/csv/COAST_GUARD_BOAT/Elastic/soft/COAST_GUARD_BOAT_Elastic_soft.csv,1890,"End-effector rotating the object, by an angle of 45.0 degrees, using gentle force, causing soft-deformation, with constant force."
/home/mdxuser/Genesis/main/data/picked_up_4/csv/COAST_GUARD_BOAT/Elastic/soft/COAST_GUARD_BOAT_Elastic_soft.csv,2160,"End-effector holding position of the object, maintaining a stable hold, using gentle force, causing soft-deformation."
/home/mdxuser/Genesis/main/data/picked_up_4/csv/COAST_GUARD_BOAT/Elastic/soft/COAST_GUARD_BOAT_Elastic_soft.csv,2430,"End-effector continue holding position of the object, maintaining a stable hold, using gentle force, causing soft-deformation."
/home/mdxuser/Genesis/main/data/picked_up_4/csv/COAST_GUARD_BOAT/Elastic/soft/COAST_GUARD_BOAT_Elastic_soft.csv,2700,"End-effector stopping the object, using zero-force, causing undeformed shape."
/home/mdxuser/Genesis/main/data/picked_up_4/csv/CHICKEN_RACER/Elastic/hard/CHICKEN_RACER_Elastic_hard.csv,0,"End-effector start towards the object, to begin the task."
/home/mdxuser/Genesis/main/data/picked_up_4/csv/CHICKEN_RACER/Elastic/hard/CHICKEN_RACER_Elastic_hard.csv,270,"End-effector grasping the object, using strong force, causing hard-deformation, with increasing force."
/home/mdxuser/Genesis/main/data/picked_up_4/csv/CHICKEN_RACER/Elastic/hard/CHICKEN_RACER_Elastic_hard.csv,540,"End-effector continue grasping the object, using strong force, causing hard-deformation, with increasing force."
/home/mdxuser/Genesis/main/data/picked_up_4/csv/CHICKEN_RACER/Elastic/hard/CHICKEN_RACER_Elastic_hard.csv,810,"End-effector lifting the object, using strong force, causing hard-deformation, with increasing force."
/home/mdxuser/Genesis/main/data/picked_up_4/csv/CHICKEN_RACER/Elastic/hard/CHICKEN_RACER_Elastic_hard.csv,1080,"End-effector rotating the object, by an angle of 45.0 degrees, using strong force, causing hard-deformation, with constant force."
/home/mdxuser/Genesis/main/data/picked_up_4/csv/CHICKEN_RACER/Elastic/hard/CHICKEN_RACER_Elastic_hard.csv,1350,"End-effector continue rotating the object, by an angle of 45.0 degrees, using strong force, causing hard-deformation, with constant force."
/home/mdxuser/Genesis/main/data/picked_up_4/csv/CHICKEN_RACER/Elastic/hard/CHICKEN_RACER_Elastic_hard.csv,1620,"End-effector holding position of the object, maintaining a stable hold, using strong force, causing hard-deformation."
/home/mdxuser/Genesis/main/data/picked_up_4/csv/CHICKEN_RACER/Elastic/hard/CHICKEN_RACER_Elastic_hard.csv,1890,The object has been dropped.
/home/mdxuser/Genesis/main/data/picked_up_4/csv/CHICKEN_RACER/Elastic/hard/CHICKEN_RACER_Elastic_hard.csv,2160,The object has been dropped.
/home/mdxuser/Genesis/main/data/picked_up_4/csv/CHICKEN_RACER/Elastic/hard/CHICKEN_RACER_Elastic_hard.csv,2430,The object has been dropped.
/home/mdxuser/Genesis/main/data/picked_up_4/csv/CHICKEN_RACER/Elastic/hard/CHICKEN_RACER_Elastic_hard.csv,2700,The object has been dropped.
/home/mdxuser/Genesis/main/data/picked_up_4/csv/Adrenaline_GTS_13_Color_WhtObsdianBlckOlmpcSlvr_Size_70/Elastic/soft/Adrenaline_GTS_13_Color_WhtObsdianBlckOlmpcSlvr_Size_70_Elastic_soft.csv,0,"End-effector start towards the object, to begin the task."
/home/mdxuser/Genesis/main/data/picked_up_4/csv/Adrenaline_GTS_13_Color_WhtObsdianBlckOlmpcSlvr_Size_70/Elastic/soft/Adrenaline_GTS_13_Color_WhtObsdianBlckOlmpcSlvr_Size_70_Elastic_soft.csv,270,"End-effector grasping the object, using gentle force, causing soft-deformation, with increasing force."
/home/mdxuser/Genesis/main/data/picked_up_4/csv/Adrenaline_GTS_13_Color_WhtObsdianBlckOlmpcSlvr_Size_70/Elastic/soft/Adrenaline_GTS_13_Color_WhtObsdianBlckOlmpcSlvr_Size_70_Elastic_soft.csv,540,"End-effector continue grasping the object, using gentle force, causing soft-deformation, with increasing force."
/home/mdxuser/Genesis/main/data/picked_up_4/csv/Adrenaline_GTS_13_Color_WhtObsdianBlckOlmpcSlvr_Size_70/Elastic/soft/Adrenaline_GTS_13_Color_WhtObsdianBlckOlmpcSlvr_Size_70_Elastic_soft.csv,810,"End-effector lifting the object, using gentle force, causing soft-deformation, with increasing force."
/home/mdxuser/Genesis/main/data/picked_up_4/csv/Adrenaline_GTS_13_Color_WhtObsdianBlckOlmpcSlvr_Size_70/Elastic/soft/Adrenaline_GTS_13_Color_WhtObsdianBlckOlmpcSlvr_Size_70_Elastic_soft.csv,1080,"End-effector rotating the object, by an angle of 45.0 degrees, using gentle force, causing soft-deformation, with constant force."
/home/mdxuser/Genesis/main/data/picked_up_4/csv/Adrenaline_GTS_13_Color_WhtObsdianBlckOlmpcSlvr_Size_70/Elastic/soft/Adrenaline_GTS_13_Color_WhtObsdianBlckOlmpcSlvr_Size_70_Elastic_soft.csv,1350,The object has been dropped.
/home/mdxuser/Genesis/main/data/picked_up_4/csv/Adrenaline_GTS_13_Color_WhtObsdianBlckOlmpcSlvr_Size_70/Elastic/soft/Adrenaline_GTS_13_Color_WhtObsdianBlckOlmpcSlvr_Size_70_Elastic_soft.csv,1620,The object has been dropped.
/home/mdxuser/Genesis/main/data/picked_up_4/csv/Adrenaline_GTS_13_Color_WhtObsdianBlckOlmpcSlvr_Size_70/Elastic/soft/Adrenaline_GTS_13_Color_WhtObsdianBlckOlmpcSlvr_Size_70_Elastic_soft.csv,1890,The object has been dropped.
/home/mdxuser/Genesis/main/data/picked_up_4/csv/Adrenaline_GTS_13_Color_WhtObsdianBlckOlmpcSlvr_Size_70/Elastic/soft/Adrenaline_GTS_13_Color_WhtObsdianBlckOlmpcSlvr_Size_70_Elastic_soft.csv,2160,The object has been dropped.
/home/mdxuser/Genesis/main/data/picked_up_4/csv/Adrenaline_GTS_13_Color_WhtObsdianBlckOlmpcSlvr_Size_70/Elastic/soft/Adrenaline_GTS_13_Color_WhtObsdianBlckOlmpcSlvr_Size_70_Elastic_soft.csv,2430,The object has been dropped.
/home/mdxuser/Genesis/main/data/picked_up_4/csv/Adrenaline_GTS_13_Color_WhtObsdianBlckOlmpcSlvr_Size_70/Elastic/soft/Adrenaline_GTS_13_Color_WhtObsdianBlckOlmpcSlvr_Size_70_Elastic_soft.csv,2700,The object has been dropped.
/home/mdxuser/Genesis/main/data/picked_up_4/csv/Cole_Hardware_Dishtowel_Stripe/Elastic/soft/Cole_Hardware_Dishtowel_Stripe_Elastic_soft.csv,0,"End-effector start towards the object, to begin the task."
/home/mdxuser/Genesis/main/data/picked_up_4/csv/Cole_Hardware_Dishtowel_Stripe/Elastic/soft/Cole_Hardware_Dishtowel_Stripe_Elastic_soft.csv,270,"End-effector grasping the object, using gentle force, causing soft-deformation, with increasing force."
/home/mdxuser/Genesis/main/data/picked_up_4/csv/Cole_Hardware_Dishtowel_Stripe/Elastic/soft/Cole_Hardware_Dishtowel_Stripe_Elastic_soft.csv,540,"End-effector continue grasping the object, using gentle force, causing soft-deformation, with increasing force."
/home/mdxuser/Genesis/main/data/picked_up_4/csv/Cole_Hardware_Dishtowel_Stripe/Elastic/soft/Cole_Hardware_Dishtowel_Stripe_Elastic_soft.csv,810,"End-effector lifting the object, using gentle force, causing soft-deformation, with increasing force."
/home/mdxuser/Genesis/main/data/picked_up_4/csv/Cole_Hardware_Dishtowel_Stripe/Elastic/soft/Cole_Hardware_Dishtowel_Stripe_Elastic_soft.csv,1080,"End-effector rotating the object, by an angle of 45.0 degrees, using gentle force, causing soft-deformation, with constant force."
/home/mdxuser/Genesis/main/data/picked_up_4/csv/Cole_Hardware_Dishtowel_Stripe/Elastic/soft/Cole_Hardware_Dishtowel_Stripe_Elastic_soft.csv,1350,"End-effector continue rotating the object, by an angle of 45.0 degrees, using gentle force, causing soft-deformation, with constant force."
/home/mdxuser/Genesis/main/data/picked_up_4/csv/Cole_Hardware_Dishtowel_Stripe/Elastic/soft/Cole_Hardware_Dishtowel_Stripe_Elastic_soft.csv,1620,"End-effector holding position of the object, maintaining a stable hold, using gentle force, causing soft-deformation."
/home/mdxuser/Genesis/main/data/picked_up_4/csv/Cole_Hardware_Dishtowel_Stripe/Elastic/soft/Cole_Hardware_Dishtowel_Stripe_Elastic_soft.csv,1890,"End-effector rotating the object, by an angle of 45.0 degrees, using gentle force, causing soft-deformation, with constant force."
/home/mdxuser/Genesis/main/data/picked_up_4/csv/Cole_Hardware_Dishtowel_Stripe/Elastic/soft/Cole_Hardware_Dishtowel_Stripe_Elastic_soft.csv,2160,"End-effector continue rotating the object, by an angle of 45.0 degrees, using gentle force, causing soft-deformation, with constant force."
/home/mdxuser/Genesis/main/data/picked_up_4/csv/Cole_Hardware_Dishtowel_Stripe/Elastic/soft/Cole_Hardware_Dishtowel_Stripe_Elastic_soft.csv,2430,The object has been dropped.
/home/mdxuser/Genesis/main/data/picked_up_4/csv/Cole_Hardware_Dishtowel_Stripe/Elastic/soft/Cole_Hardware_Dishtowel_Stripe_Elastic_soft.csv,2700,The object has been dropped.
/home/mdxuser/Genesis/main/data/picked_up_4/csv/Brisk_Iced_Tea_Lemon_12_12_fl_oz_355_ml_cans_144_fl_oz_426_lt/Elastic/hard/Brisk_Iced_Tea_Lemon_12_12_fl_oz_355_ml_cans_144_fl_oz_426_lt_Elastic_hard.csv,0,"End-effector start towards the object, to begin the task."
/home/mdxuser/Genesis/main/data/picked_up_4/csv/Brisk_Iced_Tea_Lemon_12_12_fl_oz_355_ml_cans_144_fl_oz_426_lt/Elastic/hard/Brisk_Iced_Tea_Lemon_12_12_fl_oz_355_ml_cans_144_fl_oz_426_lt_Elastic_hard.csv,270,"End-effector grasping the object, using strong force, causing hard-deformation, with increasing force."
/home/mdxuser/Genesis/main/data/picked_up_4/csv/Brisk_Iced_Tea_Lemon_12_12_fl_oz_355_ml_cans_144_fl_oz_426_lt/Elastic/hard/Brisk_Iced_Tea_Lemon_12_12_fl_oz_355_ml_cans_144_fl_oz_426_lt_Elastic_hard.csv,540,"End-effector continue grasping the object, using strong force, causing hard-deformation, with increasing force."
/home/mdxuser/Genesis/main/data/picked_up_4/csv/Brisk_Iced_Tea_Lemon_12_12_fl_oz_355_ml_cans_144_fl_oz_426_lt/Elastic/hard/Brisk_Iced_Tea_Lemon_12_12_fl_oz_355_ml_cans_144_fl_oz_426_lt_Elastic_hard.csv,810,"End-effector lifting the object, using strong force, causing hard-deformation, with increasing force."
/home/mdxuser/Genesis/main/data/picked_up_4/csv/Brisk_Iced_Tea_Lemon_12_12_fl_oz_355_ml_cans_144_fl_oz_426_lt/Elastic/hard/Brisk_Iced_Tea_Lemon_12_12_fl_oz_355_ml_cans_144_fl_oz_426_lt_Elastic_hard.csv,1080,"End-effector rotating the object, by an angle of 45.0 degrees, using strong force, causing hard-deformation, with constant force."
/home/mdxuser/Genesis/main/data/picked_up_4/csv/Brisk_Iced_Tea_Lemon_12_12_fl_oz_355_ml_cans_144_fl_oz_426_lt/Elastic/hard/Brisk_Iced_Tea_Lemon_12_12_fl_oz_355_ml_cans_144_fl_oz_426_lt_Elastic_hard.csv,1350,"End-effector continue rotating the object, by an angle of 45.0 degrees, using strong force, causing hard-deformation, with constant force."
/home/mdxuser/Genesis/main/data/picked_up_4/csv/Brisk_Iced_Tea_Lemon_12_12_fl_oz_355_ml_cans_144_fl_oz_426_lt/Elastic/hard/Brisk_Iced_Tea_Lemon_12_12_fl_oz_355_ml_cans_144_fl_oz_426_lt_Elastic_hard.csv,1620,"End-effector holding position of the object, maintaining a stable hold, using strong force, causing hard-deformation."
/home/mdxuser/Genesis/main/data/picked_up_4/csv/Brisk_Iced_Tea_Lemon_12_12_fl_oz_355_ml_cans_144_fl_oz_426_lt/Elastic/hard/Brisk_Iced_Tea_Lemon_12_12_fl_oz_355_ml_cans_144_fl_oz_426_lt_Elastic_hard.csv,1890,"End-effector rotating the object, by an angle of 45.0 degrees, using strong force, causing hard-deformation, with constant force."
/home/mdxuser/Genesis/main/data/picked_up_4/csv/Brisk_Iced_Tea_Lemon_12_12_fl_oz_355_ml_cans_144_fl_oz_426_lt/Elastic/hard/Brisk_Iced_Tea_Lemon_12_12_fl_oz_355_ml_cans_144_fl_oz_426_lt_Elastic_hard.csv,2160,"End-effector holding position of the object, maintaining a stable hold, using strong force, causing hard-deformation."
/home/mdxuser/Genesis/main/data/picked_up_4/csv/Brisk_Iced_Tea_Lemon_12_12_fl_oz_355_ml_cans_144_fl_oz_426_lt/Elastic/hard/Brisk_Iced_Tea_Lemon_12_12_fl_oz_355_ml_cans_144_fl_oz_426_lt_Elastic_hard.csv,2430,"End-effector continue holding position of the object, maintaining a stable hold, using strong force, causing hard-deformation."
/home/mdxuser/Genesis/main/data/picked_up_4/csv/Brisk_Iced_Tea_Lemon_12_12_fl_oz_355_ml_cans_144_fl_oz_426_lt/Elastic/hard/Brisk_Iced_Tea_Lemon_12_12_fl_oz_355_ml_cans_144_fl_oz_426_lt_Elastic_hard.csv,2700,The object has been dropped.
/home/mdxuser/Genesis/main/data/picked_up_4/csv/Cole_Hardware_Dishtowel_Stripe/Elastic/medium/Cole_Hardware_Dishtowel_Stripe_Elastic_medium.csv,0,"End-effector start towards the object, to begin the task."
/home/mdxuser/Genesis/main/data/picked_up_4/csv/Cole_Hardware_Dishtowel_Stripe/Elastic/medium/Cole_Hardware_Dishtowel_Stripe_Elastic_medium.csv,270,"End-effector grasping the object, using moderate force, causing medium-deformation, with increasing force."
/home/mdxuser/Genesis/main/data/picked_up_4/csv/Cole_Hardware_Dishtowel_Stripe/Elastic/medium/Cole_Hardware_Dishtowel_Stripe_Elastic_medium.csv,540,"End-effector continue grasping the object, using moderate force, causing medium-deformation, with increasing force."
/home/mdxuser/Genesis/main/data/picked_up_4/csv/Cole_Hardware_Dishtowel_Stripe/Elastic/medium/Cole_Hardware_Dishtowel_Stripe_Elastic_medium.csv,810,"End-effector lifting the object, using moderate force, causing medium-deformation, with increasing force."
/home/mdxuser/Genesis/main/data/picked_up_4/csv/Cole_Hardware_Dishtowel_Stripe/Elastic/medium/Cole_Hardware_Dishtowel_Stripe_Elastic_medium.csv,1080,"End-effector rotating the object, by an angle of 45.0 degrees, using moderate force, causing medium-deformation, with constant force."
/home/mdxuser/Genesis/main/data/picked_up_4/csv/Cole_Hardware_Dishtowel_Stripe/Elastic/medium/Cole_Hardware_Dishtowel_Stripe_Elastic_medium.csv,1350,"End-effector continue rotating the object, by an angle of 45.0 degrees, using moderate force, causing medium-deformation, with constant force."
/home/mdxuser/Genesis/main/data/picked_up_4/csv/Cole_Hardware_Dishtowel_Stripe/Elastic/medium/Cole_Hardware_Dishtowel_Stripe_Elastic_medium.csv,1620,"End-effector holding position of the object, maintaining a stable hold, using moderate force, causing medium-deformation."
/home/mdxuser/Genesis/main/data/picked_up_4/csv/Cole_Hardware_Dishtowel_Stripe/Elastic/medium/Cole_Hardware_Dishtowel_Stripe_Elastic_medium.csv,1890,"End-effector rotating the object, by an angle of 45.0 degrees, using moderate force, causing medium-deformation, with constant force."
/home/mdxuser/Genesis/main/data/picked_up_4/csv/Cole_Hardware_Dishtowel_Stripe/Elastic/medium/Cole_Hardware_Dishtowel_Stripe_Elastic_medium.csv,2160,"End-effector holding position of the object, maintaining a stable hold, using moderate force, causing medium-deformation."
/home/mdxuser/Genesis/main/data/picked_up_4/csv/Cole_Hardware_Dishtowel_Stripe/Elastic/medium/Cole_Hardware_Dishtowel_Stripe_Elastic_medium.csv,2430,"End-effector continue holding position of the object, maintaining a stable hold, using moderate force, causing medium-deformation."
/home/mdxuser/Genesis/main/data/picked_up_4/csv/Cole_Hardware_Dishtowel_Stripe/Elastic/medium/Cole_Hardware_Dishtowel_Stripe_Elastic_medium.csv,2700,The object has been dropped.
/home/mdxuser/Genesis/main/data/picked_up_4/csv/CHICKEN_NESTING/Elastic/medium/CHICKEN_NESTING_Elastic_medium.csv,0,"End-effector start towards the object, to begin the task."
/home/mdxuser/Genesis/main/data/picked_up_4/csv/CHICKEN_NESTING/Elastic/medium/CHICKEN_NESTING_Elastic_medium.csv,270,"End-effector grasping the object, using moderate force, causing medium-deformation, with increasing force."
/home/mdxuser/Genesis/main/data/picked_up_4/csv/CHICKEN_NESTING/Elastic/medium/CHICKEN_NESTING_Elastic_medium.csv,540,"End-effector continue grasping the object, using moderate force, causing medium-deformation, with increasing force."
/home/mdxuser/Genesis/main/data/picked_up_4/csv/CHICKEN_NESTING/Elastic/medium/CHICKEN_NESTING_Elastic_medium.csv,810,"End-effector lifting the object, using moderate force, causing medium-deformation, with increasing force."
/home/mdxuser/Genesis/main/data/picked_up_4/csv/CHICKEN_NESTING/Elastic/medium/CHICKEN_NESTING_Elastic_medium.csv,1080,"End-effector rotating the object, by an angle of 30.0 degrees, using moderate force, causing medium-deformation, with constant force."
/home/mdxuser/Genesis/main/data/picked_up_4/csv/CHICKEN_NESTING/Elastic/medium/CHICKEN_NESTING_Elastic_medium.csv,1350,"End-effector continue rotating the object, by an angle of 30.0 degrees, using moderate force, causing medium-deformation, with constant force."
/home/mdxuser/Genesis/main/data/picked_up_4/csv/CHICKEN_NESTING/Elastic/medium/CHICKEN_NESTING_Elastic_medium.csv,1620,"End-effector holding position of the object, maintaining a stable hold, using moderate force, causing medium-deformation."
/home/mdxuser/Genesis/main/data/picked_up_4/csv/CHICKEN_NESTING/Elastic/medium/CHICKEN_NESTING_Elastic_medium.csv,1890,"End-effector rotating the object, by an angle of 30.0 degrees, using moderate force, causing medium-deformation, with constant force."
/home/mdxuser/Genesis/main/data/picked_up_4/csv/CHICKEN_NESTING/Elastic/medium/CHICKEN_NESTING_Elastic_medium.csv,2160,"End-effector continue rotating the object, by an angle of 30.0 degrees, using moderate force, causing medium-deformation, with constant force."
/home/mdxuser/Genesis/main/data/picked_up_4/csv/CHICKEN_NESTING/Elastic/medium/CHICKEN_NESTING_Elastic_medium.csv,2430,"End-effector holding position of the object, maintaining a stable hold, using moderate force, causing medium-deformation."
/home/mdxuser/Genesis/main/data/picked_up_4/csv/CHICKEN_NESTING/Elastic/medium/CHICKEN_NESTING_Elastic_medium.csv,2700,The object has been dropped.
/home/mdxuser/Genesis/main/data/picked_up_4/csv/Office_Depot_Canon_CLI_8Y_Ink_Cartridge_Yellow_0623B002/Elastic/hard/Office_Depot_Canon_CLI_8Y_Ink_Cartridge_Yellow_0623B002_Elastic_hard.csv,0,"End-effector start towards the object, to begin the task."
/home/mdxuser/Genesis/main/data/picked_up_4/csv/Office_Depot_Canon_CLI_8Y_Ink_Cartridge_Yellow_0623B002/Elastic/hard/Office_Depot_Canon_CLI_8Y_Ink_Cartridge_Yellow_0623B002_Elastic_hard.csv,270,"End-effector grasping the object, using strong force, causing hard-deformation, with increasing force."
/home/mdxuser/Genesis/main/data/picked_up_4/csv/Office_Depot_Canon_CLI_8Y_Ink_Cartridge_Yellow_0623B002/Elastic/hard/Office_Depot_Canon_CLI_8Y_Ink_Cartridge_Yellow_0623B002_Elastic_hard.csv,540,"End-effector continue grasping the object, using strong force, causing hard-deformation, with increasing force."
/home/mdxuser/Genesis/main/data/picked_up_4/csv/Office_Depot_Canon_CLI_8Y_Ink_Cartridge_Yellow_0623B002/Elastic/hard/Office_Depot_Canon_CLI_8Y_Ink_Cartridge_Yellow_0623B002_Elastic_hard.csv,810,"End-effector lifting the object, using strong force, causing hard-deformation, with increasing force."
/home/mdxuser/Genesis/main/data/picked_up_4/csv/Office_Depot_Canon_CLI_8Y_Ink_Cartridge_Yellow_0623B002/Elastic/hard/Office_Depot_Canon_CLI_8Y_Ink_Cartridge_Yellow_0623B002_Elastic_hard.csv,1080,"End-effector rotating the object, by an angle of 30.0 degrees, using strong force, causing hard-deformation, with constant force."
/home/mdxuser/Genesis/main/data/picked_up_4/csv/Office_Depot_Canon_CLI_8Y_Ink_Cartridge_Yellow_0623B002/Elastic/hard/Office_Depot_Canon_CLI_8Y_Ink_Cartridge_Yellow_0623B002_Elastic_hard.csv,1350,"End-effector continue rotating the object, by an angle of 30.0 degrees, using strong force, causing hard-deformation, with constant force."
/home/mdxuser/Genesis/main/data/picked_up_4/csv/Office_Depot_Canon_CLI_8Y_Ink_Cartridge_Yellow_0623B002/Elastic/hard/Office_Depot_Canon_CLI_8Y_Ink_Cartridge_Yellow_0623B002_Elastic_hard.csv,1620,"End-effector holding position of the object, maintaining a stable hold, using strong force, causing hard-deformation."
/home/mdxuser/Genesis/main/data/picked_up_4/csv/Office_Depot_Canon_CLI_8Y_Ink_Cartridge_Yellow_0623B002/Elastic/hard/Office_Depot_Canon_CLI_8Y_Ink_Cartridge_Yellow_0623B002_Elastic_hard.csv,1890,"End-effector rotating the object, by an angle of 45.0 degrees, using strong force, causing hard-deformation, with constant force."
/home/mdxuser/Genesis/main/data/picked_up_4/csv/Office_Depot_Canon_CLI_8Y_Ink_Cartridge_Yellow_0623B002/Elastic/hard/Office_Depot_Canon_CLI_8Y_Ink_Cartridge_Yellow_0623B002_Elastic_hard.csv,2160,"End-effector holding position of the object, maintaining a stable hold, using strong force, causing hard-deformation."
/home/mdxuser/Genesis/main/data/picked_up_4/csv/Office_Depot_Canon_CLI_8Y_Ink_Cartridge_Yellow_0623B002/Elastic/hard/Office_Depot_Canon_CLI_8Y_Ink_Cartridge_Yellow_0623B002_Elastic_hard.csv,2430,"End-effector continue holding position of the object, maintaining a stable hold, using strong force, causing hard-deformation."
/home/mdxuser/Genesis/main/data/picked_up_4/csv/Office_Depot_Canon_CLI_8Y_Ink_Cartridge_Yellow_0623B002/Elastic/hard/Office_Depot_Canon_CLI_8Y_Ink_Cartridge_Yellow_0623B002_Elastic_hard.csv,2700,"End-effector stopping the object, using zero-force, causing undeformed shape."
/home/mdxuser/Genesis/main/data/picked_up_4/csv/Phillips_Colon_Health_Probiotic_Capsule/Elastic/hard/Phillips_Colon_Health_Probiotic_Capsule_Elastic_hard.csv,0,"End-effector start towards the object, to begin the task."
/home/mdxuser/Genesis/main/data/picked_up_4/csv/Phillips_Colon_Health_Probiotic_Capsule/Elastic/hard/Phillips_Colon_Health_Probiotic_Capsule_Elastic_hard.csv,270,"End-effector grasping the object, using strong force, causing hard-deformation, with increasing force."
/home/mdxuser/Genesis/main/data/picked_up_4/csv/Phillips_Colon_Health_Probiotic_Capsule/Elastic/hard/Phillips_Colon_Health_Probiotic_Capsule_Elastic_hard.csv,540,"End-effector continue grasping the object, using strong force, causing hard-deformation, with increasing force."
/home/mdxuser/Genesis/main/data/picked_up_4/csv/Phillips_Colon_Health_Probiotic_Capsule/Elastic/hard/Phillips_Colon_Health_Probiotic_Capsule_Elastic_hard.csv,810,"End-effector lifting the object, using strong force, causing hard-deformation, with increasing force."
/home/mdxuser/Genesis/main/data/picked_up_4/csv/Phillips_Colon_Health_Probiotic_Capsule/Elastic/hard/Phillips_Colon_Health_Probiotic_Capsule_Elastic_hard.csv,1080,"End-effector rotating the object, by an angle of 45.0 degrees, using strong force, causing hard-deformation, with constant force."
/home/mdxuser/Genesis/main/data/picked_up_4/csv/Phillips_Colon_Health_Probiotic_Capsule/Elastic/hard/Phillips_Colon_Health_Probiotic_Capsule_Elastic_hard.csv,1350,"End-effector continue rotating the object, by an angle of 45.0 degrees, using strong force, causing hard-deformation, with constant force."
/home/mdxuser/Genesis/main/data/picked_up_4/csv/Phillips_Colon_Health_Probiotic_Capsule/Elastic/hard/Phillips_Colon_Health_Probiotic_Capsule_Elastic_hard.csv,1620,"End-effector holding position of the object, maintaining a stable hold, using strong force, causing hard-deformation."
/home/mdxuser/Genesis/main/data/picked_up_4/csv/Phillips_Colon_Health_Probiotic_Capsule/Elastic/hard/Phillips_Colon_Health_Probiotic_Capsule_Elastic_hard.csv,1890,"End-effector rotating the object, by an angle of 45.0 degrees, using strong force, causing hard-deformation, with constant force."
/home/mdxuser/Genesis/main/data/picked_up_4/csv/Phillips_Colon_Health_Probiotic_Capsule/Elastic/hard/Phillips_Colon_Health_Probiotic_Capsule_Elastic_hard.csv,2160,"End-effector holding position of the object, maintaining a stable hold, using strong force, causing hard-deformation."
/home/mdxuser/Genesis/main/data/picked_up_4/csv/Phillips_Colon_Health_Probiotic_Capsule/Elastic/hard/Phillips_Colon_Health_Probiotic_Capsule_Elastic_hard.csv,2430,"End-effector continue holding position of the object, maintaining a stable hold, using strong force, causing hard-deformation."
/home/mdxuser/Genesis/main/data/picked_up_4/csv/Phillips_Colon_Health_Probiotic_Capsule/Elastic/hard/Phillips_Colon_Health_Probiotic_Capsule_Elastic_hard.csv,2700,"End-effector stopping the object, using zero-force, causing undeformed shape."
/home/mdxuser/Genesis/main/data/picked_up_4/csv/Office_Depot_HP_98_Remanufactured_Ink_Cartridge_Black/Elastic/hard/Office_Depot_HP_98_Remanufactured_Ink_Cartridge_Black_Elastic_hard.csv,0,"End-effector start towards the object, to begin the task."
/home/mdxuser/Genesis/main/data/picked_up_4/csv/Office_Depot_HP_98_Remanufactured_Ink_Cartridge_Black/Elastic/hard/Office_Depot_HP_98_Remanufactured_Ink_Cartridge_Black_Elastic_hard.csv,270,"End-effector grasping the object, using strong force, causing hard-deformation, with increasing force."
/home/mdxuser/Genesis/main/data/picked_up_4/csv/Office_Depot_HP_98_Remanufactured_Ink_Cartridge_Black/Elastic/hard/Office_Depot_HP_98_Remanufactured_Ink_Cartridge_Black_Elastic_hard.csv,540,"End-effector continue grasping the object, using strong force, causing hard-deformation, with increasing force."
/home/mdxuser/Genesis/main/data/picked_up_4/csv/Office_Depot_HP_98_Remanufactured_Ink_Cartridge_Black/Elastic/hard/Office_Depot_HP_98_Remanufactured_Ink_Cartridge_Black_Elastic_hard.csv,810,"End-effector lifting the object, using strong force, causing hard-deformation, with increasing force."
/home/mdxuser/Genesis/main/data/picked_up_4/csv/Office_Depot_HP_98_Remanufactured_Ink_Cartridge_Black/Elastic/hard/Office_Depot_HP_98_Remanufactured_Ink_Cartridge_Black_Elastic_hard.csv,1080,"End-effector rotating the object, by an angle of 45.0 degrees, using strong force, causing hard-deformation, with constant force."
/home/mdxuser/Genesis/main/data/picked_up_4/csv/Office_Depot_HP_98_Remanufactured_Ink_Cartridge_Black/Elastic/hard/Office_Depot_HP_98_Remanufactured_Ink_Cartridge_Black_Elastic_hard.csv,1350,"End-effector continue rotating the object, by an angle of 45.0 degrees, using strong force, causing hard-deformation, with constant force."
/home/mdxuser/Genesis/main/data/picked_up_4/csv/Office_Depot_HP_98_Remanufactured_Ink_Cartridge_Black/Elastic/hard/Office_Depot_HP_98_Remanufactured_Ink_Cartridge_Black_Elastic_hard.csv,1620,The object has been dropped.
/home/mdxuser/Genesis/main/data/picked_up_4/csv/Office_Depot_HP_98_Remanufactured_Ink_Cartridge_Black/Elastic/hard/Office_Depot_HP_98_Remanufactured_Ink_Cartridge_Black_Elastic_hard.csv,1890,The object has been dropped.
/home/mdxuser/Genesis/main/data/picked_up_4/csv/Office_Depot_HP_98_Remanufactured_Ink_Cartridge_Black/Elastic/hard/Office_Depot_HP_98_Remanufactured_Ink_Cartridge_Black_Elastic_hard.csv,2160,The object has been dropped.
/home/mdxuser/Genesis/main/data/picked_up_4/csv/Office_Depot_HP_98_Remanufactured_Ink_Cartridge_Black/Elastic/hard/Office_Depot_HP_98_Remanufactured_Ink_Cartridge_Black_Elastic_hard.csv,2430,The object has been dropped.
/home/mdxuser/Genesis/main/data/picked_up_4/csv/Office_Depot_HP_98_Remanufactured_Ink_Cartridge_Black/Elastic/hard/Office_Depot_HP_98_Remanufactured_Ink_Cartridge_Black_Elastic_hard.csv,2700,The object has been dropped.
/home/mdxuser/Genesis/main/data/picked_up_4/csv/Deskstar_Desk_Top_Hard_Drive_1_TB/Elastic/hard/Deskstar_Desk_Top_Hard_Drive_1_TB_Elastic_hard.csv,0,"End-effector start towards the object, to begin the task."
/home/mdxuser/Genesis/main/data/picked_up_4/csv/Deskstar_Desk_Top_Hard_Drive_1_TB/Elastic/hard/Deskstar_Desk_Top_Hard_Drive_1_TB_Elastic_hard.csv,270,"End-effector grasping the object, using strong force, causing hard-deformation, with increasing force."
/home/mdxuser/Genesis/main/data/picked_up_4/csv/Deskstar_Desk_Top_Hard_Drive_1_TB/Elastic/hard/Deskstar_Desk_Top_Hard_Drive_1_TB_Elastic_hard.csv,540,"End-effector continue grasping the object, using strong force, causing hard-deformation, with increasing force."
/home/mdxuser/Genesis/main/data/picked_up_4/csv/Deskstar_Desk_Top_Hard_Drive_1_TB/Elastic/hard/Deskstar_Desk_Top_Hard_Drive_1_TB_Elastic_hard.csv,810,"End-effector lifting the object, using strong force, causing hard-deformation, with increasing force."
/home/mdxuser/Genesis/main/data/picked_up_4/csv/Deskstar_Desk_Top_Hard_Drive_1_TB/Elastic/hard/Deskstar_Desk_Top_Hard_Drive_1_TB_Elastic_hard.csv,1080,"End-effector rotating the object, by an angle of 30.0 degrees, using strong force, causing hard-deformation, with constant force."
/home/mdxuser/Genesis/main/data/picked_up_4/csv/Deskstar_Desk_Top_Hard_Drive_1_TB/Elastic/hard/Deskstar_Desk_Top_Hard_Drive_1_TB_Elastic_hard.csv,1350,"End-effector continue rotating the object, by an angle of 30.0 degrees, using strong force, causing hard-deformation, with constant force."
/home/mdxuser/Genesis/main/data/picked_up_4/csv/Deskstar_Desk_Top_Hard_Drive_1_TB/Elastic/hard/Deskstar_Desk_Top_Hard_Drive_1_TB_Elastic_hard.csv,1620,"End-effector holding position of the object, maintaining a stable hold, using strong force, causing hard-deformation."
/home/mdxuser/Genesis/main/data/picked_up_4/csv/Deskstar_Desk_Top_Hard_Drive_1_TB/Elastic/hard/Deskstar_Desk_Top_Hard_Drive_1_TB_Elastic_hard.csv,1890,"End-effector rotating the object, by an angle of 45.0 degrees, using strong force, causing hard-deformation, with constant force."
/home/mdxuser/Genesis/main/data/picked_up_4/csv/Deskstar_Desk_Top_Hard_Drive_1_TB/Elastic/hard/Deskstar_Desk_Top_Hard_Drive_1_TB_Elastic_hard.csv,2160,The object has been dropped.
/home/mdxuser/Genesis/main/data/picked_up_4/csv/Deskstar_Desk_Top_Hard_Drive_1_TB/Elastic/hard/Deskstar_Desk_Top_Hard_Drive_1_TB_Elastic_hard.csv,2430,The object has been dropped.
/home/mdxuser/Genesis/main/data/picked_up_4/csv/Deskstar_Desk_Top_Hard_Drive_1_TB/Elastic/hard/Deskstar_Desk_Top_Hard_Drive_1_TB_Elastic_hard.csv,2700,The object has been dropped.
/home/mdxuser/Genesis/main/data/picked_up_4/csv/Eat_to_Live_The_Amazing_NutrientRich_Program_for_Fast_and_Sustained_Weight_Loss_Revised_Edition_Book/Elastic/soft/Eat_to_Live_The_Amazing_NutrientRich_Program_for_Fast_and_Sustained_Weight_Loss_Revised_Edition_Book_Elastic_soft.csv,0,"End-effector start towards the object, to begin the task."
/home/mdxuser/Genesis/main/data/picked_up_4/csv/Eat_to_Live_The_Amazing_NutrientRich_Program_for_Fast_and_Sustained_Weight_Loss_Revised_Edition_Book/Elastic/soft/Eat_to_Live_The_Amazing_NutrientRich_Program_for_Fast_and_Sustained_Weight_Loss_Revised_Edition_Book_Elastic_soft.csv,270,"End-effector grasping the object, using gentle force, causing soft-deformation, with increasing force."
/home/mdxuser/Genesis/main/data/picked_up_4/csv/Eat_to_Live_The_Amazing_NutrientRich_Program_for_Fast_and_Sustained_Weight_Loss_Revised_Edition_Book/Elastic/soft/Eat_to_Live_The_Amazing_NutrientRich_Program_for_Fast_and_Sustained_Weight_Loss_Revised_Edition_Book_Elastic_soft.csv,540,"End-effector continue grasping the object, using gentle force, causing soft-deformation, with increasing force."
/home/mdxuser/Genesis/main/data/picked_up_4/csv/Eat_to_Live_The_Amazing_NutrientRich_Program_for_Fast_and_Sustained_Weight_Loss_Revised_Edition_Book/Elastic/soft/Eat_to_Live_The_Amazing_NutrientRich_Program_for_Fast_and_Sustained_Weight_Loss_Revised_Edition_Book_Elastic_soft.csv,810,"End-effector lifting the object, using gentle force, causing soft-deformation, with increasing force."
/home/mdxuser/Genesis/main/data/picked_up_4/csv/Eat_to_Live_The_Amazing_NutrientRich_Program_for_Fast_and_Sustained_Weight_Loss_Revised_Edition_Book/Elastic/soft/Eat_to_Live_The_Amazing_NutrientRich_Program_for_Fast_and_Sustained_Weight_Loss_Revised_Edition_Book_Elastic_soft.csv,1080,"End-effector rotating the object, by an angle of 45.0 degrees, using gentle force, causing soft-deformation, with constant force."
/home/mdxuser/Genesis/main/data/picked_up_4/csv/Eat_to_Live_The_Amazing_NutrientRich_Program_for_Fast_and_Sustained_Weight_Loss_Revised_Edition_Book/Elastic/soft/Eat_to_Live_The_Amazing_NutrientRich_Program_for_Fast_and_Sustained_Weight_Loss_Revised_Edition_Book_Elastic_soft.csv,1350,"End-effector holding position of the object, maintaining a stable hold, using gentle force, causing soft-deformation."
/home/mdxuser/Genesis/main/data/picked_up_4/csv/Eat_to_Live_The_Amazing_NutrientRich_Program_for_Fast_and_Sustained_Weight_Loss_Revised_Edition_Book/Elastic/soft/Eat_to_Live_The_Amazing_NutrientRich_Program_for_Fast_and_Sustained_Weight_Loss_Revised_Edition_Book_Elastic_soft.csv,1620,"End-effector continue holding position of the object, maintaining a stable hold, using gentle force, causing soft-deformation."
/home/mdxuser/Genesis/main/data/picked_up_4/csv/Eat_to_Live_The_Amazing_NutrientRich_Program_for_Fast_and_Sustained_Weight_Loss_Revised_Edition_Book/Elastic/soft/Eat_to_Live_The_Amazing_NutrientRich_Program_for_Fast_and_Sustained_Weight_Loss_Revised_Edition_Book_Elastic_soft.csv,1890,"End-effector rotating the object, by an angle of 45.0 degrees, using gentle force, causing soft-deformation, with constant force."
/home/mdxuser/Genesis/main/data/picked_up_4/csv/Eat_to_Live_The_Amazing_NutrientRich_Program_for_Fast_and_Sustained_Weight_Loss_Revised_Edition_Book/Elastic/soft/Eat_to_Live_The_Amazing_NutrientRich_Program_for_Fast_and_Sustained_Weight_Loss_Revised_Edition_Book_Elastic_soft.csv,2160,"End-effector continue rotating the object, by an angle of 45.0 degrees, using gentle force, causing soft-deformation, with constant force."
/home/mdxuser/Genesis/main/data/picked_up_4/csv/Eat_to_Live_The_Amazing_NutrientRich_Program_for_Fast_and_Sustained_Weight_Loss_Revised_Edition_Book/Elastic/soft/Eat_to_Live_The_Amazing_NutrientRich_Program_for_Fast_and_Sustained_Weight_Loss_Revised_Edition_Book_Elastic_soft.csv,2430,The object has been dropped.
/home/mdxuser/Genesis/main/data/picked_up_4/csv/Eat_to_Live_The_Amazing_NutrientRich_Program_for_Fast_and_Sustained_Weight_Loss_Revised_Edition_Book/Elastic/soft/Eat_to_Live_The_Amazing_NutrientRich_Program_for_Fast_and_Sustained_Weight_Loss_Revised_Edition_Book_Elastic_soft.csv,2700,The object has been dropped.
/home/mdxuser/Genesis/main/data/picked_up_4/csv/Jarrow_Glucosamine_Chondroitin_Combination_120_Caps/Elastic/hard/Jarrow_Glucosamine_Chondroitin_Combination_120_Caps_Elastic_hard.csv,0,"End-effector start towards the object, to begin the task."
/home/mdxuser/Genesis/main/data/picked_up_4/csv/Jarrow_Glucosamine_Chondroitin_Combination_120_Caps/Elastic/hard/Jarrow_Glucosamine_Chondroitin_Combination_120_Caps_Elastic_hard.csv,270,"End-effector grasping the object, using strong force, causing hard-deformation, with increasing force."
/home/mdxuser/Genesis/main/data/picked_up_4/csv/Jarrow_Glucosamine_Chondroitin_Combination_120_Caps/Elastic/hard/Jarrow_Glucosamine_Chondroitin_Combination_120_Caps_Elastic_hard.csv,540,"End-effector continue grasping the object, using strong force, causing hard-deformation, with increasing force."
/home/mdxuser/Genesis/main/data/picked_up_4/csv/Jarrow_Glucosamine_Chondroitin_Combination_120_Caps/Elastic/hard/Jarrow_Glucosamine_Chondroitin_Combination_120_Caps_Elastic_hard.csv,810,"End-effector lifting the object, using strong force, causing hard-deformation, with increasing force."
/home/mdxuser/Genesis/main/data/picked_up_4/csv/Jarrow_Glucosamine_Chondroitin_Combination_120_Caps/Elastic/hard/Jarrow_Glucosamine_Chondroitin_Combination_120_Caps_Elastic_hard.csv,1080,"End-effector rotating the object, by an angle of 30.0 degrees, using strong force, causing hard-deformation, with constant force."
/home/mdxuser/Genesis/main/data/picked_up_4/csv/Jarrow_Glucosamine_Chondroitin_Combination_120_Caps/Elastic/hard/Jarrow_Glucosamine_Chondroitin_Combination_120_Caps_Elastic_hard.csv,1350,"End-effector continue rotating the object, by an angle of 30.0 degrees, using strong force, causing hard-deformation, with constant force."
/home/mdxuser/Genesis/main/data/picked_up_4/csv/Jarrow_Glucosamine_Chondroitin_Combination_120_Caps/Elastic/hard/Jarrow_Glucosamine_Chondroitin_Combination_120_Caps_Elastic_hard.csv,1620,"End-effector holding position of the object, maintaining a stable hold, using strong force, causing hard-deformation."
/home/mdxuser/Genesis/main/data/picked_up_4/csv/Jarrow_Glucosamine_Chondroitin_Combination_120_Caps/Elastic/hard/Jarrow_Glucosamine_Chondroitin_Combination_120_Caps_Elastic_hard.csv,1890,"End-effector rotating the object, by an angle of 45.0 degrees, using strong force, causing hard-deformation, with constant force."
/home/mdxuser/Genesis/main/data/picked_up_4/csv/Jarrow_Glucosamine_Chondroitin_Combination_120_Caps/Elastic/hard/Jarrow_Glucosamine_Chondroitin_Combination_120_Caps_Elastic_hard.csv,2160,"End-effector continue rotating the object, by an angle of 45.0 degrees, using strong force, causing hard-deformation, with constant force."
/home/mdxuser/Genesis/main/data/picked_up_4/csv/Jarrow_Glucosamine_Chondroitin_Combination_120_Caps/Elastic/hard/Jarrow_Glucosamine_Chondroitin_Combination_120_Caps_Elastic_hard.csv,2430,"End-effector holding position of the object, maintaining a stable hold, using strong force, causing hard-deformation."
/home/mdxuser/Genesis/main/data/picked_up_4/csv/Jarrow_Glucosamine_Chondroitin_Combination_120_Caps/Elastic/hard/Jarrow_Glucosamine_Chondroitin_Combination_120_Caps_Elastic_hard.csv,2700,"End-effector stopping the object, using zero-force, causing undeformed shape."
/home/mdxuser/Genesis/main/data/picked_up_4/csv/Down_To_Earth_Ceramic_Orchid_Pot_Asst_Blue/Elastic/hard/Down_To_Earth_Ceramic_Orchid_Pot_Asst_Blue_Elastic_hard.csv,0,"End-effector start towards the object, to begin the task."
/home/mdxuser/Genesis/main/data/picked_up_4/csv/Down_To_Earth_Ceramic_Orchid_Pot_Asst_Blue/Elastic/hard/Down_To_Earth_Ceramic_Orchid_Pot_Asst_Blue_Elastic_hard.csv,270,"End-effector grasping the object, using strong force, causing hard-deformation, with increasing force."
/home/mdxuser/Genesis/main/data/picked_up_4/csv/Down_To_Earth_Ceramic_Orchid_Pot_Asst_Blue/Elastic/hard/Down_To_Earth_Ceramic_Orchid_Pot_Asst_Blue_Elastic_hard.csv,540,"End-effector continue grasping the object, using strong force, causing hard-deformation, with increasing force."
/home/mdxuser/Genesis/main/data/picked_up_4/csv/Down_To_Earth_Ceramic_Orchid_Pot_Asst_Blue/Elastic/hard/Down_To_Earth_Ceramic_Orchid_Pot_Asst_Blue_Elastic_hard.csv,810,"End-effector lifting the object, using strong force, causing hard-deformation, with increasing force."
/home/mdxuser/Genesis/main/data/picked_up_4/csv/Down_To_Earth_Ceramic_Orchid_Pot_Asst_Blue/Elastic/hard/Down_To_Earth_Ceramic_Orchid_Pot_Asst_Blue_Elastic_hard.csv,1080,"End-effector rotating the object, by an angle of 45.0 degrees, using strong force, causing hard-deformation, with constant force."
/home/mdxuser/Genesis/main/data/picked_up_4/csv/Down_To_Earth_Ceramic_Orchid_Pot_Asst_Blue/Elastic/hard/Down_To_Earth_Ceramic_Orchid_Pot_Asst_Blue_Elastic_hard.csv,1350,"End-effector continue rotating the object, by an angle of 45.0 degrees, using strong force, causing hard-deformation, with constant force."
/home/mdxuser/Genesis/main/data/picked_up_4/csv/Down_To_Earth_Ceramic_Orchid_Pot_Asst_Blue/Elastic/hard/Down_To_Earth_Ceramic_Orchid_Pot_Asst_Blue_Elastic_hard.csv,1620,"End-effector holding position of the object, maintaining a stable hold, using strong force, causing hard-deformation."
/home/mdxuser/Genesis/main/data/picked_up_4/csv/Down_To_Earth_Ceramic_Orchid_Pot_Asst_Blue/Elastic/hard/Down_To_Earth_Ceramic_Orchid_Pot_Asst_Blue_Elastic_hard.csv,1890,"End-effector rotating the object, by an angle of 45.0 degrees, using strong force, causing hard-deformation, with constant force."
/home/mdxuser/Genesis/main/data/picked_up_4/csv/Down_To_Earth_Ceramic_Orchid_Pot_Asst_Blue/Elastic/hard/Down_To_Earth_Ceramic_Orchid_Pot_Asst_Blue_Elastic_hard.csv,2160,"End-effector holding position of the object, maintaining a stable hold, using strong force, causing hard-deformation."
/home/mdxuser/Genesis/main/data/picked_up_4/csv/Down_To_Earth_Ceramic_Orchid_Pot_Asst_Blue/Elastic/hard/Down_To_Earth_Ceramic_Orchid_Pot_Asst_Blue_Elastic_hard.csv,2430,"End-effector continue holding position of the object, maintaining a stable hold, using strong force, causing hard-deformation."
/home/mdxuser/Genesis/main/data/picked_up_4/csv/Down_To_Earth_Ceramic_Orchid_Pot_Asst_Blue/Elastic/hard/Down_To_Earth_Ceramic_Orchid_Pot_Asst_Blue_Elastic_hard.csv,2700,The object has been dropped.
/home/mdxuser/Genesis/main/data/picked_up_4/csv/Dixie_10_ounce_Bowls_35_ct/Elastic/medium/Dixie_10_ounce_Bowls_35_ct_Elastic_medium.csv,0,"End-effector start towards the object, to begin the task."
/home/mdxuser/Genesis/main/data/picked_up_4/csv/Dixie_10_ounce_Bowls_35_ct/Elastic/medium/Dixie_10_ounce_Bowls_35_ct_Elastic_medium.csv,270,"End-effector grasping the object, using moderate force, causing medium-deformation, with increasing force."
/home/mdxuser/Genesis/main/data/picked_up_4/csv/Dixie_10_ounce_Bowls_35_ct/Elastic/medium/Dixie_10_ounce_Bowls_35_ct_Elastic_medium.csv,540,"End-effector continue grasping the object, using moderate force, causing medium-deformation, with increasing force."
/home/mdxuser/Genesis/main/data/picked_up_4/csv/Dixie_10_ounce_Bowls_35_ct/Elastic/medium/Dixie_10_ounce_Bowls_35_ct_Elastic_medium.csv,810,"End-effector lifting the object, using moderate force, causing medium-deformation, with increasing force."
/home/mdxuser/Genesis/main/data/picked_up_4/csv/Dixie_10_ounce_Bowls_35_ct/Elastic/medium/Dixie_10_ounce_Bowls_35_ct_Elastic_medium.csv,1080,"End-effector rotating the object, by an angle of 45.0 degrees, using moderate force, causing medium-deformation, with constant force."
/home/mdxuser/Genesis/main/data/picked_up_4/csv/Dixie_10_ounce_Bowls_35_ct/Elastic/medium/Dixie_10_ounce_Bowls_35_ct_Elastic_medium.csv,1350,"End-effector holding position of the object, maintaining a stable hold, using moderate force, causing medium-deformation."
/home/mdxuser/Genesis/main/data/picked_up_4/csv/Dixie_10_ounce_Bowls_35_ct/Elastic/medium/Dixie_10_ounce_Bowls_35_ct_Elastic_medium.csv,1620,"End-effector continue holding position of the object, maintaining a stable hold, using moderate force, causing medium-deformation."
/home/mdxuser/Genesis/main/data/picked_up_4/csv/Dixie_10_ounce_Bowls_35_ct/Elastic/medium/Dixie_10_ounce_Bowls_35_ct_Elastic_medium.csv,1890,"End-effector rotating the object, by an angle of 30.0 degrees, using moderate force, causing medium-deformation, with constant force."
/home/mdxuser/Genesis/main/data/picked_up_4/csv/Dixie_10_ounce_Bowls_35_ct/Elastic/medium/Dixie_10_ounce_Bowls_35_ct_Elastic_medium.csv,2160,"End-effector continue rotating the object, by an angle of 30.0 degrees, using moderate force, causing medium-deformation, with constant force."
/home/mdxuser/Genesis/main/data/picked_up_4/csv/Dixie_10_ounce_Bowls_35_ct/Elastic/medium/Dixie_10_ounce_Bowls_35_ct_Elastic_medium.csv,2430,The object has been dropped.
/home/mdxuser/Genesis/main/data/picked_up_4/csv/Dixie_10_ounce_Bowls_35_ct/Elastic/medium/Dixie_10_ounce_Bowls_35_ct_Elastic_medium.csv,2700,The object has been dropped.
/home/mdxuser/Genesis/main/data/picked_up_4/csv/Office_Depot_Dell_Series_1_Remanufactured_Ink_Cartridge_TriColor/Elastic/hard/Office_Depot_Dell_Series_1_Remanufactured_Ink_Cartridge_TriColor_Elastic_hard.csv,0,"End-effector start towards the object, to begin the task."
/home/mdxuser/Genesis/main/data/picked_up_4/csv/Office_Depot_Dell_Series_1_Remanufactured_Ink_Cartridge_TriColor/Elastic/hard/Office_Depot_Dell_Series_1_Remanufactured_Ink_Cartridge_TriColor_Elastic_hard.csv,270,"End-effector grasping the object, using strong force, causing hard-deformation, with increasing force."
/home/mdxuser/Genesis/main/data/picked_up_4/csv/Office_Depot_Dell_Series_1_Remanufactured_Ink_Cartridge_TriColor/Elastic/hard/Office_Depot_Dell_Series_1_Remanufactured_Ink_Cartridge_TriColor_Elastic_hard.csv,540,"End-effector continue grasping the object, using strong force, causing hard-deformation, with increasing force."
/home/mdxuser/Genesis/main/data/picked_up_4/csv/Office_Depot_Dell_Series_1_Remanufactured_Ink_Cartridge_TriColor/Elastic/hard/Office_Depot_Dell_Series_1_Remanufactured_Ink_Cartridge_TriColor_Elastic_hard.csv,810,"End-effector lifting the object, using strong force, causing hard-deformation, with increasing force."
/home/mdxuser/Genesis/main/data/picked_up_4/csv/Office_Depot_Dell_Series_1_Remanufactured_Ink_Cartridge_TriColor/Elastic/hard/Office_Depot_Dell_Series_1_Remanufactured_Ink_Cartridge_TriColor_Elastic_hard.csv,1080,"End-effector rotating the object, by an angle of 45.0 degrees, using strong force, causing hard-deformation, with constant force."
/home/mdxuser/Genesis/main/data/picked_up_4/csv/Office_Depot_Dell_Series_1_Remanufactured_Ink_Cartridge_TriColor/Elastic/hard/Office_Depot_Dell_Series_1_Remanufactured_Ink_Cartridge_TriColor_Elastic_hard.csv,1350,"End-effector holding position of the object, maintaining a stable hold, using strong force, causing hard-deformation."
/home/mdxuser/Genesis/main/data/picked_up_4/csv/Office_Depot_Dell_Series_1_Remanufactured_Ink_Cartridge_TriColor/Elastic/hard/Office_Depot_Dell_Series_1_Remanufactured_Ink_Cartridge_TriColor_Elastic_hard.csv,1620,"End-effector continue holding position of the object, maintaining a stable hold, using strong force, causing hard-deformation."
/home/mdxuser/Genesis/main/data/picked_up_4/csv/Office_Depot_Dell_Series_1_Remanufactured_Ink_Cartridge_TriColor/Elastic/hard/Office_Depot_Dell_Series_1_Remanufactured_Ink_Cartridge_TriColor_Elastic_hard.csv,1890,The object has been dropped.
/home/mdxuser/Genesis/main/data/picked_up_4/csv/Office_Depot_Dell_Series_1_Remanufactured_Ink_Cartridge_TriColor/Elastic/hard/Office_Depot_Dell_Series_1_Remanufactured_Ink_Cartridge_TriColor_Elastic_hard.csv,2160,The object has been dropped.
/home/mdxuser/Genesis/main/data/picked_up_4/csv/Office_Depot_Dell_Series_1_Remanufactured_Ink_Cartridge_TriColor/Elastic/hard/Office_Depot_Dell_Series_1_Remanufactured_Ink_Cartridge_TriColor_Elastic_hard.csv,2430,The object has been dropped.
/home/mdxuser/Genesis/main/data/picked_up_4/csv/Office_Depot_Dell_Series_1_Remanufactured_Ink_Cartridge_TriColor/Elastic/hard/Office_Depot_Dell_Series_1_Remanufactured_Ink_Cartridge_TriColor_Elastic_hard.csv,2700,The object has been dropped.
/home/mdxuser/Genesis/main/data/picked_up_4/csv/DRAGON_W/Elastic/hard/DRAGON_W_Elastic_hard.csv,0,"End-effector start towards the object, to begin the task."
/home/mdxuser/Genesis/main/data/picked_up_4/csv/DRAGON_W/Elastic/hard/DRAGON_W_Elastic_hard.csv,270,"End-effector grasping the object, using strong force, causing hard-deformation, with increasing force."
/home/mdxuser/Genesis/main/data/picked_up_4/csv/DRAGON_W/Elastic/hard/DRAGON_W_Elastic_hard.csv,540,"End-effector continue grasping the object, using strong force, causing hard-deformation, with increasing force."
/home/mdxuser/Genesis/main/data/picked_up_4/csv/DRAGON_W/Elastic/hard/DRAGON_W_Elastic_hard.csv,810,"End-effector lifting the object, using strong force, causing hard-deformation, with increasing force."
/home/mdxuser/Genesis/main/data/picked_up_4/csv/DRAGON_W/Elastic/hard/DRAGON_W_Elastic_hard.csv,1080,"End-effector rotating the object, by an angle of 45.0 degrees, using strong force, causing hard-deformation, with constant force."
/home/mdxuser/Genesis/main/data/picked_up_4/csv/DRAGON_W/Elastic/hard/DRAGON_W_Elastic_hard.csv,1350,"End-effector continue rotating the object, by an angle of 45.0 degrees, using strong force, causing hard-deformation, with constant force."
/home/mdxuser/Genesis/main/data/picked_up_4/csv/DRAGON_W/Elastic/hard/DRAGON_W_Elastic_hard.csv,1620,"End-effector holding position of the object, maintaining a stable hold, using strong force, causing hard-deformation."
/home/mdxuser/Genesis/main/data/picked_up_4/csv/DRAGON_W/Elastic/hard/DRAGON_W_Elastic_hard.csv,1890,"End-effector rotating the object, by an angle of 45.0 degrees, using strong force, causing hard-deformation, with constant force."
/home/mdxuser/Genesis/main/data/picked_up_4/csv/DRAGON_W/Elastic/hard/DRAGON_W_Elastic_hard.csv,2160,"End-effector continue rotating the object, by an angle of 45.0 degrees, using strong force, causing hard-deformation, with constant force."
/home/mdxuser/Genesis/main/data/picked_up_4/csv/DRAGON_W/Elastic/hard/DRAGON_W_Elastic_hard.csv,2430,The object has been dropped.
/home/mdxuser/Genesis/main/data/picked_up_4/csv/DRAGON_W/Elastic/hard/DRAGON_W_Elastic_hard.csv,2700,The object has been dropped.
/home/mdxuser/Genesis/main/data/picked_up_4/csv/Pokémon_Omega_Ruby_Alpha_Sapphire_Dual_Pack_Nintendo_3DS/Elastic/soft/Pokémon_Omega_Ruby_Alpha_Sapphire_Dual_Pack_Nintendo_3DS_Elastic_soft.csv,0,"End-effector start towards the object, to begin the task."
/home/mdxuser/Genesis/main/data/picked_up_4/csv/Pokémon_Omega_Ruby_Alpha_Sapphire_Dual_Pack_Nintendo_3DS/Elastic/soft/Pokémon_Omega_Ruby_Alpha_Sapphire_Dual_Pack_Nintendo_3DS_Elastic_soft.csv,270,"End-effector grasping the object, using gentle force, causing soft-deformation, with increasing force."
/home/mdxuser/Genesis/main/data/picked_up_4/csv/Pokémon_Omega_Ruby_Alpha_Sapphire_Dual_Pack_Nintendo_3DS/Elastic/soft/Pokémon_Omega_Ruby_Alpha_Sapphire_Dual_Pack_Nintendo_3DS_Elastic_soft.csv,540,"End-effector continue grasping the object, using gentle force, causing soft-deformation, with increasing force."
/home/mdxuser/Genesis/main/data/picked_up_4/csv/Pokémon_Omega_Ruby_Alpha_Sapphire_Dual_Pack_Nintendo_3DS/Elastic/soft/Pokémon_Omega_Ruby_Alpha_Sapphire_Dual_Pack_Nintendo_3DS_Elastic_soft.csv,810,"End-effector lifting the object, using gentle force, causing soft-deformation, with increasing force."
/home/mdxuser/Genesis/main/data/picked_up_4/csv/Pokémon_Omega_Ruby_Alpha_Sapphire_Dual_Pack_Nintendo_3DS/Elastic/soft/Pokémon_Omega_Ruby_Alpha_Sapphire_Dual_Pack_Nintendo_3DS_Elastic_soft.csv,1080,"End-effector rotating the object, by an angle of 45.0 degrees, using gentle force, causing soft-deformation, with constant force."
/home/mdxuser/Genesis/main/data/picked_up_4/csv/Pokémon_Omega_Ruby_Alpha_Sapphire_Dual_Pack_Nintendo_3DS/Elastic/soft/Pokémon_Omega_Ruby_Alpha_Sapphire_Dual_Pack_Nintendo_3DS_Elastic_soft.csv,1350,"End-effector continue rotating the object, by an angle of 45.0 degrees, using gentle force, causing soft-deformation, with constant force."
/home/mdxuser/Genesis/main/data/picked_up_4/csv/Pokémon_Omega_Ruby_Alpha_Sapphire_Dual_Pack_Nintendo_3DS/Elastic/soft/Pokémon_Omega_Ruby_Alpha_Sapphire_Dual_Pack_Nintendo_3DS_Elastic_soft.csv,1620,The object has been dropped.
/home/mdxuser/Genesis/main/data/picked_up_4/csv/Pokémon_Omega_Ruby_Alpha_Sapphire_Dual_Pack_Nintendo_3DS/Elastic/soft/Pokémon_Omega_Ruby_Alpha_Sapphire_Dual_Pack_Nintendo_3DS_Elastic_soft.csv,1890,The object has been dropped.
/home/mdxuser/Genesis/main/data/picked_up_4/csv/Pokémon_Omega_Ruby_Alpha_Sapphire_Dual_Pack_Nintendo_3DS/Elastic/soft/Pokémon_Omega_Ruby_Alpha_Sapphire_Dual_Pack_Nintendo_3DS_Elastic_soft.csv,2160,The object has been dropped.
/home/mdxuser/Genesis/main/data/picked_up_4/csv/Pokémon_Omega_Ruby_Alpha_Sapphire_Dual_Pack_Nintendo_3DS/Elastic/soft/Pokémon_Omega_Ruby_Alpha_Sapphire_Dual_Pack_Nintendo_3DS_Elastic_soft.csv,2430,The object has been dropped.
/home/mdxuser/Genesis/main/data/picked_up_4/csv/Pokémon_Omega_Ruby_Alpha_Sapphire_Dual_Pack_Nintendo_3DS/Elastic/soft/Pokémon_Omega_Ruby_Alpha_Sapphire_Dual_Pack_Nintendo_3DS_Elastic_soft.csv,2700,The object has been dropped.
/home/mdxuser/Genesis/main/data/picked_up_4/csv/Deskstar_Desk_Top_Hard_Drive_1_TB/Elastic/medium/Deskstar_Desk_Top_Hard_Drive_1_TB_Elastic_medium.csv,0,"End-effector start towards the object, to begin the task."
/home/mdxuser/Genesis/main/data/picked_up_4/csv/Deskstar_Desk_Top_Hard_Drive_1_TB/Elastic/medium/Deskstar_Desk_Top_Hard_Drive_1_TB_Elastic_medium.csv,270,"End-effector grasping the object, using moderate force, causing medium-deformation, with increasing force."
/home/mdxuser/Genesis/main/data/picked_up_4/csv/Deskstar_Desk_Top_Hard_Drive_1_TB/Elastic/medium/Deskstar_Desk_Top_Hard_Drive_1_TB_Elastic_medium.csv,540,"End-effector continue grasping the object, using moderate force, causing medium-deformation, with increasing force."
/home/mdxuser/Genesis/main/data/picked_up_4/csv/Deskstar_Desk_Top_Hard_Drive_1_TB/Elastic/medium/Deskstar_Desk_Top_Hard_Drive_1_TB_Elastic_medium.csv,810,"End-effector lifting the object, using moderate force, causing medium-deformation, with increasing force."
/home/mdxuser/Genesis/main/data/picked_up_4/csv/Deskstar_Desk_Top_Hard_Drive_1_TB/Elastic/medium/Deskstar_Desk_Top_Hard_Drive_1_TB_Elastic_medium.csv,1080,"End-effector rotating the object, by an angle of 45.0 degrees, using moderate force, causing medium-deformation, with constant force."
/home/mdxuser/Genesis/main/data/picked_up_4/csv/Deskstar_Desk_Top_Hard_Drive_1_TB/Elastic/medium/Deskstar_Desk_Top_Hard_Drive_1_TB_Elastic_medium.csv,1350,The object has been dropped.
/home/mdxuser/Genesis/main/data/picked_up_4/csv/Deskstar_Desk_Top_Hard_Drive_1_TB/Elastic/medium/Deskstar_Desk_Top_Hard_Drive_1_TB_Elastic_medium.csv,1620,The object has been dropped.
/home/mdxuser/Genesis/main/data/picked_up_4/csv/Deskstar_Desk_Top_Hard_Drive_1_TB/Elastic/medium/Deskstar_Desk_Top_Hard_Drive_1_TB_Elastic_medium.csv,1890,The object has been dropped.
/home/mdxuser/Genesis/main/data/picked_up_4/csv/Deskstar_Desk_Top_Hard_Drive_1_TB/Elastic/medium/Deskstar_Desk_Top_Hard_Drive_1_TB_Elastic_medium.csv,2160,The object has been dropped.
/home/mdxuser/Genesis/main/data/picked_up_4/csv/Deskstar_Desk_Top_Hard_Drive_1_TB/Elastic/medium/Deskstar_Desk_Top_Hard_Drive_1_TB_Elastic_medium.csv,2430,The object has been dropped.
/home/mdxuser/Genesis/main/data/picked_up_4/csv/Deskstar_Desk_Top_Hard_Drive_1_TB/Elastic/medium/Deskstar_Desk_Top_Hard_Drive_1_TB_Elastic_medium.csv,2700,The object has been dropped.
/home/mdxuser/Genesis/main/data/picked_up_4/csv/Pokémon_Omega_Ruby_Alpha_Sapphire_Dual_Pack_Nintendo_3DS/Elastic/hard/Pokémon_Omega_Ruby_Alpha_Sapphire_Dual_Pack_Nintendo_3DS_Elastic_hard.csv,0,"End-effector start towards the object, to begin the task."
/home/mdxuser/Genesis/main/data/picked_up_4/csv/Pokémon_Omega_Ruby_Alpha_Sapphire_Dual_Pack_Nintendo_3DS/Elastic/hard/Pokémon_Omega_Ruby_Alpha_Sapphire_Dual_Pack_Nintendo_3DS_Elastic_hard.csv,270,"End-effector grasping the object, using strong force, causing hard-deformation, with increasing force."
/home/mdxuser/Genesis/main/data/picked_up_4/csv/Pokémon_Omega_Ruby_Alpha_Sapphire_Dual_Pack_Nintendo_3DS/Elastic/hard/Pokémon_Omega_Ruby_Alpha_Sapphire_Dual_Pack_Nintendo_3DS_Elastic_hard.csv,540,"End-effector continue grasping the object, using strong force, causing hard-deformation, with increasing force."
/home/mdxuser/Genesis/main/data/picked_up_4/csv/Pokémon_Omega_Ruby_Alpha_Sapphire_Dual_Pack_Nintendo_3DS/Elastic/hard/Pokémon_Omega_Ruby_Alpha_Sapphire_Dual_Pack_Nintendo_3DS_Elastic_hard.csv,810,"End-effector lifting the object, using strong force, causing hard-deformation, with increasing force."
/home/mdxuser/Genesis/main/data/picked_up_4/csv/Pokémon_Omega_Ruby_Alpha_Sapphire_Dual_Pack_Nintendo_3DS/Elastic/hard/Pokémon_Omega_Ruby_Alpha_Sapphire_Dual_Pack_Nintendo_3DS_Elastic_hard.csv,1080,"End-effector rotating the object, by an angle of 30.0 degrees, using strong force, causing hard-deformation, with constant force."
/home/mdxuser/Genesis/main/data/picked_up_4/csv/Pokémon_Omega_Ruby_Alpha_Sapphire_Dual_Pack_Nintendo_3DS/Elastic/hard/Pokémon_Omega_Ruby_Alpha_Sapphire_Dual_Pack_Nintendo_3DS_Elastic_hard.csv,1350,"End-effector continue rotating the object, by an angle of 30.0 degrees, using strong force, causing hard-deformation, with constant force."
/home/mdxuser/Genesis/main/data/picked_up_4/csv/Pokémon_Omega_Ruby_Alpha_Sapphire_Dual_Pack_Nintendo_3DS/Elastic/hard/Pokémon_Omega_Ruby_Alpha_Sapphire_Dual_Pack_Nintendo_3DS_Elastic_hard.csv,1620,"End-effector holding position of the object, maintaining a stable hold, using strong force, causing hard-deformation."
/home/mdxuser/Genesis/main/data/picked_up_4/csv/Pokémon_Omega_Ruby_Alpha_Sapphire_Dual_Pack_Nintendo_3DS/Elastic/hard/Pokémon_Omega_Ruby_Alpha_Sapphire_Dual_Pack_Nintendo_3DS_Elastic_hard.csv,1890,"End-effector rotating the object, by an angle of 45.0 degrees, using strong force, causing hard-deformation, with constant force."
/home/mdxuser/Genesis/main/data/picked_up_4/csv/Pokémon_Omega_Ruby_Alpha_Sapphire_Dual_Pack_Nintendo_3DS/Elastic/hard/Pokémon_Omega_Ruby_Alpha_Sapphire_Dual_Pack_Nintendo_3DS_Elastic_hard.csv,2160,"End-effector continue rotating the object, by an angle of 45.0 degrees, using strong force, causing hard-deformation, with constant force."
/home/mdxuser/Genesis/main/data/picked_up_4/csv/Pokémon_Omega_Ruby_Alpha_Sapphire_Dual_Pack_Nintendo_3DS/Elastic/hard/Pokémon_Omega_Ruby_Alpha_Sapphire_Dual_Pack_Nintendo_3DS_Elastic_hard.csv,2430,The object has been dropped.
/home/mdxuser/Genesis/main/data/picked_up_4/csv/Pokémon_Omega_Ruby_Alpha_Sapphire_Dual_Pack_Nintendo_3DS/Elastic/hard/Pokémon_Omega_Ruby_Alpha_Sapphire_Dual_Pack_Nintendo_3DS_Elastic_hard.csv,2700,The object has been dropped.
/home/mdxuser/Genesis/main/data/picked_up_4/csv/Down_To_Earth_Orchid_Pot_Ceramic_Red/Elastic/soft/Down_To_Earth_Orchid_Pot_Ceramic_Red_Elastic_soft.csv,0,"End-effector start towards the object, to begin the task."
/home/mdxuser/Genesis/main/data/picked_up_4/csv/Down_To_Earth_Orchid_Pot_Ceramic_Red/Elastic/soft/Down_To_Earth_Orchid_Pot_Ceramic_Red_Elastic_soft.csv,270,"End-effector grasping the object, using gentle force, causing soft-deformation, with increasing force."
/home/mdxuser/Genesis/main/data/picked_up_4/csv/Down_To_Earth_Orchid_Pot_Ceramic_Red/Elastic/soft/Down_To_Earth_Orchid_Pot_Ceramic_Red_Elastic_soft.csv,540,"End-effector continue grasping the object, using gentle force, causing soft-deformation, with increasing force."
/home/mdxuser/Genesis/main/data/picked_up_4/csv/Down_To_Earth_Orchid_Pot_Ceramic_Red/Elastic/soft/Down_To_Earth_Orchid_Pot_Ceramic_Red_Elastic_soft.csv,810,"End-effector lifting the object, using gentle force, causing soft-deformation, with increasing force."
/home/mdxuser/Genesis/main/data/picked_up_4/csv/Down_To_Earth_Orchid_Pot_Ceramic_Red/Elastic/soft/Down_To_Earth_Orchid_Pot_Ceramic_Red_Elastic_soft.csv,1080,"End-effector rotating the object, by an angle of 45.0 degrees, using gentle force, causing soft-deformation, with constant force."
/home/mdxuser/Genesis/main/data/picked_up_4/csv/Down_To_Earth_Orchid_Pot_Ceramic_Red/Elastic/soft/Down_To_Earth_Orchid_Pot_Ceramic_Red_Elastic_soft.csv,1350,"End-effector holding position of the object, maintaining a stable hold, using gentle force, causing soft-deformation."
/home/mdxuser/Genesis/main/data/picked_up_4/csv/Down_To_Earth_Orchid_Pot_Ceramic_Red/Elastic/soft/Down_To_Earth_Orchid_Pot_Ceramic_Red_Elastic_soft.csv,1620,"End-effector continue holding position of the object, maintaining a stable hold, using gentle force, causing soft-deformation."
/home/mdxuser/Genesis/main/data/picked_up_4/csv/Down_To_Earth_Orchid_Pot_Ceramic_Red/Elastic/soft/Down_To_Earth_Orchid_Pot_Ceramic_Red_Elastic_soft.csv,1890,The object has been dropped.
/home/mdxuser/Genesis/main/data/picked_up_4/csv/Down_To_Earth_Orchid_Pot_Ceramic_Red/Elastic/soft/Down_To_Earth_Orchid_Pot_Ceramic_Red_Elastic_soft.csv,2160,The object has been dropped.
/home/mdxuser/Genesis/main/data/picked_up_4/csv/Down_To_Earth_Orchid_Pot_Ceramic_Red/Elastic/soft/Down_To_Earth_Orchid_Pot_Ceramic_Red_Elastic_soft.csv,2430,The object has been dropped.
/home/mdxuser/Genesis/main/data/picked_up_4/csv/Down_To_Earth_Orchid_Pot_Ceramic_Red/Elastic/soft/Down_To_Earth_Orchid_Pot_Ceramic_Red_Elastic_soft.csv,2700,The object has been dropped.
/home/mdxuser/Genesis/main/data/picked_up_4/csv/Crayola_Model_Magic_Modeling_Material_Single_Packs_6_pack_05_oz_packs/Elastic/hard/Crayola_Model_Magic_Modeling_Material_Single_Packs_6_pack_05_oz_packs_Elastic_hard.csv,0,"End-effector start towards the object, to begin the task."
/home/mdxuser/Genesis/main/data/picked_up_4/csv/Crayola_Model_Magic_Modeling_Material_Single_Packs_6_pack_05_oz_packs/Elastic/hard/Crayola_Model_Magic_Modeling_Material_Single_Packs_6_pack_05_oz_packs_Elastic_hard.csv,270,"End-effector grasping the object, using strong force, causing hard-deformation, with increasing force."
/home/mdxuser/Genesis/main/data/picked_up_4/csv/Crayola_Model_Magic_Modeling_Material_Single_Packs_6_pack_05_oz_packs/Elastic/hard/Crayola_Model_Magic_Modeling_Material_Single_Packs_6_pack_05_oz_packs_Elastic_hard.csv,540,"End-effector continue grasping the object, using strong force, causing hard-deformation, with increasing force."
/home/mdxuser/Genesis/main/data/picked_up_4/csv/Crayola_Model_Magic_Modeling_Material_Single_Packs_6_pack_05_oz_packs/Elastic/hard/Crayola_Model_Magic_Modeling_Material_Single_Packs_6_pack_05_oz_packs_Elastic_hard.csv,810,"End-effector lifting the object, using strong force, causing hard-deformation, with increasing force."
/home/mdxuser/Genesis/main/data/picked_up_4/csv/Crayola_Model_Magic_Modeling_Material_Single_Packs_6_pack_05_oz_packs/Elastic/hard/Crayola_Model_Magic_Modeling_Material_Single_Packs_6_pack_05_oz_packs_Elastic_hard.csv,1080,"End-effector rotating the object, by an angle of 45.0 degrees, using strong force, causing hard-deformation, with constant force."
/home/mdxuser/Genesis/main/data/picked_up_4/csv/Crayola_Model_Magic_Modeling_Material_Single_Packs_6_pack_05_oz_packs/Elastic/hard/Crayola_Model_Magic_Modeling_Material_Single_Packs_6_pack_05_oz_packs_Elastic_hard.csv,1350,The object has been dropped.
/home/mdxuser/Genesis/main/data/picked_up_4/csv/Crayola_Model_Magic_Modeling_Material_Single_Packs_6_pack_05_oz_packs/Elastic/hard/Crayola_Model_Magic_Modeling_Material_Single_Packs_6_pack_05_oz_packs_Elastic_hard.csv,1620,The object has been dropped.
/home/mdxuser/Genesis/main/data/picked_up_4/csv/Crayola_Model_Magic_Modeling_Material_Single_Packs_6_pack_05_oz_packs/Elastic/hard/Crayola_Model_Magic_Modeling_Material_Single_Packs_6_pack_05_oz_packs_Elastic_hard.csv,1890,The object has been dropped.
/home/mdxuser/Genesis/main/data/picked_up_4/csv/Crayola_Model_Magic_Modeling_Material_Single_Packs_6_pack_05_oz_packs/Elastic/hard/Crayola_Model_Magic_Modeling_Material_Single_Packs_6_pack_05_oz_packs_Elastic_hard.csv,2160,The object has been dropped.
/home/mdxuser/Genesis/main/data/picked_up_4/csv/Crayola_Model_Magic_Modeling_Material_Single_Packs_6_pack_05_oz_packs/Elastic/hard/Crayola_Model_Magic_Modeling_Material_Single_Packs_6_pack_05_oz_packs_Elastic_hard.csv,2430,The object has been dropped.
/home/mdxuser/Genesis/main/data/picked_up_4/csv/Crayola_Model_Magic_Modeling_Material_Single_Packs_6_pack_05_oz_packs/Elastic/hard/Crayola_Model_Magic_Modeling_Material_Single_Packs_6_pack_05_oz_packs_Elastic_hard.csv,2700,The object has been dropped.
/home/mdxuser/Genesis/main/data/picked_up_4/csv/Brother_LC_1053PKS_Ink_Cartridge_CyanMagentaYellow_1pack/Elastic/hard/Brother_LC_1053PKS_Ink_Cartridge_CyanMagentaYellow_1pack_Elastic_hard.csv,0,"End-effector start towards the object, to begin the task."
/home/mdxuser/Genesis/main/data/picked_up_4/csv/Brother_LC_1053PKS_Ink_Cartridge_CyanMagentaYellow_1pack/Elastic/hard/Brother_LC_1053PKS_Ink_Cartridge_CyanMagentaYellow_1pack_Elastic_hard.csv,270,"End-effector grasping the object, using strong force, causing hard-deformation, with increasing force."
/home/mdxuser/Genesis/main/data/picked_up_4/csv/Brother_LC_1053PKS_Ink_Cartridge_CyanMagentaYellow_1pack/Elastic/hard/Brother_LC_1053PKS_Ink_Cartridge_CyanMagentaYellow_1pack_Elastic_hard.csv,540,"End-effector continue grasping the object, using strong force, causing hard-deformation, with increasing force."
/home/mdxuser/Genesis/main/data/picked_up_4/csv/Brother_LC_1053PKS_Ink_Cartridge_CyanMagentaYellow_1pack/Elastic/hard/Brother_LC_1053PKS_Ink_Cartridge_CyanMagentaYellow_1pack_Elastic_hard.csv,810,"End-effector lifting the object, using strong force, causing hard-deformation, with increasing force."
/home/mdxuser/Genesis/main/data/picked_up_4/csv/Brother_LC_1053PKS_Ink_Cartridge_CyanMagentaYellow_1pack/Elastic/hard/Brother_LC_1053PKS_Ink_Cartridge_CyanMagentaYellow_1pack_Elastic_hard.csv,1080,"End-effector rotating the object, by an angle of 30.0 degrees, using strong force, causing hard-deformation, with constant force."
/home/mdxuser/Genesis/main/data/picked_up_4/csv/Brother_LC_1053PKS_Ink_Cartridge_CyanMagentaYellow_1pack/Elastic/hard/Brother_LC_1053PKS_Ink_Cartridge_CyanMagentaYellow_1pack_Elastic_hard.csv,1350,"End-effector continue rotating the object, by an angle of 30.0 degrees, using strong force, causing hard-deformation, with constant force."
/home/mdxuser/Genesis/main/data/picked_up_4/csv/Brother_LC_1053PKS_Ink_Cartridge_CyanMagentaYellow_1pack/Elastic/hard/Brother_LC_1053PKS_Ink_Cartridge_CyanMagentaYellow_1pack_Elastic_hard.csv,1620,"End-effector holding position of the object, maintaining a stable hold, using strong force, causing hard-deformation."
/home/mdxuser/Genesis/main/data/picked_up_4/csv/Brother_LC_1053PKS_Ink_Cartridge_CyanMagentaYellow_1pack/Elastic/hard/Brother_LC_1053PKS_Ink_Cartridge_CyanMagentaYellow_1pack_Elastic_hard.csv,1890,"End-effector rotating the object, by an angle of 45.0 degrees, using strong force, causing hard-deformation, with constant force."
/home/mdxuser/Genesis/main/data/picked_up_4/csv/Brother_LC_1053PKS_Ink_Cartridge_CyanMagentaYellow_1pack/Elastic/hard/Brother_LC_1053PKS_Ink_Cartridge_CyanMagentaYellow_1pack_Elastic_hard.csv,2160,"End-effector holding position of the object, maintaining a stable hold, using strong force, causing hard-deformation."
/home/mdxuser/Genesis/main/data/picked_up_4/csv/Brother_LC_1053PKS_Ink_Cartridge_CyanMagentaYellow_1pack/Elastic/hard/Brother_LC_1053PKS_Ink_Cartridge_CyanMagentaYellow_1pack_Elastic_hard.csv,2430,"End-effector continue holding position of the object, maintaining a stable hold, using strong force, causing hard-deformation."
/home/mdxuser/Genesis/main/data/picked_up_4/csv/Brother_LC_1053PKS_Ink_Cartridge_CyanMagentaYellow_1pack/Elastic/hard/Brother_LC_1053PKS_Ink_Cartridge_CyanMagentaYellow_1pack_Elastic_hard.csv,2700,"End-effector stopping the object, using zero-force, causing undeformed shape."
/home/mdxuser/Genesis/main/data/picked_up_4/csv/CONE_SORTING/Elastic/medium/CONE_SORTING_Elastic_medium.csv,0,"End-effector start towards the object, to begin the task."
/home/mdxuser/Genesis/main/data/picked_up_4/csv/CONE_SORTING/Elastic/medium/CONE_SORTING_Elastic_medium.csv,270,"End-effector grasping the object, using moderate force, causing medium-deformation, with increasing force."
/home/mdxuser/Genesis/main/data/picked_up_4/csv/CONE_SORTING/Elastic/medium/CONE_SORTING_Elastic_medium.csv,540,"End-effector continue grasping the object, using moderate force, causing medium-deformation, with increasing force."
/home/mdxuser/Genesis/main/data/picked_up_4/csv/CONE_SORTING/Elastic/medium/CONE_SORTING_Elastic_medium.csv,810,"End-effector lifting the object, using moderate force, causing medium-deformation, with increasing force."
/home/mdxuser/Genesis/main/data/picked_up_4/csv/CONE_SORTING/Elastic/medium/CONE_SORTING_Elastic_medium.csv,1080,"End-effector rotating the object, by an angle of 30.0 degrees, using moderate force, causing medium-deformation, with constant force."
/home/mdxuser/Genesis/main/data/picked_up_4/csv/CONE_SORTING/Elastic/medium/CONE_SORTING_Elastic_medium.csv,1350,"End-effector continue rotating the object, by an angle of 30.0 degrees, using moderate force, causing medium-deformation, with constant force."
/home/mdxuser/Genesis/main/data/picked_up_4/csv/CONE_SORTING/Elastic/medium/CONE_SORTING_Elastic_medium.csv,1620,The object has been dropped.
/home/mdxuser/Genesis/main/data/picked_up_4/csv/CONE_SORTING/Elastic/medium/CONE_SORTING_Elastic_medium.csv,1890,The object has been dropped.
/home/mdxuser/Genesis/main/data/picked_up_4/csv/CONE_SORTING/Elastic/medium/CONE_SORTING_Elastic_medium.csv,2160,The object has been dropped.
/home/mdxuser/Genesis/main/data/picked_up_4/csv/CONE_SORTING/Elastic/medium/CONE_SORTING_Elastic_medium.csv,2430,The object has been dropped.
/home/mdxuser/Genesis/main/data/picked_up_4/csv/CONE_SORTING/Elastic/medium/CONE_SORTING_Elastic_medium.csv,2700,The object has been dropped.
/home/mdxuser/Genesis/main/data/picked_up_4/csv/50_BLOCKS/Elastic/hard/50_BLOCKS_Elastic_hard.csv,0,"End-effector start towards the object, to begin the task."
/home/mdxuser/Genesis/main/data/picked_up_4/csv/50_BLOCKS/Elastic/hard/50_BLOCKS_Elastic_hard.csv,270,"End-effector grasping the object, using strong force, causing hard-deformation, with increasing force."
/home/mdxuser/Genesis/main/data/picked_up_4/csv/50_BLOCKS/Elastic/hard/50_BLOCKS_Elastic_hard.csv,540,"End-effector continue grasping the object, using strong force, causing hard-deformation, with increasing force."
/home/mdxuser/Genesis/main/data/picked_up_4/csv/50_BLOCKS/Elastic/hard/50_BLOCKS_Elastic_hard.csv,810,"End-effector lifting the object, using strong force, causing hard-deformation, with increasing force."
/home/mdxuser/Genesis/main/data/picked_up_4/csv/50_BLOCKS/Elastic/hard/50_BLOCKS_Elastic_hard.csv,1080,"End-effector rotating the object, by an angle of 45.0 degrees, using strong force, causing hard-deformation, with constant force."
/home/mdxuser/Genesis/main/data/picked_up_4/csv/50_BLOCKS/Elastic/hard/50_BLOCKS_Elastic_hard.csv,1350,"End-effector continue rotating the object, by an angle of 45.0 degrees, using strong force, causing hard-deformation, with constant force."
/home/mdxuser/Genesis/main/data/picked_up_4/csv/50_BLOCKS/Elastic/hard/50_BLOCKS_Elastic_hard.csv,1620,"End-effector holding position of the object, maintaining a stable hold, using strong force, causing hard-deformation."
/home/mdxuser/Genesis/main/data/picked_up_4/csv/50_BLOCKS/Elastic/hard/50_BLOCKS_Elastic_hard.csv,1890,"End-effector rotating the object, by an angle of 30.0 degrees, using strong force, causing hard-deformation, with constant force."
/home/mdxuser/Genesis/main/data/picked_up_4/csv/50_BLOCKS/Elastic/hard/50_BLOCKS_Elastic_hard.csv,2160,"End-effector continue rotating the object, by an angle of 30.0 degrees, using strong force, causing hard-deformation, with constant force."
/home/mdxuser/Genesis/main/data/picked_up_4/csv/50_BLOCKS/Elastic/hard/50_BLOCKS_Elastic_hard.csv,2430,"End-effector holding position of the object, maintaining a stable hold, using strong force, causing hard-deformation."
/home/mdxuser/Genesis/main/data/picked_up_4/csv/50_BLOCKS/Elastic/hard/50_BLOCKS_Elastic_hard.csv,2700,"End-effector stopping the object, using zero-force, causing undeformed shape."
/home/mdxuser/Genesis/main/data/picked_up_4/csv/AllergenFree_JarroDophilus/Elastic/medium/AllergenFree_JarroDophilus_Elastic_medium.csv,0,"End-effector start towards the object, to begin the task."
/home/mdxuser/Genesis/main/data/picked_up_4/csv/AllergenFree_JarroDophilus/Elastic/medium/AllergenFree_JarroDophilus_Elastic_medium.csv,270,"End-effector grasping the object, using moderate force, causing medium-deformation, with increasing force."
/home/mdxuser/Genesis/main/data/picked_up_4/csv/AllergenFree_JarroDophilus/Elastic/medium/AllergenFree_JarroDophilus_Elastic_medium.csv,540,"End-effector continue grasping the object, using moderate force, causing medium-deformation, with increasing force."
/home/mdxuser/Genesis/main/data/picked_up_4/csv/AllergenFree_JarroDophilus/Elastic/medium/AllergenFree_JarroDophilus_Elastic_medium.csv,810,"End-effector lifting the object, using moderate force, causing medium-deformation, with increasing force."
/home/mdxuser/Genesis/main/data/picked_up_4/csv/AllergenFree_JarroDophilus/Elastic/medium/AllergenFree_JarroDophilus_Elastic_medium.csv,1080,"End-effector rotating the object, by an angle of 30.0 degrees, using moderate force, causing medium-deformation, with constant force."
/home/mdxuser/Genesis/main/data/picked_up_4/csv/AllergenFree_JarroDophilus/Elastic/medium/AllergenFree_JarroDophilus_Elastic_medium.csv,1350,"End-effector continue rotating the object, by an angle of 30.0 degrees, using moderate force, causing medium-deformation, with constant force."
/home/mdxuser/Genesis/main/data/picked_up_4/csv/AllergenFree_JarroDophilus/Elastic/medium/AllergenFree_JarroDophilus_Elastic_medium.csv,1620,"End-effector holding position of the object, maintaining a stable hold, using moderate force, causing medium-deformation."
/home/mdxuser/Genesis/main/data/picked_up_4/csv/AllergenFree_JarroDophilus/Elastic/medium/AllergenFree_JarroDophilus_Elastic_medium.csv,1890,"End-effector rotating the object, by an angle of 30.0 degrees, using moderate force, causing medium-deformation, with constant force."
/home/mdxuser/Genesis/main/data/picked_up_4/csv/AllergenFree_JarroDophilus/Elastic/medium/AllergenFree_JarroDophilus_Elastic_medium.csv,2160,"End-effector continue rotating the object, by an angle of 30.0 degrees, using moderate force, causing medium-deformation, with constant force."
/home/mdxuser/Genesis/main/data/picked_up_4/csv/AllergenFree_JarroDophilus/Elastic/medium/AllergenFree_JarroDophilus_Elastic_medium.csv,2430,"End-effector holding position of the object, maintaining a stable hold, using moderate force, causing medium-deformation."
/home/mdxuser/Genesis/main/data/picked_up_4/csv/AllergenFree_JarroDophilus/Elastic/medium/AllergenFree_JarroDophilus_Elastic_medium.csv,2700,"End-effector stopping the object, using zero-force, causing undeformed shape."
/home/mdxuser/Genesis/main/data/picked_up_4/csv/Android_Figure_Orange/Elastic/hard/Android_Figure_Orange_Elastic_hard.csv,0,"End-effector start towards the object, to begin the task."
/home/mdxuser/Genesis/main/data/picked_up_4/csv/Android_Figure_Orange/Elastic/hard/Android_Figure_Orange_Elastic_hard.csv,270,"End-effector grasping the object, using strong force, causing hard-deformation, with increasing force."
/home/mdxuser/Genesis/main/data/picked_up_4/csv/Android_Figure_Orange/Elastic/hard/Android_Figure_Orange_Elastic_hard.csv,540,"End-effector continue grasping the object, using strong force, causing hard-deformation, with increasing force."
/home/mdxuser/Genesis/main/data/picked_up_4/csv/Android_Figure_Orange/Elastic/hard/Android_Figure_Orange_Elastic_hard.csv,810,"End-effector lifting the object, using strong force, causing hard-deformation, with increasing force."
/home/mdxuser/Genesis/main/data/picked_up_4/csv/Android_Figure_Orange/Elastic/hard/Android_Figure_Orange_Elastic_hard.csv,1080,"End-effector rotating the object, by an angle of 45.0 degrees, using strong force, causing hard-deformation, with constant force."
/home/mdxuser/Genesis/main/data/picked_up_4/csv/Android_Figure_Orange/Elastic/hard/Android_Figure_Orange_Elastic_hard.csv,1350,"End-effector continue rotating the object, by an angle of 45.0 degrees, using strong force, causing hard-deformation, with constant force."
/home/mdxuser/Genesis/main/data/picked_up_4/csv/Android_Figure_Orange/Elastic/hard/Android_Figure_Orange_Elastic_hard.csv,1620,"End-effector holding position of the object, maintaining a stable hold, using strong force, causing hard-deformation."
/home/mdxuser/Genesis/main/data/picked_up_4/csv/Android_Figure_Orange/Elastic/hard/Android_Figure_Orange_Elastic_hard.csv,1890,"End-effector rotating the object, by an angle of 30.0 degrees, using strong force, causing hard-deformation, with constant force."
/home/mdxuser/Genesis/main/data/picked_up_4/csv/Android_Figure_Orange/Elastic/hard/Android_Figure_Orange_Elastic_hard.csv,2160,"End-effector continue rotating the object, by an angle of 30.0 degrees, using strong force, causing hard-deformation, with constant force."
/home/mdxuser/Genesis/main/data/picked_up_4/csv/Android_Figure_Orange/Elastic/hard/Android_Figure_Orange_Elastic_hard.csv,2430,"End-effector holding position of the object, maintaining a stable hold, using strong force, causing hard-deformation."
/home/mdxuser/Genesis/main/data/picked_up_4/csv/Android_Figure_Orange/Elastic/hard/Android_Figure_Orange_Elastic_hard.csv,2700,"End-effector stopping the object, using zero-force, causing undeformed shape."
/home/mdxuser/Genesis/main/data/picked_up_4/csv/3D_Dollhouse_Swing/Elastic/medium/3D_Dollhouse_Swing_Elastic_medium.csv,0,"End-effector start towards the object, to begin the task."
/home/mdxuser/Genesis/main/data/picked_up_4/csv/3D_Dollhouse_Swing/Elastic/medium/3D_Dollhouse_Swing_Elastic_medium.csv,270,"End-effector grasping the object, using moderate force, causing medium-deformation, with increasing force."
/home/mdxuser/Genesis/main/data/picked_up_4/csv/3D_Dollhouse_Swing/Elastic/medium/3D_Dollhouse_Swing_Elastic_medium.csv,540,"End-effector continue grasping the object, using moderate force, causing medium-deformation, with increasing force."
/home/mdxuser/Genesis/main/data/picked_up_4/csv/3D_Dollhouse_Swing/Elastic/medium/3D_Dollhouse_Swing_Elastic_medium.csv,810,"End-effector lifting the object, using moderate force, causing medium-deformation, with increasing force."
/home/mdxuser/Genesis/main/data/picked_up_4/csv/3D_Dollhouse_Swing/Elastic/medium/3D_Dollhouse_Swing_Elastic_medium.csv,1080,"End-effector rotating the object, by an angle of 45.0 degrees, using moderate force, causing medium-deformation, with constant force."
/home/mdxuser/Genesis/main/data/picked_up_4/csv/3D_Dollhouse_Swing/Elastic/medium/3D_Dollhouse_Swing_Elastic_medium.csv,1350,"End-effector continue rotating the object, by an angle of 45.0 degrees, using moderate force, causing medium-deformation, with constant force."
/home/mdxuser/Genesis/main/data/picked_up_4/csv/3D_Dollhouse_Swing/Elastic/medium/3D_Dollhouse_Swing_Elastic_medium.csv,1620,The object has been dropped.
/home/mdxuser/Genesis/main/data/picked_up_4/csv/3D_Dollhouse_Swing/Elastic/medium/3D_Dollhouse_Swing_Elastic_medium.csv,1890,The object has been dropped.
/home/mdxuser/Genesis/main/data/picked_up_4/csv/3D_Dollhouse_Swing/Elastic/medium/3D_Dollhouse_Swing_Elastic_medium.csv,2160,The object has been dropped.
/home/mdxuser/Genesis/main/data/picked_up_4/csv/3D_Dollhouse_Swing/Elastic/medium/3D_Dollhouse_Swing_Elastic_medium.csv,2430,The object has been dropped.
/home/mdxuser/Genesis/main/data/picked_up_4/csv/3D_Dollhouse_Swing/Elastic/medium/3D_Dollhouse_Swing_Elastic_medium.csv,2700,The object has been dropped.
/home/mdxuser/Genesis/main/data/picked_up_4/csv/Beyonc_Life_is_But_a_Dream_DVD/Elastic/hard/Beyonc_Life_is_But_a_Dream_DVD_Elastic_hard.csv,0,"End-effector start towards the object, to begin the task."
/home/mdxuser/Genesis/main/data/picked_up_4/csv/Beyonc_Life_is_But_a_Dream_DVD/Elastic/hard/Beyonc_Life_is_But_a_Dream_DVD_Elastic_hard.csv,270,"End-effector grasping the object, using strong force, causing hard-deformation, with increasing force."
/home/mdxuser/Genesis/main/data/picked_up_4/csv/Beyonc_Life_is_But_a_Dream_DVD/Elastic/hard/Beyonc_Life_is_But_a_Dream_DVD_Elastic_hard.csv,540,"End-effector continue grasping the object, using strong force, causing hard-deformation, with increasing force."
/home/mdxuser/Genesis/main/data/picked_up_4/csv/Beyonc_Life_is_But_a_Dream_DVD/Elastic/hard/Beyonc_Life_is_But_a_Dream_DVD_Elastic_hard.csv,810,"End-effector lifting the object, using strong force, causing hard-deformation, with increasing force."
/home/mdxuser/Genesis/main/data/picked_up_4/csv/Beyonc_Life_is_But_a_Dream_DVD/Elastic/hard/Beyonc_Life_is_But_a_Dream_DVD_Elastic_hard.csv,1080,"End-effector rotating the object, by an angle of 45.0 degrees, using strong force, causing hard-deformation, with constant force."
/home/mdxuser/Genesis/main/data/picked_up_4/csv/Beyonc_Life_is_But_a_Dream_DVD/Elastic/hard/Beyonc_Life_is_But_a_Dream_DVD_Elastic_hard.csv,1350,The object has been dropped.
/home/mdxuser/Genesis/main/data/picked_up_4/csv/Beyonc_Life_is_But_a_Dream_DVD/Elastic/hard/Beyonc_Life_is_But_a_Dream_DVD_Elastic_hard.csv,1620,The object has been dropped.
/home/mdxuser/Genesis/main/data/picked_up_4/csv/Beyonc_Life_is_But_a_Dream_DVD/Elastic/hard/Beyonc_Life_is_But_a_Dream_DVD_Elastic_hard.csv,1890,The object has been dropped.
/home/mdxuser/Genesis/main/data/picked_up_4/csv/Beyonc_Life_is_But_a_Dream_DVD/Elastic/hard/Beyonc_Life_is_But_a_Dream_DVD_Elastic_hard.csv,2160,The object has been dropped.
/home/mdxuser/Genesis/main/data/picked_up_4/csv/Beyonc_Life_is_But_a_Dream_DVD/Elastic/hard/Beyonc_Life_is_But_a_Dream_DVD_Elastic_hard.csv,2430,The object has been dropped.
/home/mdxuser/Genesis/main/data/picked_up_4/csv/Beyonc_Life_is_But_a_Dream_DVD/Elastic/hard/Beyonc_Life_is_But_a_Dream_DVD_Elastic_hard.csv,2700,The object has been dropped.
/home/mdxuser/Genesis/main/data/picked_up_4/csv/DRAGON_W/Elastic/medium/DRAGON_W_Elastic_medium.csv,0,"End-effector start towards the object, to begin the task."
/home/mdxuser/Genesis/main/data/picked_up_4/csv/DRAGON_W/Elastic/medium/DRAGON_W_Elastic_medium.csv,270,"End-effector grasping the object, using moderate force, causing medium-deformation, with increasing force."
/home/mdxuser/Genesis/main/data/picked_up_4/csv/DRAGON_W/Elastic/medium/DRAGON_W_Elastic_medium.csv,540,"End-effector continue grasping the object, using moderate force, causing medium-deformation, with increasing force."
/home/mdxuser/Genesis/main/data/picked_up_4/csv/DRAGON_W/Elastic/medium/DRAGON_W_Elastic_medium.csv,810,"End-effector lifting the object, using moderate force, causing medium-deformation, with increasing force."
/home/mdxuser/Genesis/main/data/picked_up_4/csv/DRAGON_W/Elastic/medium/DRAGON_W_Elastic_medium.csv,1080,"End-effector rotating the object, by an angle of 45.0 degrees, using moderate force, causing medium-deformation, with constant force."
/home/mdxuser/Genesis/main/data/picked_up_4/csv/DRAGON_W/Elastic/medium/DRAGON_W_Elastic_medium.csv,1350,"End-effector continue rotating the object, by an angle of 45.0 degrees, using moderate force, causing medium-deformation, with constant force."
/home/mdxuser/Genesis/main/data/picked_up_4/csv/DRAGON_W/Elastic/medium/DRAGON_W_Elastic_medium.csv,1620,The object has been dropped.
/home/mdxuser/Genesis/main/data/picked_up_4/csv/DRAGON_W/Elastic/medium/DRAGON_W_Elastic_medium.csv,1890,The object has been dropped.
/home/mdxuser/Genesis/main/data/picked_up_4/csv/DRAGON_W/Elastic/medium/DRAGON_W_Elastic_medium.csv,2160,The object has been dropped.
/home/mdxuser/Genesis/main/data/picked_up_4/csv/DRAGON_W/Elastic/medium/DRAGON_W_Elastic_medium.csv,2430,The object has been dropped.
/home/mdxuser/Genesis/main/data/picked_up_4/csv/DRAGON_W/Elastic/medium/DRAGON_W_Elastic_medium.csv,2700,The object has been dropped.
/home/mdxuser/Genesis/main/data/picked_up_4/csv/Dell_Series_9_Color_Ink_Cartridge_MK993_High_Yield/Elastic/medium/Dell_Series_9_Color_Ink_Cartridge_MK993_High_Yield_Elastic_medium.csv,0,"End-effector start towards the object, to begin the task."
/home/mdxuser/Genesis/main/data/picked_up_4/csv/Dell_Series_9_Color_Ink_Cartridge_MK993_High_Yield/Elastic/medium/Dell_Series_9_Color_Ink_Cartridge_MK993_High_Yield_Elastic_medium.csv,270,"End-effector grasping the object, using moderate force, causing medium-deformation, with increasing force."
/home/mdxuser/Genesis/main/data/picked_up_4/csv/Dell_Series_9_Color_Ink_Cartridge_MK993_High_Yield/Elastic/medium/Dell_Series_9_Color_Ink_Cartridge_MK993_High_Yield_Elastic_medium.csv,540,"End-effector continue grasping the object, using moderate force, causing medium-deformation, with increasing force."
/home/mdxuser/Genesis/main/data/picked_up_4/csv/Dell_Series_9_Color_Ink_Cartridge_MK993_High_Yield/Elastic/medium/Dell_Series_9_Color_Ink_Cartridge_MK993_High_Yield_Elastic_medium.csv,810,"End-effector lifting the object, using moderate force, causing medium-deformation, with increasing force."
/home/mdxuser/Genesis/main/data/picked_up_4/csv/Dell_Series_9_Color_Ink_Cartridge_MK993_High_Yield/Elastic/medium/Dell_Series_9_Color_Ink_Cartridge_MK993_High_Yield_Elastic_medium.csv,1080,"End-effector rotating the object, by an angle of 30.0 degrees, using moderate force, causing medium-deformation, with constant force."
/home/mdxuser/Genesis/main/data/picked_up_4/csv/Dell_Series_9_Color_Ink_Cartridge_MK993_High_Yield/Elastic/medium/Dell_Series_9_Color_Ink_Cartridge_MK993_High_Yield_Elastic_medium.csv,1350,"End-effector continue rotating the object, by an angle of 30.0 degrees, using moderate force, causing medium-deformation, with constant force."
/home/mdxuser/Genesis/main/data/picked_up_4/csv/Dell_Series_9_Color_Ink_Cartridge_MK993_High_Yield/Elastic/medium/Dell_Series_9_Color_Ink_Cartridge_MK993_High_Yield_Elastic_medium.csv,1620,The object has been dropped.
/home/mdxuser/Genesis/main/data/picked_up_4/csv/Dell_Series_9_Color_Ink_Cartridge_MK993_High_Yield/Elastic/medium/Dell_Series_9_Color_Ink_Cartridge_MK993_High_Yield_Elastic_medium.csv,1890,The object has been dropped.
/home/mdxuser/Genesis/main/data/picked_up_4/csv/Dell_Series_9_Color_Ink_Cartridge_MK993_High_Yield/Elastic/medium/Dell_Series_9_Color_Ink_Cartridge_MK993_High_Yield_Elastic_medium.csv,2160,The object has been dropped.
/home/mdxuser/Genesis/main/data/picked_up_4/csv/Dell_Series_9_Color_Ink_Cartridge_MK993_High_Yield/Elastic/medium/Dell_Series_9_Color_Ink_Cartridge_MK993_High_Yield_Elastic_medium.csv,2430,The object has been dropped.
/home/mdxuser/Genesis/main/data/picked_up_4/csv/Dell_Series_9_Color_Ink_Cartridge_MK993_High_Yield/Elastic/medium/Dell_Series_9_Color_Ink_Cartridge_MK993_High_Yield_Elastic_medium.csv,2700,The object has been dropped.
/home/mdxuser/Genesis/main/data/picked_up_4/csv/COAST_GUARD_BOAT/Elastic/hard/COAST_GUARD_BOAT_Elastic_hard.csv,0,"End-effector start towards the object, to begin the task."
/home/mdxuser/Genesis/main/data/picked_up_4/csv/COAST_GUARD_BOAT/Elastic/hard/COAST_GUARD_BOAT_Elastic_hard.csv,270,"End-effector grasping the object, using strong force, causing hard-deformation, with increasing force."
/home/mdxuser/Genesis/main/data/picked_up_4/csv/COAST_GUARD_BOAT/Elastic/hard/COAST_GUARD_BOAT_Elastic_hard.csv,540,"End-effector continue grasping the object, using strong force, causing hard-deformation, with increasing force."
/home/mdxuser/Genesis/main/data/picked_up_4/csv/COAST_GUARD_BOAT/Elastic/hard/COAST_GUARD_BOAT_Elastic_hard.csv,810,"End-effector lifting the object, using strong force, causing hard-deformation, with increasing force."
/home/mdxuser/Genesis/main/data/picked_up_4/csv/COAST_GUARD_BOAT/Elastic/hard/COAST_GUARD_BOAT_Elastic_hard.csv,1080,"End-effector rotating the object, by an angle of 30.0 degrees, using strong force, causing hard-deformation, with constant force."
/home/mdxuser/Genesis/main/data/picked_up_4/csv/COAST_GUARD_BOAT/Elastic/hard/COAST_GUARD_BOAT_Elastic_hard.csv,1350,"End-effector continue rotating the object, by an angle of 30.0 degrees, using strong force, causing hard-deformation, with constant force."
/home/mdxuser/Genesis/main/data/picked_up_4/csv/COAST_GUARD_BOAT/Elastic/hard/COAST_GUARD_BOAT_Elastic_hard.csv,1620,"End-effector holding position of the object, maintaining a stable hold, using strong force, causing hard-deformation."
/home/mdxuser/Genesis/main/data/picked_up_4/csv/COAST_GUARD_BOAT/Elastic/hard/COAST_GUARD_BOAT_Elastic_hard.csv,1890,"End-effector rotating the object, by an angle of 45.0 degrees, using strong force, causing hard-deformation, with constant force."
/home/mdxuser/Genesis/main/data/picked_up_4/csv/COAST_GUARD_BOAT/Elastic/hard/COAST_GUARD_BOAT_Elastic_hard.csv,2160,"End-effector holding position of the object, maintaining a stable hold, using strong force, causing hard-deformation."
/home/mdxuser/Genesis/main/data/picked_up_4/csv/COAST_GUARD_BOAT/Elastic/hard/COAST_GUARD_BOAT_Elastic_hard.csv,2430,"End-effector continue holding position of the object, maintaining a stable hold, using strong force, causing hard-deformation."
/home/mdxuser/Genesis/main/data/picked_up_4/csv/COAST_GUARD_BOAT/Elastic/hard/COAST_GUARD_BOAT_Elastic_hard.csv,2700,"End-effector stopping the object, using zero-force, causing undeformed shape."
/home/mdxuser/Genesis/main/data/picked_up_4/csv/Lactoferrin/Elastic/medium/Lactoferrin_Elastic_medium.csv,0,"End-effector start towards the object, to begin the task."
/home/mdxuser/Genesis/main/data/picked_up_4/csv/Lactoferrin/Elastic/medium/Lactoferrin_Elastic_medium.csv,270,"End-effector grasping the object, using moderate force, causing medium-deformation, with increasing force."
/home/mdxuser/Genesis/main/data/picked_up_4/csv/Lactoferrin/Elastic/medium/Lactoferrin_Elastic_medium.csv,540,"End-effector continue grasping the object, using moderate force, causing medium-deformation, with increasing force."
/home/mdxuser/Genesis/main/data/picked_up_4/csv/Lactoferrin/Elastic/medium/Lactoferrin_Elastic_medium.csv,810,"End-effector lifting the object, using moderate force, causing medium-deformation, with increasing force."
/home/mdxuser/Genesis/main/data/picked_up_4/csv/Lactoferrin/Elastic/medium/Lactoferrin_Elastic_medium.csv,1080,"End-effector rotating the object, by an angle of 45.0 degrees, using moderate force, causing medium-deformation, with constant force."
/home/mdxuser/Genesis/main/data/picked_up_4/csv/Lactoferrin/Elastic/medium/Lactoferrin_Elastic_medium.csv,1350,"End-effector continue rotating the object, by an angle of 45.0 degrees, using moderate force, causing medium-deformation, with constant force."
/home/mdxuser/Genesis/main/data/picked_up_4/csv/Lactoferrin/Elastic/medium/Lactoferrin_Elastic_medium.csv,1620,"End-effector holding position of the object, maintaining a stable hold, using moderate force, causing medium-deformation."
/home/mdxuser/Genesis/main/data/picked_up_4/csv/Lactoferrin/Elastic/medium/Lactoferrin_Elastic_medium.csv,1890,"End-effector rotating the object, by an angle of 30.0 degrees, using moderate force, causing medium-deformation, with constant force."
/home/mdxuser/Genesis/main/data/picked_up_4/csv/Lactoferrin/Elastic/medium/Lactoferrin_Elastic_medium.csv,2160,"End-effector continue rotating the object, by an angle of 30.0 degrees, using moderate force, causing medium-deformation, with constant force."
/home/mdxuser/Genesis/main/data/picked_up_4/csv/Lactoferrin/Elastic/medium/Lactoferrin_Elastic_medium.csv,2430,"End-effector holding position of the object, maintaining a stable hold, using moderate force, causing medium-deformation."
/home/mdxuser/Genesis/main/data/picked_up_4/csv/Lactoferrin/Elastic/medium/Lactoferrin_Elastic_medium.csv,2700,"End-effector stopping the object, using zero-force, causing undeformed shape."
/home/mdxuser/Genesis/main/data/picked_up_4/csv/Perricone_MD_Skin_Clear_Supplements/Elastic/medium/Perricone_MD_Skin_Clear_Supplements_Elastic_medium.csv,0,"End-effector start towards the object, to begin the task."
/home/mdxuser/Genesis/main/data/picked_up_4/csv/Perricone_MD_Skin_Clear_Supplements/Elastic/medium/Perricone_MD_Skin_Clear_Supplements_Elastic_medium.csv,270,"End-effector grasping the object, using moderate force, causing medium-deformation, with increasing force."
/home/mdxuser/Genesis/main/data/picked_up_4/csv/Perricone_MD_Skin_Clear_Supplements/Elastic/medium/Perricone_MD_Skin_Clear_Supplements_Elastic_medium.csv,540,"End-effector continue grasping the object, using moderate force, causing medium-deformation, with increasing force."
/home/mdxuser/Genesis/main/data/picked_up_4/csv/Perricone_MD_Skin_Clear_Supplements/Elastic/medium/Perricone_MD_Skin_Clear_Supplements_Elastic_medium.csv,810,"End-effector lifting the object, using moderate force, causing medium-deformation, with increasing force."
/home/mdxuser/Genesis/main/data/picked_up_4/csv/Perricone_MD_Skin_Clear_Supplements/Elastic/medium/Perricone_MD_Skin_Clear_Supplements_Elastic_medium.csv,1080,"End-effector rotating the object, by an angle of 30.0 degrees, using moderate force, causing medium-deformation, with constant force."
/home/mdxuser/Genesis/main/data/picked_up_4/csv/Perricone_MD_Skin_Clear_Supplements/Elastic/medium/Perricone_MD_Skin_Clear_Supplements_Elastic_medium.csv,1350,"End-effector continue rotating the object, by an angle of 30.0 degrees, using moderate force, causing medium-deformation, with constant force."
/home/mdxuser/Genesis/main/data/picked_up_4/csv/Perricone_MD_Skin_Clear_Supplements/Elastic/medium/Perricone_MD_Skin_Clear_Supplements_Elastic_medium.csv,1620,"End-effector holding position of the object, maintaining a stable hold, using moderate force, causing medium-deformation."
/home/mdxuser/Genesis/main/data/picked_up_4/csv/Perricone_MD_Skin_Clear_Supplements/Elastic/medium/Perricone_MD_Skin_Clear_Supplements_Elastic_medium.csv,1890,"End-effector rotating the object, by an angle of 45.0 degrees, using moderate force, causing medium-deformation, with constant force."
/home/mdxuser/Genesis/main/data/picked_up_4/csv/Perricone_MD_Skin_Clear_Supplements/Elastic/medium/Perricone_MD_Skin_Clear_Supplements_Elastic_medium.csv,2160,"End-effector continue rotating the object, by an angle of 45.0 degrees, using moderate force, causing medium-deformation, with constant force."
/home/mdxuser/Genesis/main/data/picked_up_4/csv/Perricone_MD_Skin_Clear_Supplements/Elastic/medium/Perricone_MD_Skin_Clear_Supplements_Elastic_medium.csv,2430,The object has been dropped.
/home/mdxuser/Genesis/main/data/picked_up_4/csv/Perricone_MD_Skin_Clear_Supplements/Elastic/medium/Perricone_MD_Skin_Clear_Supplements_Elastic_medium.csv,2700,The object has been dropped.
/home/mdxuser/Genesis/main/data/picked_up_4/csv/Perricone_MD_No_Lipstick_Lipstick/Elastic/soft/Perricone_MD_No_Lipstick_Lipstick_Elastic_soft.csv,0,"End-effector start towards the object, to begin the task."
/home/mdxuser/Genesis/main/data/picked_up_4/csv/Perricone_MD_No_Lipstick_Lipstick/Elastic/soft/Perricone_MD_No_Lipstick_Lipstick_Elastic_soft.csv,270,"End-effector grasping the object, using gentle force, causing soft-deformation, with increasing force."
/home/mdxuser/Genesis/main/data/picked_up_4/csv/Perricone_MD_No_Lipstick_Lipstick/Elastic/soft/Perricone_MD_No_Lipstick_Lipstick_Elastic_soft.csv,540,"End-effector continue grasping the object, using gentle force, causing soft-deformation, with increasing force."
/home/mdxuser/Genesis/main/data/picked_up_4/csv/Perricone_MD_No_Lipstick_Lipstick/Elastic/soft/Perricone_MD_No_Lipstick_Lipstick_Elastic_soft.csv,810,"End-effector lifting the object, using gentle force, causing soft-deformation, with increasing force."
/home/mdxuser/Genesis/main/data/picked_up_4/csv/Perricone_MD_No_Lipstick_Lipstick/Elastic/soft/Perricone_MD_No_Lipstick_Lipstick_Elastic_soft.csv,1080,"End-effector rotating the object, by an angle of 45.0 degrees, using gentle force, causing soft-deformation, with constant force."
/home/mdxuser/Genesis/main/data/picked_up_4/csv/Perricone_MD_No_Lipstick_Lipstick/Elastic/soft/Perricone_MD_No_Lipstick_Lipstick_Elastic_soft.csv,1350,"End-effector holding position of the object, maintaining a stable hold, using gentle force, causing soft-deformation."
/home/mdxuser/Genesis/main/data/picked_up_4/csv/Perricone_MD_No_Lipstick_Lipstick/Elastic/soft/Perricone_MD_No_Lipstick_Lipstick_Elastic_soft.csv,1620,"End-effector continue holding position of the object, maintaining a stable hold, using gentle force, causing soft-deformation."
/home/mdxuser/Genesis/main/data/picked_up_4/csv/Perricone_MD_No_Lipstick_Lipstick/Elastic/soft/Perricone_MD_No_Lipstick_Lipstick_Elastic_soft.csv,1890,The object has been dropped.
/home/mdxuser/Genesis/main/data/picked_up_4/csv/Perricone_MD_No_Lipstick_Lipstick/Elastic/soft/Perricone_MD_No_Lipstick_Lipstick_Elastic_soft.csv,2160,The object has been dropped.
/home/mdxuser/Genesis/main/data/picked_up_4/csv/Perricone_MD_No_Lipstick_Lipstick/Elastic/soft/Perricone_MD_No_Lipstick_Lipstick_Elastic_soft.csv,2430,The object has been dropped.
/home/mdxuser/Genesis/main/data/picked_up_4/csv/Perricone_MD_No_Lipstick_Lipstick/Elastic/soft/Perricone_MD_No_Lipstick_Lipstick_Elastic_soft.csv,2700,The object has been dropped.
/home/mdxuser/Genesis/main/data/picked_up_4/csv/Mens_Wave_Driver_Kiltie_Moc_in_Tan_Leather/Elastic/hard/Mens_Wave_Driver_Kiltie_Moc_in_Tan_Leather_Elastic_hard.csv,0,"End-effector start towards the object, to begin the task."
/home/mdxuser/Genesis/main/data/picked_up_4/csv/Mens_Wave_Driver_Kiltie_Moc_in_Tan_Leather/Elastic/hard/Mens_Wave_Driver_Kiltie_Moc_in_Tan_Leather_Elastic_hard.csv,270,"End-effector grasping the object, using strong force, causing hard-deformation, with increasing force."
/home/mdxuser/Genesis/main/data/picked_up_4/csv/Mens_Wave_Driver_Kiltie_Moc_in_Tan_Leather/Elastic/hard/Mens_Wave_Driver_Kiltie_Moc_in_Tan_Leather_Elastic_hard.csv,540,"End-effector continue grasping the object, using strong force, causing hard-deformation, with increasing force."
/home/mdxuser/Genesis/main/data/picked_up_4/csv/Mens_Wave_Driver_Kiltie_Moc_in_Tan_Leather/Elastic/hard/Mens_Wave_Driver_Kiltie_Moc_in_Tan_Leather_Elastic_hard.csv,810,"End-effector lifting the object, using strong force, causing hard-deformation, with increasing force."
/home/mdxuser/Genesis/main/data/picked_up_4/csv/Mens_Wave_Driver_Kiltie_Moc_in_Tan_Leather/Elastic/hard/Mens_Wave_Driver_Kiltie_Moc_in_Tan_Leather_Elastic_hard.csv,1080,"End-effector rotating the object, by an angle of 45.0 degrees, using strong force, causing hard-deformation, with constant force."
/home/mdxuser/Genesis/main/data/picked_up_4/csv/Mens_Wave_Driver_Kiltie_Moc_in_Tan_Leather/Elastic/hard/Mens_Wave_Driver_Kiltie_Moc_in_Tan_Leather_Elastic_hard.csv,1350,"End-effector continue rotating the object, by an angle of 45.0 degrees, using strong force, causing hard-deformation, with constant force."
/home/mdxuser/Genesis/main/data/picked_up_4/csv/Mens_Wave_Driver_Kiltie_Moc_in_Tan_Leather/Elastic/hard/Mens_Wave_Driver_Kiltie_Moc_in_Tan_Leather_Elastic_hard.csv,1620,The object has been dropped.
/home/mdxuser/Genesis/main/data/picked_up_4/csv/Mens_Wave_Driver_Kiltie_Moc_in_Tan_Leather/Elastic/hard/Mens_Wave_Driver_Kiltie_Moc_in_Tan_Leather_Elastic_hard.csv,1890,The object has been dropped.
/home/mdxuser/Genesis/main/data/picked_up_4/csv/Mens_Wave_Driver_Kiltie_Moc_in_Tan_Leather/Elastic/hard/Mens_Wave_Driver_Kiltie_Moc_in_Tan_Leather_Elastic_hard.csv,2160,The object has been dropped.
/home/mdxuser/Genesis/main/data/picked_up_4/csv/Mens_Wave_Driver_Kiltie_Moc_in_Tan_Leather/Elastic/hard/Mens_Wave_Driver_Kiltie_Moc_in_Tan_Leather_Elastic_hard.csv,2430,The object has been dropped.
/home/mdxuser/Genesis/main/data/picked_up_4/csv/Mens_Wave_Driver_Kiltie_Moc_in_Tan_Leather/Elastic/hard/Mens_Wave_Driver_Kiltie_Moc_in_Tan_Leather_Elastic_hard.csv,2700,The object has been dropped.
/home/mdxuser/Genesis/main/data/picked_up_4/csv/ASICS_GELDirt_Dog_4_SunFlameBlack/Elastic/medium/ASICS_GELDirt_Dog_4_SunFlameBlack_Elastic_medium.csv,0,"End-effector start towards the object, to begin the task."
/home/mdxuser/Genesis/main/data/picked_up_4/csv/ASICS_GELDirt_Dog_4_SunFlameBlack/Elastic/medium/ASICS_GELDirt_Dog_4_SunFlameBlack_Elastic_medium.csv,270,"End-effector grasping the object, using moderate force, causing medium-deformation, with increasing force."
/home/mdxuser/Genesis/main/data/picked_up_4/csv/ASICS_GELDirt_Dog_4_SunFlameBlack/Elastic/medium/ASICS_GELDirt_Dog_4_SunFlameBlack_Elastic_medium.csv,540,"End-effector continue grasping the object, using moderate force, causing medium-deformation, with increasing force."
/home/mdxuser/Genesis/main/data/picked_up_4/csv/ASICS_GELDirt_Dog_4_SunFlameBlack/Elastic/medium/ASICS_GELDirt_Dog_4_SunFlameBlack_Elastic_medium.csv,810,"End-effector lifting the object, using moderate force, causing medium-deformation, with increasing force."
/home/mdxuser/Genesis/main/data/picked_up_4/csv/ASICS_GELDirt_Dog_4_SunFlameBlack/Elastic/medium/ASICS_GELDirt_Dog_4_SunFlameBlack_Elastic_medium.csv,1080,"End-effector rotating the object, by an angle of 45.0 degrees, using moderate force, causing medium-deformation, with constant force."
/home/mdxuser/Genesis/main/data/picked_up_4/csv/ASICS_GELDirt_Dog_4_SunFlameBlack/Elastic/medium/ASICS_GELDirt_Dog_4_SunFlameBlack_Elastic_medium.csv,1350,"End-effector holding position of the object, maintaining a stable hold, using moderate force, causing medium-deformation."
/home/mdxuser/Genesis/main/data/picked_up_4/csv/ASICS_GELDirt_Dog_4_SunFlameBlack/Elastic/medium/ASICS_GELDirt_Dog_4_SunFlameBlack_Elastic_medium.csv,1620,"End-effector continue holding position of the object, maintaining a stable hold, using moderate force, causing medium-deformation."
/home/mdxuser/Genesis/main/data/picked_up_4/csv/ASICS_GELDirt_Dog_4_SunFlameBlack/Elastic/medium/ASICS_GELDirt_Dog_4_SunFlameBlack_Elastic_medium.csv,1890,The object has been dropped.
/home/mdxuser/Genesis/main/data/picked_up_4/csv/ASICS_GELDirt_Dog_4_SunFlameBlack/Elastic/medium/ASICS_GELDirt_Dog_4_SunFlameBlack_Elastic_medium.csv,2160,The object has been dropped.
/home/mdxuser/Genesis/main/data/picked_up_4/csv/ASICS_GELDirt_Dog_4_SunFlameBlack/Elastic/medium/ASICS_GELDirt_Dog_4_SunFlameBlack_Elastic_medium.csv,2430,The object has been dropped.
/home/mdxuser/Genesis/main/data/picked_up_4/csv/ASICS_GELDirt_Dog_4_SunFlameBlack/Elastic/medium/ASICS_GELDirt_Dog_4_SunFlameBlack_Elastic_medium.csv,2700,The object has been dropped.
/home/mdxuser/Genesis/main/data/picked_up_4/csv/Black_Elderberry_Syrup_54_oz_Gaia_Herbs/Elastic/hard/Black_Elderberry_Syrup_54_oz_Gaia_Herbs_Elastic_hard.csv,0,"End-effector start towards the object, to begin the task."
/home/mdxuser/Genesis/main/data/picked_up_4/csv/Black_Elderberry_Syrup_54_oz_Gaia_Herbs/Elastic/hard/Black_Elderberry_Syrup_54_oz_Gaia_Herbs_Elastic_hard.csv,270,"End-effector grasping the object, using strong force, causing hard-deformation, with increasing force."
/home/mdxuser/Genesis/main/data/picked_up_4/csv/Black_Elderberry_Syrup_54_oz_Gaia_Herbs/Elastic/hard/Black_Elderberry_Syrup_54_oz_Gaia_Herbs_Elastic_hard.csv,540,"End-effector continue grasping the object, using strong force, causing hard-deformation, with increasing force."
/home/mdxuser/Genesis/main/data/picked_up_4/csv/Black_Elderberry_Syrup_54_oz_Gaia_Herbs/Elastic/hard/Black_Elderberry_Syrup_54_oz_Gaia_Herbs_Elastic_hard.csv,810,"End-effector lifting the object, using strong force, causing hard-deformation, with increasing force."
/home/mdxuser/Genesis/main/data/picked_up_4/csv/Black_Elderberry_Syrup_54_oz_Gaia_Herbs/Elastic/hard/Black_Elderberry_Syrup_54_oz_Gaia_Herbs_Elastic_hard.csv,1080,"End-effector rotating the object, by an angle of 45.0 degrees, using strong force, causing hard-deformation, with constant force."
/home/mdxuser/Genesis/main/data/picked_up_4/csv/Black_Elderberry_Syrup_54_oz_Gaia_Herbs/Elastic/hard/Black_Elderberry_Syrup_54_oz_Gaia_Herbs_Elastic_hard.csv,1350,"End-effector continue rotating the object, by an angle of 45.0 degrees, using strong force, causing hard-deformation, with constant force."
/home/mdxuser/Genesis/main/data/picked_up_4/csv/Black_Elderberry_Syrup_54_oz_Gaia_Herbs/Elastic/hard/Black_Elderberry_Syrup_54_oz_Gaia_Herbs_Elastic_hard.csv,1620,The object has been dropped.
/home/mdxuser/Genesis/main/data/picked_up_4/csv/Black_Elderberry_Syrup_54_oz_Gaia_Herbs/Elastic/hard/Black_Elderberry_Syrup_54_oz_Gaia_Herbs_Elastic_hard.csv,1890,The object has been dropped.
/home/mdxuser/Genesis/main/data/picked_up_4/csv/Black_Elderberry_Syrup_54_oz_Gaia_Herbs/Elastic/hard/Black_Elderberry_Syrup_54_oz_Gaia_Herbs_Elastic_hard.csv,2160,The object has been dropped.
/home/mdxuser/Genesis/main/data/picked_up_4/csv/Black_Elderberry_Syrup_54_oz_Gaia_Herbs/Elastic/hard/Black_Elderberry_Syrup_54_oz_Gaia_Herbs_Elastic_hard.csv,2430,The object has been dropped.
/home/mdxuser/Genesis/main/data/picked_up_4/csv/Black_Elderberry_Syrup_54_oz_Gaia_Herbs/Elastic/hard/Black_Elderberry_Syrup_54_oz_Gaia_Herbs_Elastic_hard.csv,2700,The object has been dropped.
/home/mdxuser/Genesis/main/data/picked_up_4/csv/Mens_Mako_Canoe_Moc_2Eye_Boat_Shoe_in_OysterTaupe_otyRrfvPMiA/Elastic/medium/Mens_Mako_Canoe_Moc_2Eye_Boat_Shoe_in_OysterTaupe_otyRrfvPMiA_Elastic_medium.csv,0,"End-effector start towards the object, to begin the task."
/home/mdxuser/Genesis/main/data/picked_up_4/csv/Mens_Mako_Canoe_Moc_2Eye_Boat_Shoe_in_OysterTaupe_otyRrfvPMiA/Elastic/medium/Mens_Mako_Canoe_Moc_2Eye_Boat_Shoe_in_OysterTaupe_otyRrfvPMiA_Elastic_medium.csv,270,"End-effector grasping the object, using moderate force, causing medium-deformation, with increasing force."
/home/mdxuser/Genesis/main/data/picked_up_4/csv/Mens_Mako_Canoe_Moc_2Eye_Boat_Shoe_in_OysterTaupe_otyRrfvPMiA/Elastic/medium/Mens_Mako_Canoe_Moc_2Eye_Boat_Shoe_in_OysterTaupe_otyRrfvPMiA_Elastic_medium.csv,540,"End-effector continue grasping the object, using moderate force, causing medium-deformation, with increasing force."
/home/mdxuser/Genesis/main/data/picked_up_4/csv/Mens_Mako_Canoe_Moc_2Eye_Boat_Shoe_in_OysterTaupe_otyRrfvPMiA/Elastic/medium/Mens_Mako_Canoe_Moc_2Eye_Boat_Shoe_in_OysterTaupe_otyRrfvPMiA_Elastic_medium.csv,810,"End-effector lifting the object, using moderate force, causing medium-deformation, with increasing force."
/home/mdxuser/Genesis/main/data/picked_up_4/csv/Mens_Mako_Canoe_Moc_2Eye_Boat_Shoe_in_OysterTaupe_otyRrfvPMiA/Elastic/medium/Mens_Mako_Canoe_Moc_2Eye_Boat_Shoe_in_OysterTaupe_otyRrfvPMiA_Elastic_medium.csv,1080,"End-effector rotating the object, by an angle of 45.0 degrees, using moderate force, causing medium-deformation, with constant force."
/home/mdxuser/Genesis/main/data/picked_up_4/csv/Mens_Mako_Canoe_Moc_2Eye_Boat_Shoe_in_OysterTaupe_otyRrfvPMiA/Elastic/medium/Mens_Mako_Canoe_Moc_2Eye_Boat_Shoe_in_OysterTaupe_otyRrfvPMiA_Elastic_medium.csv,1350,"End-effector holding position of the object, maintaining a stable hold, using moderate force, causing medium-deformation."
/home/mdxuser/Genesis/main/data/picked_up_4/csv/Mens_Mako_Canoe_Moc_2Eye_Boat_Shoe_in_OysterTaupe_otyRrfvPMiA/Elastic/medium/Mens_Mako_Canoe_Moc_2Eye_Boat_Shoe_in_OysterTaupe_otyRrfvPMiA_Elastic_medium.csv,1620,"End-effector continue holding position of the object, maintaining a stable hold, using moderate force, causing medium-deformation."
/home/mdxuser/Genesis/main/data/picked_up_4/csv/Mens_Mako_Canoe_Moc_2Eye_Boat_Shoe_in_OysterTaupe_otyRrfvPMiA/Elastic/medium/Mens_Mako_Canoe_Moc_2Eye_Boat_Shoe_in_OysterTaupe_otyRrfvPMiA_Elastic_medium.csv,1890,"End-effector rotating the object, by an angle of 45.0 degrees, using moderate force, causing medium-deformation, with constant force."
/home/mdxuser/Genesis/main/data/picked_up_4/csv/Mens_Mako_Canoe_Moc_2Eye_Boat_Shoe_in_OysterTaupe_otyRrfvPMiA/Elastic/medium/Mens_Mako_Canoe_Moc_2Eye_Boat_Shoe_in_OysterTaupe_otyRrfvPMiA_Elastic_medium.csv,2160,"End-effector continue rotating the object, by an angle of 45.0 degrees, using moderate force, causing medium-deformation, with constant force."
/home/mdxuser/Genesis/main/data/picked_up_4/csv/Mens_Mako_Canoe_Moc_2Eye_Boat_Shoe_in_OysterTaupe_otyRrfvPMiA/Elastic/medium/Mens_Mako_Canoe_Moc_2Eye_Boat_Shoe_in_OysterTaupe_otyRrfvPMiA_Elastic_medium.csv,2430,The object has been dropped.
/home/mdxuser/Genesis/main/data/picked_up_4/csv/Mens_Mako_Canoe_Moc_2Eye_Boat_Shoe_in_OysterTaupe_otyRrfvPMiA/Elastic/medium/Mens_Mako_Canoe_Moc_2Eye_Boat_Shoe_in_OysterTaupe_otyRrfvPMiA_Elastic_medium.csv,2700,The object has been dropped.
/home/mdxuser/Genesis/main/data/picked_up_4/csv/JarroDophilusFOS_Value_Size/Elastic/hard/JarroDophilusFOS_Value_Size_Elastic_hard.csv,0,"End-effector start towards the object, to begin the task."
/home/mdxuser/Genesis/main/data/picked_up_4/csv/JarroDophilusFOS_Value_Size/Elastic/hard/JarroDophilusFOS_Value_Size_Elastic_hard.csv,270,"End-effector grasping the object, using strong force, causing hard-deformation, with increasing force."
/home/mdxuser/Genesis/main/data/picked_up_4/csv/JarroDophilusFOS_Value_Size/Elastic/hard/JarroDophilusFOS_Value_Size_Elastic_hard.csv,540,"End-effector continue grasping the object, using strong force, causing hard-deformation, with increasing force."
/home/mdxuser/Genesis/main/data/picked_up_4/csv/JarroDophilusFOS_Value_Size/Elastic/hard/JarroDophilusFOS_Value_Size_Elastic_hard.csv,810,"End-effector lifting the object, using strong force, causing hard-deformation, with increasing force."
/home/mdxuser/Genesis/main/data/picked_up_4/csv/JarroDophilusFOS_Value_Size/Elastic/hard/JarroDophilusFOS_Value_Size_Elastic_hard.csv,1080,"End-effector rotating the object, by an angle of 45.0 degrees, using strong force, causing hard-deformation, with constant force."
/home/mdxuser/Genesis/main/data/picked_up_4/csv/JarroDophilusFOS_Value_Size/Elastic/hard/JarroDophilusFOS_Value_Size_Elastic_hard.csv,1350,"End-effector continue rotating the object, by an angle of 45.0 degrees, using strong force, causing hard-deformation, with constant force."
/home/mdxuser/Genesis/main/data/picked_up_4/csv/JarroDophilusFOS_Value_Size/Elastic/hard/JarroDophilusFOS_Value_Size_Elastic_hard.csv,1620,"End-effector holding position of the object, maintaining a stable hold, using strong force, causing hard-deformation."
/home/mdxuser/Genesis/main/data/picked_up_4/csv/JarroDophilusFOS_Value_Size/Elastic/hard/JarroDophilusFOS_Value_Size_Elastic_hard.csv,1890,"End-effector rotating the object, by an angle of 30.0 degrees, using strong force, causing hard-deformation, with constant force."
/home/mdxuser/Genesis/main/data/picked_up_4/csv/JarroDophilusFOS_Value_Size/Elastic/hard/JarroDophilusFOS_Value_Size_Elastic_hard.csv,2160,"End-effector continue rotating the object, by an angle of 30.0 degrees, using strong force, causing hard-deformation, with constant force."
/home/mdxuser/Genesis/main/data/picked_up_4/csv/JarroDophilusFOS_Value_Size/Elastic/hard/JarroDophilusFOS_Value_Size_Elastic_hard.csv,2430,"End-effector holding position of the object, maintaining a stable hold, using strong force, causing hard-deformation."
/home/mdxuser/Genesis/main/data/picked_up_4/csv/JarroDophilusFOS_Value_Size/Elastic/hard/JarroDophilusFOS_Value_Size_Elastic_hard.csv,2700,"End-effector stopping the object, using zero-force, causing undeformed shape."
/home/mdxuser/Genesis/main/data/picked_up_4/csv/Black_Decker_Stainless_Steel_Toaster_4_Slice/Elastic/soft/Black_Decker_Stainless_Steel_Toaster_4_Slice_Elastic_soft.csv,0,"End-effector start towards the object, to begin the task."
/home/mdxuser/Genesis/main/data/picked_up_4/csv/Black_Decker_Stainless_Steel_Toaster_4_Slice/Elastic/soft/Black_Decker_Stainless_Steel_Toaster_4_Slice_Elastic_soft.csv,270,"End-effector grasping the object, using gentle force, causing soft-deformation, with increasing force."
/home/mdxuser/Genesis/main/data/picked_up_4/csv/Black_Decker_Stainless_Steel_Toaster_4_Slice/Elastic/soft/Black_Decker_Stainless_Steel_Toaster_4_Slice_Elastic_soft.csv,540,"End-effector continue grasping the object, using gentle force, causing soft-deformation, with increasing force."
/home/mdxuser/Genesis/main/data/picked_up_4/csv/Black_Decker_Stainless_Steel_Toaster_4_Slice/Elastic/soft/Black_Decker_Stainless_Steel_Toaster_4_Slice_Elastic_soft.csv,810,"End-effector lifting the object, using gentle force, causing soft-deformation, with increasing force."
/home/mdxuser/Genesis/main/data/picked_up_4/csv/Black_Decker_Stainless_Steel_Toaster_4_Slice/Elastic/soft/Black_Decker_Stainless_Steel_Toaster_4_Slice_Elastic_soft.csv,1080,"End-effector rotating the object, by an angle of 45.0 degrees, using gentle force, causing soft-deformation, with constant force."
/home/mdxuser/Genesis/main/data/picked_up_4/csv/Black_Decker_Stainless_Steel_Toaster_4_Slice/Elastic/soft/Black_Decker_Stainless_Steel_Toaster_4_Slice_Elastic_soft.csv,1350,"End-effector continue rotating the object, by an angle of 45.0 degrees, using gentle force, causing soft-deformation, with constant force."
/home/mdxuser/Genesis/main/data/picked_up_4/csv/Black_Decker_Stainless_Steel_Toaster_4_Slice/Elastic/soft/Black_Decker_Stainless_Steel_Toaster_4_Slice_Elastic_soft.csv,1620,"End-effector holding position of the object, maintaining a stable hold, using gentle force, causing soft-deformation."
/home/mdxuser/Genesis/main/data/picked_up_4/csv/Black_Decker_Stainless_Steel_Toaster_4_Slice/Elastic/soft/Black_Decker_Stainless_Steel_Toaster_4_Slice_Elastic_soft.csv,1890,"End-effector rotating the object, by an angle of 30.0 degrees, using gentle force, causing soft-deformation, with constant force."
/home/mdxuser/Genesis/main/data/picked_up_4/csv/Black_Decker_Stainless_Steel_Toaster_4_Slice/Elastic/soft/Black_Decker_Stainless_Steel_Toaster_4_Slice_Elastic_soft.csv,2160,"End-effector continue rotating the object, by an angle of 30.0 degrees, using gentle force, causing soft-deformation, with constant force."
/home/mdxuser/Genesis/main/data/picked_up_4/csv/Black_Decker_Stainless_Steel_Toaster_4_Slice/Elastic/soft/Black_Decker_Stainless_Steel_Toaster_4_Slice_Elastic_soft.csv,2430,"End-effector holding position of the object, maintaining a stable hold, using gentle force, causing soft-deformation."
/home/mdxuser/Genesis/main/data/picked_up_4/csv/Black_Decker_Stainless_Steel_Toaster_4_Slice/Elastic/soft/Black_Decker_Stainless_Steel_Toaster_4_Slice_Elastic_soft.csv,2700,The object has been dropped.
/home/mdxuser/Genesis/main/data/picked_up_4/csv/Bifidus_Balance_FOS/Elastic/medium/Bifidus_Balance_FOS_Elastic_medium.csv,0,"End-effector start towards the object, to begin the task."
/home/mdxuser/Genesis/main/data/picked_up_4/csv/Bifidus_Balance_FOS/Elastic/medium/Bifidus_Balance_FOS_Elastic_medium.csv,270,"End-effector grasping the object, using moderate force, causing medium-deformation, with increasing force."
/home/mdxuser/Genesis/main/data/picked_up_4/csv/Bifidus_Balance_FOS/Elastic/medium/Bifidus_Balance_FOS_Elastic_medium.csv,540,"End-effector continue grasping the object, using moderate force, causing medium-deformation, with increasing force."
/home/mdxuser/Genesis/main/data/picked_up_4/csv/Bifidus_Balance_FOS/Elastic/medium/Bifidus_Balance_FOS_Elastic_medium.csv,810,"End-effector lifting the object, using moderate force, causing medium-deformation, with increasing force."
/home/mdxuser/Genesis/main/data/picked_up_4/csv/Bifidus_Balance_FOS/Elastic/medium/Bifidus_Balance_FOS_Elastic_medium.csv,1080,"End-effector rotating the object, by an angle of 30.0 degrees, using moderate force, causing medium-deformation, with constant force."
/home/mdxuser/Genesis/main/data/picked_up_4/csv/Bifidus_Balance_FOS/Elastic/medium/Bifidus_Balance_FOS_Elastic_medium.csv,1350,"End-effector continue rotating the object, by an angle of 30.0 degrees, using moderate force, causing medium-deformation, with constant force."
/home/mdxuser/Genesis/main/data/picked_up_4/csv/Bifidus_Balance_FOS/Elastic/medium/Bifidus_Balance_FOS_Elastic_medium.csv,1620,"End-effector holding position of the object, maintaining a stable hold, using moderate force, causing medium-deformation."
/home/mdxuser/Genesis/main/data/picked_up_4/csv/Bifidus_Balance_FOS/Elastic/medium/Bifidus_Balance_FOS_Elastic_medium.csv,1890,"End-effector rotating the object, by an angle of 45.0 degrees, using moderate force, causing medium-deformation, with constant force."
/home/mdxuser/Genesis/main/data/picked_up_4/csv/Bifidus_Balance_FOS/Elastic/medium/Bifidus_Balance_FOS_Elastic_medium.csv,2160,"End-effector continue rotating the object, by an angle of 45.0 degrees, using moderate force, causing medium-deformation, with constant force."
/home/mdxuser/Genesis/main/data/picked_up_4/csv/Bifidus_Balance_FOS/Elastic/medium/Bifidus_Balance_FOS_Elastic_medium.csv,2430,"End-effector holding position of the object, maintaining a stable hold, using moderate force, causing medium-deformation."
/home/mdxuser/Genesis/main/data/picked_up_4/csv/Bifidus_Balance_FOS/Elastic/medium/Bifidus_Balance_FOS_Elastic_medium.csv,2700,"End-effector stopping the object, using zero-force, causing undeformed shape."
/home/mdxuser/Genesis/main/data/picked_up_4/csv/Cootie_Game_tDhURNbfU5J/Elastic/medium/Cootie_Game_tDhURNbfU5J_Elastic_medium.csv,0,"End-effector start towards the object, to begin the task."
/home/mdxuser/Genesis/main/data/picked_up_4/csv/Cootie_Game_tDhURNbfU5J/Elastic/medium/Cootie_Game_tDhURNbfU5J_Elastic_medium.csv,270,"End-effector grasping the object, using moderate force, causing medium-deformation, with increasing force."
/home/mdxuser/Genesis/main/data/picked_up_4/csv/Cootie_Game_tDhURNbfU5J/Elastic/medium/Cootie_Game_tDhURNbfU5J_Elastic_medium.csv,540,"End-effector continue grasping the object, using moderate force, causing medium-deformation, with increasing force."
/home/mdxuser/Genesis/main/data/picked_up_4/csv/Cootie_Game_tDhURNbfU5J/Elastic/medium/Cootie_Game_tDhURNbfU5J_Elastic_medium.csv,810,"End-effector lifting the object, using moderate force, causing medium-deformation, with increasing force."
/home/mdxuser/Genesis/main/data/picked_up_4/csv/Cootie_Game_tDhURNbfU5J/Elastic/medium/Cootie_Game_tDhURNbfU5J_Elastic_medium.csv,1080,"End-effector rotating the object, by an angle of 45.0 degrees, using moderate force, causing medium-deformation, with constant force."
/home/mdxuser/Genesis/main/data/picked_up_4/csv/Cootie_Game_tDhURNbfU5J/Elastic/medium/Cootie_Game_tDhURNbfU5J_Elastic_medium.csv,1350,"End-effector holding position of the object, maintaining a stable hold, using moderate force, causing medium-deformation."
/home/mdxuser/Genesis/main/data/picked_up_4/csv/Cootie_Game_tDhURNbfU5J/Elastic/medium/Cootie_Game_tDhURNbfU5J_Elastic_medium.csv,1620,"End-effector continue holding position of the object, maintaining a stable hold, using moderate force, causing medium-deformation."
/home/mdxuser/Genesis/main/data/picked_up_4/csv/Cootie_Game_tDhURNbfU5J/Elastic/medium/Cootie_Game_tDhURNbfU5J_Elastic_medium.csv,1890,"End-effector rotating the object, by an angle of 45.0 degrees, using moderate force, causing medium-deformation, with constant force."
/home/mdxuser/Genesis/main/data/picked_up_4/csv/Cootie_Game_tDhURNbfU5J/Elastic/medium/Cootie_Game_tDhURNbfU5J_Elastic_medium.csv,2160,"End-effector holding position of the object, maintaining a stable hold, using moderate force, causing medium-deformation."
/home/mdxuser/Genesis/main/data/picked_up_4/csv/Cootie_Game_tDhURNbfU5J/Elastic/medium/Cootie_Game_tDhURNbfU5J_Elastic_medium.csv,2430,"End-effector continue holding position of the object, maintaining a stable hold, using moderate force, causing medium-deformation."
/home/mdxuser/Genesis/main/data/picked_up_4/csv/Cootie_Game_tDhURNbfU5J/Elastic/medium/Cootie_Game_tDhURNbfU5J_Elastic_medium.csv,2700,"End-effector stopping the object, using zero-force, causing undeformed shape."
/home/mdxuser/Genesis/main/data/picked_up_4/csv/Office_Depot_HP_920XL_920_High_Yield_Black_and_Standard_CMY_Color_Ink_Cartridges/Elastic/hard/Office_Depot_HP_920XL_920_High_Yield_Black_and_Standard_CMY_Color_Ink_Cartridges_Elastic_hard.csv,0,"End-effector start towards the object, to begin the task."
/home/mdxuser/Genesis/main/data/picked_up_4/csv/Office_Depot_HP_920XL_920_High_Yield_Black_and_Standard_CMY_Color_Ink_Cartridges/Elastic/hard/Office_Depot_HP_920XL_920_High_Yield_Black_and_Standard_CMY_Color_Ink_Cartridges_Elastic_hard.csv,270,"End-effector grasping the object, using strong force, causing hard-deformation, with increasing force."
/home/mdxuser/Genesis/main/data/picked_up_4/csv/Office_Depot_HP_920XL_920_High_Yield_Black_and_Standard_CMY_Color_Ink_Cartridges/Elastic/hard/Office_Depot_HP_920XL_920_High_Yield_Black_and_Standard_CMY_Color_Ink_Cartridges_Elastic_hard.csv,540,"End-effector continue grasping the object, using strong force, causing hard-deformation, with increasing force."
/home/mdxuser/Genesis/main/data/picked_up_4/csv/Office_Depot_HP_920XL_920_High_Yield_Black_and_Standard_CMY_Color_Ink_Cartridges/Elastic/hard/Office_Depot_HP_920XL_920_High_Yield_Black_and_Standard_CMY_Color_Ink_Cartridges_Elastic_hard.csv,810,"End-effector lifting the object, using strong force, causing hard-deformation, with increasing force."
/home/mdxuser/Genesis/main/data/picked_up_4/csv/Office_Depot_HP_920XL_920_High_Yield_Black_and_Standard_CMY_Color_Ink_Cartridges/Elastic/hard/Office_Depot_HP_920XL_920_High_Yield_Black_and_Standard_CMY_Color_Ink_Cartridges_Elastic_hard.csv,1080,"End-effector rotating the object, by an angle of 45.0 degrees, using strong force, causing hard-deformation, with constant force."
/home/mdxuser/Genesis/main/data/picked_up_4/csv/Office_Depot_HP_920XL_920_High_Yield_Black_and_Standard_CMY_Color_Ink_Cartridges/Elastic/hard/Office_Depot_HP_920XL_920_High_Yield_Black_and_Standard_CMY_Color_Ink_Cartridges_Elastic_hard.csv,1350,"End-effector holding position of the object, maintaining a stable hold, using strong force, causing hard-deformation."
/home/mdxuser/Genesis/main/data/picked_up_4/csv/Office_Depot_HP_920XL_920_High_Yield_Black_and_Standard_CMY_Color_Ink_Cartridges/Elastic/hard/Office_Depot_HP_920XL_920_High_Yield_Black_and_Standard_CMY_Color_Ink_Cartridges_Elastic_hard.csv,1620,"End-effector continue holding position of the object, maintaining a stable hold, using strong force, causing hard-deformation."
/home/mdxuser/Genesis/main/data/picked_up_4/csv/Office_Depot_HP_920XL_920_High_Yield_Black_and_Standard_CMY_Color_Ink_Cartridges/Elastic/hard/Office_Depot_HP_920XL_920_High_Yield_Black_and_Standard_CMY_Color_Ink_Cartridges_Elastic_hard.csv,1890,"End-effector rotating the object, by an angle of 45.0 degrees, using strong force, causing hard-deformation, with constant force."
/home/mdxuser/Genesis/main/data/picked_up_4/csv/Office_Depot_HP_920XL_920_High_Yield_Black_and_Standard_CMY_Color_Ink_Cartridges/Elastic/hard/Office_Depot_HP_920XL_920_High_Yield_Black_and_Standard_CMY_Color_Ink_Cartridges_Elastic_hard.csv,2160,"End-effector continue rotating the object, by an angle of 45.0 degrees, using strong force, causing hard-deformation, with constant force."
/home/mdxuser/Genesis/main/data/picked_up_4/csv/Office_Depot_HP_920XL_920_High_Yield_Black_and_Standard_CMY_Color_Ink_Cartridges/Elastic/hard/Office_Depot_HP_920XL_920_High_Yield_Black_and_Standard_CMY_Color_Ink_Cartridges_Elastic_hard.csv,2430,"End-effector holding position of the object, maintaining a stable hold, using strong force, causing hard-deformation."
/home/mdxuser/Genesis/main/data/picked_up_4/csv/Office_Depot_HP_920XL_920_High_Yield_Black_and_Standard_CMY_Color_Ink_Cartridges/Elastic/hard/Office_Depot_HP_920XL_920_High_Yield_Black_and_Standard_CMY_Color_Ink_Cartridges_Elastic_hard.csv,2700,"End-effector stopping the object, using zero-force, causing undeformed shape."
/home/mdxuser/Genesis/main/data/picked_up_4/csv/3D_Dollhouse_Refrigerator/Elastic/hard/3D_Dollhouse_Refrigerator_Elastic_hard.csv,0,"End-effector start towards the object, to begin the task."
/home/mdxuser/Genesis/main/data/picked_up_4/csv/3D_Dollhouse_Refrigerator/Elastic/hard/3D_Dollhouse_Refrigerator_Elastic_hard.csv,270,"End-effector grasping the object, using strong force, causing hard-deformation, with increasing force."
/home/mdxuser/Genesis/main/data/picked_up_4/csv/3D_Dollhouse_Refrigerator/Elastic/hard/3D_Dollhouse_Refrigerator_Elastic_hard.csv,540,"End-effector continue grasping the object, using strong force, causing hard-deformation, with increasing force."
/home/mdxuser/Genesis/main/data/picked_up_4/csv/3D_Dollhouse_Refrigerator/Elastic/hard/3D_Dollhouse_Refrigerator_Elastic_hard.csv,810,"End-effector lifting the object, using strong force, causing hard-deformation, with increasing force."
/home/mdxuser/Genesis/main/data/picked_up_4/csv/3D_Dollhouse_Refrigerator/Elastic/hard/3D_Dollhouse_Refrigerator_Elastic_hard.csv,1080,"End-effector rotating the object, by an angle of 30.0 degrees, using strong force, causing hard-deformation, with constant force."
/home/mdxuser/Genesis/main/data/picked_up_4/csv/3D_Dollhouse_Refrigerator/Elastic/hard/3D_Dollhouse_Refrigerator_Elastic_hard.csv,1350,"End-effector continue rotating the object, by an angle of 30.0 degrees, using strong force, causing hard-deformation, with constant force."
/home/mdxuser/Genesis/main/data/picked_up_4/csv/3D_Dollhouse_Refrigerator/Elastic/hard/3D_Dollhouse_Refrigerator_Elastic_hard.csv,1620,"End-effector holding position of the object, maintaining a stable hold, using strong force, causing hard-deformation."
/home/mdxuser/Genesis/main/data/picked_up_4/csv/3D_Dollhouse_Refrigerator/Elastic/hard/3D_Dollhouse_Refrigerator_Elastic_hard.csv,1890,The object has been dropped.
/home/mdxuser/Genesis/main/data/picked_up_4/csv/3D_Dollhouse_Refrigerator/Elastic/hard/3D_Dollhouse_Refrigerator_Elastic_hard.csv,2160,The object has been dropped.
/home/mdxuser/Genesis/main/data/picked_up_4/csv/3D_Dollhouse_Refrigerator/Elastic/hard/3D_Dollhouse_Refrigerator_Elastic_hard.csv,2430,The object has been dropped.
/home/mdxuser/Genesis/main/data/picked_up_4/csv/3D_Dollhouse_Refrigerator/Elastic/hard/3D_Dollhouse_Refrigerator_Elastic_hard.csv,2700,The object has been dropped.
/home/mdxuser/Genesis/main/data/picked_up_4/csv/Cole_Hardware_Electric_Pot_Cabana_55/Elastic/soft/Cole_Hardware_Electric_Pot_Cabana_55_Elastic_soft.csv,0,"End-effector start towards the object, to begin the task."
/home/mdxuser/Genesis/main/data/picked_up_4/csv/Cole_Hardware_Electric_Pot_Cabana_55/Elastic/soft/Cole_Hardware_Electric_Pot_Cabana_55_Elastic_soft.csv,270,"End-effector grasping the object, using gentle force, causing soft-deformation, with increasing force."
/home/mdxuser/Genesis/main/data/picked_up_4/csv/Cole_Hardware_Electric_Pot_Cabana_55/Elastic/soft/Cole_Hardware_Electric_Pot_Cabana_55_Elastic_soft.csv,540,"End-effector continue grasping the object, using gentle force, causing soft-deformation, with increasing force."
/home/mdxuser/Genesis/main/data/picked_up_4/csv/Cole_Hardware_Electric_Pot_Cabana_55/Elastic/soft/Cole_Hardware_Electric_Pot_Cabana_55_Elastic_soft.csv,810,"End-effector lifting the object, using gentle force, causing soft-deformation, with increasing force."
/home/mdxuser/Genesis/main/data/picked_up_4/csv/Cole_Hardware_Electric_Pot_Cabana_55/Elastic/soft/Cole_Hardware_Electric_Pot_Cabana_55_Elastic_soft.csv,1080,"End-effector rotating the object, by an angle of 45.0 degrees, using gentle force, causing soft-deformation, with constant force."
/home/mdxuser/Genesis/main/data/picked_up_4/csv/Cole_Hardware_Electric_Pot_Cabana_55/Elastic/soft/Cole_Hardware_Electric_Pot_Cabana_55_Elastic_soft.csv,1350,"End-effector holding position of the object, maintaining a stable hold, using gentle force, causing soft-deformation."
/home/mdxuser/Genesis/main/data/picked_up_4/csv/Cole_Hardware_Electric_Pot_Cabana_55/Elastic/soft/Cole_Hardware_Electric_Pot_Cabana_55_Elastic_soft.csv,1620,"End-effector continue holding position of the object, maintaining a stable hold, using gentle force, causing soft-deformation."
/home/mdxuser/Genesis/main/data/picked_up_4/csv/Cole_Hardware_Electric_Pot_Cabana_55/Elastic/soft/Cole_Hardware_Electric_Pot_Cabana_55_Elastic_soft.csv,1890,"End-effector rotating the object, by an angle of 45.0 degrees, using gentle force, causing soft-deformation, with constant force."
/home/mdxuser/Genesis/main/data/picked_up_4/csv/Cole_Hardware_Electric_Pot_Cabana_55/Elastic/soft/Cole_Hardware_Electric_Pot_Cabana_55_Elastic_soft.csv,2160,"End-effector holding position of the object, maintaining a stable hold, using gentle force, causing soft-deformation."
/home/mdxuser/Genesis/main/data/picked_up_4/csv/Cole_Hardware_Electric_Pot_Cabana_55/Elastic/soft/Cole_Hardware_Electric_Pot_Cabana_55_Elastic_soft.csv,2430,"End-effector continue holding position of the object, maintaining a stable hold, using gentle force, causing soft-deformation."
/home/mdxuser/Genesis/main/data/picked_up_4/csv/Cole_Hardware_Electric_Pot_Cabana_55/Elastic/soft/Cole_Hardware_Electric_Pot_Cabana_55_Elastic_soft.csv,2700,"End-effector stopping the object, using zero-force, causing undeformed shape."
/home/mdxuser/Genesis/main/data/picked_up_4/csv/Beetle_Adventure_Racing_Nintendo_64/Elastic/hard/Beetle_Adventure_Racing_Nintendo_64_Elastic_hard.csv,0,"End-effector start towards the object, to begin the task."
/home/mdxuser/Genesis/main/data/picked_up_4/csv/Beetle_Adventure_Racing_Nintendo_64/Elastic/hard/Beetle_Adventure_Racing_Nintendo_64_Elastic_hard.csv,270,"End-effector grasping the object, using strong force, causing hard-deformation, with increasing force."
/home/mdxuser/Genesis/main/data/picked_up_4/csv/Beetle_Adventure_Racing_Nintendo_64/Elastic/hard/Beetle_Adventure_Racing_Nintendo_64_Elastic_hard.csv,540,"End-effector continue grasping the object, using strong force, causing hard-deformation, with increasing force."
/home/mdxuser/Genesis/main/data/picked_up_4/csv/Beetle_Adventure_Racing_Nintendo_64/Elastic/hard/Beetle_Adventure_Racing_Nintendo_64_Elastic_hard.csv,810,"End-effector lifting the object, using strong force, causing hard-deformation, with increasing force."
/home/mdxuser/Genesis/main/data/picked_up_4/csv/Beetle_Adventure_Racing_Nintendo_64/Elastic/hard/Beetle_Adventure_Racing_Nintendo_64_Elastic_hard.csv,1080,"End-effector rotating the object, by an angle of 30.0 degrees, using strong force, causing hard-deformation, with constant force."
/home/mdxuser/Genesis/main/data/picked_up_4/csv/Beetle_Adventure_Racing_Nintendo_64/Elastic/hard/Beetle_Adventure_Racing_Nintendo_64_Elastic_hard.csv,1350,"End-effector continue rotating the object, by an angle of 30.0 degrees, using strong force, causing hard-deformation, with constant force."
/home/mdxuser/Genesis/main/data/picked_up_4/csv/Beetle_Adventure_Racing_Nintendo_64/Elastic/hard/Beetle_Adventure_Racing_Nintendo_64_Elastic_hard.csv,1620,"End-effector holding position of the object, maintaining a stable hold, using strong force, causing hard-deformation."
/home/mdxuser/Genesis/main/data/picked_up_4/csv/Beetle_Adventure_Racing_Nintendo_64/Elastic/hard/Beetle_Adventure_Racing_Nintendo_64_Elastic_hard.csv,1890,"End-effector rotating the object, by an angle of 30.0 degrees, using strong force, causing hard-deformation, with constant force."
/home/mdxuser/Genesis/main/data/picked_up_4/csv/Beetle_Adventure_Racing_Nintendo_64/Elastic/hard/Beetle_Adventure_Racing_Nintendo_64_Elastic_hard.csv,2160,"End-effector continue rotating the object, by an angle of 30.0 degrees, using strong force, causing hard-deformation, with constant force."
/home/mdxuser/Genesis/main/data/picked_up_4/csv/Beetle_Adventure_Racing_Nintendo_64/Elastic/hard/Beetle_Adventure_Racing_Nintendo_64_Elastic_hard.csv,2430,"End-effector holding position of the object, maintaining a stable hold, using strong force, causing hard-deformation."
/home/mdxuser/Genesis/main/data/picked_up_4/csv/Beetle_Adventure_Racing_Nintendo_64/Elastic/hard/Beetle_Adventure_Racing_Nintendo_64_Elastic_hard.csv,2700,"End-effector stopping the object, using zero-force, causing undeformed shape."
/home/mdxuser/Genesis/main/data/picked_up_4/csv/adistar_boost_m/Elastic/hard/adistar_boost_m_Elastic_hard.csv,0,"End-effector start towards the object, to begin the task."
/home/mdxuser/Genesis/main/data/picked_up_4/csv/adistar_boost_m/Elastic/hard/adistar_boost_m_Elastic_hard.csv,270,"End-effector grasping the object, using strong force, causing hard-deformation, with increasing force."
/home/mdxuser/Genesis/main/data/picked_up_4/csv/adistar_boost_m/Elastic/hard/adistar_boost_m_Elastic_hard.csv,540,"End-effector continue grasping the object, using strong force, causing hard-deformation, with increasing force."
/home/mdxuser/Genesis/main/data/picked_up_4/csv/adistar_boost_m/Elastic/hard/adistar_boost_m_Elastic_hard.csv,810,"End-effector lifting the object, using strong force, causing hard-deformation, with increasing force."
/home/mdxuser/Genesis/main/data/picked_up_4/csv/adistar_boost_m/Elastic/hard/adistar_boost_m_Elastic_hard.csv,1080,"End-effector rotating the object, by an angle of 30.0 degrees, using strong force, causing hard-deformation, with constant force."
/home/mdxuser/Genesis/main/data/picked_up_4/csv/adistar_boost_m/Elastic/hard/adistar_boost_m_Elastic_hard.csv,1350,"End-effector continue rotating the object, by an angle of 30.0 degrees, using strong force, causing hard-deformation, with constant force."
/home/mdxuser/Genesis/main/data/picked_up_4/csv/adistar_boost_m/Elastic/hard/adistar_boost_m_Elastic_hard.csv,1620,"End-effector holding position of the object, maintaining a stable hold, using strong force, causing hard-deformation."
/home/mdxuser/Genesis/main/data/picked_up_4/csv/adistar_boost_m/Elastic/hard/adistar_boost_m_Elastic_hard.csv,1890,"End-effector rotating the object, by an angle of 30.0 degrees, using strong force, causing hard-deformation, with constant force."
/home/mdxuser/Genesis/main/data/picked_up_4/csv/adistar_boost_m/Elastic/hard/adistar_boost_m_Elastic_hard.csv,2160,"End-effector continue rotating the object, by an angle of 30.0 degrees, using strong force, causing hard-deformation, with constant force."
/home/mdxuser/Genesis/main/data/picked_up_4/csv/adistar_boost_m/Elastic/hard/adistar_boost_m_Elastic_hard.csv,2430,The object has been dropped.
/home/mdxuser/Genesis/main/data/picked_up_4/csv/adistar_boost_m/Elastic/hard/adistar_boost_m_Elastic_hard.csv,2700,The object has been dropped.
/home/mdxuser/Genesis/main/data/picked_up_4/csv/ASICS_GELChallenger_9_Royal_BlueWhiteBlack/Elastic/medium/ASICS_GELChallenger_9_Royal_BlueWhiteBlack_Elastic_medium.csv,0,"End-effector start towards the object, to begin the task."
/home/mdxuser/Genesis/main/data/picked_up_4/csv/ASICS_GELChallenger_9_Royal_BlueWhiteBlack/Elastic/medium/ASICS_GELChallenger_9_Royal_BlueWhiteBlack_Elastic_medium.csv,270,"End-effector grasping the object, using moderate force, causing medium-deformation, with increasing force."
/home/mdxuser/Genesis/main/data/picked_up_4/csv/ASICS_GELChallenger_9_Royal_BlueWhiteBlack/Elastic/medium/ASICS_GELChallenger_9_Royal_BlueWhiteBlack_Elastic_medium.csv,540,"End-effector continue grasping the object, using moderate force, causing medium-deformation, with increasing force."
/home/mdxuser/Genesis/main/data/picked_up_4/csv/ASICS_GELChallenger_9_Royal_BlueWhiteBlack/Elastic/medium/ASICS_GELChallenger_9_Royal_BlueWhiteBlack_Elastic_medium.csv,810,"End-effector lifting the object, using moderate force, causing medium-deformation, with increasing force."
/home/mdxuser/Genesis/main/data/picked_up_4/csv/ASICS_GELChallenger_9_Royal_BlueWhiteBlack/Elastic/medium/ASICS_GELChallenger_9_Royal_BlueWhiteBlack_Elastic_medium.csv,1080,"End-effector rotating the object, by an angle of 45.0 degrees, using moderate force, causing medium-deformation, with constant force."
/home/mdxuser/Genesis/main/data/picked_up_4/csv/ASICS_GELChallenger_9_Royal_BlueWhiteBlack/Elastic/medium/ASICS_GELChallenger_9_Royal_BlueWhiteBlack_Elastic_medium.csv,1350,"End-effector continue rotating the object, by an angle of 45.0 degrees, using moderate force, causing medium-deformation, with constant force."
/home/mdxuser/Genesis/main/data/picked_up_4/csv/ASICS_GELChallenger_9_Royal_BlueWhiteBlack/Elastic/medium/ASICS_GELChallenger_9_Royal_BlueWhiteBlack_Elastic_medium.csv,1620,"End-effector holding position of the object, maintaining a stable hold, using moderate force, causing medium-deformation."
/home/mdxuser/Genesis/main/data/picked_up_4/csv/ASICS_GELChallenger_9_Royal_BlueWhiteBlack/Elastic/medium/ASICS_GELChallenger_9_Royal_BlueWhiteBlack_Elastic_medium.csv,1890,"End-effector rotating the object, by an angle of 30.0 degrees, using moderate force, causing medium-deformation, with constant force."
/home/mdxuser/Genesis/main/data/picked_up_4/csv/ASICS_GELChallenger_9_Royal_BlueWhiteBlack/Elastic/medium/ASICS_GELChallenger_9_Royal_BlueWhiteBlack_Elastic_medium.csv,2160,"End-effector continue rotating the object, by an angle of 30.0 degrees, using moderate force, causing medium-deformation, with constant force."
/home/mdxuser/Genesis/main/data/picked_up_4/csv/ASICS_GELChallenger_9_Royal_BlueWhiteBlack/Elastic/medium/ASICS_GELChallenger_9_Royal_BlueWhiteBlack_Elastic_medium.csv,2430,The object has been dropped.
/home/mdxuser/Genesis/main/data/picked_up_4/csv/ASICS_GELChallenger_9_Royal_BlueWhiteBlack/Elastic/medium/ASICS_GELChallenger_9_Royal_BlueWhiteBlack_Elastic_medium.csv,2700,The object has been dropped.
/home/mdxuser/Genesis/main/data/picked_up_4/csv/Nickelodeon_Teenage_Mutant_Ninja_Turtles_Raphael/Elastic/hard/Nickelodeon_Teenage_Mutant_Ninja_Turtles_Raphael_Elastic_hard.csv,0,"End-effector start towards the object, to begin the task."
/home/mdxuser/Genesis/main/data/picked_up_4/csv/Nickelodeon_Teenage_Mutant_Ninja_Turtles_Raphael/Elastic/hard/Nickelodeon_Teenage_Mutant_Ninja_Turtles_Raphael_Elastic_hard.csv,270,"End-effector grasping the object, using strong force, causing hard-deformation, with increasing force."
/home/mdxuser/Genesis/main/data/picked_up_4/csv/Nickelodeon_Teenage_Mutant_Ninja_Turtles_Raphael/Elastic/hard/Nickelodeon_Teenage_Mutant_Ninja_Turtles_Raphael_Elastic_hard.csv,540,"End-effector continue grasping the object, using strong force, causing hard-deformation, with increasing force."
/home/mdxuser/Genesis/main/data/picked_up_4/csv/Nickelodeon_Teenage_Mutant_Ninja_Turtles_Raphael/Elastic/hard/Nickelodeon_Teenage_Mutant_Ninja_Turtles_Raphael_Elastic_hard.csv,810,"End-effector lifting the object, using strong force, causing hard-deformation, with increasing force."
/home/mdxuser/Genesis/main/data/picked_up_4/csv/Nickelodeon_Teenage_Mutant_Ninja_Turtles_Raphael/Elastic/hard/Nickelodeon_Teenage_Mutant_Ninja_Turtles_Raphael_Elastic_hard.csv,1080,"End-effector rotating the object, by an angle of 45.0 degrees, using strong force, causing hard-deformation, with constant force."
/home/mdxuser/Genesis/main/data/picked_up_4/csv/Nickelodeon_Teenage_Mutant_Ninja_Turtles_Raphael/Elastic/hard/Nickelodeon_Teenage_Mutant_Ninja_Turtles_Raphael_Elastic_hard.csv,1350,"End-effector holding position of the object, maintaining a stable hold, using strong force, causing hard-deformation."
/home/mdxuser/Genesis/main/data/picked_up_4/csv/Nickelodeon_Teenage_Mutant_Ninja_Turtles_Raphael/Elastic/hard/Nickelodeon_Teenage_Mutant_Ninja_Turtles_Raphael_Elastic_hard.csv,1620,"End-effector continue holding position of the object, maintaining a stable hold, using strong force, causing hard-deformation."
/home/mdxuser/Genesis/main/data/picked_up_4/csv/Nickelodeon_Teenage_Mutant_Ninja_Turtles_Raphael/Elastic/hard/Nickelodeon_Teenage_Mutant_Ninja_Turtles_Raphael_Elastic_hard.csv,1890,"End-effector rotating the object, by an angle of 30.0 degrees, using strong force, causing hard-deformation, with constant force."
/home/mdxuser/Genesis/main/data/picked_up_4/csv/Nickelodeon_Teenage_Mutant_Ninja_Turtles_Raphael/Elastic/hard/Nickelodeon_Teenage_Mutant_Ninja_Turtles_Raphael_Elastic_hard.csv,2160,"End-effector continue rotating the object, by an angle of 30.0 degrees, using strong force, causing hard-deformation, with constant force."
/home/mdxuser/Genesis/main/data/picked_up_4/csv/Nickelodeon_Teenage_Mutant_Ninja_Turtles_Raphael/Elastic/hard/Nickelodeon_Teenage_Mutant_Ninja_Turtles_Raphael_Elastic_hard.csv,2430,"End-effector holding position of the object, maintaining a stable hold, using strong force, causing hard-deformation."
/home/mdxuser/Genesis/main/data/picked_up_4/csv/Nickelodeon_Teenage_Mutant_Ninja_Turtles_Raphael/Elastic/hard/Nickelodeon_Teenage_Mutant_Ninja_Turtles_Raphael_Elastic_hard.csv,2700,The object has been dropped.
/home/mdxuser/Genesis/main/data/picked_up_4/csv/CASTLE_BLOCKS/Elastic/medium/CASTLE_BLOCKS_Elastic_medium.csv,0,"End-effector start towards the object, to begin the task."
/home/mdxuser/Genesis/main/data/picked_up_4/csv/CASTLE_BLOCKS/Elastic/medium/CASTLE_BLOCKS_Elastic_medium.csv,270,"End-effector grasping the object, using moderate force, causing medium-deformation, with increasing force."
/home/mdxuser/Genesis/main/data/picked_up_4/csv/CASTLE_BLOCKS/Elastic/medium/CASTLE_BLOCKS_Elastic_medium.csv,540,"End-effector continue grasping the object, using moderate force, causing medium-deformation, with increasing force."
/home/mdxuser/Genesis/main/data/picked_up_4/csv/CASTLE_BLOCKS/Elastic/medium/CASTLE_BLOCKS_Elastic_medium.csv,810,"End-effector lifting the object, using moderate force, causing medium-deformation, with increasing force."
/home/mdxuser/Genesis/main/data/picked_up_4/csv/CASTLE_BLOCKS/Elastic/medium/CASTLE_BLOCKS_Elastic_medium.csv,1080,"End-effector rotating the object, by an angle of 45.0 degrees, using moderate force, causing medium-deformation, with constant force."
/home/mdxuser/Genesis/main/data/picked_up_4/csv/CASTLE_BLOCKS/Elastic/medium/CASTLE_BLOCKS_Elastic_medium.csv,1350,The object has been dropped.
/home/mdxuser/Genesis/main/data/picked_up_4/csv/CASTLE_BLOCKS/Elastic/medium/CASTLE_BLOCKS_Elastic_medium.csv,1620,The object has been dropped.
/home/mdxuser/Genesis/main/data/picked_up_4/csv/CASTLE_BLOCKS/Elastic/medium/CASTLE_BLOCKS_Elastic_medium.csv,1890,The object has been dropped.
/home/mdxuser/Genesis/main/data/picked_up_4/csv/CASTLE_BLOCKS/Elastic/medium/CASTLE_BLOCKS_Elastic_medium.csv,2160,The object has been dropped.
/home/mdxuser/Genesis/main/data/picked_up_4/csv/CASTLE_BLOCKS/Elastic/medium/CASTLE_BLOCKS_Elastic_medium.csv,2430,The object has been dropped.
/home/mdxuser/Genesis/main/data/picked_up_4/csv/CASTLE_BLOCKS/Elastic/medium/CASTLE_BLOCKS_Elastic_medium.csv,2700,The object has been dropped.
/home/mdxuser/Genesis/main/data/picked_up_4/csv/Dixie_10_ounce_Bowls_35_ct/Elastic/hard/Dixie_10_ounce_Bowls_35_ct_Elastic_hard.csv,0,"End-effector start towards the object, to begin the task."
/home/mdxuser/Genesis/main/data/picked_up_4/csv/Dixie_10_ounce_Bowls_35_ct/Elastic/hard/Dixie_10_ounce_Bowls_35_ct_Elastic_hard.csv,270,"End-effector grasping the object, using strong force, causing hard-deformation, with increasing force."
/home/mdxuser/Genesis/main/data/picked_up_4/csv/Dixie_10_ounce_Bowls_35_ct/Elastic/hard/Dixie_10_ounce_Bowls_35_ct_Elastic_hard.csv,540,"End-effector continue grasping the object, using strong force, causing hard-deformation, with increasing force."
/home/mdxuser/Genesis/main/data/picked_up_4/csv/Dixie_10_ounce_Bowls_35_ct/Elastic/hard/Dixie_10_ounce_Bowls_35_ct_Elastic_hard.csv,810,"End-effector lifting the object, using strong force, causing hard-deformation, with increasing force."
/home/mdxuser/Genesis/main/data/picked_up_4/csv/Dixie_10_ounce_Bowls_35_ct/Elastic/hard/Dixie_10_ounce_Bowls_35_ct_Elastic_hard.csv,1080,"End-effector rotating the object, by an angle of 45.0 degrees, using strong force, causing hard-deformation, with constant force."
/home/mdxuser/Genesis/main/data/picked_up_4/csv/Dixie_10_ounce_Bowls_35_ct/Elastic/hard/Dixie_10_ounce_Bowls_35_ct_Elastic_hard.csv,1350,"End-effector continue rotating the object, by an angle of 45.0 degrees, using strong force, causing hard-deformation, with constant force."
/home/mdxuser/Genesis/main/data/picked_up_4/csv/Dixie_10_ounce_Bowls_35_ct/Elastic/hard/Dixie_10_ounce_Bowls_35_ct_Elastic_hard.csv,1620,The object has been dropped.
/home/mdxuser/Genesis/main/data/picked_up_4/csv/Dixie_10_ounce_Bowls_35_ct/Elastic/hard/Dixie_10_ounce_Bowls_35_ct_Elastic_hard.csv,1890,The object has been dropped.
/home/mdxuser/Genesis/main/data/picked_up_4/csv/Dixie_10_ounce_Bowls_35_ct/Elastic/hard/Dixie_10_ounce_Bowls_35_ct_Elastic_hard.csv,2160,The object has been dropped.
/home/mdxuser/Genesis/main/data/picked_up_4/csv/Dixie_10_ounce_Bowls_35_ct/Elastic/hard/Dixie_10_ounce_Bowls_35_ct_Elastic_hard.csv,2430,The object has been dropped.
/home/mdxuser/Genesis/main/data/picked_up_4/csv/Dixie_10_ounce_Bowls_35_ct/Elastic/hard/Dixie_10_ounce_Bowls_35_ct_Elastic_hard.csv,2700,The object has been dropped.
/home/mdxuser/Genesis/main/data/picked_up_4/csv/Mens_ASV_Shock_Light_Bungee_in_Light_Grey_xGCOvtLDnQJ/Elastic/medium/Mens_ASV_Shock_Light_Bungee_in_Light_Grey_xGCOvtLDnQJ_Elastic_medium.csv,0,"End-effector start towards the object, to begin the task."
/home/mdxuser/Genesis/main/data/picked_up_4/csv/Mens_ASV_Shock_Light_Bungee_in_Light_Grey_xGCOvtLDnQJ/Elastic/medium/Mens_ASV_Shock_Light_Bungee_in_Light_Grey_xGCOvtLDnQJ_Elastic_medium.csv,270,"End-effector grasping the object, using moderate force, causing medium-deformation, with increasing force."
/home/mdxuser/Genesis/main/data/picked_up_4/csv/Mens_ASV_Shock_Light_Bungee_in_Light_Grey_xGCOvtLDnQJ/Elastic/medium/Mens_ASV_Shock_Light_Bungee_in_Light_Grey_xGCOvtLDnQJ_Elastic_medium.csv,540,"End-effector continue grasping the object, using moderate force, causing medium-deformation, with increasing force."
/home/mdxuser/Genesis/main/data/picked_up_4/csv/Mens_ASV_Shock_Light_Bungee_in_Light_Grey_xGCOvtLDnQJ/Elastic/medium/Mens_ASV_Shock_Light_Bungee_in_Light_Grey_xGCOvtLDnQJ_Elastic_medium.csv,810,"End-effector lifting the object, using moderate force, causing medium-deformation, with increasing force."
/home/mdxuser/Genesis/main/data/picked_up_4/csv/Mens_ASV_Shock_Light_Bungee_in_Light_Grey_xGCOvtLDnQJ/Elastic/medium/Mens_ASV_Shock_Light_Bungee_in_Light_Grey_xGCOvtLDnQJ_Elastic_medium.csv,1080,"End-effector rotating the object, by an angle of 30.0 degrees, using moderate force, causing medium-deformation, with constant force."
/home/mdxuser/Genesis/main/data/picked_up_4/csv/Mens_ASV_Shock_Light_Bungee_in_Light_Grey_xGCOvtLDnQJ/Elastic/medium/Mens_ASV_Shock_Light_Bungee_in_Light_Grey_xGCOvtLDnQJ_Elastic_medium.csv,1350,"End-effector continue rotating the object, by an angle of 30.0 degrees, using moderate force, causing medium-deformation, with constant force."
/home/mdxuser/Genesis/main/data/picked_up_4/csv/Mens_ASV_Shock_Light_Bungee_in_Light_Grey_xGCOvtLDnQJ/Elastic/medium/Mens_ASV_Shock_Light_Bungee_in_Light_Grey_xGCOvtLDnQJ_Elastic_medium.csv,1620,"End-effector holding position of the object, maintaining a stable hold, using moderate force, causing medium-deformation."
/home/mdxuser/Genesis/main/data/picked_up_4/csv/Mens_ASV_Shock_Light_Bungee_in_Light_Grey_xGCOvtLDnQJ/Elastic/medium/Mens_ASV_Shock_Light_Bungee_in_Light_Grey_xGCOvtLDnQJ_Elastic_medium.csv,1890,The object has been dropped.
/home/mdxuser/Genesis/main/data/picked_up_4/csv/Mens_ASV_Shock_Light_Bungee_in_Light_Grey_xGCOvtLDnQJ/Elastic/medium/Mens_ASV_Shock_Light_Bungee_in_Light_Grey_xGCOvtLDnQJ_Elastic_medium.csv,2160,The object has been dropped.
/home/mdxuser/Genesis/main/data/picked_up_4/csv/Mens_ASV_Shock_Light_Bungee_in_Light_Grey_xGCOvtLDnQJ/Elastic/medium/Mens_ASV_Shock_Light_Bungee_in_Light_Grey_xGCOvtLDnQJ_Elastic_medium.csv,2430,The object has been dropped.
/home/mdxuser/Genesis/main/data/picked_up_4/csv/Mens_ASV_Shock_Light_Bungee_in_Light_Grey_xGCOvtLDnQJ/Elastic/medium/Mens_ASV_Shock_Light_Bungee_in_Light_Grey_xGCOvtLDnQJ_Elastic_medium.csv,2700,The object has been dropped.
/home/mdxuser/Genesis/main/data/picked_up_4/csv/Perricone_MD_Hypoallergenic_Gentle_Cleanser/Elastic/hard/Perricone_MD_Hypoallergenic_Gentle_Cleanser_Elastic_hard.csv,0,"End-effector start towards the object, to begin the task."
/home/mdxuser/Genesis/main/data/picked_up_4/csv/Perricone_MD_Hypoallergenic_Gentle_Cleanser/Elastic/hard/Perricone_MD_Hypoallergenic_Gentle_Cleanser_Elastic_hard.csv,270,"End-effector grasping the object, using strong force, causing hard-deformation, with increasing force."
/home/mdxuser/Genesis/main/data/picked_up_4/csv/Perricone_MD_Hypoallergenic_Gentle_Cleanser/Elastic/hard/Perricone_MD_Hypoallergenic_Gentle_Cleanser_Elastic_hard.csv,540,"End-effector continue grasping the object, using strong force, causing hard-deformation, with increasing force."
/home/mdxuser/Genesis/main/data/picked_up_4/csv/Perricone_MD_Hypoallergenic_Gentle_Cleanser/Elastic/hard/Perricone_MD_Hypoallergenic_Gentle_Cleanser_Elastic_hard.csv,810,"End-effector lifting the object, using strong force, causing hard-deformation, with increasing force."
/home/mdxuser/Genesis/main/data/picked_up_4/csv/Perricone_MD_Hypoallergenic_Gentle_Cleanser/Elastic/hard/Perricone_MD_Hypoallergenic_Gentle_Cleanser_Elastic_hard.csv,1080,"End-effector rotating the object, by an angle of 45.0 degrees, using strong force, causing hard-deformation, with constant force."
/home/mdxuser/Genesis/main/data/picked_up_4/csv/Perricone_MD_Hypoallergenic_Gentle_Cleanser/Elastic/hard/Perricone_MD_Hypoallergenic_Gentle_Cleanser_Elastic_hard.csv,1350,"End-effector continue rotating the object, by an angle of 45.0 degrees, using strong force, causing hard-deformation, with constant force."
/home/mdxuser/Genesis/main/data/picked_up_4/csv/Perricone_MD_Hypoallergenic_Gentle_Cleanser/Elastic/hard/Perricone_MD_Hypoallergenic_Gentle_Cleanser_Elastic_hard.csv,1620,"End-effector holding position of the object, maintaining a stable hold, using strong force, causing hard-deformation."
/home/mdxuser/Genesis/main/data/picked_up_4/csv/Perricone_MD_Hypoallergenic_Gentle_Cleanser/Elastic/hard/Perricone_MD_Hypoallergenic_Gentle_Cleanser_Elastic_hard.csv,1890,"End-effector rotating the object, by an angle of 30.0 degrees, using strong force, causing hard-deformation, with constant force."
/home/mdxuser/Genesis/main/data/picked_up_4/csv/Perricone_MD_Hypoallergenic_Gentle_Cleanser/Elastic/hard/Perricone_MD_Hypoallergenic_Gentle_Cleanser_Elastic_hard.csv,2160,"End-effector continue rotating the object, by an angle of 30.0 degrees, using strong force, causing hard-deformation, with constant force."
/home/mdxuser/Genesis/main/data/picked_up_4/csv/Perricone_MD_Hypoallergenic_Gentle_Cleanser/Elastic/hard/Perricone_MD_Hypoallergenic_Gentle_Cleanser_Elastic_hard.csv,2430,"End-effector holding position of the object, maintaining a stable hold, using strong force, causing hard-deformation."
/home/mdxuser/Genesis/main/data/picked_up_4/csv/Perricone_MD_Hypoallergenic_Gentle_Cleanser/Elastic/hard/Perricone_MD_Hypoallergenic_Gentle_Cleanser_Elastic_hard.csv,2700,"End-effector stopping the object, using zero-force, causing undeformed shape."
/home/mdxuser/Genesis/main/data/picked_up_4/csv/CHICKEN_RACER/Elastic/medium/CHICKEN_RACER_Elastic_medium.csv,0,"End-effector start towards the object, to begin the task."
/home/mdxuser/Genesis/main/data/picked_up_4/csv/CHICKEN_RACER/Elastic/medium/CHICKEN_RACER_Elastic_medium.csv,270,"End-effector grasping the object, using moderate force, causing medium-deformation, with increasing force."
/home/mdxuser/Genesis/main/data/picked_up_4/csv/CHICKEN_RACER/Elastic/medium/CHICKEN_RACER_Elastic_medium.csv,540,"End-effector continue grasping the object, using moderate force, causing medium-deformation, with increasing force."
/home/mdxuser/Genesis/main/data/picked_up_4/csv/CHICKEN_RACER/Elastic/medium/CHICKEN_RACER_Elastic_medium.csv,810,"End-effector lifting the object, using moderate force, causing medium-deformation, with increasing force."
/home/mdxuser/Genesis/main/data/picked_up_4/csv/CHICKEN_RACER/Elastic/medium/CHICKEN_RACER_Elastic_medium.csv,1080,"End-effector rotating the object, by an angle of 45.0 degrees, using moderate force, causing medium-deformation, with constant force."
/home/mdxuser/Genesis/main/data/picked_up_4/csv/CHICKEN_RACER/Elastic/medium/CHICKEN_RACER_Elastic_medium.csv,1350,"End-effector continue rotating the object, by an angle of 45.0 degrees, using moderate force, causing medium-deformation, with constant force."
/home/mdxuser/Genesis/main/data/picked_up_4/csv/CHICKEN_RACER/Elastic/medium/CHICKEN_RACER_Elastic_medium.csv,1620,"End-effector holding position of the object, maintaining a stable hold, using moderate force, causing medium-deformation."
/home/mdxuser/Genesis/main/data/picked_up_4/csv/CHICKEN_RACER/Elastic/medium/CHICKEN_RACER_Elastic_medium.csv,1890,"End-effector rotating the object, by an angle of 30.0 degrees, using moderate force, causing medium-deformation, with constant force."
/home/mdxuser/Genesis/main/data/picked_up_4/csv/CHICKEN_RACER/Elastic/medium/CHICKEN_RACER_Elastic_medium.csv,2160,"End-effector continue rotating the object, by an angle of 30.0 degrees, using moderate force, causing medium-deformation, with constant force."
/home/mdxuser/Genesis/main/data/picked_up_4/csv/CHICKEN_RACER/Elastic/medium/CHICKEN_RACER_Elastic_medium.csv,2430,"End-effector holding position of the object, maintaining a stable hold, using moderate force, causing medium-deformation."
/home/mdxuser/Genesis/main/data/picked_up_4/csv/CHICKEN_RACER/Elastic/medium/CHICKEN_RACER_Elastic_medium.csv,2700,"End-effector stopping the object, using zero-force, causing undeformed shape."
/home/mdxuser/Genesis/main/data/picked_up_4/csv/D_ROSE_ENGLEWOOD_II/Elastic/soft/D_ROSE_ENGLEWOOD_II_Elastic_soft.csv,0,"End-effector start towards the object, to begin the task."
/home/mdxuser/Genesis/main/data/picked_up_4/csv/D_ROSE_ENGLEWOOD_II/Elastic/soft/D_ROSE_ENGLEWOOD_II_Elastic_soft.csv,270,"End-effector grasping the object, using gentle force, causing soft-deformation, with increasing force."
/home/mdxuser/Genesis/main/data/picked_up_4/csv/D_ROSE_ENGLEWOOD_II/Elastic/soft/D_ROSE_ENGLEWOOD_II_Elastic_soft.csv,540,"End-effector continue grasping the object, using gentle force, causing soft-deformation, with increasing force."
/home/mdxuser/Genesis/main/data/picked_up_4/csv/D_ROSE_ENGLEWOOD_II/Elastic/soft/D_ROSE_ENGLEWOOD_II_Elastic_soft.csv,810,"End-effector lifting the object, using gentle force, causing soft-deformation, with increasing force."
/home/mdxuser/Genesis/main/data/picked_up_4/csv/D_ROSE_ENGLEWOOD_II/Elastic/soft/D_ROSE_ENGLEWOOD_II_Elastic_soft.csv,1080,"End-effector rotating the object, by an angle of 45.0 degrees, using gentle force, causing soft-deformation, with constant force."
/home/mdxuser/Genesis/main/data/picked_up_4/csv/D_ROSE_ENGLEWOOD_II/Elastic/soft/D_ROSE_ENGLEWOOD_II_Elastic_soft.csv,1350,"End-effector continue rotating the object, by an angle of 45.0 degrees, using gentle force, causing soft-deformation, with constant force."
/home/mdxuser/Genesis/main/data/picked_up_4/csv/D_ROSE_ENGLEWOOD_II/Elastic/soft/D_ROSE_ENGLEWOOD_II_Elastic_soft.csv,1620,"End-effector holding position of the object, maintaining a stable hold, using gentle force, causing soft-deformation."
/home/mdxuser/Genesis/main/data/picked_up_4/csv/D_ROSE_ENGLEWOOD_II/Elastic/soft/D_ROSE_ENGLEWOOD_II_Elastic_soft.csv,1890,"End-effector rotating the object, by an angle of 45.0 degrees, using gentle force, causing soft-deformation, with constant force."
/home/mdxuser/Genesis/main/data/picked_up_4/csv/D_ROSE_ENGLEWOOD_II/Elastic/soft/D_ROSE_ENGLEWOOD_II_Elastic_soft.csv,2160,"End-effector holding position of the object, maintaining a stable hold, using gentle force, causing soft-deformation."
/home/mdxuser/Genesis/main/data/picked_up_4/csv/D_ROSE_ENGLEWOOD_II/Elastic/soft/D_ROSE_ENGLEWOOD_II_Elastic_soft.csv,2430,"End-effector continue holding position of the object, maintaining a stable hold, using gentle force, causing soft-deformation."
/home/mdxuser/Genesis/main/data/picked_up_4/csv/D_ROSE_ENGLEWOOD_II/Elastic/soft/D_ROSE_ENGLEWOOD_II_Elastic_soft.csv,2700,The object has been dropped.
/home/mdxuser/Genesis/main/data/picked_up_4/csv/3D_Dollhouse_Happy_Brother/Elastic/hard/3D_Dollhouse_Happy_Brother_Elastic_hard.csv,0,"End-effector start towards the object, to begin the task."
/home/mdxuser/Genesis/main/data/picked_up_4/csv/3D_Dollhouse_Happy_Brother/Elastic/hard/3D_Dollhouse_Happy_Brother_Elastic_hard.csv,270,"End-effector grasping the object, using strong force, causing hard-deformation, with increasing force."
/home/mdxuser/Genesis/main/data/picked_up_4/csv/3D_Dollhouse_Happy_Brother/Elastic/hard/3D_Dollhouse_Happy_Brother_Elastic_hard.csv,540,"End-effector continue grasping the object, using strong force, causing hard-deformation, with increasing force."
/home/mdxuser/Genesis/main/data/picked_up_4/csv/3D_Dollhouse_Happy_Brother/Elastic/hard/3D_Dollhouse_Happy_Brother_Elastic_hard.csv,810,"End-effector lifting the object, using strong force, causing hard-deformation, with increasing force."
/home/mdxuser/Genesis/main/data/picked_up_4/csv/3D_Dollhouse_Happy_Brother/Elastic/hard/3D_Dollhouse_Happy_Brother_Elastic_hard.csv,1080,"End-effector rotating the object, by an angle of 45.0 degrees, using strong force, causing hard-deformation, with constant force."
/home/mdxuser/Genesis/main/data/picked_up_4/csv/3D_Dollhouse_Happy_Brother/Elastic/hard/3D_Dollhouse_Happy_Brother_Elastic_hard.csv,1350,"End-effector holding position of the object, maintaining a stable hold, using strong force, causing hard-deformation."
/home/mdxuser/Genesis/main/data/picked_up_4/csv/3D_Dollhouse_Happy_Brother/Elastic/hard/3D_Dollhouse_Happy_Brother_Elastic_hard.csv,1620,"End-effector continue holding position of the object, maintaining a stable hold, using strong force, causing hard-deformation."
/home/mdxuser/Genesis/main/data/picked_up_4/csv/3D_Dollhouse_Happy_Brother/Elastic/hard/3D_Dollhouse_Happy_Brother_Elastic_hard.csv,1890,"End-effector rotating the object, by an angle of 45.0 degrees, using strong force, causing hard-deformation, with constant force."
/home/mdxuser/Genesis/main/data/picked_up_4/csv/3D_Dollhouse_Happy_Brother/Elastic/hard/3D_Dollhouse_Happy_Brother_Elastic_hard.csv,2160,"End-effector continue rotating the object, by an angle of 45.0 degrees, using strong force, causing hard-deformation, with constant force."
/home/mdxuser/Genesis/main/data/picked_up_4/csv/3D_Dollhouse_Happy_Brother/Elastic/hard/3D_Dollhouse_Happy_Brother_Elastic_hard.csv,2430,"End-effector holding position of the object, maintaining a stable hold, using strong force, causing hard-deformation."
/home/mdxuser/Genesis/main/data/picked_up_4/csv/3D_Dollhouse_Happy_Brother/Elastic/hard/3D_Dollhouse_Happy_Brother_Elastic_hard.csv,2700,"End-effector stopping the object, using zero-force, causing undeformed shape."
/home/mdxuser/Genesis/main/data/picked_up_4/csv/Cole_Hardware_Electric_Pot_Assortment_55/Elastic/soft/Cole_Hardware_Electric_Pot_Assortment_55_Elastic_soft.csv,0,"End-effector start towards the object, to begin the task."
/home/mdxuser/Genesis/main/data/picked_up_4/csv/Cole_Hardware_Electric_Pot_Assortment_55/Elastic/soft/Cole_Hardware_Electric_Pot_Assortment_55_Elastic_soft.csv,270,"End-effector grasping the object, using gentle force, causing soft-deformation, with increasing force."
/home/mdxuser/Genesis/main/data/picked_up_4/csv/Cole_Hardware_Electric_Pot_Assortment_55/Elastic/soft/Cole_Hardware_Electric_Pot_Assortment_55_Elastic_soft.csv,540,"End-effector continue grasping the object, using gentle force, causing soft-deformation, with increasing force."
/home/mdxuser/Genesis/main/data/picked_up_4/csv/Cole_Hardware_Electric_Pot_Assortment_55/Elastic/soft/Cole_Hardware_Electric_Pot_Assortment_55_Elastic_soft.csv,810,"End-effector lifting the object, using gentle force, causing soft-deformation, with increasing force."
/home/mdxuser/Genesis/main/data/picked_up_4/csv/Cole_Hardware_Electric_Pot_Assortment_55/Elastic/soft/Cole_Hardware_Electric_Pot_Assortment_55_Elastic_soft.csv,1080,"End-effector rotating the object, by an angle of 30.0 degrees, using gentle force, causing soft-deformation, with constant force."
/home/mdxuser/Genesis/main/data/picked_up_4/csv/Cole_Hardware_Electric_Pot_Assortment_55/Elastic/soft/Cole_Hardware_Electric_Pot_Assortment_55_Elastic_soft.csv,1350,"End-effector continue rotating the object, by an angle of 30.0 degrees, using gentle force, causing soft-deformation, with constant force."
/home/mdxuser/Genesis/main/data/picked_up_4/csv/Cole_Hardware_Electric_Pot_Assortment_55/Elastic/soft/Cole_Hardware_Electric_Pot_Assortment_55_Elastic_soft.csv,1620,"End-effector holding position of the object, maintaining a stable hold, using gentle force, causing soft-deformation."
/home/mdxuser/Genesis/main/data/picked_up_4/csv/Cole_Hardware_Electric_Pot_Assortment_55/Elastic/soft/Cole_Hardware_Electric_Pot_Assortment_55_Elastic_soft.csv,1890,"End-effector rotating the object, by an angle of 30.0 degrees, using gentle force, causing soft-deformation, with constant force."
/home/mdxuser/Genesis/main/data/picked_up_4/csv/Cole_Hardware_Electric_Pot_Assortment_55/Elastic/soft/Cole_Hardware_Electric_Pot_Assortment_55_Elastic_soft.csv,2160,"End-effector continue rotating the object, by an angle of 30.0 degrees, using gentle force, causing soft-deformation, with constant force."
/home/mdxuser/Genesis/main/data/picked_up_4/csv/Cole_Hardware_Electric_Pot_Assortment_55/Elastic/soft/Cole_Hardware_Electric_Pot_Assortment_55_Elastic_soft.csv,2430,"End-effector holding position of the object, maintaining a stable hold, using gentle force, causing soft-deformation."
/home/mdxuser/Genesis/main/data/picked_up_4/csv/Cole_Hardware_Electric_Pot_Assortment_55/Elastic/soft/Cole_Hardware_Electric_Pot_Assortment_55_Elastic_soft.csv,2700,The object has been dropped.
/home/mdxuser/Genesis/main/data/picked_up_4/csv/Eat_to_Live_The_Amazing_NutrientRich_Program_for_Fast_and_Sustained_Weight_Loss_Revised_Edition_Book/Elastic/medium/Eat_to_Live_The_Amazing_NutrientRich_Program_for_Fast_and_Sustained_Weight_Loss_Revised_Edition_Book_Elastic_medium.csv,0,"End-effector start towards the object, to begin the task."
/home/mdxuser/Genesis/main/data/picked_up_4/csv/Eat_to_Live_The_Amazing_NutrientRich_Program_for_Fast_and_Sustained_Weight_Loss_Revised_Edition_Book/Elastic/medium/Eat_to_Live_The_Amazing_NutrientRich_Program_for_Fast_and_Sustained_Weight_Loss_Revised_Edition_Book_Elastic_medium.csv,270,"End-effector grasping the object, using moderate force, causing medium-deformation, with increasing force."
/home/mdxuser/Genesis/main/data/picked_up_4/csv/Eat_to_Live_The_Amazing_NutrientRich_Program_for_Fast_and_Sustained_Weight_Loss_Revised_Edition_Book/Elastic/medium/Eat_to_Live_The_Amazing_NutrientRich_Program_for_Fast_and_Sustained_Weight_Loss_Revised_Edition_Book_Elastic_medium.csv,540,"End-effector continue grasping the object, using moderate force, causing medium-deformation, with increasing force."
/home/mdxuser/Genesis/main/data/picked_up_4/csv/Eat_to_Live_The_Amazing_NutrientRich_Program_for_Fast_and_Sustained_Weight_Loss_Revised_Edition_Book/Elastic/medium/Eat_to_Live_The_Amazing_NutrientRich_Program_for_Fast_and_Sustained_Weight_Loss_Revised_Edition_Book_Elastic_medium.csv,810,"End-effector lifting the object, using moderate force, causing medium-deformation, with increasing force."
/home/mdxuser/Genesis/main/data/picked_up_4/csv/Eat_to_Live_The_Amazing_NutrientRich_Program_for_Fast_and_Sustained_Weight_Loss_Revised_Edition_Book/Elastic/medium/Eat_to_Live_The_Amazing_NutrientRich_Program_for_Fast_and_Sustained_Weight_Loss_Revised_Edition_Book_Elastic_medium.csv,1080,"End-effector rotating the object, by an angle of 30.0 degrees, using moderate force, causing medium-deformation, with constant force."
/home/mdxuser/Genesis/main/data/picked_up_4/csv/Eat_to_Live_The_Amazing_NutrientRich_Program_for_Fast_and_Sustained_Weight_Loss_Revised_Edition_Book/Elastic/medium/Eat_to_Live_The_Amazing_NutrientRich_Program_for_Fast_and_Sustained_Weight_Loss_Revised_Edition_Book_Elastic_medium.csv,1350,"End-effector continue rotating the object, by an angle of 30.0 degrees, using moderate force, causing medium-deformation, with constant force."
/home/mdxuser/Genesis/main/data/picked_up_4/csv/Eat_to_Live_The_Amazing_NutrientRich_Program_for_Fast_and_Sustained_Weight_Loss_Revised_Edition_Book/Elastic/medium/Eat_to_Live_The_Amazing_NutrientRich_Program_for_Fast_and_Sustained_Weight_Loss_Revised_Edition_Book_Elastic_medium.csv,1620,The object has been dropped.
/home/mdxuser/Genesis/main/data/picked_up_4/csv/Eat_to_Live_The_Amazing_NutrientRich_Program_for_Fast_and_Sustained_Weight_Loss_Revised_Edition_Book/Elastic/medium/Eat_to_Live_The_Amazing_NutrientRich_Program_for_Fast_and_Sustained_Weight_Loss_Revised_Edition_Book_Elastic_medium.csv,1890,The object has been dropped.
/home/mdxuser/Genesis/main/data/picked_up_4/csv/Eat_to_Live_The_Amazing_NutrientRich_Program_for_Fast_and_Sustained_Weight_Loss_Revised_Edition_Book/Elastic/medium/Eat_to_Live_The_Amazing_NutrientRich_Program_for_Fast_and_Sustained_Weight_Loss_Revised_Edition_Book_Elastic_medium.csv,2160,The object has been dropped.
/home/mdxuser/Genesis/main/data/picked_up_4/csv/Eat_to_Live_The_Amazing_NutrientRich_Program_for_Fast_and_Sustained_Weight_Loss_Revised_Edition_Book/Elastic/medium/Eat_to_Live_The_Amazing_NutrientRich_Program_for_Fast_and_Sustained_Weight_Loss_Revised_Edition_Book_Elastic_medium.csv,2430,The object has been dropped.
/home/mdxuser/Genesis/main/data/picked_up_4/csv/Eat_to_Live_The_Amazing_NutrientRich_Program_for_Fast_and_Sustained_Weight_Loss_Revised_Edition_Book/Elastic/medium/Eat_to_Live_The_Amazing_NutrientRich_Program_for_Fast_and_Sustained_Weight_Loss_Revised_Edition_Book_Elastic_medium.csv,2700,The object has been dropped.
/home/mdxuser/Genesis/main/data/picked_up_4/csv/Balderdash_Game/Elastic/medium/Balderdash_Game_Elastic_medium.csv,0,"End-effector start towards the object, to begin the task."
/home/mdxuser/Genesis/main/data/picked_up_4/csv/Balderdash_Game/Elastic/medium/Balderdash_Game_Elastic_medium.csv,270,"End-effector grasping the object, using moderate force, causing medium-deformation, with increasing force."
/home/mdxuser/Genesis/main/data/picked_up_4/csv/Balderdash_Game/Elastic/medium/Balderdash_Game_Elastic_medium.csv,540,"End-effector continue grasping the object, using moderate force, causing medium-deformation, with increasing force."
/home/mdxuser/Genesis/main/data/picked_up_4/csv/Balderdash_Game/Elastic/medium/Balderdash_Game_Elastic_medium.csv,810,"End-effector lifting the object, using moderate force, causing medium-deformation, with increasing force."
/home/mdxuser/Genesis/main/data/picked_up_4/csv/Balderdash_Game/Elastic/medium/Balderdash_Game_Elastic_medium.csv,1080,"End-effector rotating the object, by an angle of 45.0 degrees, using moderate force, causing medium-deformation, with constant force."
/home/mdxuser/Genesis/main/data/picked_up_4/csv/Balderdash_Game/Elastic/medium/Balderdash_Game_Elastic_medium.csv,1350,"End-effector continue rotating the object, by an angle of 45.0 degrees, using moderate force, causing medium-deformation, with constant force."
/home/mdxuser/Genesis/main/data/picked_up_4/csv/Balderdash_Game/Elastic/medium/Balderdash_Game_Elastic_medium.csv,1620,The object has been dropped.
/home/mdxuser/Genesis/main/data/picked_up_4/csv/Balderdash_Game/Elastic/medium/Balderdash_Game_Elastic_medium.csv,1890,The object has been dropped.
/home/mdxuser/Genesis/main/data/picked_up_4/csv/Balderdash_Game/Elastic/medium/Balderdash_Game_Elastic_medium.csv,2160,The object has been dropped.
/home/mdxuser/Genesis/main/data/picked_up_4/csv/Balderdash_Game/Elastic/medium/Balderdash_Game_Elastic_medium.csv,2430,The object has been dropped.
/home/mdxuser/Genesis/main/data/picked_up_4/csv/Balderdash_Game/Elastic/medium/Balderdash_Game_Elastic_medium.csv,2700,The object has been dropped.
/home/mdxuser/Genesis/main/data/picked_up_4/csv/Just_For_Men_ShampooIn_Haircolor_Jet_Black_60/Elastic/soft/Just_For_Men_ShampooIn_Haircolor_Jet_Black_60_Elastic_soft.csv,0,"End-effector start towards the object, to begin the task."
/home/mdxuser/Genesis/main/data/picked_up_4/csv/Just_For_Men_ShampooIn_Haircolor_Jet_Black_60/Elastic/soft/Just_For_Men_ShampooIn_Haircolor_Jet_Black_60_Elastic_soft.csv,270,"End-effector grasping the object, using gentle force, causing soft-deformation, with increasing force."
/home/mdxuser/Genesis/main/data/picked_up_4/csv/Just_For_Men_ShampooIn_Haircolor_Jet_Black_60/Elastic/soft/Just_For_Men_ShampooIn_Haircolor_Jet_Black_60_Elastic_soft.csv,540,"End-effector continue grasping the object, using gentle force, causing soft-deformation, with increasing force."
/home/mdxuser/Genesis/main/data/picked_up_4/csv/Just_For_Men_ShampooIn_Haircolor_Jet_Black_60/Elastic/soft/Just_For_Men_ShampooIn_Haircolor_Jet_Black_60_Elastic_soft.csv,810,"End-effector lifting the object, using gentle force, causing soft-deformation, with increasing force."
/home/mdxuser/Genesis/main/data/picked_up_4/csv/Just_For_Men_ShampooIn_Haircolor_Jet_Black_60/Elastic/soft/Just_For_Men_ShampooIn_Haircolor_Jet_Black_60_Elastic_soft.csv,1080,"End-effector rotating the object, by an angle of 45.0 degrees, using gentle force, causing soft-deformation, with constant force."
/home/mdxuser/Genesis/main/data/picked_up_4/csv/Just_For_Men_ShampooIn_Haircolor_Jet_Black_60/Elastic/soft/Just_For_Men_ShampooIn_Haircolor_Jet_Black_60_Elastic_soft.csv,1350,"End-effector continue rotating the object, by an angle of 45.0 degrees, using gentle force, causing soft-deformation, with constant force."
/home/mdxuser/Genesis/main/data/picked_up_4/csv/Just_For_Men_ShampooIn_Haircolor_Jet_Black_60/Elastic/soft/Just_For_Men_ShampooIn_Haircolor_Jet_Black_60_Elastic_soft.csv,1620,The object has been dropped.
/home/mdxuser/Genesis/main/data/picked_up_4/csv/Just_For_Men_ShampooIn_Haircolor_Jet_Black_60/Elastic/soft/Just_For_Men_ShampooIn_Haircolor_Jet_Black_60_Elastic_soft.csv,1890,The object has been dropped.
/home/mdxuser/Genesis/main/data/picked_up_4/csv/Just_For_Men_ShampooIn_Haircolor_Jet_Black_60/Elastic/soft/Just_For_Men_ShampooIn_Haircolor_Jet_Black_60_Elastic_soft.csv,2160,The object has been dropped.
/home/mdxuser/Genesis/main/data/picked_up_4/csv/Just_For_Men_ShampooIn_Haircolor_Jet_Black_60/Elastic/soft/Just_For_Men_ShampooIn_Haircolor_Jet_Black_60_Elastic_soft.csv,2430,The object has been dropped.
/home/mdxuser/Genesis/main/data/picked_up_4/csv/Just_For_Men_ShampooIn_Haircolor_Jet_Black_60/Elastic/soft/Just_For_Men_ShampooIn_Haircolor_Jet_Black_60_Elastic_soft.csv,2700,The object has been dropped.
/home/mdxuser/Genesis/main/data/picked_up_4/csv/Crayola_Crayons_120_crayons/Elastic/hard/Crayola_Crayons_120_crayons_Elastic_hard.csv,0,"End-effector start towards the object, to begin the task."
/home/mdxuser/Genesis/main/data/picked_up_4/csv/Crayola_Crayons_120_crayons/Elastic/hard/Crayola_Crayons_120_crayons_Elastic_hard.csv,270,"End-effector grasping the object, using strong force, causing hard-deformation, with increasing force."
/home/mdxuser/Genesis/main/data/picked_up_4/csv/Crayola_Crayons_120_crayons/Elastic/hard/Crayola_Crayons_120_crayons_Elastic_hard.csv,540,"End-effector continue grasping the object, using strong force, causing hard-deformation, with increasing force."
/home/mdxuser/Genesis/main/data/picked_up_4/csv/Crayola_Crayons_120_crayons/Elastic/hard/Crayola_Crayons_120_crayons_Elastic_hard.csv,810,"End-effector lifting the object, using strong force, causing hard-deformation, with increasing force."
/home/mdxuser/Genesis/main/data/picked_up_4/csv/Crayola_Crayons_120_crayons/Elastic/hard/Crayola_Crayons_120_crayons_Elastic_hard.csv,1080,"End-effector rotating the object, by an angle of 45.0 degrees, using strong force, causing hard-deformation, with constant force."
/home/mdxuser/Genesis/main/data/picked_up_4/csv/Crayola_Crayons_120_crayons/Elastic/hard/Crayola_Crayons_120_crayons_Elastic_hard.csv,1350,"End-effector continue rotating the object, by an angle of 45.0 degrees, using strong force, causing hard-deformation, with constant force."
/home/mdxuser/Genesis/main/data/picked_up_4/csv/Crayola_Crayons_120_crayons/Elastic/hard/Crayola_Crayons_120_crayons_Elastic_hard.csv,1620,The object has been dropped.
/home/mdxuser/Genesis/main/data/picked_up_4/csv/Crayola_Crayons_120_crayons/Elastic/hard/Crayola_Crayons_120_crayons_Elastic_hard.csv,1890,The object has been dropped.
/home/mdxuser/Genesis/main/data/picked_up_4/csv/Crayola_Crayons_120_crayons/Elastic/hard/Crayola_Crayons_120_crayons_Elastic_hard.csv,2160,The object has been dropped.
/home/mdxuser/Genesis/main/data/picked_up_4/csv/Crayola_Crayons_120_crayons/Elastic/hard/Crayola_Crayons_120_crayons_Elastic_hard.csv,2430,The object has been dropped.
/home/mdxuser/Genesis/main/data/picked_up_4/csv/Crayola_Crayons_120_crayons/Elastic/hard/Crayola_Crayons_120_crayons_Elastic_hard.csv,2700,The object has been dropped.
/home/mdxuser/Genesis/main/data/picked_up_4/csv/Phillips_Colon_Health_Probiotic_Capsule/Elastic/soft/Phillips_Colon_Health_Probiotic_Capsule_Elastic_soft.csv,0,"End-effector start towards the object, to begin the task."
/home/mdxuser/Genesis/main/data/picked_up_4/csv/Phillips_Colon_Health_Probiotic_Capsule/Elastic/soft/Phillips_Colon_Health_Probiotic_Capsule_Elastic_soft.csv,270,"End-effector grasping the object, using gentle force, causing soft-deformation, with increasing force."
/home/mdxuser/Genesis/main/data/picked_up_4/csv/Phillips_Colon_Health_Probiotic_Capsule/Elastic/soft/Phillips_Colon_Health_Probiotic_Capsule_Elastic_soft.csv,540,"End-effector continue grasping the object, using gentle force, causing soft-deformation, with increasing force."
/home/mdxuser/Genesis/main/data/picked_up_4/csv/Phillips_Colon_Health_Probiotic_Capsule/Elastic/soft/Phillips_Colon_Health_Probiotic_Capsule_Elastic_soft.csv,810,"End-effector lifting the object, using gentle force, causing soft-deformation, with increasing force."
/home/mdxuser/Genesis/main/data/picked_up_4/csv/Phillips_Colon_Health_Probiotic_Capsule/Elastic/soft/Phillips_Colon_Health_Probiotic_Capsule_Elastic_soft.csv,1080,"End-effector rotating the object, by an angle of 45.0 degrees, using gentle force, causing soft-deformation, with constant force."
/home/mdxuser/Genesis/main/data/picked_up_4/csv/Phillips_Colon_Health_Probiotic_Capsule/Elastic/soft/Phillips_Colon_Health_Probiotic_Capsule_Elastic_soft.csv,1350,"End-effector continue rotating the object, by an angle of 45.0 degrees, using gentle force, causing soft-deformation, with constant force."
/home/mdxuser/Genesis/main/data/picked_up_4/csv/Phillips_Colon_Health_Probiotic_Capsule/Elastic/soft/Phillips_Colon_Health_Probiotic_Capsule_Elastic_soft.csv,1620,"End-effector holding position of the object, maintaining a stable hold, using gentle force, causing soft-deformation."
/home/mdxuser/Genesis/main/data/picked_up_4/csv/Phillips_Colon_Health_Probiotic_Capsule/Elastic/soft/Phillips_Colon_Health_Probiotic_Capsule_Elastic_soft.csv,1890,The object has been dropped.
/home/mdxuser/Genesis/main/data/picked_up_4/csv/Phillips_Colon_Health_Probiotic_Capsule/Elastic/soft/Phillips_Colon_Health_Probiotic_Capsule_Elastic_soft.csv,2160,The object has been dropped.
/home/mdxuser/Genesis/main/data/picked_up_4/csv/Phillips_Colon_Health_Probiotic_Capsule/Elastic/soft/Phillips_Colon_Health_Probiotic_Capsule_Elastic_soft.csv,2430,The object has been dropped.
/home/mdxuser/Genesis/main/data/picked_up_4/csv/Phillips_Colon_Health_Probiotic_Capsule/Elastic/soft/Phillips_Colon_Health_Probiotic_Capsule_Elastic_soft.csv,2700,The object has been dropped.
/home/mdxuser/Genesis/main/data/picked_up_4/csv/Cole_Hardware_Electric_Pot_Assortment_55/Elastic/medium/Cole_Hardware_Electric_Pot_Assortment_55_Elastic_medium.csv,0,"End-effector start towards the object, to begin the task."
/home/mdxuser/Genesis/main/data/picked_up_4/csv/Cole_Hardware_Electric_Pot_Assortment_55/Elastic/medium/Cole_Hardware_Electric_Pot_Assortment_55_Elastic_medium.csv,270,"End-effector grasping the object, using moderate force, causing medium-deformation, with increasing force."
/home/mdxuser/Genesis/main/data/picked_up_4/csv/Cole_Hardware_Electric_Pot_Assortment_55/Elastic/medium/Cole_Hardware_Electric_Pot_Assortment_55_Elastic_medium.csv,540,"End-effector continue grasping the object, using moderate force, causing medium-deformation, with increasing force."
/home/mdxuser/Genesis/main/data/picked_up_4/csv/Cole_Hardware_Electric_Pot_Assortment_55/Elastic/medium/Cole_Hardware_Electric_Pot_Assortment_55_Elastic_medium.csv,810,"End-effector lifting the object, using moderate force, causing medium-deformation, with increasing force."
/home/mdxuser/Genesis/main/data/picked_up_4/csv/Cole_Hardware_Electric_Pot_Assortment_55/Elastic/medium/Cole_Hardware_Electric_Pot_Assortment_55_Elastic_medium.csv,1080,"End-effector rotating the object, by an angle of 45.0 degrees, using moderate force, causing medium-deformation, with constant force."
/home/mdxuser/Genesis/main/data/picked_up_4/csv/Cole_Hardware_Electric_Pot_Assortment_55/Elastic/medium/Cole_Hardware_Electric_Pot_Assortment_55_Elastic_medium.csv,1350,"End-effector holding position of the object, maintaining a stable hold, using moderate force, causing medium-deformation."
/home/mdxuser/Genesis/main/data/picked_up_4/csv/Cole_Hardware_Electric_Pot_Assortment_55/Elastic/medium/Cole_Hardware_Electric_Pot_Assortment_55_Elastic_medium.csv,1620,"End-effector continue holding position of the object, maintaining a stable hold, using moderate force, causing medium-deformation."
/home/mdxuser/Genesis/main/data/picked_up_4/csv/Cole_Hardware_Electric_Pot_Assortment_55/Elastic/medium/Cole_Hardware_Electric_Pot_Assortment_55_Elastic_medium.csv,1890,"End-effector rotating the object, by an angle of 30.0 degrees, using moderate force, causing medium-deformation, with constant force."
/home/mdxuser/Genesis/main/data/picked_up_4/csv/Cole_Hardware_Electric_Pot_Assortment_55/Elastic/medium/Cole_Hardware_Electric_Pot_Assortment_55_Elastic_medium.csv,2160,"End-effector continue rotating the object, by an angle of 30.0 degrees, using moderate force, causing medium-deformation, with constant force."
/home/mdxuser/Genesis/main/data/picked_up_4/csv/Cole_Hardware_Electric_Pot_Assortment_55/Elastic/medium/Cole_Hardware_Electric_Pot_Assortment_55_Elastic_medium.csv,2430,"End-effector holding position of the object, maintaining a stable hold, using moderate force, causing medium-deformation."
/home/mdxuser/Genesis/main/data/picked_up_4/csv/Cole_Hardware_Electric_Pot_Assortment_55/Elastic/medium/Cole_Hardware_Electric_Pot_Assortment_55_Elastic_medium.csv,2700,The object has been dropped.
/home/mdxuser/Genesis/main/data/picked_up_4/csv/Crayola_Washable_Fingerpaint_Red_Blue_Yellow_3_count_8_fl_oz_bottes_each/Elastic/medium/Crayola_Washable_Fingerpaint_Red_Blue_Yellow_3_count_8_fl_oz_bottes_each_Elastic_medium.csv,0,"End-effector start towards the object, to begin the task."
/home/mdxuser/Genesis/main/data/picked_up_4/csv/Crayola_Washable_Fingerpaint_Red_Blue_Yellow_3_count_8_fl_oz_bottes_each/Elastic/medium/Crayola_Washable_Fingerpaint_Red_Blue_Yellow_3_count_8_fl_oz_bottes_each_Elastic_medium.csv,270,"End-effector grasping the object, using moderate force, causing medium-deformation, with increasing force."
/home/mdxuser/Genesis/main/data/picked_up_4/csv/Crayola_Washable_Fingerpaint_Red_Blue_Yellow_3_count_8_fl_oz_bottes_each/Elastic/medium/Crayola_Washable_Fingerpaint_Red_Blue_Yellow_3_count_8_fl_oz_bottes_each_Elastic_medium.csv,540,"End-effector continue grasping the object, using moderate force, causing medium-deformation, with increasing force."
/home/mdxuser/Genesis/main/data/picked_up_4/csv/Crayola_Washable_Fingerpaint_Red_Blue_Yellow_3_count_8_fl_oz_bottes_each/Elastic/medium/Crayola_Washable_Fingerpaint_Red_Blue_Yellow_3_count_8_fl_oz_bottes_each_Elastic_medium.csv,810,"End-effector lifting the object, using moderate force, causing medium-deformation, with increasing force."
/home/mdxuser/Genesis/main/data/picked_up_4/csv/Crayola_Washable_Fingerpaint_Red_Blue_Yellow_3_count_8_fl_oz_bottes_each/Elastic/medium/Crayola_Washable_Fingerpaint_Red_Blue_Yellow_3_count_8_fl_oz_bottes_each_Elastic_medium.csv,1080,"End-effector rotating the object, by an angle of 45.0 degrees, using moderate force, causing medium-deformation, with constant force."
/home/mdxuser/Genesis/main/data/picked_up_4/csv/Crayola_Washable_Fingerpaint_Red_Blue_Yellow_3_count_8_fl_oz_bottes_each/Elastic/medium/Crayola_Washable_Fingerpaint_Red_Blue_Yellow_3_count_8_fl_oz_bottes_each_Elastic_medium.csv,1350,"End-effector continue rotating the object, by an angle of 45.0 degrees, using moderate force, causing medium-deformation, with constant force."
/home/mdxuser/Genesis/main/data/picked_up_4/csv/Crayola_Washable_Fingerpaint_Red_Blue_Yellow_3_count_8_fl_oz_bottes_each/Elastic/medium/Crayola_Washable_Fingerpaint_Red_Blue_Yellow_3_count_8_fl_oz_bottes_each_Elastic_medium.csv,1620,The object has been dropped.
/home/mdxuser/Genesis/main/data/picked_up_4/csv/Crayola_Washable_Fingerpaint_Red_Blue_Yellow_3_count_8_fl_oz_bottes_each/Elastic/medium/Crayola_Washable_Fingerpaint_Red_Blue_Yellow_3_count_8_fl_oz_bottes_each_Elastic_medium.csv,1890,The object has been dropped.
/home/mdxuser/Genesis/main/data/picked_up_4/csv/Crayola_Washable_Fingerpaint_Red_Blue_Yellow_3_count_8_fl_oz_bottes_each/Elastic/medium/Crayola_Washable_Fingerpaint_Red_Blue_Yellow_3_count_8_fl_oz_bottes_each_Elastic_medium.csv,2160,The object has been dropped.
/home/mdxuser/Genesis/main/data/picked_up_4/csv/Crayola_Washable_Fingerpaint_Red_Blue_Yellow_3_count_8_fl_oz_bottes_each/Elastic/medium/Crayola_Washable_Fingerpaint_Red_Blue_Yellow_3_count_8_fl_oz_bottes_each_Elastic_medium.csv,2430,The object has been dropped.
/home/mdxuser/Genesis/main/data/picked_up_4/csv/Crayola_Washable_Fingerpaint_Red_Blue_Yellow_3_count_8_fl_oz_bottes_each/Elastic/medium/Crayola_Washable_Fingerpaint_Red_Blue_Yellow_3_count_8_fl_oz_bottes_each_Elastic_medium.csv,2700,The object has been dropped.
/home/mdxuser/Genesis/main/data/picked_up_4/csv/Cascadia_8_Color_AquariusHibscsBearingSeaBlk_Size_50/Elastic/soft/Cascadia_8_Color_AquariusHibscsBearingSeaBlk_Size_50_Elastic_soft.csv,0,"End-effector start towards the object, to begin the task."
/home/mdxuser/Genesis/main/data/picked_up_4/csv/Cascadia_8_Color_AquariusHibscsBearingSeaBlk_Size_50/Elastic/soft/Cascadia_8_Color_AquariusHibscsBearingSeaBlk_Size_50_Elastic_soft.csv,270,"End-effector grasping the object, using gentle force, causing soft-deformation, with increasing force."
/home/mdxuser/Genesis/main/data/picked_up_4/csv/Cascadia_8_Color_AquariusHibscsBearingSeaBlk_Size_50/Elastic/soft/Cascadia_8_Color_AquariusHibscsBearingSeaBlk_Size_50_Elastic_soft.csv,540,"End-effector continue grasping the object, using gentle force, causing soft-deformation, with increasing force."
/home/mdxuser/Genesis/main/data/picked_up_4/csv/Cascadia_8_Color_AquariusHibscsBearingSeaBlk_Size_50/Elastic/soft/Cascadia_8_Color_AquariusHibscsBearingSeaBlk_Size_50_Elastic_soft.csv,810,"End-effector lifting the object, using gentle force, causing soft-deformation, with increasing force."
/home/mdxuser/Genesis/main/data/picked_up_4/csv/Cascadia_8_Color_AquariusHibscsBearingSeaBlk_Size_50/Elastic/soft/Cascadia_8_Color_AquariusHibscsBearingSeaBlk_Size_50_Elastic_soft.csv,1080,"End-effector rotating the object, by an angle of 45.0 degrees, using gentle force, causing soft-deformation, with constant force."
/home/mdxuser/Genesis/main/data/picked_up_4/csv/Cascadia_8_Color_AquariusHibscsBearingSeaBlk_Size_50/Elastic/soft/Cascadia_8_Color_AquariusHibscsBearingSeaBlk_Size_50_Elastic_soft.csv,1350,"End-effector continue rotating the object, by an angle of 45.0 degrees, using gentle force, causing soft-deformation, with constant force."
/home/mdxuser/Genesis/main/data/picked_up_4/csv/Cascadia_8_Color_AquariusHibscsBearingSeaBlk_Size_50/Elastic/soft/Cascadia_8_Color_AquariusHibscsBearingSeaBlk_Size_50_Elastic_soft.csv,1620,"End-effector holding position of the object, maintaining a stable hold, using gentle force, causing soft-deformation."
/home/mdxuser/Genesis/main/data/picked_up_4/csv/Cascadia_8_Color_AquariusHibscsBearingSeaBlk_Size_50/Elastic/soft/Cascadia_8_Color_AquariusHibscsBearingSeaBlk_Size_50_Elastic_soft.csv,1890,"End-effector rotating the object, by an angle of 45.0 degrees, using gentle force, causing soft-deformation, with constant force."
/home/mdxuser/Genesis/main/data/picked_up_4/csv/Cascadia_8_Color_AquariusHibscsBearingSeaBlk_Size_50/Elastic/soft/Cascadia_8_Color_AquariusHibscsBearingSeaBlk_Size_50_Elastic_soft.csv,2160,"End-effector holding position of the object, maintaining a stable hold, using gentle force, causing soft-deformation."
/home/mdxuser/Genesis/main/data/picked_up_4/csv/Cascadia_8_Color_AquariusHibscsBearingSeaBlk_Size_50/Elastic/soft/Cascadia_8_Color_AquariusHibscsBearingSeaBlk_Size_50_Elastic_soft.csv,2430,"End-effector continue holding position of the object, maintaining a stable hold, using gentle force, causing soft-deformation."
/home/mdxuser/Genesis/main/data/picked_up_4/csv/Cascadia_8_Color_AquariusHibscsBearingSeaBlk_Size_50/Elastic/soft/Cascadia_8_Color_AquariusHibscsBearingSeaBlk_Size_50_Elastic_soft.csv,2700,"End-effector stopping the object, using zero-force, causing undeformed shape."
/home/mdxuser/Genesis/main/data/picked_up_4/csv/Office_Depot_Dell_Series_11_Remanufactured_Ink_Cartridge_TriColor/Elastic/medium/Office_Depot_Dell_Series_11_Remanufactured_Ink_Cartridge_TriColor_Elastic_medium.csv,0,"End-effector start towards the object, to begin the task."
/home/mdxuser/Genesis/main/data/picked_up_4/csv/Office_Depot_Dell_Series_11_Remanufactured_Ink_Cartridge_TriColor/Elastic/medium/Office_Depot_Dell_Series_11_Remanufactured_Ink_Cartridge_TriColor_Elastic_medium.csv,270,"End-effector grasping the object, using moderate force, causing medium-deformation, with increasing force."
/home/mdxuser/Genesis/main/data/picked_up_4/csv/Office_Depot_Dell_Series_11_Remanufactured_Ink_Cartridge_TriColor/Elastic/medium/Office_Depot_Dell_Series_11_Remanufactured_Ink_Cartridge_TriColor_Elastic_medium.csv,540,"End-effector continue grasping the object, using moderate force, causing medium-deformation, with increasing force."
/home/mdxuser/Genesis/main/data/picked_up_4/csv/Office_Depot_Dell_Series_11_Remanufactured_Ink_Cartridge_TriColor/Elastic/medium/Office_Depot_Dell_Series_11_Remanufactured_Ink_Cartridge_TriColor_Elastic_medium.csv,810,"End-effector lifting the object, using moderate force, causing medium-deformation, with increasing force."
/home/mdxuser/Genesis/main/data/picked_up_4/csv/Office_Depot_Dell_Series_11_Remanufactured_Ink_Cartridge_TriColor/Elastic/medium/Office_Depot_Dell_Series_11_Remanufactured_Ink_Cartridge_TriColor_Elastic_medium.csv,1080,"End-effector rotating the object, by an angle of 45.0 degrees, using moderate force, causing medium-deformation, with constant force."
/home/mdxuser/Genesis/main/data/picked_up_4/csv/Office_Depot_Dell_Series_11_Remanufactured_Ink_Cartridge_TriColor/Elastic/medium/Office_Depot_Dell_Series_11_Remanufactured_Ink_Cartridge_TriColor_Elastic_medium.csv,1350,"End-effector holding position of the object, maintaining a stable hold, using moderate force, causing medium-deformation."
/home/mdxuser/Genesis/main/data/picked_up_4/csv/Office_Depot_Dell_Series_11_Remanufactured_Ink_Cartridge_TriColor/Elastic/medium/Office_Depot_Dell_Series_11_Remanufactured_Ink_Cartridge_TriColor_Elastic_medium.csv,1620,"End-effector continue holding position of the object, maintaining a stable hold, using moderate force, causing medium-deformation."
/home/mdxuser/Genesis/main/data/picked_up_4/csv/Office_Depot_Dell_Series_11_Remanufactured_Ink_Cartridge_TriColor/Elastic/medium/Office_Depot_Dell_Series_11_Remanufactured_Ink_Cartridge_TriColor_Elastic_medium.csv,1890,"End-effector rotating the object, by an angle of 45.0 degrees, using moderate force, causing medium-deformation, with constant force."
/home/mdxuser/Genesis/main/data/picked_up_4/csv/Office_Depot_Dell_Series_11_Remanufactured_Ink_Cartridge_TriColor/Elastic/medium/Office_Depot_Dell_Series_11_Remanufactured_Ink_Cartridge_TriColor_Elastic_medium.csv,2160,"End-effector holding position of the object, maintaining a stable hold, using moderate force, causing medium-deformation."
/home/mdxuser/Genesis/main/data/picked_up_4/csv/Office_Depot_Dell_Series_11_Remanufactured_Ink_Cartridge_TriColor/Elastic/medium/Office_Depot_Dell_Series_11_Remanufactured_Ink_Cartridge_TriColor_Elastic_medium.csv,2430,"End-effector continue holding position of the object, maintaining a stable hold, using moderate force, causing medium-deformation."
/home/mdxuser/Genesis/main/data/picked_up_4/csv/Office_Depot_Dell_Series_11_Remanufactured_Ink_Cartridge_TriColor/Elastic/medium/Office_Depot_Dell_Series_11_Remanufactured_Ink_Cartridge_TriColor_Elastic_medium.csv,2700,The object has been dropped.
/home/mdxuser/Genesis/main/data/picked_up_4/csv/CLIMACOOL_BOAT_BREEZE_IE6CyqSaDwN/Elastic/medium/CLIMACOOL_BOAT_BREEZE_IE6CyqSaDwN_Elastic_medium.csv,0,"End-effector start towards the object, to begin the task."
/home/mdxuser/Genesis/main/data/picked_up_4/csv/CLIMACOOL_BOAT_BREEZE_IE6CyqSaDwN/Elastic/medium/CLIMACOOL_BOAT_BREEZE_IE6CyqSaDwN_Elastic_medium.csv,270,"End-effector grasping the object, using moderate force, causing medium-deformation, with increasing force."
/home/mdxuser/Genesis/main/data/picked_up_4/csv/CLIMACOOL_BOAT_BREEZE_IE6CyqSaDwN/Elastic/medium/CLIMACOOL_BOAT_BREEZE_IE6CyqSaDwN_Elastic_medium.csv,540,"End-effector continue grasping the object, using moderate force, causing medium-deformation, with increasing force."
/home/mdxuser/Genesis/main/data/picked_up_4/csv/CLIMACOOL_BOAT_BREEZE_IE6CyqSaDwN/Elastic/medium/CLIMACOOL_BOAT_BREEZE_IE6CyqSaDwN_Elastic_medium.csv,810,"End-effector lifting the object, using moderate force, causing medium-deformation, with increasing force."
/home/mdxuser/Genesis/main/data/picked_up_4/csv/CLIMACOOL_BOAT_BREEZE_IE6CyqSaDwN/Elastic/medium/CLIMACOOL_BOAT_BREEZE_IE6CyqSaDwN_Elastic_medium.csv,1080,"End-effector rotating the object, by an angle of 45.0 degrees, using moderate force, causing medium-deformation, with constant force."
/home/mdxuser/Genesis/main/data/picked_up_4/csv/CLIMACOOL_BOAT_BREEZE_IE6CyqSaDwN/Elastic/medium/CLIMACOOL_BOAT_BREEZE_IE6CyqSaDwN_Elastic_medium.csv,1350,"End-effector continue rotating the object, by an angle of 45.0 degrees, using moderate force, causing medium-deformation, with constant force."
/home/mdxuser/Genesis/main/data/picked_up_4/csv/CLIMACOOL_BOAT_BREEZE_IE6CyqSaDwN/Elastic/medium/CLIMACOOL_BOAT_BREEZE_IE6CyqSaDwN_Elastic_medium.csv,1620,"End-effector holding position of the object, maintaining a stable hold, using moderate force, causing medium-deformation."
/home/mdxuser/Genesis/main/data/picked_up_4/csv/CLIMACOOL_BOAT_BREEZE_IE6CyqSaDwN/Elastic/medium/CLIMACOOL_BOAT_BREEZE_IE6CyqSaDwN_Elastic_medium.csv,1890,"End-effector rotating the object, by an angle of 45.0 degrees, using moderate force, causing medium-deformation, with constant force."
/home/mdxuser/Genesis/main/data/picked_up_4/csv/CLIMACOOL_BOAT_BREEZE_IE6CyqSaDwN/Elastic/medium/CLIMACOOL_BOAT_BREEZE_IE6CyqSaDwN_Elastic_medium.csv,2160,The object has been dropped.
/home/mdxuser/Genesis/main/data/picked_up_4/csv/CLIMACOOL_BOAT_BREEZE_IE6CyqSaDwN/Elastic/medium/CLIMACOOL_BOAT_BREEZE_IE6CyqSaDwN_Elastic_medium.csv,2430,The object has been dropped.
/home/mdxuser/Genesis/main/data/picked_up_4/csv/CLIMACOOL_BOAT_BREEZE_IE6CyqSaDwN/Elastic/medium/CLIMACOOL_BOAT_BREEZE_IE6CyqSaDwN_Elastic_medium.csv,2700,The object has been dropped.
/home/mdxuser/Genesis/main/data/picked_up_4/csv/D_ROSE_ENGLEWOOD_II/Elastic/medium/D_ROSE_ENGLEWOOD_II_Elastic_medium.csv,0,"End-effector start towards the object, to begin the task."
/home/mdxuser/Genesis/main/data/picked_up_4/csv/D_ROSE_ENGLEWOOD_II/Elastic/medium/D_ROSE_ENGLEWOOD_II_Elastic_medium.csv,270,"End-effector grasping the object, using moderate force, causing medium-deformation, with increasing force."
/home/mdxuser/Genesis/main/data/picked_up_4/csv/D_ROSE_ENGLEWOOD_II/Elastic/medium/D_ROSE_ENGLEWOOD_II_Elastic_medium.csv,540,"End-effector continue grasping the object, using moderate force, causing medium-deformation, with increasing force."
/home/mdxuser/Genesis/main/data/picked_up_4/csv/D_ROSE_ENGLEWOOD_II/Elastic/medium/D_ROSE_ENGLEWOOD_II_Elastic_medium.csv,810,"End-effector lifting the object, using moderate force, causing medium-deformation, with increasing force."
/home/mdxuser/Genesis/main/data/picked_up_4/csv/D_ROSE_ENGLEWOOD_II/Elastic/medium/D_ROSE_ENGLEWOOD_II_Elastic_medium.csv,1080,"End-effector rotating the object, by an angle of 30.0 degrees, using moderate force, causing medium-deformation, with constant force."
/home/mdxuser/Genesis/main/data/picked_up_4/csv/D_ROSE_ENGLEWOOD_II/Elastic/medium/D_ROSE_ENGLEWOOD_II_Elastic_medium.csv,1350,"End-effector continue rotating the object, by an angle of 30.0 degrees, using moderate force, causing medium-deformation, with constant force."
/home/mdxuser/Genesis/main/data/picked_up_4/csv/D_ROSE_ENGLEWOOD_II/Elastic/medium/D_ROSE_ENGLEWOOD_II_Elastic_medium.csv,1620,"End-effector holding position of the object, maintaining a stable hold, using moderate force, causing medium-deformation."
/home/mdxuser/Genesis/main/data/picked_up_4/csv/D_ROSE_ENGLEWOOD_II/Elastic/medium/D_ROSE_ENGLEWOOD_II_Elastic_medium.csv,1890,The object has been dropped.
/home/mdxuser/Genesis/main/data/picked_up_4/csv/D_ROSE_ENGLEWOOD_II/Elastic/medium/D_ROSE_ENGLEWOOD_II_Elastic_medium.csv,2160,The object has been dropped.
/home/mdxuser/Genesis/main/data/picked_up_4/csv/D_ROSE_ENGLEWOOD_II/Elastic/medium/D_ROSE_ENGLEWOOD_II_Elastic_medium.csv,2430,The object has been dropped.
/home/mdxuser/Genesis/main/data/picked_up_4/csv/D_ROSE_ENGLEWOOD_II/Elastic/medium/D_ROSE_ENGLEWOOD_II_Elastic_medium.csv,2700,The object has been dropped.
/home/mdxuser/Genesis/main/data/picked_up_4/csv/Eat_to_Live_The_Amazing_NutrientRich_Program_for_Fast_and_Sustained_Weight_Loss_Revised_Edition_Book/Elastic/hard/Eat_to_Live_The_Amazing_NutrientRich_Program_for_Fast_and_Sustained_Weight_Loss_Revised_Edition_Book_Elastic_hard.csv,0,"End-effector start towards the object, to begin the task."
/home/mdxuser/Genesis/main/data/picked_up_4/csv/Eat_to_Live_The_Amazing_NutrientRich_Program_for_Fast_and_Sustained_Weight_Loss_Revised_Edition_Book/Elastic/hard/Eat_to_Live_The_Amazing_NutrientRich_Program_for_Fast_and_Sustained_Weight_Loss_Revised_Edition_Book_Elastic_hard.csv,270,"End-effector grasping the object, using strong force, causing hard-deformation, with increasing force."
/home/mdxuser/Genesis/main/data/picked_up_4/csv/Eat_to_Live_The_Amazing_NutrientRich_Program_for_Fast_and_Sustained_Weight_Loss_Revised_Edition_Book/Elastic/hard/Eat_to_Live_The_Amazing_NutrientRich_Program_for_Fast_and_Sustained_Weight_Loss_Revised_Edition_Book_Elastic_hard.csv,540,"End-effector continue grasping the object, using strong force, causing hard-deformation, with increasing force."
/home/mdxuser/Genesis/main/data/picked_up_4/csv/Eat_to_Live_The_Amazing_NutrientRich_Program_for_Fast_and_Sustained_Weight_Loss_Revised_Edition_Book/Elastic/hard/Eat_to_Live_The_Amazing_NutrientRich_Program_for_Fast_and_Sustained_Weight_Loss_Revised_Edition_Book_Elastic_hard.csv,810,"End-effector lifting the object, using strong force, causing hard-deformation, with increasing force."
/home/mdxuser/Genesis/main/data/picked_up_4/csv/Eat_to_Live_The_Amazing_NutrientRich_Program_for_Fast_and_Sustained_Weight_Loss_Revised_Edition_Book/Elastic/hard/Eat_to_Live_The_Amazing_NutrientRich_Program_for_Fast_and_Sustained_Weight_Loss_Revised_Edition_Book_Elastic_hard.csv,1080,"End-effector rotating the object, by an angle of 45.0 degrees, using strong force, causing hard-deformation, with constant force."
/home/mdxuser/Genesis/main/data/picked_up_4/csv/Eat_to_Live_The_Amazing_NutrientRich_Program_for_Fast_and_Sustained_Weight_Loss_Revised_Edition_Book/Elastic/hard/Eat_to_Live_The_Amazing_NutrientRich_Program_for_Fast_and_Sustained_Weight_Loss_Revised_Edition_Book_Elastic_hard.csv,1350,The object has been dropped.
/home/mdxuser/Genesis/main/data/picked_up_4/csv/Eat_to_Live_The_Amazing_NutrientRich_Program_for_Fast_and_Sustained_Weight_Loss_Revised_Edition_Book/Elastic/hard/Eat_to_Live_The_Amazing_NutrientRich_Program_for_Fast_and_Sustained_Weight_Loss_Revised_Edition_Book_Elastic_hard.csv,1620,The object has been dropped.
/home/mdxuser/Genesis/main/data/picked_up_4/csv/Eat_to_Live_The_Amazing_NutrientRich_Program_for_Fast_and_Sustained_Weight_Loss_Revised_Edition_Book/Elastic/hard/Eat_to_Live_The_Amazing_NutrientRich_Program_for_Fast_and_Sustained_Weight_Loss_Revised_Edition_Book_Elastic_hard.csv,1890,The object has been dropped.
/home/mdxuser/Genesis/main/data/picked_up_4/csv/Eat_to_Live_The_Amazing_NutrientRich_Program_for_Fast_and_Sustained_Weight_Loss_Revised_Edition_Book/Elastic/hard/Eat_to_Live_The_Amazing_NutrientRich_Program_for_Fast_and_Sustained_Weight_Loss_Revised_Edition_Book_Elastic_hard.csv,2160,The object has been dropped.
/home/mdxuser/Genesis/main/data/picked_up_4/csv/Eat_to_Live_The_Amazing_NutrientRich_Program_for_Fast_and_Sustained_Weight_Loss_Revised_Edition_Book/Elastic/hard/Eat_to_Live_The_Amazing_NutrientRich_Program_for_Fast_and_Sustained_Weight_Loss_Revised_Edition_Book_Elastic_hard.csv,2430,The object has been dropped.
/home/mdxuser/Genesis/main/data/picked_up_4/csv/Eat_to_Live_The_Amazing_NutrientRich_Program_for_Fast_and_Sustained_Weight_Loss_Revised_Edition_Book/Elastic/hard/Eat_to_Live_The_Amazing_NutrientRich_Program_for_Fast_and_Sustained_Weight_Loss_Revised_Edition_Book_Elastic_hard.csv,2700,The object has been dropped.
/home/mdxuser/Genesis/main/data/picked_up_4/csv/Brother_LC_1053PKS_Ink_Cartridge_CyanMagentaYellow_1pack/Elastic/medium/Brother_LC_1053PKS_Ink_Cartridge_CyanMagentaYellow_1pack_Elastic_medium.csv,0,"End-effector start towards the object, to begin the task."
/home/mdxuser/Genesis/main/data/picked_up_4/csv/Brother_LC_1053PKS_Ink_Cartridge_CyanMagentaYellow_1pack/Elastic/medium/Brother_LC_1053PKS_Ink_Cartridge_CyanMagentaYellow_1pack_Elastic_medium.csv,270,"End-effector grasping the object, using moderate force, causing medium-deformation, with increasing force."
/home/mdxuser/Genesis/main/data/picked_up_4/csv/Brother_LC_1053PKS_Ink_Cartridge_CyanMagentaYellow_1pack/Elastic/medium/Brother_LC_1053PKS_Ink_Cartridge_CyanMagentaYellow_1pack_Elastic_medium.csv,540,"End-effector continue grasping the object, using moderate force, causing medium-deformation, with increasing force."
/home/mdxuser/Genesis/main/data/picked_up_4/csv/Brother_LC_1053PKS_Ink_Cartridge_CyanMagentaYellow_1pack/Elastic/medium/Brother_LC_1053PKS_Ink_Cartridge_CyanMagentaYellow_1pack_Elastic_medium.csv,810,"End-effector lifting the object, using moderate force, causing medium-deformation, with increasing force."
/home/mdxuser/Genesis/main/data/picked_up_4/csv/Brother_LC_1053PKS_Ink_Cartridge_CyanMagentaYellow_1pack/Elastic/medium/Brother_LC_1053PKS_Ink_Cartridge_CyanMagentaYellow_1pack_Elastic_medium.csv,1080,"End-effector rotating the object, by an angle of 45.0 degrees, using moderate force, causing medium-deformation, with constant force."
/home/mdxuser/Genesis/main/data/picked_up_4/csv/Brother_LC_1053PKS_Ink_Cartridge_CyanMagentaYellow_1pack/Elastic/medium/Brother_LC_1053PKS_Ink_Cartridge_CyanMagentaYellow_1pack_Elastic_medium.csv,1350,"End-effector continue rotating the object, by an angle of 45.0 degrees, using moderate force, causing medium-deformation, with constant force."
/home/mdxuser/Genesis/main/data/picked_up_4/csv/Brother_LC_1053PKS_Ink_Cartridge_CyanMagentaYellow_1pack/Elastic/medium/Brother_LC_1053PKS_Ink_Cartridge_CyanMagentaYellow_1pack_Elastic_medium.csv,1620,The object has been dropped.
/home/mdxuser/Genesis/main/data/picked_up_4/csv/Brother_LC_1053PKS_Ink_Cartridge_CyanMagentaYellow_1pack/Elastic/medium/Brother_LC_1053PKS_Ink_Cartridge_CyanMagentaYellow_1pack_Elastic_medium.csv,1890,The object has been dropped.
/home/mdxuser/Genesis/main/data/picked_up_4/csv/Brother_LC_1053PKS_Ink_Cartridge_CyanMagentaYellow_1pack/Elastic/medium/Brother_LC_1053PKS_Ink_Cartridge_CyanMagentaYellow_1pack_Elastic_medium.csv,2160,The object has been dropped.
/home/mdxuser/Genesis/main/data/picked_up_4/csv/Brother_LC_1053PKS_Ink_Cartridge_CyanMagentaYellow_1pack/Elastic/medium/Brother_LC_1053PKS_Ink_Cartridge_CyanMagentaYellow_1pack_Elastic_medium.csv,2430,The object has been dropped.
/home/mdxuser/Genesis/main/data/picked_up_4/csv/Brother_LC_1053PKS_Ink_Cartridge_CyanMagentaYellow_1pack/Elastic/medium/Brother_LC_1053PKS_Ink_Cartridge_CyanMagentaYellow_1pack_Elastic_medium.csv,2700,The object has been dropped.
/home/mdxuser/Genesis/main/data/picked_up_4/csv/ClimaCool_Aerate_2_W_Wide/Elastic/soft/ClimaCool_Aerate_2_W_Wide_Elastic_soft.csv,0,"End-effector start towards the object, to begin the task."
/home/mdxuser/Genesis/main/data/picked_up_4/csv/ClimaCool_Aerate_2_W_Wide/Elastic/soft/ClimaCool_Aerate_2_W_Wide_Elastic_soft.csv,270,"End-effector grasping the object, using gentle force, causing soft-deformation, with increasing force."
/home/mdxuser/Genesis/main/data/picked_up_4/csv/ClimaCool_Aerate_2_W_Wide/Elastic/soft/ClimaCool_Aerate_2_W_Wide_Elastic_soft.csv,540,"End-effector continue grasping the object, using gentle force, causing soft-deformation, with increasing force."
/home/mdxuser/Genesis/main/data/picked_up_4/csv/ClimaCool_Aerate_2_W_Wide/Elastic/soft/ClimaCool_Aerate_2_W_Wide_Elastic_soft.csv,810,"End-effector lifting the object, using gentle force, causing soft-deformation, with increasing force."
/home/mdxuser/Genesis/main/data/picked_up_4/csv/ClimaCool_Aerate_2_W_Wide/Elastic/soft/ClimaCool_Aerate_2_W_Wide_Elastic_soft.csv,1080,"End-effector rotating the object, by an angle of 45.0 degrees, using gentle force, causing soft-deformation, with constant force."
/home/mdxuser/Genesis/main/data/picked_up_4/csv/ClimaCool_Aerate_2_W_Wide/Elastic/soft/ClimaCool_Aerate_2_W_Wide_Elastic_soft.csv,1350,"End-effector continue rotating the object, by an angle of 45.0 degrees, using gentle force, causing soft-deformation, with constant force."
/home/mdxuser/Genesis/main/data/picked_up_4/csv/ClimaCool_Aerate_2_W_Wide/Elastic/soft/ClimaCool_Aerate_2_W_Wide_Elastic_soft.csv,1620,"End-effector holding position of the object, maintaining a stable hold, using gentle force, causing soft-deformation."
/home/mdxuser/Genesis/main/data/picked_up_4/csv/ClimaCool_Aerate_2_W_Wide/Elastic/soft/ClimaCool_Aerate_2_W_Wide_Elastic_soft.csv,1890,"End-effector rotating the object, by an angle of 45.0 degrees, using gentle force, causing soft-deformation, with constant force."
/home/mdxuser/Genesis/main/data/picked_up_4/csv/ClimaCool_Aerate_2_W_Wide/Elastic/soft/ClimaCool_Aerate_2_W_Wide_Elastic_soft.csv,2160,"End-effector holding position of the object, maintaining a stable hold, using gentle force, causing soft-deformation."
/home/mdxuser/Genesis/main/data/picked_up_4/csv/ClimaCool_Aerate_2_W_Wide/Elastic/soft/ClimaCool_Aerate_2_W_Wide_Elastic_soft.csv,2430,"End-effector continue holding position of the object, maintaining a stable hold, using gentle force, causing soft-deformation."
/home/mdxuser/Genesis/main/data/picked_up_4/csv/ClimaCool_Aerate_2_W_Wide/Elastic/soft/ClimaCool_Aerate_2_W_Wide_Elastic_soft.csv,2700,"End-effector stopping the object, using zero-force, causing undeformed shape."
/home/mdxuser/Genesis/main/data/picked_up_4/csv/Beyonc_Life_is_But_a_Dream_DVD/Elastic/soft/Beyonc_Life_is_But_a_Dream_DVD_Elastic_soft.csv,0,"End-effector start towards the object, to begin the task."
/home/mdxuser/Genesis/main/data/picked_up_4/csv/Beyonc_Life_is_But_a_Dream_DVD/Elastic/soft/Beyonc_Life_is_But_a_Dream_DVD_Elastic_soft.csv,270,"End-effector grasping the object, using gentle force, causing soft-deformation, with increasing force."
/home/mdxuser/Genesis/main/data/picked_up_4/csv/Beyonc_Life_is_But_a_Dream_DVD/Elastic/soft/Beyonc_Life_is_But_a_Dream_DVD_Elastic_soft.csv,540,"End-effector continue grasping the object, using gentle force, causing soft-deformation, with increasing force."
/home/mdxuser/Genesis/main/data/picked_up_4/csv/Beyonc_Life_is_But_a_Dream_DVD/Elastic/soft/Beyonc_Life_is_But_a_Dream_DVD_Elastic_soft.csv,810,"End-effector lifting the object, using gentle force, causing soft-deformation, with increasing force."
/home/mdxuser/Genesis/main/data/picked_up_4/csv/Beyonc_Life_is_But_a_Dream_DVD/Elastic/soft/Beyonc_Life_is_But_a_Dream_DVD_Elastic_soft.csv,1080,"End-effector rotating the object, by an angle of 45.0 degrees, using gentle force, causing soft-deformation, with constant force."
/home/mdxuser/Genesis/main/data/picked_up_4/csv/Beyonc_Life_is_But_a_Dream_DVD/Elastic/soft/Beyonc_Life_is_But_a_Dream_DVD_Elastic_soft.csv,1350,The object has been dropped.
/home/mdxuser/Genesis/main/data/picked_up_4/csv/Beyonc_Life_is_But_a_Dream_DVD/Elastic/soft/Beyonc_Life_is_But_a_Dream_DVD_Elastic_soft.csv,1620,The object has been dropped.
/home/mdxuser/Genesis/main/data/picked_up_4/csv/Beyonc_Life_is_But_a_Dream_DVD/Elastic/soft/Beyonc_Life_is_But_a_Dream_DVD_Elastic_soft.csv,1890,The object has been dropped.
/home/mdxuser/Genesis/main/data/picked_up_4/csv/Beyonc_Life_is_But_a_Dream_DVD/Elastic/soft/Beyonc_Life_is_But_a_Dream_DVD_Elastic_soft.csv,2160,The object has been dropped.
/home/mdxuser/Genesis/main/data/picked_up_4/csv/Beyonc_Life_is_But_a_Dream_DVD/Elastic/soft/Beyonc_Life_is_But_a_Dream_DVD_Elastic_soft.csv,2430,The object has been dropped.
/home/mdxuser/Genesis/main/data/picked_up_4/csv/Beyonc_Life_is_But_a_Dream_DVD/Elastic/soft/Beyonc_Life_is_But_a_Dream_DVD_Elastic_soft.csv,2700,The object has been dropped.
/home/mdxuser/Genesis/main/data/picked_up_4/csv/Black_Decker_Stainless_Steel_Toaster_4_Slice/Elastic/medium/Black_Decker_Stainless_Steel_Toaster_4_Slice_Elastic_medium.csv,0,"End-effector start towards the object, to begin the task."
/home/mdxuser/Genesis/main/data/picked_up_4/csv/Black_Decker_Stainless_Steel_Toaster_4_Slice/Elastic/medium/Black_Decker_Stainless_Steel_Toaster_4_Slice_Elastic_medium.csv,270,"End-effector grasping the object, using moderate force, causing medium-deformation, with increasing force."
/home/mdxuser/Genesis/main/data/picked_up_4/csv/Black_Decker_Stainless_Steel_Toaster_4_Slice/Elastic/medium/Black_Decker_Stainless_Steel_Toaster_4_Slice_Elastic_medium.csv,540,"End-effector continue grasping the object, using moderate force, causing medium-deformation, with increasing force."
/home/mdxuser/Genesis/main/data/picked_up_4/csv/Black_Decker_Stainless_Steel_Toaster_4_Slice/Elastic/medium/Black_Decker_Stainless_Steel_Toaster_4_Slice_Elastic_medium.csv,810,"End-effector lifting the object, using moderate force, causing medium-deformation, with increasing force."
/home/mdxuser/Genesis/main/data/picked_up_4/csv/Black_Decker_Stainless_Steel_Toaster_4_Slice/Elastic/medium/Black_Decker_Stainless_Steel_Toaster_4_Slice_Elastic_medium.csv,1080,"End-effector rotating the object, by an angle of 45.0 degrees, using moderate force, causing medium-deformation, with constant force."
/home/mdxuser/Genesis/main/data/picked_up_4/csv/Black_Decker_Stainless_Steel_Toaster_4_Slice/Elastic/medium/Black_Decker_Stainless_Steel_Toaster_4_Slice_Elastic_medium.csv,1350,"End-effector holding position of the object, maintaining a stable hold, using moderate force, causing medium-deformation."
/home/mdxuser/Genesis/main/data/picked_up_4/csv/Black_Decker_Stainless_Steel_Toaster_4_Slice/Elastic/medium/Black_Decker_Stainless_Steel_Toaster_4_Slice_Elastic_medium.csv,1620,"End-effector continue holding position of the object, maintaining a stable hold, using moderate force, causing medium-deformation."
/home/mdxuser/Genesis/main/data/picked_up_4/csv/Black_Decker_Stainless_Steel_Toaster_4_Slice/Elastic/medium/Black_Decker_Stainless_Steel_Toaster_4_Slice_Elastic_medium.csv,1890,"End-effector rotating the object, by an angle of 30.0 degrees, using moderate force, causing medium-deformation, with constant force."
/home/mdxuser/Genesis/main/data/picked_up_4/csv/Black_Decker_Stainless_Steel_Toaster_4_Slice/Elastic/medium/Black_Decker_Stainless_Steel_Toaster_4_Slice_Elastic_medium.csv,2160,"End-effector continue rotating the object, by an angle of 30.0 degrees, using moderate force, causing medium-deformation, with constant force."
/home/mdxuser/Genesis/main/data/picked_up_4/csv/Black_Decker_Stainless_Steel_Toaster_4_Slice/Elastic/medium/Black_Decker_Stainless_Steel_Toaster_4_Slice_Elastic_medium.csv,2430,The object has been dropped.
/home/mdxuser/Genesis/main/data/picked_up_4/csv/Black_Decker_Stainless_Steel_Toaster_4_Slice/Elastic/medium/Black_Decker_Stainless_Steel_Toaster_4_Slice_Elastic_medium.csv,2700,The object has been dropped.
/home/mdxuser/Genesis/main/data/picked_up_4/csv/Android_Lego/Elastic/hard/Android_Lego_Elastic_hard.csv,0,"End-effector start towards the object, to begin the task."
/home/mdxuser/Genesis/main/data/picked_up_4/csv/Android_Lego/Elastic/hard/Android_Lego_Elastic_hard.csv,270,"End-effector grasping the object, using strong force, causing hard-deformation, with increasing force."
/home/mdxuser/Genesis/main/data/picked_up_4/csv/Android_Lego/Elastic/hard/Android_Lego_Elastic_hard.csv,540,"End-effector continue grasping the object, using strong force, causing hard-deformation, with increasing force."
/home/mdxuser/Genesis/main/data/picked_up_4/csv/Android_Lego/Elastic/hard/Android_Lego_Elastic_hard.csv,810,"End-effector lifting the object, using strong force, causing hard-deformation, with increasing force."
/home/mdxuser/Genesis/main/data/picked_up_4/csv/Android_Lego/Elastic/hard/Android_Lego_Elastic_hard.csv,1080,"End-effector rotating the object, by an angle of 30.0 degrees, using strong force, causing hard-deformation, with constant force."
/home/mdxuser/Genesis/main/data/picked_up_4/csv/Android_Lego/Elastic/hard/Android_Lego_Elastic_hard.csv,1350,"End-effector continue rotating the object, by an angle of 30.0 degrees, using strong force, causing hard-deformation, with constant force."
/home/mdxuser/Genesis/main/data/picked_up_4/csv/Android_Lego/Elastic/hard/Android_Lego_Elastic_hard.csv,1620,"End-effector holding position of the object, maintaining a stable hold, using strong force, causing hard-deformation."
/home/mdxuser/Genesis/main/data/picked_up_4/csv/Android_Lego/Elastic/hard/Android_Lego_Elastic_hard.csv,1890,"End-effector rotating the object, by an angle of 45.0 degrees, using strong force, causing hard-deformation, with constant force."
/home/mdxuser/Genesis/main/data/picked_up_4/csv/Android_Lego/Elastic/hard/Android_Lego_Elastic_hard.csv,2160,"End-effector continue rotating the object, by an angle of 45.0 degrees, using strong force, causing hard-deformation, with constant force."
/home/mdxuser/Genesis/main/data/picked_up_4/csv/Android_Lego/Elastic/hard/Android_Lego_Elastic_hard.csv,2430,"End-effector holding position of the object, maintaining a stable hold, using strong force, causing hard-deformation."
/home/mdxuser/Genesis/main/data/picked_up_4/csv/Android_Lego/Elastic/hard/Android_Lego_Elastic_hard.csv,2700,"End-effector stopping the object, using zero-force, causing undeformed shape."
/home/mdxuser/Genesis/main/data/picked_up_4/csv/Diet_Pepsi_Soda_Cola12_Pack_12_oz_Cans/Elastic/medium/Diet_Pepsi_Soda_Cola12_Pack_12_oz_Cans_Elastic_medium.csv,0,"End-effector start towards the object, to begin the task."
/home/mdxuser/Genesis/main/data/picked_up_4/csv/Diet_Pepsi_Soda_Cola12_Pack_12_oz_Cans/Elastic/medium/Diet_Pepsi_Soda_Cola12_Pack_12_oz_Cans_Elastic_medium.csv,270,"End-effector grasping the object, using moderate force, causing medium-deformation, with increasing force."
/home/mdxuser/Genesis/main/data/picked_up_4/csv/Diet_Pepsi_Soda_Cola12_Pack_12_oz_Cans/Elastic/medium/Diet_Pepsi_Soda_Cola12_Pack_12_oz_Cans_Elastic_medium.csv,540,"End-effector continue grasping the object, using moderate force, causing medium-deformation, with increasing force."
/home/mdxuser/Genesis/main/data/picked_up_4/csv/Diet_Pepsi_Soda_Cola12_Pack_12_oz_Cans/Elastic/medium/Diet_Pepsi_Soda_Cola12_Pack_12_oz_Cans_Elastic_medium.csv,810,"End-effector lifting the object, using moderate force, causing medium-deformation, with increasing force."
/home/mdxuser/Genesis/main/data/picked_up_4/csv/Diet_Pepsi_Soda_Cola12_Pack_12_oz_Cans/Elastic/medium/Diet_Pepsi_Soda_Cola12_Pack_12_oz_Cans_Elastic_medium.csv,1080,"End-effector rotating the object, by an angle of 45.0 degrees, using moderate force, causing medium-deformation, with constant force."
/home/mdxuser/Genesis/main/data/picked_up_4/csv/Diet_Pepsi_Soda_Cola12_Pack_12_oz_Cans/Elastic/medium/Diet_Pepsi_Soda_Cola12_Pack_12_oz_Cans_Elastic_medium.csv,1350,The object has been dropped.
/home/mdxuser/Genesis/main/data/picked_up_4/csv/Diet_Pepsi_Soda_Cola12_Pack_12_oz_Cans/Elastic/medium/Diet_Pepsi_Soda_Cola12_Pack_12_oz_Cans_Elastic_medium.csv,1620,The object has been dropped.
/home/mdxuser/Genesis/main/data/picked_up_4/csv/Diet_Pepsi_Soda_Cola12_Pack_12_oz_Cans/Elastic/medium/Diet_Pepsi_Soda_Cola12_Pack_12_oz_Cans_Elastic_medium.csv,1890,The object has been dropped.
/home/mdxuser/Genesis/main/data/picked_up_4/csv/Diet_Pepsi_Soda_Cola12_Pack_12_oz_Cans/Elastic/medium/Diet_Pepsi_Soda_Cola12_Pack_12_oz_Cans_Elastic_medium.csv,2160,The object has been dropped.
/home/mdxuser/Genesis/main/data/picked_up_4/csv/Diet_Pepsi_Soda_Cola12_Pack_12_oz_Cans/Elastic/medium/Diet_Pepsi_Soda_Cola12_Pack_12_oz_Cans_Elastic_medium.csv,2430,The object has been dropped.
/home/mdxuser/Genesis/main/data/picked_up_4/csv/Diet_Pepsi_Soda_Cola12_Pack_12_oz_Cans/Elastic/medium/Diet_Pepsi_Soda_Cola12_Pack_12_oz_Cans_Elastic_medium.csv,2700,The object has been dropped.
/home/mdxuser/Genesis/main/data/picked_up_4/csv/Circo_Fish_Toothbrush_Holder_14995988/Elastic/soft/Circo_Fish_Toothbrush_Holder_14995988_Elastic_soft.csv,0,"End-effector start towards the object, to begin the task."
/home/mdxuser/Genesis/main/data/picked_up_4/csv/Circo_Fish_Toothbrush_Holder_14995988/Elastic/soft/Circo_Fish_Toothbrush_Holder_14995988_Elastic_soft.csv,270,"End-effector grasping the object, using gentle force, causing soft-deformation, with increasing force."
/home/mdxuser/Genesis/main/data/picked_up_4/csv/Circo_Fish_Toothbrush_Holder_14995988/Elastic/soft/Circo_Fish_Toothbrush_Holder_14995988_Elastic_soft.csv,540,"End-effector continue grasping the object, using gentle force, causing soft-deformation, with increasing force."
/home/mdxuser/Genesis/main/data/picked_up_4/csv/Circo_Fish_Toothbrush_Holder_14995988/Elastic/soft/Circo_Fish_Toothbrush_Holder_14995988_Elastic_soft.csv,810,"End-effector lifting the object, using gentle force, causing soft-deformation, with increasing force."
/home/mdxuser/Genesis/main/data/picked_up_4/csv/Circo_Fish_Toothbrush_Holder_14995988/Elastic/soft/Circo_Fish_Toothbrush_Holder_14995988_Elastic_soft.csv,1080,"End-effector rotating the object, by an angle of 45.0 degrees, using gentle force, causing soft-deformation, with constant force."
/home/mdxuser/Genesis/main/data/picked_up_4/csv/Circo_Fish_Toothbrush_Holder_14995988/Elastic/soft/Circo_Fish_Toothbrush_Holder_14995988_Elastic_soft.csv,1350,"End-effector continue rotating the object, by an angle of 45.0 degrees, using gentle force, causing soft-deformation, with constant force."
/home/mdxuser/Genesis/main/data/picked_up_4/csv/Circo_Fish_Toothbrush_Holder_14995988/Elastic/soft/Circo_Fish_Toothbrush_Holder_14995988_Elastic_soft.csv,1620,"End-effector holding position of the object, maintaining a stable hold, using gentle force, causing soft-deformation."
/home/mdxuser/Genesis/main/data/picked_up_4/csv/Circo_Fish_Toothbrush_Holder_14995988/Elastic/soft/Circo_Fish_Toothbrush_Holder_14995988_Elastic_soft.csv,1890,"End-effector rotating the object, by an angle of 45.0 degrees, using gentle force, causing soft-deformation, with constant force."
/home/mdxuser/Genesis/main/data/picked_up_4/csv/Circo_Fish_Toothbrush_Holder_14995988/Elastic/soft/Circo_Fish_Toothbrush_Holder_14995988_Elastic_soft.csv,2160,"End-effector holding position of the object, maintaining a stable hold, using gentle force, causing soft-deformation."
/home/mdxuser/Genesis/main/data/picked_up_4/csv/Circo_Fish_Toothbrush_Holder_14995988/Elastic/soft/Circo_Fish_Toothbrush_Holder_14995988_Elastic_soft.csv,2430,"End-effector continue holding position of the object, maintaining a stable hold, using gentle force, causing soft-deformation."
/home/mdxuser/Genesis/main/data/picked_up_4/csv/Circo_Fish_Toothbrush_Holder_14995988/Elastic/soft/Circo_Fish_Toothbrush_Holder_14995988_Elastic_soft.csv,2700,The object has been dropped.
/home/mdxuser/Genesis/main/data/picked_up_4/csv/Mens_Largo_Slip_On_in_Taupe_gooyS417q4R/Elastic/hard/Mens_Largo_Slip_On_in_Taupe_gooyS417q4R_Elastic_hard.csv,0,"End-effector start towards the object, to begin the task."
/home/mdxuser/Genesis/main/data/picked_up_4/csv/Mens_Largo_Slip_On_in_Taupe_gooyS417q4R/Elastic/hard/Mens_Largo_Slip_On_in_Taupe_gooyS417q4R_Elastic_hard.csv,270,"End-effector grasping the object, using strong force, causing hard-deformation, with increasing force."
/home/mdxuser/Genesis/main/data/picked_up_4/csv/Mens_Largo_Slip_On_in_Taupe_gooyS417q4R/Elastic/hard/Mens_Largo_Slip_On_in_Taupe_gooyS417q4R_Elastic_hard.csv,540,"End-effector continue grasping the object, using strong force, causing hard-deformation, with increasing force."
/home/mdxuser/Genesis/main/data/picked_up_4/csv/Mens_Largo_Slip_On_in_Taupe_gooyS417q4R/Elastic/hard/Mens_Largo_Slip_On_in_Taupe_gooyS417q4R_Elastic_hard.csv,810,"End-effector lifting the object, using strong force, causing hard-deformation, with increasing force."
/home/mdxuser/Genesis/main/data/picked_up_4/csv/Mens_Largo_Slip_On_in_Taupe_gooyS417q4R/Elastic/hard/Mens_Largo_Slip_On_in_Taupe_gooyS417q4R_Elastic_hard.csv,1080,"End-effector rotating the object, by an angle of 45.0 degrees, using strong force, causing hard-deformation, with constant force."
/home/mdxuser/Genesis/main/data/picked_up_4/csv/Mens_Largo_Slip_On_in_Taupe_gooyS417q4R/Elastic/hard/Mens_Largo_Slip_On_in_Taupe_gooyS417q4R_Elastic_hard.csv,1350,The object has been dropped.
/home/mdxuser/Genesis/main/data/picked_up_4/csv/Mens_Largo_Slip_On_in_Taupe_gooyS417q4R/Elastic/hard/Mens_Largo_Slip_On_in_Taupe_gooyS417q4R_Elastic_hard.csv,1620,The object has been dropped.
/home/mdxuser/Genesis/main/data/picked_up_4/csv/Mens_Largo_Slip_On_in_Taupe_gooyS417q4R/Elastic/hard/Mens_Largo_Slip_On_in_Taupe_gooyS417q4R_Elastic_hard.csv,1890,The object has been dropped.
/home/mdxuser/Genesis/main/data/picked_up_4/csv/Mens_Largo_Slip_On_in_Taupe_gooyS417q4R/Elastic/hard/Mens_Largo_Slip_On_in_Taupe_gooyS417q4R_Elastic_hard.csv,2160,The object has been dropped.
/home/mdxuser/Genesis/main/data/picked_up_4/csv/Mens_Largo_Slip_On_in_Taupe_gooyS417q4R/Elastic/hard/Mens_Largo_Slip_On_in_Taupe_gooyS417q4R_Elastic_hard.csv,2430,The object has been dropped.
/home/mdxuser/Genesis/main/data/picked_up_4/csv/Mens_Largo_Slip_On_in_Taupe_gooyS417q4R/Elastic/hard/Mens_Largo_Slip_On_in_Taupe_gooyS417q4R_Elastic_hard.csv,2700,The object has been dropped.
/home/mdxuser/Genesis/main/data/picked_up_4/csv/Crayola_Bonus_64_Crayons/Elastic/hard/Crayola_Bonus_64_Crayons_Elastic_hard.csv,0,"End-effector start towards the object, to begin the task."
/home/mdxuser/Genesis/main/data/picked_up_4/csv/Crayola_Bonus_64_Crayons/Elastic/hard/Crayola_Bonus_64_Crayons_Elastic_hard.csv,270,"End-effector grasping the object, using strong force, causing hard-deformation, with increasing force."
/home/mdxuser/Genesis/main/data/picked_up_4/csv/Crayola_Bonus_64_Crayons/Elastic/hard/Crayola_Bonus_64_Crayons_Elastic_hard.csv,540,"End-effector continue grasping the object, using strong force, causing hard-deformation, with increasing force."
/home/mdxuser/Genesis/main/data/picked_up_4/csv/Crayola_Bonus_64_Crayons/Elastic/hard/Crayola_Bonus_64_Crayons_Elastic_hard.csv,810,"End-effector lifting the object, using strong force, causing hard-deformation, with increasing force."
/home/mdxuser/Genesis/main/data/picked_up_4/csv/Crayola_Bonus_64_Crayons/Elastic/hard/Crayola_Bonus_64_Crayons_Elastic_hard.csv,1080,"End-effector rotating the object, by an angle of 45.0 degrees, using strong force, causing hard-deformation, with constant force."
/home/mdxuser/Genesis/main/data/picked_up_4/csv/Crayola_Bonus_64_Crayons/Elastic/hard/Crayola_Bonus_64_Crayons_Elastic_hard.csv,1350,"End-effector holding position of the object, maintaining a stable hold, using strong force, causing hard-deformation."
/home/mdxuser/Genesis/main/data/picked_up_4/csv/Crayola_Bonus_64_Crayons/Elastic/hard/Crayola_Bonus_64_Crayons_Elastic_hard.csv,1620,"End-effector continue holding position of the object, maintaining a stable hold, using strong force, causing hard-deformation."
/home/mdxuser/Genesis/main/data/picked_up_4/csv/Crayola_Bonus_64_Crayons/Elastic/hard/Crayola_Bonus_64_Crayons_Elastic_hard.csv,1890,"End-effector rotating the object, by an angle of 45.0 degrees, using strong force, causing hard-deformation, with constant force."
/home/mdxuser/Genesis/main/data/picked_up_4/csv/Crayola_Bonus_64_Crayons/Elastic/hard/Crayola_Bonus_64_Crayons_Elastic_hard.csv,2160,"End-effector continue rotating the object, by an angle of 45.0 degrees, using strong force, causing hard-deformation, with constant force."
/home/mdxuser/Genesis/main/data/picked_up_4/csv/Crayola_Bonus_64_Crayons/Elastic/hard/Crayola_Bonus_64_Crayons_Elastic_hard.csv,2430,The object has been dropped.
/home/mdxuser/Genesis/main/data/picked_up_4/csv/Crayola_Bonus_64_Crayons/Elastic/hard/Crayola_Bonus_64_Crayons_Elastic_hard.csv,2700,The object has been dropped.
/home/mdxuser/Genesis/main/data/picked_up_4/csv/CREATIVE_BLOCKS_35_MM/Elastic/medium/CREATIVE_BLOCKS_35_MM_Elastic_medium.csv,0,"End-effector start towards the object, to begin the task."
/home/mdxuser/Genesis/main/data/picked_up_4/csv/CREATIVE_BLOCKS_35_MM/Elastic/medium/CREATIVE_BLOCKS_35_MM_Elastic_medium.csv,270,"End-effector grasping the object, using moderate force, causing medium-deformation, with increasing force."
/home/mdxuser/Genesis/main/data/picked_up_4/csv/CREATIVE_BLOCKS_35_MM/Elastic/medium/CREATIVE_BLOCKS_35_MM_Elastic_medium.csv,540,"End-effector continue grasping the object, using moderate force, causing medium-deformation, with increasing force."
/home/mdxuser/Genesis/main/data/picked_up_4/csv/CREATIVE_BLOCKS_35_MM/Elastic/medium/CREATIVE_BLOCKS_35_MM_Elastic_medium.csv,810,"End-effector lifting the object, using moderate force, causing medium-deformation, with increasing force."
/home/mdxuser/Genesis/main/data/picked_up_4/csv/CREATIVE_BLOCKS_35_MM/Elastic/medium/CREATIVE_BLOCKS_35_MM_Elastic_medium.csv,1080,"End-effector rotating the object, by an angle of 45.0 degrees, using moderate force, causing medium-deformation, with constant force."
/home/mdxuser/Genesis/main/data/picked_up_4/csv/CREATIVE_BLOCKS_35_MM/Elastic/medium/CREATIVE_BLOCKS_35_MM_Elastic_medium.csv,1350,"End-effector continue rotating the object, by an angle of 45.0 degrees, using moderate force, causing medium-deformation, with constant force."
/home/mdxuser/Genesis/main/data/picked_up_4/csv/CREATIVE_BLOCKS_35_MM/Elastic/medium/CREATIVE_BLOCKS_35_MM_Elastic_medium.csv,1620,"End-effector holding position of the object, maintaining a stable hold, using moderate force, causing medium-deformation."
/home/mdxuser/Genesis/main/data/picked_up_4/csv/CREATIVE_BLOCKS_35_MM/Elastic/medium/CREATIVE_BLOCKS_35_MM_Elastic_medium.csv,1890,"End-effector rotating the object, by an angle of 45.0 degrees, using moderate force, causing medium-deformation, with constant force."
/home/mdxuser/Genesis/main/data/picked_up_4/csv/CREATIVE_BLOCKS_35_MM/Elastic/medium/CREATIVE_BLOCKS_35_MM_Elastic_medium.csv,2160,"End-effector holding position of the object, maintaining a stable hold, using moderate force, causing medium-deformation."
/home/mdxuser/Genesis/main/data/picked_up_4/csv/CREATIVE_BLOCKS_35_MM/Elastic/medium/CREATIVE_BLOCKS_35_MM_Elastic_medium.csv,2430,"End-effector continue holding position of the object, maintaining a stable hold, using moderate force, causing medium-deformation."
/home/mdxuser/Genesis/main/data/picked_up_4/csv/CREATIVE_BLOCKS_35_MM/Elastic/medium/CREATIVE_BLOCKS_35_MM_Elastic_medium.csv,2700,"End-effector stopping the object, using zero-force, causing undeformed shape."
/home/mdxuser/Genesis/main/data/picked_up_4/csv/Animal_Crossing_New_Leaf_Nintendo_3DS_Game/Elastic/medium/Animal_Crossing_New_Leaf_Nintendo_3DS_Game_Elastic_medium.csv,0,"End-effector start towards the object, to begin the task."
/home/mdxuser/Genesis/main/data/picked_up_4/csv/Animal_Crossing_New_Leaf_Nintendo_3DS_Game/Elastic/medium/Animal_Crossing_New_Leaf_Nintendo_3DS_Game_Elastic_medium.csv,270,"End-effector grasping the object, using moderate force, causing medium-deformation, with increasing force."
/home/mdxuser/Genesis/main/data/picked_up_4/csv/Animal_Crossing_New_Leaf_Nintendo_3DS_Game/Elastic/medium/Animal_Crossing_New_Leaf_Nintendo_3DS_Game_Elastic_medium.csv,540,"End-effector continue grasping the object, using moderate force, causing medium-deformation, with increasing force."
/home/mdxuser/Genesis/main/data/picked_up_4/csv/Animal_Crossing_New_Leaf_Nintendo_3DS_Game/Elastic/medium/Animal_Crossing_New_Leaf_Nintendo_3DS_Game_Elastic_medium.csv,810,"End-effector lifting the object, using moderate force, causing medium-deformation, with increasing force."
/home/mdxuser/Genesis/main/data/picked_up_4/csv/Animal_Crossing_New_Leaf_Nintendo_3DS_Game/Elastic/medium/Animal_Crossing_New_Leaf_Nintendo_3DS_Game_Elastic_medium.csv,1080,"End-effector rotating the object, by an angle of 45.0 degrees, using moderate force, causing medium-deformation, with constant force."
/home/mdxuser/Genesis/main/data/picked_up_4/csv/Animal_Crossing_New_Leaf_Nintendo_3DS_Game/Elastic/medium/Animal_Crossing_New_Leaf_Nintendo_3DS_Game_Elastic_medium.csv,1350,"End-effector continue rotating the object, by an angle of 45.0 degrees, using moderate force, causing medium-deformation, with constant force."
/home/mdxuser/Genesis/main/data/picked_up_4/csv/Animal_Crossing_New_Leaf_Nintendo_3DS_Game/Elastic/medium/Animal_Crossing_New_Leaf_Nintendo_3DS_Game_Elastic_medium.csv,1620,The object has been dropped.
/home/mdxuser/Genesis/main/data/picked_up_4/csv/Animal_Crossing_New_Leaf_Nintendo_3DS_Game/Elastic/medium/Animal_Crossing_New_Leaf_Nintendo_3DS_Game_Elastic_medium.csv,1890,The object has been dropped.
/home/mdxuser/Genesis/main/data/picked_up_4/csv/Animal_Crossing_New_Leaf_Nintendo_3DS_Game/Elastic/medium/Animal_Crossing_New_Leaf_Nintendo_3DS_Game_Elastic_medium.csv,2160,The object has been dropped.
/home/mdxuser/Genesis/main/data/picked_up_4/csv/Animal_Crossing_New_Leaf_Nintendo_3DS_Game/Elastic/medium/Animal_Crossing_New_Leaf_Nintendo_3DS_Game_Elastic_medium.csv,2430,The object has been dropped.
/home/mdxuser/Genesis/main/data/picked_up_4/csv/Animal_Crossing_New_Leaf_Nintendo_3DS_Game/Elastic/medium/Animal_Crossing_New_Leaf_Nintendo_3DS_Game_Elastic_medium.csv,2700,The object has been dropped.
/home/mdxuser/Genesis/main/data/picked_up_4/csv/Office_Depot_HP_71_Remanufactured_Ink_Cartridge_Black/Elastic/hard/Office_Depot_HP_71_Remanufactured_Ink_Cartridge_Black_Elastic_hard.csv,0,"End-effector start towards the object, to begin the task."
/home/mdxuser/Genesis/main/data/picked_up_4/csv/Office_Depot_HP_71_Remanufactured_Ink_Cartridge_Black/Elastic/hard/Office_Depot_HP_71_Remanufactured_Ink_Cartridge_Black_Elastic_hard.csv,270,"End-effector grasping the object, using strong force, causing hard-deformation, with increasing force."
/home/mdxuser/Genesis/main/data/picked_up_4/csv/Office_Depot_HP_71_Remanufactured_Ink_Cartridge_Black/Elastic/hard/Office_Depot_HP_71_Remanufactured_Ink_Cartridge_Black_Elastic_hard.csv,540,"End-effector continue grasping the object, using strong force, causing hard-deformation, with increasing force."
/home/mdxuser/Genesis/main/data/picked_up_4/csv/Office_Depot_HP_71_Remanufactured_Ink_Cartridge_Black/Elastic/hard/Office_Depot_HP_71_Remanufactured_Ink_Cartridge_Black_Elastic_hard.csv,810,"End-effector lifting the object, using strong force, causing hard-deformation, with increasing force."
/home/mdxuser/Genesis/main/data/picked_up_4/csv/Office_Depot_HP_71_Remanufactured_Ink_Cartridge_Black/Elastic/hard/Office_Depot_HP_71_Remanufactured_Ink_Cartridge_Black_Elastic_hard.csv,1080,"End-effector rotating the object, by an angle of 30.0 degrees, using strong force, causing hard-deformation, with constant force."
/home/mdxuser/Genesis/main/data/picked_up_4/csv/Office_Depot_HP_71_Remanufactured_Ink_Cartridge_Black/Elastic/hard/Office_Depot_HP_71_Remanufactured_Ink_Cartridge_Black_Elastic_hard.csv,1350,"End-effector continue rotating the object, by an angle of 30.0 degrees, using strong force, causing hard-deformation, with constant force."
/home/mdxuser/Genesis/main/data/picked_up_4/csv/Office_Depot_HP_71_Remanufactured_Ink_Cartridge_Black/Elastic/hard/Office_Depot_HP_71_Remanufactured_Ink_Cartridge_Black_Elastic_hard.csv,1620,"End-effector holding position of the object, maintaining a stable hold, using strong force, causing hard-deformation."
/home/mdxuser/Genesis/main/data/picked_up_4/csv/Office_Depot_HP_71_Remanufactured_Ink_Cartridge_Black/Elastic/hard/Office_Depot_HP_71_Remanufactured_Ink_Cartridge_Black_Elastic_hard.csv,1890,"End-effector rotating the object, by an angle of 45.0 degrees, using strong force, causing hard-deformation, with constant force."
/home/mdxuser/Genesis/main/data/picked_up_4/csv/Office_Depot_HP_71_Remanufactured_Ink_Cartridge_Black/Elastic/hard/Office_Depot_HP_71_Remanufactured_Ink_Cartridge_Black_Elastic_hard.csv,2160,"End-effector continue rotating the object, by an angle of 45.0 degrees, using strong force, causing hard-deformation, with constant force."
/home/mdxuser/Genesis/main/data/picked_up_4/csv/Office_Depot_HP_71_Remanufactured_Ink_Cartridge_Black/Elastic/hard/Office_Depot_HP_71_Remanufactured_Ink_Cartridge_Black_Elastic_hard.csv,2430,The object has been dropped.
/home/mdxuser/Genesis/main/data/picked_up_4/csv/Office_Depot_HP_71_Remanufactured_Ink_Cartridge_Black/Elastic/hard/Office_Depot_HP_71_Remanufactured_Ink_Cartridge_Black_Elastic_hard.csv,2700,The object has been dropped.
/home/mdxuser/Genesis/main/data/picked_up_4/csv/Big_Dot_Aqua_Pencil_Case/Elastic/hard/Big_Dot_Aqua_Pencil_Case_Elastic_hard.csv,0,"End-effector start towards the object, to begin the task."
/home/mdxuser/Genesis/main/data/picked_up_4/csv/Big_Dot_Aqua_Pencil_Case/Elastic/hard/Big_Dot_Aqua_Pencil_Case_Elastic_hard.csv,270,"End-effector grasping the object, using strong force, causing hard-deformation, with increasing force."
/home/mdxuser/Genesis/main/data/picked_up_4/csv/Big_Dot_Aqua_Pencil_Case/Elastic/hard/Big_Dot_Aqua_Pencil_Case_Elastic_hard.csv,540,"End-effector continue grasping the object, using strong force, causing hard-deformation, with increasing force."
/home/mdxuser/Genesis/main/data/picked_up_4/csv/Big_Dot_Aqua_Pencil_Case/Elastic/hard/Big_Dot_Aqua_Pencil_Case_Elastic_hard.csv,810,"End-effector lifting the object, using strong force, causing hard-deformation, with increasing force."
/home/mdxuser/Genesis/main/data/picked_up_4/csv/Big_Dot_Aqua_Pencil_Case/Elastic/hard/Big_Dot_Aqua_Pencil_Case_Elastic_hard.csv,1080,"End-effector rotating the object, by an angle of 45.0 degrees, using strong force, causing hard-deformation, with constant force."
/home/mdxuser/Genesis/main/data/picked_up_4/csv/Big_Dot_Aqua_Pencil_Case/Elastic/hard/Big_Dot_Aqua_Pencil_Case_Elastic_hard.csv,1350,"End-effector continue rotating the object, by an angle of 45.0 degrees, using strong force, causing hard-deformation, with constant force."
/home/mdxuser/Genesis/main/data/picked_up_4/csv/Big_Dot_Aqua_Pencil_Case/Elastic/hard/Big_Dot_Aqua_Pencil_Case_Elastic_hard.csv,1620,The object has been dropped.
/home/mdxuser/Genesis/main/data/picked_up_4/csv/Big_Dot_Aqua_Pencil_Case/Elastic/hard/Big_Dot_Aqua_Pencil_Case_Elastic_hard.csv,1890,The object has been dropped.
/home/mdxuser/Genesis/main/data/picked_up_4/csv/Big_Dot_Aqua_Pencil_Case/Elastic/hard/Big_Dot_Aqua_Pencil_Case_Elastic_hard.csv,2160,The object has been dropped.
/home/mdxuser/Genesis/main/data/picked_up_4/csv/Big_Dot_Aqua_Pencil_Case/Elastic/hard/Big_Dot_Aqua_Pencil_Case_Elastic_hard.csv,2430,The object has been dropped.
/home/mdxuser/Genesis/main/data/picked_up_4/csv/Big_Dot_Aqua_Pencil_Case/Elastic/hard/Big_Dot_Aqua_Pencil_Case_Elastic_hard.csv,2700,The object has been dropped.
/home/mdxuser/Genesis/main/data/picked_up_4/csv/Cole_Hardware_Electric_Pot_Cabana_55/Elastic/medium/Cole_Hardware_Electric_Pot_Cabana_55_Elastic_medium.csv,0,"End-effector start towards the object, to begin the task."
/home/mdxuser/Genesis/main/data/picked_up_4/csv/Cole_Hardware_Electric_Pot_Cabana_55/Elastic/medium/Cole_Hardware_Electric_Pot_Cabana_55_Elastic_medium.csv,270,"End-effector grasping the object, using moderate force, causing medium-deformation, with increasing force."
/home/mdxuser/Genesis/main/data/picked_up_4/csv/Cole_Hardware_Electric_Pot_Cabana_55/Elastic/medium/Cole_Hardware_Electric_Pot_Cabana_55_Elastic_medium.csv,540,"End-effector continue grasping the object, using moderate force, causing medium-deformation, with increasing force."
/home/mdxuser/Genesis/main/data/picked_up_4/csv/Cole_Hardware_Electric_Pot_Cabana_55/Elastic/medium/Cole_Hardware_Electric_Pot_Cabana_55_Elastic_medium.csv,810,"End-effector lifting the object, using moderate force, causing medium-deformation, with increasing force."
/home/mdxuser/Genesis/main/data/picked_up_4/csv/Cole_Hardware_Electric_Pot_Cabana_55/Elastic/medium/Cole_Hardware_Electric_Pot_Cabana_55_Elastic_medium.csv,1080,"End-effector rotating the object, by an angle of 30.0 degrees, using moderate force, causing medium-deformation, with constant force."
/home/mdxuser/Genesis/main/data/picked_up_4/csv/Cole_Hardware_Electric_Pot_Cabana_55/Elastic/medium/Cole_Hardware_Electric_Pot_Cabana_55_Elastic_medium.csv,1350,"End-effector continue rotating the object, by an angle of 30.0 degrees, using moderate force, causing medium-deformation, with constant force."
/home/mdxuser/Genesis/main/data/picked_up_4/csv/Cole_Hardware_Electric_Pot_Cabana_55/Elastic/medium/Cole_Hardware_Electric_Pot_Cabana_55_Elastic_medium.csv,1620,"End-effector holding position of the object, maintaining a stable hold, using moderate force, causing medium-deformation."
/home/mdxuser/Genesis/main/data/picked_up_4/csv/Cole_Hardware_Electric_Pot_Cabana_55/Elastic/medium/Cole_Hardware_Electric_Pot_Cabana_55_Elastic_medium.csv,1890,"End-effector rotating the object, by an angle of 30.0 degrees, using moderate force, causing medium-deformation, with constant force."
/home/mdxuser/Genesis/main/data/picked_up_4/csv/Cole_Hardware_Electric_Pot_Cabana_55/Elastic/medium/Cole_Hardware_Electric_Pot_Cabana_55_Elastic_medium.csv,2160,"End-effector continue rotating the object, by an angle of 30.0 degrees, using moderate force, causing medium-deformation, with constant force."
/home/mdxuser/Genesis/main/data/picked_up_4/csv/Cole_Hardware_Electric_Pot_Cabana_55/Elastic/medium/Cole_Hardware_Electric_Pot_Cabana_55_Elastic_medium.csv,2430,"End-effector holding position of the object, maintaining a stable hold, using moderate force, causing medium-deformation."
/home/mdxuser/Genesis/main/data/picked_up_4/csv/Cole_Hardware_Electric_Pot_Cabana_55/Elastic/medium/Cole_Hardware_Electric_Pot_Cabana_55_Elastic_medium.csv,2700,"End-effector stopping the object, using zero-force, causing undeformed shape."
/home/mdxuser/Genesis/main/data/picked_up_4/csv/Brother_LC_1053PKS_Ink_Cartridge_CyanMagentaYellow_1pack/Elastic/soft/Brother_LC_1053PKS_Ink_Cartridge_CyanMagentaYellow_1pack_Elastic_soft.csv,0,"End-effector start towards the object, to begin the task."
/home/mdxuser/Genesis/main/data/picked_up_4/csv/Brother_LC_1053PKS_Ink_Cartridge_CyanMagentaYellow_1pack/Elastic/soft/Brother_LC_1053PKS_Ink_Cartridge_CyanMagentaYellow_1pack_Elastic_soft.csv,270,"End-effector grasping the object, using gentle force, causing soft-deformation, with increasing force."
/home/mdxuser/Genesis/main/data/picked_up_4/csv/Brother_LC_1053PKS_Ink_Cartridge_CyanMagentaYellow_1pack/Elastic/soft/Brother_LC_1053PKS_Ink_Cartridge_CyanMagentaYellow_1pack_Elastic_soft.csv,540,"End-effector continue grasping the object, using gentle force, causing soft-deformation, with increasing force."
/home/mdxuser/Genesis/main/data/picked_up_4/csv/Brother_LC_1053PKS_Ink_Cartridge_CyanMagentaYellow_1pack/Elastic/soft/Brother_LC_1053PKS_Ink_Cartridge_CyanMagentaYellow_1pack_Elastic_soft.csv,810,"End-effector lifting the object, using gentle force, causing soft-deformation, with increasing force."
/home/mdxuser/Genesis/main/data/picked_up_4/csv/Brother_LC_1053PKS_Ink_Cartridge_CyanMagentaYellow_1pack/Elastic/soft/Brother_LC_1053PKS_Ink_Cartridge_CyanMagentaYellow_1pack_Elastic_soft.csv,1080,"End-effector rotating the object, by an angle of 45.0 degrees, using gentle force, causing soft-deformation, with constant force."
/home/mdxuser/Genesis/main/data/picked_up_4/csv/Brother_LC_1053PKS_Ink_Cartridge_CyanMagentaYellow_1pack/Elastic/soft/Brother_LC_1053PKS_Ink_Cartridge_CyanMagentaYellow_1pack_Elastic_soft.csv,1350,"End-effector continue rotating the object, by an angle of 45.0 degrees, using gentle force, causing soft-deformation, with constant force."
/home/mdxuser/Genesis/main/data/picked_up_4/csv/Brother_LC_1053PKS_Ink_Cartridge_CyanMagentaYellow_1pack/Elastic/soft/Brother_LC_1053PKS_Ink_Cartridge_CyanMagentaYellow_1pack_Elastic_soft.csv,1620,"End-effector holding position of the object, maintaining a stable hold, using gentle force, causing soft-deformation."
/home/mdxuser/Genesis/main/data/picked_up_4/csv/Brother_LC_1053PKS_Ink_Cartridge_CyanMagentaYellow_1pack/Elastic/soft/Brother_LC_1053PKS_Ink_Cartridge_CyanMagentaYellow_1pack_Elastic_soft.csv,1890,"End-effector rotating the object, by an angle of 45.0 degrees, using gentle force, causing soft-deformation, with constant force."
/home/mdxuser/Genesis/main/data/picked_up_4/csv/Brother_LC_1053PKS_Ink_Cartridge_CyanMagentaYellow_1pack/Elastic/soft/Brother_LC_1053PKS_Ink_Cartridge_CyanMagentaYellow_1pack_Elastic_soft.csv,2160,"End-effector holding position of the object, maintaining a stable hold, using gentle force, causing soft-deformation."
/home/mdxuser/Genesis/main/data/picked_up_4/csv/Brother_LC_1053PKS_Ink_Cartridge_CyanMagentaYellow_1pack/Elastic/soft/Brother_LC_1053PKS_Ink_Cartridge_CyanMagentaYellow_1pack_Elastic_soft.csv,2430,"End-effector continue holding position of the object, maintaining a stable hold, using gentle force, causing soft-deformation."
/home/mdxuser/Genesis/main/data/picked_up_4/csv/Brother_LC_1053PKS_Ink_Cartridge_CyanMagentaYellow_1pack/Elastic/soft/Brother_LC_1053PKS_Ink_Cartridge_CyanMagentaYellow_1pack_Elastic_soft.csv,2700,The object has been dropped.
/home/mdxuser/Genesis/main/data/picked_up_4/csv/Big_Dot_Aqua_Pencil_Case/Elastic/medium/Big_Dot_Aqua_Pencil_Case_Elastic_medium.csv,0,"End-effector start towards the object, to begin the task."
/home/mdxuser/Genesis/main/data/picked_up_4/csv/Big_Dot_Aqua_Pencil_Case/Elastic/medium/Big_Dot_Aqua_Pencil_Case_Elastic_medium.csv,270,"End-effector grasping the object, using moderate force, causing medium-deformation, with increasing force."
/home/mdxuser/Genesis/main/data/picked_up_4/csv/Big_Dot_Aqua_Pencil_Case/Elastic/medium/Big_Dot_Aqua_Pencil_Case_Elastic_medium.csv,540,"End-effector continue grasping the object, using moderate force, causing medium-deformation, with increasing force."
/home/mdxuser/Genesis/main/data/picked_up_4/csv/Big_Dot_Aqua_Pencil_Case/Elastic/medium/Big_Dot_Aqua_Pencil_Case_Elastic_medium.csv,810,"End-effector lifting the object, using moderate force, causing medium-deformation, with increasing force."
/home/mdxuser/Genesis/main/data/picked_up_4/csv/Big_Dot_Aqua_Pencil_Case/Elastic/medium/Big_Dot_Aqua_Pencil_Case_Elastic_medium.csv,1080,"End-effector rotating the object, by an angle of 30.0 degrees, using moderate force, causing medium-deformation, with constant force."
/home/mdxuser/Genesis/main/data/picked_up_4/csv/Big_Dot_Aqua_Pencil_Case/Elastic/medium/Big_Dot_Aqua_Pencil_Case_Elastic_medium.csv,1350,"End-effector continue rotating the object, by an angle of 30.0 degrees, using moderate force, causing medium-deformation, with constant force."
/home/mdxuser/Genesis/main/data/picked_up_4/csv/Big_Dot_Aqua_Pencil_Case/Elastic/medium/Big_Dot_Aqua_Pencil_Case_Elastic_medium.csv,1620,"End-effector holding position of the object, maintaining a stable hold, using moderate force, causing medium-deformation."
/home/mdxuser/Genesis/main/data/picked_up_4/csv/Big_Dot_Aqua_Pencil_Case/Elastic/medium/Big_Dot_Aqua_Pencil_Case_Elastic_medium.csv,1890,"End-effector rotating the object, by an angle of 30.0 degrees, using moderate force, causing medium-deformation, with constant force."
/home/mdxuser/Genesis/main/data/picked_up_4/csv/Big_Dot_Aqua_Pencil_Case/Elastic/medium/Big_Dot_Aqua_Pencil_Case_Elastic_medium.csv,2160,"End-effector continue rotating the object, by an angle of 30.0 degrees, using moderate force, causing medium-deformation, with constant force."
/home/mdxuser/Genesis/main/data/picked_up_4/csv/Big_Dot_Aqua_Pencil_Case/Elastic/medium/Big_Dot_Aqua_Pencil_Case_Elastic_medium.csv,2430,The object has been dropped.
/home/mdxuser/Genesis/main/data/picked_up_4/csv/Big_Dot_Aqua_Pencil_Case/Elastic/medium/Big_Dot_Aqua_Pencil_Case_Elastic_medium.csv,2700,The object has been dropped.
/home/mdxuser/Genesis/main/data/picked_up_4/csv/Olive_Kids_Mermaids_Pack_n_Snack_Backpack/Elastic/medium/Olive_Kids_Mermaids_Pack_n_Snack_Backpack_Elastic_medium.csv,0,"End-effector start towards the object, to begin the task."
/home/mdxuser/Genesis/main/data/picked_up_4/csv/Olive_Kids_Mermaids_Pack_n_Snack_Backpack/Elastic/medium/Olive_Kids_Mermaids_Pack_n_Snack_Backpack_Elastic_medium.csv,270,"End-effector grasping the object, using moderate force, causing medium-deformation, with increasing force."
/home/mdxuser/Genesis/main/data/picked_up_4/csv/Olive_Kids_Mermaids_Pack_n_Snack_Backpack/Elastic/medium/Olive_Kids_Mermaids_Pack_n_Snack_Backpack_Elastic_medium.csv,540,"End-effector continue grasping the object, using moderate force, causing medium-deformation, with increasing force."
/home/mdxuser/Genesis/main/data/picked_up_4/csv/Olive_Kids_Mermaids_Pack_n_Snack_Backpack/Elastic/medium/Olive_Kids_Mermaids_Pack_n_Snack_Backpack_Elastic_medium.csv,810,"End-effector lifting the object, using moderate force, causing medium-deformation, with increasing force."
/home/mdxuser/Genesis/main/data/picked_up_4/csv/Olive_Kids_Mermaids_Pack_n_Snack_Backpack/Elastic/medium/Olive_Kids_Mermaids_Pack_n_Snack_Backpack_Elastic_medium.csv,1080,"End-effector rotating the object, by an angle of 45.0 degrees, using moderate force, causing medium-deformation, with constant force."
/home/mdxuser/Genesis/main/data/picked_up_4/csv/Olive_Kids_Mermaids_Pack_n_Snack_Backpack/Elastic/medium/Olive_Kids_Mermaids_Pack_n_Snack_Backpack_Elastic_medium.csv,1350,"End-effector holding position of the object, maintaining a stable hold, using moderate force, causing medium-deformation."
/home/mdxuser/Genesis/main/data/picked_up_4/csv/Olive_Kids_Mermaids_Pack_n_Snack_Backpack/Elastic/medium/Olive_Kids_Mermaids_Pack_n_Snack_Backpack_Elastic_medium.csv,1620,"End-effector continue holding position of the object, maintaining a stable hold, using moderate force, causing medium-deformation."
/home/mdxuser/Genesis/main/data/picked_up_4/csv/Olive_Kids_Mermaids_Pack_n_Snack_Backpack/Elastic/medium/Olive_Kids_Mermaids_Pack_n_Snack_Backpack_Elastic_medium.csv,1890,"End-effector rotating the object, by an angle of 45.0 degrees, using moderate force, causing medium-deformation, with constant force."
/home/mdxuser/Genesis/main/data/picked_up_4/csv/Olive_Kids_Mermaids_Pack_n_Snack_Backpack/Elastic/medium/Olive_Kids_Mermaids_Pack_n_Snack_Backpack_Elastic_medium.csv,2160,"End-effector continue rotating the object, by an angle of 45.0 degrees, using moderate force, causing medium-deformation, with constant force."
/home/mdxuser/Genesis/main/data/picked_up_4/csv/Olive_Kids_Mermaids_Pack_n_Snack_Backpack/Elastic/medium/Olive_Kids_Mermaids_Pack_n_Snack_Backpack_Elastic_medium.csv,2430,"End-effector holding position of the object, maintaining a stable hold, using moderate force, causing medium-deformation."
/home/mdxuser/Genesis/main/data/picked_up_4/csv/Olive_Kids_Mermaids_Pack_n_Snack_Backpack/Elastic/medium/Olive_Kids_Mermaids_Pack_n_Snack_Backpack_Elastic_medium.csv,2700,The object has been dropped.
/home/mdxuser/Genesis/main/data/picked_up_4/csv/Mens_ASV_Shock_Light_Bungee_in_Light_Grey_xGCOvtLDnQJ/Elastic/hard/Mens_ASV_Shock_Light_Bungee_in_Light_Grey_xGCOvtLDnQJ_Elastic_hard.csv,0,"End-effector start towards the object, to begin the task."
/home/mdxuser/Genesis/main/data/picked_up_4/csv/Mens_ASV_Shock_Light_Bungee_in_Light_Grey_xGCOvtLDnQJ/Elastic/hard/Mens_ASV_Shock_Light_Bungee_in_Light_Grey_xGCOvtLDnQJ_Elastic_hard.csv,270,"End-effector grasping the object, using strong force, causing hard-deformation, with increasing force."
/home/mdxuser/Genesis/main/data/picked_up_4/csv/Mens_ASV_Shock_Light_Bungee_in_Light_Grey_xGCOvtLDnQJ/Elastic/hard/Mens_ASV_Shock_Light_Bungee_in_Light_Grey_xGCOvtLDnQJ_Elastic_hard.csv,540,"End-effector continue grasping the object, using strong force, causing hard-deformation, with increasing force."
/home/mdxuser/Genesis/main/data/picked_up_4/csv/Mens_ASV_Shock_Light_Bungee_in_Light_Grey_xGCOvtLDnQJ/Elastic/hard/Mens_ASV_Shock_Light_Bungee_in_Light_Grey_xGCOvtLDnQJ_Elastic_hard.csv,810,"End-effector lifting the object, using strong force, causing hard-deformation, with increasing force."
/home/mdxuser/Genesis/main/data/picked_up_4/csv/Mens_ASV_Shock_Light_Bungee_in_Light_Grey_xGCOvtLDnQJ/Elastic/hard/Mens_ASV_Shock_Light_Bungee_in_Light_Grey_xGCOvtLDnQJ_Elastic_hard.csv,1080,"End-effector rotating the object, by an angle of 45.0 degrees, using strong force, causing hard-deformation, with constant force."
/home/mdxuser/Genesis/main/data/picked_up_4/csv/Mens_ASV_Shock_Light_Bungee_in_Light_Grey_xGCOvtLDnQJ/Elastic/hard/Mens_ASV_Shock_Light_Bungee_in_Light_Grey_xGCOvtLDnQJ_Elastic_hard.csv,1350,"End-effector holding position of the object, maintaining a stable hold, using strong force, causing hard-deformation."
/home/mdxuser/Genesis/main/data/picked_up_4/csv/Mens_ASV_Shock_Light_Bungee_in_Light_Grey_xGCOvtLDnQJ/Elastic/hard/Mens_ASV_Shock_Light_Bungee_in_Light_Grey_xGCOvtLDnQJ_Elastic_hard.csv,1620,"End-effector continue holding position of the object, maintaining a stable hold, using strong force, causing hard-deformation."
/home/mdxuser/Genesis/main/data/picked_up_4/csv/Mens_ASV_Shock_Light_Bungee_in_Light_Grey_xGCOvtLDnQJ/Elastic/hard/Mens_ASV_Shock_Light_Bungee_in_Light_Grey_xGCOvtLDnQJ_Elastic_hard.csv,1890,"End-effector rotating the object, by an angle of 45.0 degrees, using strong force, causing hard-deformation, with constant force."
/home/mdxuser/Genesis/main/data/picked_up_4/csv/Mens_ASV_Shock_Light_Bungee_in_Light_Grey_xGCOvtLDnQJ/Elastic/hard/Mens_ASV_Shock_Light_Bungee_in_Light_Grey_xGCOvtLDnQJ_Elastic_hard.csv,2160,The object has been dropped.
/home/mdxuser/Genesis/main/data/picked_up_4/csv/Mens_ASV_Shock_Light_Bungee_in_Light_Grey_xGCOvtLDnQJ/Elastic/hard/Mens_ASV_Shock_Light_Bungee_in_Light_Grey_xGCOvtLDnQJ_Elastic_hard.csv,2430,The object has been dropped.
/home/mdxuser/Genesis/main/data/picked_up_4/csv/Mens_ASV_Shock_Light_Bungee_in_Light_Grey_xGCOvtLDnQJ/Elastic/hard/Mens_ASV_Shock_Light_Bungee_in_Light_Grey_xGCOvtLDnQJ_Elastic_hard.csv,2700,The object has been dropped.
/home/mdxuser/Genesis/main/data/picked_up_4/csv/ASICS_GELDirt_Dog_4_SunFlameBlack/Elastic/soft/ASICS_GELDirt_Dog_4_SunFlameBlack_Elastic_soft.csv,0,"End-effector start towards the object, to begin the task."
/home/mdxuser/Genesis/main/data/picked_up_4/csv/ASICS_GELDirt_Dog_4_SunFlameBlack/Elastic/soft/ASICS_GELDirt_Dog_4_SunFlameBlack_Elastic_soft.csv,270,"End-effector grasping the object, using gentle force, causing soft-deformation, with increasing force."
/home/mdxuser/Genesis/main/data/picked_up_4/csv/ASICS_GELDirt_Dog_4_SunFlameBlack/Elastic/soft/ASICS_GELDirt_Dog_4_SunFlameBlack_Elastic_soft.csv,540,"End-effector continue grasping the object, using gentle force, causing soft-deformation, with increasing force."
/home/mdxuser/Genesis/main/data/picked_up_4/csv/ASICS_GELDirt_Dog_4_SunFlameBlack/Elastic/soft/ASICS_GELDirt_Dog_4_SunFlameBlack_Elastic_soft.csv,810,"End-effector lifting the object, using gentle force, causing soft-deformation, with increasing force."
/home/mdxuser/Genesis/main/data/picked_up_4/csv/ASICS_GELDirt_Dog_4_SunFlameBlack/Elastic/soft/ASICS_GELDirt_Dog_4_SunFlameBlack_Elastic_soft.csv,1080,"End-effector rotating the object, by an angle of 30.0 degrees, using gentle force, causing soft-deformation, with constant force."
/home/mdxuser/Genesis/main/data/picked_up_4/csv/ASICS_GELDirt_Dog_4_SunFlameBlack/Elastic/soft/ASICS_GELDirt_Dog_4_SunFlameBlack_Elastic_soft.csv,1350,"End-effector continue rotating the object, by an angle of 30.0 degrees, using gentle force, causing soft-deformation, with constant force."
/home/mdxuser/Genesis/main/data/picked_up_4/csv/ASICS_GELDirt_Dog_4_SunFlameBlack/Elastic/soft/ASICS_GELDirt_Dog_4_SunFlameBlack_Elastic_soft.csv,1620,"End-effector holding position of the object, maintaining a stable hold, using gentle force, causing soft-deformation."
/home/mdxuser/Genesis/main/data/picked_up_4/csv/ASICS_GELDirt_Dog_4_SunFlameBlack/Elastic/soft/ASICS_GELDirt_Dog_4_SunFlameBlack_Elastic_soft.csv,1890,"End-effector rotating the object, by an angle of 45.0 degrees, using gentle force, causing soft-deformation, with constant force."
/home/mdxuser/Genesis/main/data/picked_up_4/csv/ASICS_GELDirt_Dog_4_SunFlameBlack/Elastic/soft/ASICS_GELDirt_Dog_4_SunFlameBlack_Elastic_soft.csv,2160,"End-effector holding position of the object, maintaining a stable hold, using gentle force, causing soft-deformation."
/home/mdxuser/Genesis/main/data/picked_up_4/csv/ASICS_GELDirt_Dog_4_SunFlameBlack/Elastic/soft/ASICS_GELDirt_Dog_4_SunFlameBlack_Elastic_soft.csv,2430,"End-effector continue holding position of the object, maintaining a stable hold, using gentle force, causing soft-deformation."
/home/mdxuser/Genesis/main/data/picked_up_4/csv/ASICS_GELDirt_Dog_4_SunFlameBlack/Elastic/soft/ASICS_GELDirt_Dog_4_SunFlameBlack_Elastic_soft.csv,2700,The object has been dropped.
/home/mdxuser/Genesis/main/data/picked_up_4/csv/Black_and_Decker_PBJ2000_FusionBlade_Blender_Jars/Elastic/hard/Black_and_Decker_PBJ2000_FusionBlade_Blender_Jars_Elastic_hard.csv,0,"End-effector start towards the object, to begin the task."
/home/mdxuser/Genesis/main/data/picked_up_4/csv/Black_and_Decker_PBJ2000_FusionBlade_Blender_Jars/Elastic/hard/Black_and_Decker_PBJ2000_FusionBlade_Blender_Jars_Elastic_hard.csv,270,"End-effector grasping the object, using strong force, causing hard-deformation, with increasing force."
/home/mdxuser/Genesis/main/data/picked_up_4/csv/Black_and_Decker_PBJ2000_FusionBlade_Blender_Jars/Elastic/hard/Black_and_Decker_PBJ2000_FusionBlade_Blender_Jars_Elastic_hard.csv,540,"End-effector continue grasping the object, using strong force, causing hard-deformation, with increasing force."
/home/mdxuser/Genesis/main/data/picked_up_4/csv/Black_and_Decker_PBJ2000_FusionBlade_Blender_Jars/Elastic/hard/Black_and_Decker_PBJ2000_FusionBlade_Blender_Jars_Elastic_hard.csv,810,"End-effector lifting the object, using strong force, causing hard-deformation, with increasing force."
/home/mdxuser/Genesis/main/data/picked_up_4/csv/Black_and_Decker_PBJ2000_FusionBlade_Blender_Jars/Elastic/hard/Black_and_Decker_PBJ2000_FusionBlade_Blender_Jars_Elastic_hard.csv,1080,"End-effector rotating the object, by an angle of 45.0 degrees, using strong force, causing hard-deformation, with constant force."
/home/mdxuser/Genesis/main/data/picked_up_4/csv/Black_and_Decker_PBJ2000_FusionBlade_Blender_Jars/Elastic/hard/Black_and_Decker_PBJ2000_FusionBlade_Blender_Jars_Elastic_hard.csv,1350,The object has been dropped.
/home/mdxuser/Genesis/main/data/picked_up_4/csv/Black_and_Decker_PBJ2000_FusionBlade_Blender_Jars/Elastic/hard/Black_and_Decker_PBJ2000_FusionBlade_Blender_Jars_Elastic_hard.csv,1620,The object has been dropped.
/home/mdxuser/Genesis/main/data/picked_up_4/csv/Black_and_Decker_PBJ2000_FusionBlade_Blender_Jars/Elastic/hard/Black_and_Decker_PBJ2000_FusionBlade_Blender_Jars_Elastic_hard.csv,1890,The object has been dropped.
/home/mdxuser/Genesis/main/data/picked_up_4/csv/Black_and_Decker_PBJ2000_FusionBlade_Blender_Jars/Elastic/hard/Black_and_Decker_PBJ2000_FusionBlade_Blender_Jars_Elastic_hard.csv,2160,The object has been dropped.
/home/mdxuser/Genesis/main/data/picked_up_4/csv/Black_and_Decker_PBJ2000_FusionBlade_Blender_Jars/Elastic/hard/Black_and_Decker_PBJ2000_FusionBlade_Blender_Jars_Elastic_hard.csv,2430,The object has been dropped.
/home/mdxuser/Genesis/main/data/picked_up_4/csv/Black_and_Decker_PBJ2000_FusionBlade_Blender_Jars/Elastic/hard/Black_and_Decker_PBJ2000_FusionBlade_Blender_Jars_Elastic_hard.csv,2700,The object has been dropped.
/home/mdxuser/Genesis/main/data/picked_up_4/csv/Pokémon_Omega_Ruby_Alpha_Sapphire_Dual_Pack_Nintendo_3DS/Elastic/medium/Pokémon_Omega_Ruby_Alpha_Sapphire_Dual_Pack_Nintendo_3DS_Elastic_medium.csv,0,"End-effector start towards the object, to begin the task."
/home/mdxuser/Genesis/main/data/picked_up_4/csv/Pokémon_Omega_Ruby_Alpha_Sapphire_Dual_Pack_Nintendo_3DS/Elastic/medium/Pokémon_Omega_Ruby_Alpha_Sapphire_Dual_Pack_Nintendo_3DS_Elastic_medium.csv,270,"End-effector grasping the object, using moderate force, causing medium-deformation, with increasing force."
/home/mdxuser/Genesis/main/data/picked_up_4/csv/Pokémon_Omega_Ruby_Alpha_Sapphire_Dual_Pack_Nintendo_3DS/Elastic/medium/Pokémon_Omega_Ruby_Alpha_Sapphire_Dual_Pack_Nintendo_3DS_Elastic_medium.csv,540,"End-effector continue grasping the object, using moderate force, causing medium-deformation, with increasing force."
/home/mdxuser/Genesis/main/data/picked_up_4/csv/Pokémon_Omega_Ruby_Alpha_Sapphire_Dual_Pack_Nintendo_3DS/Elastic/medium/Pokémon_Omega_Ruby_Alpha_Sapphire_Dual_Pack_Nintendo_3DS_Elastic_medium.csv,810,"End-effector lifting the object, using moderate force, causing medium-deformation, with increasing force."
/home/mdxuser/Genesis/main/data/picked_up_4/csv/Pokémon_Omega_Ruby_Alpha_Sapphire_Dual_Pack_Nintendo_3DS/Elastic/medium/Pokémon_Omega_Ruby_Alpha_Sapphire_Dual_Pack_Nintendo_3DS_Elastic_medium.csv,1080,"End-effector rotating the object, by an angle of 45.0 degrees, using moderate force, causing medium-deformation, with constant force."
/home/mdxuser/Genesis/main/data/picked_up_4/csv/Pokémon_Omega_Ruby_Alpha_Sapphire_Dual_Pack_Nintendo_3DS/Elastic/medium/Pokémon_Omega_Ruby_Alpha_Sapphire_Dual_Pack_Nintendo_3DS_Elastic_medium.csv,1350,"End-effector holding position of the object, maintaining a stable hold, using moderate force, causing medium-deformation."
/home/mdxuser/Genesis/main/data/picked_up_4/csv/Pokémon_Omega_Ruby_Alpha_Sapphire_Dual_Pack_Nintendo_3DS/Elastic/medium/Pokémon_Omega_Ruby_Alpha_Sapphire_Dual_Pack_Nintendo_3DS_Elastic_medium.csv,1620,"End-effector continue holding position of the object, maintaining a stable hold, using moderate force, causing medium-deformation."
/home/mdxuser/Genesis/main/data/picked_up_4/csv/Pokémon_Omega_Ruby_Alpha_Sapphire_Dual_Pack_Nintendo_3DS/Elastic/medium/Pokémon_Omega_Ruby_Alpha_Sapphire_Dual_Pack_Nintendo_3DS_Elastic_medium.csv,1890,"End-effector rotating the object, by an angle of 30.0 degrees, using moderate force, causing medium-deformation, with constant force."
/home/mdxuser/Genesis/main/data/picked_up_4/csv/Pokémon_Omega_Ruby_Alpha_Sapphire_Dual_Pack_Nintendo_3DS/Elastic/medium/Pokémon_Omega_Ruby_Alpha_Sapphire_Dual_Pack_Nintendo_3DS_Elastic_medium.csv,2160,"End-effector continue rotating the object, by an angle of 30.0 degrees, using moderate force, causing medium-deformation, with constant force."
/home/mdxuser/Genesis/main/data/picked_up_4/csv/Pokémon_Omega_Ruby_Alpha_Sapphire_Dual_Pack_Nintendo_3DS/Elastic/medium/Pokémon_Omega_Ruby_Alpha_Sapphire_Dual_Pack_Nintendo_3DS_Elastic_medium.csv,2430,"End-effector holding position of the object, maintaining a stable hold, using moderate force, causing medium-deformation."
/home/mdxuser/Genesis/main/data/picked_up_4/csv/Pokémon_Omega_Ruby_Alpha_Sapphire_Dual_Pack_Nintendo_3DS/Elastic/medium/Pokémon_Omega_Ruby_Alpha_Sapphire_Dual_Pack_Nintendo_3DS_Elastic_medium.csv,2700,The object has been dropped.
/home/mdxuser/Genesis/main/data/picked_up_4/csv/Dog/Elastic/hard/Dog_Elastic_hard.csv,0,"End-effector start towards the object, to begin the task."
/home/mdxuser/Genesis/main/data/picked_up_4/csv/Dog/Elastic/hard/Dog_Elastic_hard.csv,270,"End-effector grasping the object, using strong force, causing hard-deformation, with increasing force."
/home/mdxuser/Genesis/main/data/picked_up_4/csv/Dog/Elastic/hard/Dog_Elastic_hard.csv,540,"End-effector continue grasping the object, using strong force, causing hard-deformation, with increasing force."
/home/mdxuser/Genesis/main/data/picked_up_4/csv/Dog/Elastic/hard/Dog_Elastic_hard.csv,810,"End-effector lifting the object, using strong force, causing hard-deformation, with increasing force."
/home/mdxuser/Genesis/main/data/picked_up_4/csv/Dog/Elastic/hard/Dog_Elastic_hard.csv,1080,"End-effector rotating the object, by an angle of 30.0 degrees, using strong force, causing hard-deformation, with constant force."
/home/mdxuser/Genesis/main/data/picked_up_4/csv/Dog/Elastic/hard/Dog_Elastic_hard.csv,1350,"End-effector continue rotating the object, by an angle of 30.0 degrees, using strong force, causing hard-deformation, with constant force."
/home/mdxuser/Genesis/main/data/picked_up_4/csv/Dog/Elastic/hard/Dog_Elastic_hard.csv,1620,"End-effector holding position of the object, maintaining a stable hold, using strong force, causing hard-deformation."
/home/mdxuser/Genesis/main/data/picked_up_4/csv/Dog/Elastic/hard/Dog_Elastic_hard.csv,1890,"End-effector rotating the object, by an angle of 45.0 degrees, using strong force, causing hard-deformation, with constant force."
/home/mdxuser/Genesis/main/data/picked_up_4/csv/Dog/Elastic/hard/Dog_Elastic_hard.csv,2160,"End-effector holding position of the object, maintaining a stable hold, using strong force, causing hard-deformation."
/home/mdxuser/Genesis/main/data/picked_up_4/csv/Dog/Elastic/hard/Dog_Elastic_hard.csv,2430,"End-effector continue holding position of the object, maintaining a stable hold, using strong force, causing hard-deformation."
/home/mdxuser/Genesis/main/data/picked_up_4/csv/Dog/Elastic/hard/Dog_Elastic_hard.csv,2700,"End-effector stopping the object, using zero-force, causing undeformed shape."
/home/mdxuser/Genesis/main/data/picked_up_4/csv/Melissa_Doug_Pound_and_Roll/Elastic/soft/Melissa_Doug_Pound_and_Roll_Elastic_soft.csv,0,"End-effector start towards the object, to begin the task."
/home/mdxuser/Genesis/main/data/picked_up_4/csv/Melissa_Doug_Pound_and_Roll/Elastic/soft/Melissa_Doug_Pound_and_Roll_Elastic_soft.csv,270,"End-effector grasping the object, using gentle force, causing soft-deformation, with increasing force."
/home/mdxuser/Genesis/main/data/picked_up_4/csv/Melissa_Doug_Pound_and_Roll/Elastic/soft/Melissa_Doug_Pound_and_Roll_Elastic_soft.csv,540,"End-effector continue grasping the object, using gentle force, causing soft-deformation, with increasing force."
/home/mdxuser/Genesis/main/data/picked_up_4/csv/Melissa_Doug_Pound_and_Roll/Elastic/soft/Melissa_Doug_Pound_and_Roll_Elastic_soft.csv,810,"End-effector lifting the object, using gentle force, causing soft-deformation, with increasing force."
/home/mdxuser/Genesis/main/data/picked_up_4/csv/Melissa_Doug_Pound_and_Roll/Elastic/soft/Melissa_Doug_Pound_and_Roll_Elastic_soft.csv,1080,"End-effector rotating the object, by an angle of 30.0 degrees, using gentle force, causing soft-deformation, with constant force."
/home/mdxuser/Genesis/main/data/picked_up_4/csv/Melissa_Doug_Pound_and_Roll/Elastic/soft/Melissa_Doug_Pound_and_Roll_Elastic_soft.csv,1350,"End-effector continue rotating the object, by an angle of 30.0 degrees, using gentle force, causing soft-deformation, with constant force."
/home/mdxuser/Genesis/main/data/picked_up_4/csv/Melissa_Doug_Pound_and_Roll/Elastic/soft/Melissa_Doug_Pound_and_Roll_Elastic_soft.csv,1620,"End-effector holding position of the object, maintaining a stable hold, using gentle force, causing soft-deformation."
/home/mdxuser/Genesis/main/data/picked_up_4/csv/Melissa_Doug_Pound_and_Roll/Elastic/soft/Melissa_Doug_Pound_and_Roll_Elastic_soft.csv,1890,"End-effector rotating the object, by an angle of 30.0 degrees, using gentle force, causing soft-deformation, with constant force."
/home/mdxuser/Genesis/main/data/picked_up_4/csv/Melissa_Doug_Pound_and_Roll/Elastic/soft/Melissa_Doug_Pound_and_Roll_Elastic_soft.csv,2160,"End-effector continue rotating the object, by an angle of 30.0 degrees, using gentle force, causing soft-deformation, with constant force."
/home/mdxuser/Genesis/main/data/picked_up_4/csv/Melissa_Doug_Pound_and_Roll/Elastic/soft/Melissa_Doug_Pound_and_Roll_Elastic_soft.csv,2430,The object has been dropped.
/home/mdxuser/Genesis/main/data/picked_up_4/csv/Melissa_Doug_Pound_and_Roll/Elastic/soft/Melissa_Doug_Pound_and_Roll_Elastic_soft.csv,2700,The object has been dropped.
/home/mdxuser/Genesis/main/data/picked_up_4/csv/CoQ10_wSSVoxVppVD/Elastic/hard/CoQ10_wSSVoxVppVD_Elastic_hard.csv,0,"End-effector start towards the object, to begin the task."
/home/mdxuser/Genesis/main/data/picked_up_4/csv/CoQ10_wSSVoxVppVD/Elastic/hard/CoQ10_wSSVoxVppVD_Elastic_hard.csv,270,"End-effector grasping the object, using strong force, causing hard-deformation, with increasing force."
/home/mdxuser/Genesis/main/data/picked_up_4/csv/CoQ10_wSSVoxVppVD/Elastic/hard/CoQ10_wSSVoxVppVD_Elastic_hard.csv,540,"End-effector continue grasping the object, using strong force, causing hard-deformation, with increasing force."
/home/mdxuser/Genesis/main/data/picked_up_4/csv/CoQ10_wSSVoxVppVD/Elastic/hard/CoQ10_wSSVoxVppVD_Elastic_hard.csv,810,"End-effector lifting the object, using strong force, causing hard-deformation, with increasing force."
/home/mdxuser/Genesis/main/data/picked_up_4/csv/CoQ10_wSSVoxVppVD/Elastic/hard/CoQ10_wSSVoxVppVD_Elastic_hard.csv,1080,"End-effector rotating the object, by an angle of 45.0 degrees, using strong force, causing hard-deformation, with constant force."
/home/mdxuser/Genesis/main/data/picked_up_4/csv/CoQ10_wSSVoxVppVD/Elastic/hard/CoQ10_wSSVoxVppVD_Elastic_hard.csv,1350,"End-effector holding position of the object, maintaining a stable hold, using strong force, causing hard-deformation."
/home/mdxuser/Genesis/main/data/picked_up_4/csv/CoQ10_wSSVoxVppVD/Elastic/hard/CoQ10_wSSVoxVppVD_Elastic_hard.csv,1620,"End-effector continue holding position of the object, maintaining a stable hold, using strong force, causing hard-deformation."
/home/mdxuser/Genesis/main/data/picked_up_4/csv/CoQ10_wSSVoxVppVD/Elastic/hard/CoQ10_wSSVoxVppVD_Elastic_hard.csv,1890,"End-effector rotating the object, by an angle of 30.0 degrees, using strong force, causing hard-deformation, with constant force."
/home/mdxuser/Genesis/main/data/picked_up_4/csv/CoQ10_wSSVoxVppVD/Elastic/hard/CoQ10_wSSVoxVppVD_Elastic_hard.csv,2160,"End-effector continue rotating the object, by an angle of 30.0 degrees, using strong force, causing hard-deformation, with constant force."
/home/mdxuser/Genesis/main/data/picked_up_4/csv/CoQ10_wSSVoxVppVD/Elastic/hard/CoQ10_wSSVoxVppVD_Elastic_hard.csv,2430,"End-effector holding position of the object, maintaining a stable hold, using strong force, causing hard-deformation."
/home/mdxuser/Genesis/main/data/picked_up_4/csv/CoQ10_wSSVoxVppVD/Elastic/hard/CoQ10_wSSVoxVppVD_Elastic_hard.csv,2700,"End-effector stopping the object, using zero-force, causing undeformed shape."
/home/mdxuser/Genesis/main/data/picked_up_4/csv/CREATIVE_BLOCKS_35_MM/Elastic/soft/CREATIVE_BLOCKS_35_MM_Elastic_soft.csv,0,"End-effector start towards the object, to begin the task."
/home/mdxuser/Genesis/main/data/picked_up_4/csv/CREATIVE_BLOCKS_35_MM/Elastic/soft/CREATIVE_BLOCKS_35_MM_Elastic_soft.csv,270,"End-effector grasping the object, using gentle force, causing soft-deformation, with increasing force."
/home/mdxuser/Genesis/main/data/picked_up_4/csv/CREATIVE_BLOCKS_35_MM/Elastic/soft/CREATIVE_BLOCKS_35_MM_Elastic_soft.csv,540,"End-effector continue grasping the object, using gentle force, causing soft-deformation, with increasing force."
/home/mdxuser/Genesis/main/data/picked_up_4/csv/CREATIVE_BLOCKS_35_MM/Elastic/soft/CREATIVE_BLOCKS_35_MM_Elastic_soft.csv,810,"End-effector lifting the object, using gentle force, causing soft-deformation, with increasing force."
/home/mdxuser/Genesis/main/data/picked_up_4/csv/CREATIVE_BLOCKS_35_MM/Elastic/soft/CREATIVE_BLOCKS_35_MM_Elastic_soft.csv,1080,"End-effector rotating the object, by an angle of 45.0 degrees, using gentle force, causing soft-deformation, with constant force."
/home/mdxuser/Genesis/main/data/picked_up_4/csv/CREATIVE_BLOCKS_35_MM/Elastic/soft/CREATIVE_BLOCKS_35_MM_Elastic_soft.csv,1350,The object has been dropped.
/home/mdxuser/Genesis/main/data/picked_up_4/csv/CREATIVE_BLOCKS_35_MM/Elastic/soft/CREATIVE_BLOCKS_35_MM_Elastic_soft.csv,1620,The object has been dropped.
/home/mdxuser/Genesis/main/data/picked_up_4/csv/CREATIVE_BLOCKS_35_MM/Elastic/soft/CREATIVE_BLOCKS_35_MM_Elastic_soft.csv,1890,The object has been dropped.
/home/mdxuser/Genesis/main/data/picked_up_4/csv/CREATIVE_BLOCKS_35_MM/Elastic/soft/CREATIVE_BLOCKS_35_MM_Elastic_soft.csv,2160,The object has been dropped.
/home/mdxuser/Genesis/main/data/picked_up_4/csv/CREATIVE_BLOCKS_35_MM/Elastic/soft/CREATIVE_BLOCKS_35_MM_Elastic_soft.csv,2430,The object has been dropped.
/home/mdxuser/Genesis/main/data/picked_up_4/csv/CREATIVE_BLOCKS_35_MM/Elastic/soft/CREATIVE_BLOCKS_35_MM_Elastic_soft.csv,2700,The object has been dropped.
/home/mdxuser/Genesis/main/data/picked_up_4/csv/COAST_GUARD_BOAT/Elastic/medium/COAST_GUARD_BOAT_Elastic_medium.csv,0,"End-effector start towards the object, to begin the task."
/home/mdxuser/Genesis/main/data/picked_up_4/csv/COAST_GUARD_BOAT/Elastic/medium/COAST_GUARD_BOAT_Elastic_medium.csv,270,"End-effector grasping the object, using moderate force, causing medium-deformation, with increasing force."
/home/mdxuser/Genesis/main/data/picked_up_4/csv/COAST_GUARD_BOAT/Elastic/medium/COAST_GUARD_BOAT_Elastic_medium.csv,540,"End-effector continue grasping the object, using moderate force, causing medium-deformation, with increasing force."
/home/mdxuser/Genesis/main/data/picked_up_4/csv/COAST_GUARD_BOAT/Elastic/medium/COAST_GUARD_BOAT_Elastic_medium.csv,810,"End-effector lifting the object, using moderate force, causing medium-deformation, with increasing force."
/home/mdxuser/Genesis/main/data/picked_up_4/csv/COAST_GUARD_BOAT/Elastic/medium/COAST_GUARD_BOAT_Elastic_medium.csv,1080,"End-effector rotating the object, by an angle of 45.0 degrees, using moderate force, causing medium-deformation, with constant force."
/home/mdxuser/Genesis/main/data/picked_up_4/csv/COAST_GUARD_BOAT/Elastic/medium/COAST_GUARD_BOAT_Elastic_medium.csv,1350,"End-effector continue rotating the object, by an angle of 45.0 degrees, using moderate force, causing medium-deformation, with constant force."
/home/mdxuser/Genesis/main/data/picked_up_4/csv/COAST_GUARD_BOAT/Elastic/medium/COAST_GUARD_BOAT_Elastic_medium.csv,1620,The object has been dropped.
/home/mdxuser/Genesis/main/data/picked_up_4/csv/COAST_GUARD_BOAT/Elastic/medium/COAST_GUARD_BOAT_Elastic_medium.csv,1890,The object has been dropped.
/home/mdxuser/Genesis/main/data/picked_up_4/csv/COAST_GUARD_BOAT/Elastic/medium/COAST_GUARD_BOAT_Elastic_medium.csv,2160,The object has been dropped.
/home/mdxuser/Genesis/main/data/picked_up_4/csv/COAST_GUARD_BOAT/Elastic/medium/COAST_GUARD_BOAT_Elastic_medium.csv,2430,The object has been dropped.
/home/mdxuser/Genesis/main/data/picked_up_4/csv/COAST_GUARD_BOAT/Elastic/medium/COAST_GUARD_BOAT_Elastic_medium.csv,2700,The object has been dropped.
/home/mdxuser/Genesis/main/data/picked_up_4/csv/ASICS_GELLinksmaster_WhiteSilverCarolina_Blue/Elastic/medium/ASICS_GELLinksmaster_WhiteSilverCarolina_Blue_Elastic_medium.csv,0,"End-effector start towards the object, to begin the task."
/home/mdxuser/Genesis/main/data/picked_up_4/csv/ASICS_GELLinksmaster_WhiteSilverCarolina_Blue/Elastic/medium/ASICS_GELLinksmaster_WhiteSilverCarolina_Blue_Elastic_medium.csv,270,"End-effector grasping the object, using moderate force, causing medium-deformation, with increasing force."
/home/mdxuser/Genesis/main/data/picked_up_4/csv/ASICS_GELLinksmaster_WhiteSilverCarolina_Blue/Elastic/medium/ASICS_GELLinksmaster_WhiteSilverCarolina_Blue_Elastic_medium.csv,540,"End-effector continue grasping the object, using moderate force, causing medium-deformation, with increasing force."
/home/mdxuser/Genesis/main/data/picked_up_4/csv/ASICS_GELLinksmaster_WhiteSilverCarolina_Blue/Elastic/medium/ASICS_GELLinksmaster_WhiteSilverCarolina_Blue_Elastic_medium.csv,810,"End-effector lifting the object, using moderate force, causing medium-deformation, with increasing force."
/home/mdxuser/Genesis/main/data/picked_up_4/csv/ASICS_GELLinksmaster_WhiteSilverCarolina_Blue/Elastic/medium/ASICS_GELLinksmaster_WhiteSilverCarolina_Blue_Elastic_medium.csv,1080,"End-effector rotating the object, by an angle of 45.0 degrees, using moderate force, causing medium-deformation, with constant force."
/home/mdxuser/Genesis/main/data/picked_up_4/csv/ASICS_GELLinksmaster_WhiteSilverCarolina_Blue/Elastic/medium/ASICS_GELLinksmaster_WhiteSilverCarolina_Blue_Elastic_medium.csv,1350,"End-effector continue rotating the object, by an angle of 45.0 degrees, using moderate force, causing medium-deformation, with constant force."
/home/mdxuser/Genesis/main/data/picked_up_4/csv/ASICS_GELLinksmaster_WhiteSilverCarolina_Blue/Elastic/medium/ASICS_GELLinksmaster_WhiteSilverCarolina_Blue_Elastic_medium.csv,1620,The object has been dropped.
/home/mdxuser/Genesis/main/data/picked_up_4/csv/ASICS_GELLinksmaster_WhiteSilverCarolina_Blue/Elastic/medium/ASICS_GELLinksmaster_WhiteSilverCarolina_Blue_Elastic_medium.csv,1890,The object has been dropped.
/home/mdxuser/Genesis/main/data/picked_up_4/csv/ASICS_GELLinksmaster_WhiteSilverCarolina_Blue/Elastic/medium/ASICS_GELLinksmaster_WhiteSilverCarolina_Blue_Elastic_medium.csv,2160,The object has been dropped.
/home/mdxuser/Genesis/main/data/picked_up_4/csv/ASICS_GELLinksmaster_WhiteSilverCarolina_Blue/Elastic/medium/ASICS_GELLinksmaster_WhiteSilverCarolina_Blue_Elastic_medium.csv,2430,The object has been dropped.
/home/mdxuser/Genesis/main/data/picked_up_4/csv/ASICS_GELLinksmaster_WhiteSilverCarolina_Blue/Elastic/medium/ASICS_GELLinksmaster_WhiteSilverCarolina_Blue_Elastic_medium.csv,2700,The object has been dropped.
/home/mdxuser/Genesis/main/data/picked_up_4/csv/Nickelodeon_Teenage_Mutant_Ninja_Turtles_Raphael/Elastic/soft/Nickelodeon_Teenage_Mutant_Ninja_Turtles_Raphael_Elastic_soft.csv,0,"End-effector start towards the object, to begin the task."
/home/mdxuser/Genesis/main/data/picked_up_4/csv/Nickelodeon_Teenage_Mutant_Ninja_Turtles_Raphael/Elastic/soft/Nickelodeon_Teenage_Mutant_Ninja_Turtles_Raphael_Elastic_soft.csv,270,"End-effector grasping the object, using gentle force, causing soft-deformation, with increasing force."
/home/mdxuser/Genesis/main/data/picked_up_4/csv/Nickelodeon_Teenage_Mutant_Ninja_Turtles_Raphael/Elastic/soft/Nickelodeon_Teenage_Mutant_Ninja_Turtles_Raphael_Elastic_soft.csv,540,"End-effector continue grasping the object, using gentle force, causing soft-deformation, with increasing force."
/home/mdxuser/Genesis/main/data/picked_up_4/csv/Nickelodeon_Teenage_Mutant_Ninja_Turtles_Raphael/Elastic/soft/Nickelodeon_Teenage_Mutant_Ninja_Turtles_Raphael_Elastic_soft.csv,810,"End-effector lifting the object, using gentle force, causing soft-deformation, with increasing force."
/home/mdxuser/Genesis/main/data/picked_up_4/csv/Nickelodeon_Teenage_Mutant_Ninja_Turtles_Raphael/Elastic/soft/Nickelodeon_Teenage_Mutant_Ninja_Turtles_Raphael_Elastic_soft.csv,1080,"End-effector rotating the object, by an angle of 45.0 degrees, using gentle force, causing soft-deformation, with constant force."
/home/mdxuser/Genesis/main/data/picked_up_4/csv/Nickelodeon_Teenage_Mutant_Ninja_Turtles_Raphael/Elastic/soft/Nickelodeon_Teenage_Mutant_Ninja_Turtles_Raphael_Elastic_soft.csv,1350,"End-effector holding position of the object, maintaining a stable hold, using gentle force, causing soft-deformation."
/home/mdxuser/Genesis/main/data/picked_up_4/csv/Nickelodeon_Teenage_Mutant_Ninja_Turtles_Raphael/Elastic/soft/Nickelodeon_Teenage_Mutant_Ninja_Turtles_Raphael_Elastic_soft.csv,1620,"End-effector continue holding position of the object, maintaining a stable hold, using gentle force, causing soft-deformation."
/home/mdxuser/Genesis/main/data/picked_up_4/csv/Nickelodeon_Teenage_Mutant_Ninja_Turtles_Raphael/Elastic/soft/Nickelodeon_Teenage_Mutant_Ninja_Turtles_Raphael_Elastic_soft.csv,1890,"End-effector rotating the object, by an angle of 45.0 degrees, using gentle force, causing soft-deformation, with constant force."
/home/mdxuser/Genesis/main/data/picked_up_4/csv/Nickelodeon_Teenage_Mutant_Ninja_Turtles_Raphael/Elastic/soft/Nickelodeon_Teenage_Mutant_Ninja_Turtles_Raphael_Elastic_soft.csv,2160,"End-effector continue rotating the object, by an angle of 45.0 degrees, using gentle force, causing soft-deformation, with constant force."
/home/mdxuser/Genesis/main/data/picked_up_4/csv/Nickelodeon_Teenage_Mutant_Ninja_Turtles_Raphael/Elastic/soft/Nickelodeon_Teenage_Mutant_Ninja_Turtles_Raphael_Elastic_soft.csv,2430,The object has been dropped.
/home/mdxuser/Genesis/main/data/picked_up_4/csv/Nickelodeon_Teenage_Mutant_Ninja_Turtles_Raphael/Elastic/soft/Nickelodeon_Teenage_Mutant_Ninja_Turtles_Raphael_Elastic_soft.csv,2700,The object has been dropped.
/home/mdxuser/Genesis/main/data/picked_up_4/csv/Office_Depot_Canon_CLI_8Y_Ink_Cartridge_Yellow_0623B002/Elastic/soft/Office_Depot_Canon_CLI_8Y_Ink_Cartridge_Yellow_0623B002_Elastic_soft.csv,0,"End-effector start towards the object, to begin the task."
/home/mdxuser/Genesis/main/data/picked_up_4/csv/Office_Depot_Canon_CLI_8Y_Ink_Cartridge_Yellow_0623B002/Elastic/soft/Office_Depot_Canon_CLI_8Y_Ink_Cartridge_Yellow_0623B002_Elastic_soft.csv,270,"End-effector grasping the object, using gentle force, causing soft-deformation, with increasing force."
/home/mdxuser/Genesis/main/data/picked_up_4/csv/Office_Depot_Canon_CLI_8Y_Ink_Cartridge_Yellow_0623B002/Elastic/soft/Office_Depot_Canon_CLI_8Y_Ink_Cartridge_Yellow_0623B002_Elastic_soft.csv,540,"End-effector continue grasping the object, using gentle force, causing soft-deformation, with increasing force."
/home/mdxuser/Genesis/main/data/picked_up_4/csv/Office_Depot_Canon_CLI_8Y_Ink_Cartridge_Yellow_0623B002/Elastic/soft/Office_Depot_Canon_CLI_8Y_Ink_Cartridge_Yellow_0623B002_Elastic_soft.csv,810,"End-effector lifting the object, using gentle force, causing soft-deformation, with increasing force."
/home/mdxuser/Genesis/main/data/picked_up_4/csv/Office_Depot_Canon_CLI_8Y_Ink_Cartridge_Yellow_0623B002/Elastic/soft/Office_Depot_Canon_CLI_8Y_Ink_Cartridge_Yellow_0623B002_Elastic_soft.csv,1080,"End-effector rotating the object, by an angle of 30.0 degrees, using gentle force, causing soft-deformation, with constant force."
/home/mdxuser/Genesis/main/data/picked_up_4/csv/Office_Depot_Canon_CLI_8Y_Ink_Cartridge_Yellow_0623B002/Elastic/soft/Office_Depot_Canon_CLI_8Y_Ink_Cartridge_Yellow_0623B002_Elastic_soft.csv,1350,"End-effector continue rotating the object, by an angle of 30.0 degrees, using gentle force, causing soft-deformation, with constant force."
/home/mdxuser/Genesis/main/data/picked_up_4/csv/Office_Depot_Canon_CLI_8Y_Ink_Cartridge_Yellow_0623B002/Elastic/soft/Office_Depot_Canon_CLI_8Y_Ink_Cartridge_Yellow_0623B002_Elastic_soft.csv,1620,"End-effector holding position of the object, maintaining a stable hold, using gentle force, causing soft-deformation."
/home/mdxuser/Genesis/main/data/picked_up_4/csv/Office_Depot_Canon_CLI_8Y_Ink_Cartridge_Yellow_0623B002/Elastic/soft/Office_Depot_Canon_CLI_8Y_Ink_Cartridge_Yellow_0623B002_Elastic_soft.csv,1890,"End-effector rotating the object, by an angle of 45.0 degrees, using gentle force, causing soft-deformation, with constant force."
/home/mdxuser/Genesis/main/data/picked_up_4/csv/Office_Depot_Canon_CLI_8Y_Ink_Cartridge_Yellow_0623B002/Elastic/soft/Office_Depot_Canon_CLI_8Y_Ink_Cartridge_Yellow_0623B002_Elastic_soft.csv,2160,"End-effector continue rotating the object, by an angle of 45.0 degrees, using gentle force, causing soft-deformation, with constant force."
/home/mdxuser/Genesis/main/data/picked_up_4/csv/Office_Depot_Canon_CLI_8Y_Ink_Cartridge_Yellow_0623B002/Elastic/soft/Office_Depot_Canon_CLI_8Y_Ink_Cartridge_Yellow_0623B002_Elastic_soft.csv,2430,"End-effector holding position of the object, maintaining a stable hold, using gentle force, causing soft-deformation."
/home/mdxuser/Genesis/main/data/picked_up_4/csv/Office_Depot_Canon_CLI_8Y_Ink_Cartridge_Yellow_0623B002/Elastic/soft/Office_Depot_Canon_CLI_8Y_Ink_Cartridge_Yellow_0623B002_Elastic_soft.csv,2700,The object has been dropped.
/home/mdxuser/Genesis/main/data/picked_up_4/csv/Big_Dot_Pink_Pencil_Case/Elastic/soft/Big_Dot_Pink_Pencil_Case_Elastic_soft.csv,0,"End-effector start towards the object, to begin the task."
/home/mdxuser/Genesis/main/data/picked_up_4/csv/Big_Dot_Pink_Pencil_Case/Elastic/soft/Big_Dot_Pink_Pencil_Case_Elastic_soft.csv,270,"End-effector grasping the object, using gentle force, causing soft-deformation, with increasing force."
/home/mdxuser/Genesis/main/data/picked_up_4/csv/Big_Dot_Pink_Pencil_Case/Elastic/soft/Big_Dot_Pink_Pencil_Case_Elastic_soft.csv,540,"End-effector continue grasping the object, using gentle force, causing soft-deformation, with increasing force."
/home/mdxuser/Genesis/main/data/picked_up_4/csv/Big_Dot_Pink_Pencil_Case/Elastic/soft/Big_Dot_Pink_Pencil_Case_Elastic_soft.csv,810,"End-effector lifting the object, using gentle force, causing soft-deformation, with increasing force."
/home/mdxuser/Genesis/main/data/picked_up_4/csv/Big_Dot_Pink_Pencil_Case/Elastic/soft/Big_Dot_Pink_Pencil_Case_Elastic_soft.csv,1080,"End-effector rotating the object, by an angle of 45.0 degrees, using gentle force, causing soft-deformation, with constant force."
/home/mdxuser/Genesis/main/data/picked_up_4/csv/Big_Dot_Pink_Pencil_Case/Elastic/soft/Big_Dot_Pink_Pencil_Case_Elastic_soft.csv,1350,"End-effector holding position of the object, maintaining a stable hold, using gentle force, causing soft-deformation."
/home/mdxuser/Genesis/main/data/picked_up_4/csv/Big_Dot_Pink_Pencil_Case/Elastic/soft/Big_Dot_Pink_Pencil_Case_Elastic_soft.csv,1620,"End-effector continue holding position of the object, maintaining a stable hold, using gentle force, causing soft-deformation."
/home/mdxuser/Genesis/main/data/picked_up_4/csv/Big_Dot_Pink_Pencil_Case/Elastic/soft/Big_Dot_Pink_Pencil_Case_Elastic_soft.csv,1890,"End-effector rotating the object, by an angle of 45.0 degrees, using gentle force, causing soft-deformation, with constant force."
/home/mdxuser/Genesis/main/data/picked_up_4/csv/Big_Dot_Pink_Pencil_Case/Elastic/soft/Big_Dot_Pink_Pencil_Case_Elastic_soft.csv,2160,"End-effector continue rotating the object, by an angle of 45.0 degrees, using gentle force, causing soft-deformation, with constant force."
/home/mdxuser/Genesis/main/data/picked_up_4/csv/Big_Dot_Pink_Pencil_Case/Elastic/soft/Big_Dot_Pink_Pencil_Case_Elastic_soft.csv,2430,"End-effector holding position of the object, maintaining a stable hold, using gentle force, causing soft-deformation."
/home/mdxuser/Genesis/main/data/picked_up_4/csv/Big_Dot_Pink_Pencil_Case/Elastic/soft/Big_Dot_Pink_Pencil_Case_Elastic_soft.csv,2700,"End-effector stopping the object, using zero-force, causing undeformed shape."
/home/mdxuser/Genesis/main/data/picked_up_4/csv/ASICS_GELChallenger_9_Royal_BlueWhiteBlack/Elastic/soft/ASICS_GELChallenger_9_Royal_BlueWhiteBlack_Elastic_soft.csv,0,"End-effector start towards the object, to begin the task."
/home/mdxuser/Genesis/main/data/picked_up_4/csv/ASICS_GELChallenger_9_Royal_BlueWhiteBlack/Elastic/soft/ASICS_GELChallenger_9_Royal_BlueWhiteBlack_Elastic_soft.csv,270,"End-effector grasping the object, using gentle force, causing soft-deformation, with increasing force."
/home/mdxuser/Genesis/main/data/picked_up_4/csv/ASICS_GELChallenger_9_Royal_BlueWhiteBlack/Elastic/soft/ASICS_GELChallenger_9_Royal_BlueWhiteBlack_Elastic_soft.csv,540,"End-effector continue grasping the object, using gentle force, causing soft-deformation, with increasing force."
/home/mdxuser/Genesis/main/data/picked_up_4/csv/ASICS_GELChallenger_9_Royal_BlueWhiteBlack/Elastic/soft/ASICS_GELChallenger_9_Royal_BlueWhiteBlack_Elastic_soft.csv,810,"End-effector lifting the object, using gentle force, causing soft-deformation, with increasing force."
/home/mdxuser/Genesis/main/data/picked_up_4/csv/ASICS_GELChallenger_9_Royal_BlueWhiteBlack/Elastic/soft/ASICS_GELChallenger_9_Royal_BlueWhiteBlack_Elastic_soft.csv,1080,"End-effector rotating the object, by an angle of 45.0 degrees, using gentle force, causing soft-deformation, with constant force."
/home/mdxuser/Genesis/main/data/picked_up_4/csv/ASICS_GELChallenger_9_Royal_BlueWhiteBlack/Elastic/soft/ASICS_GELChallenger_9_Royal_BlueWhiteBlack_Elastic_soft.csv,1350,"End-effector holding position of the object, maintaining a stable hold, using gentle force, causing soft-deformation."
/home/mdxuser/Genesis/main/data/picked_up_4/csv/ASICS_GELChallenger_9_Royal_BlueWhiteBlack/Elastic/soft/ASICS_GELChallenger_9_Royal_BlueWhiteBlack_Elastic_soft.csv,1620,"End-effector continue holding position of the object, maintaining a stable hold, using gentle force, causing soft-deformation."
/home/mdxuser/Genesis/main/data/picked_up_4/csv/ASICS_GELChallenger_9_Royal_BlueWhiteBlack/Elastic/soft/ASICS_GELChallenger_9_Royal_BlueWhiteBlack_Elastic_soft.csv,1890,The object has been dropped.
/home/mdxuser/Genesis/main/data/picked_up_4/csv/ASICS_GELChallenger_9_Royal_BlueWhiteBlack/Elastic/soft/ASICS_GELChallenger_9_Royal_BlueWhiteBlack_Elastic_soft.csv,2160,The object has been dropped.
/home/mdxuser/Genesis/main/data/picked_up_4/csv/ASICS_GELChallenger_9_Royal_BlueWhiteBlack/Elastic/soft/ASICS_GELChallenger_9_Royal_BlueWhiteBlack_Elastic_soft.csv,2430,The object has been dropped.
/home/mdxuser/Genesis/main/data/picked_up_4/csv/ASICS_GELChallenger_9_Royal_BlueWhiteBlack/Elastic/soft/ASICS_GELChallenger_9_Royal_BlueWhiteBlack_Elastic_soft.csv,2700,The object has been dropped.
/home/mdxuser/Genesis/main/data/picked_up_4/csv/Little_Debbie_Donut_Sticks_6_cake_donuts_10_oz_total/Elastic/hard/Little_Debbie_Donut_Sticks_6_cake_donuts_10_oz_total_Elastic_hard.csv,0,"End-effector start towards the object, to begin the task."
/home/mdxuser/Genesis/main/data/picked_up_4/csv/Little_Debbie_Donut_Sticks_6_cake_donuts_10_oz_total/Elastic/hard/Little_Debbie_Donut_Sticks_6_cake_donuts_10_oz_total_Elastic_hard.csv,270,"End-effector grasping the object, using strong force, causing hard-deformation, with increasing force."
/home/mdxuser/Genesis/main/data/picked_up_4/csv/Little_Debbie_Donut_Sticks_6_cake_donuts_10_oz_total/Elastic/hard/Little_Debbie_Donut_Sticks_6_cake_donuts_10_oz_total_Elastic_hard.csv,540,"End-effector continue grasping the object, using strong force, causing hard-deformation, with increasing force."
/home/mdxuser/Genesis/main/data/picked_up_4/csv/Little_Debbie_Donut_Sticks_6_cake_donuts_10_oz_total/Elastic/hard/Little_Debbie_Donut_Sticks_6_cake_donuts_10_oz_total_Elastic_hard.csv,810,"End-effector lifting the object, using strong force, causing hard-deformation, with increasing force."
/home/mdxuser/Genesis/main/data/picked_up_4/csv/Little_Debbie_Donut_Sticks_6_cake_donuts_10_oz_total/Elastic/hard/Little_Debbie_Donut_Sticks_6_cake_donuts_10_oz_total_Elastic_hard.csv,1080,"End-effector rotating the object, by an angle of 45.0 degrees, using strong force, causing hard-deformation, with constant force."
/home/mdxuser/Genesis/main/data/picked_up_4/csv/Little_Debbie_Donut_Sticks_6_cake_donuts_10_oz_total/Elastic/hard/Little_Debbie_Donut_Sticks_6_cake_donuts_10_oz_total_Elastic_hard.csv,1350,"End-effector continue rotating the object, by an angle of 45.0 degrees, using strong force, causing hard-deformation, with constant force."
/home/mdxuser/Genesis/main/data/picked_up_4/csv/Little_Debbie_Donut_Sticks_6_cake_donuts_10_oz_total/Elastic/hard/Little_Debbie_Donut_Sticks_6_cake_donuts_10_oz_total_Elastic_hard.csv,1620,The object has been dropped.
/home/mdxuser/Genesis/main/data/picked_up_4/csv/Little_Debbie_Donut_Sticks_6_cake_donuts_10_oz_total/Elastic/hard/Little_Debbie_Donut_Sticks_6_cake_donuts_10_oz_total_Elastic_hard.csv,1890,The object has been dropped.
/home/mdxuser/Genesis/main/data/picked_up_4/csv/Little_Debbie_Donut_Sticks_6_cake_donuts_10_oz_total/Elastic/hard/Little_Debbie_Donut_Sticks_6_cake_donuts_10_oz_total_Elastic_hard.csv,2160,The object has been dropped.
/home/mdxuser/Genesis/main/data/picked_up_4/csv/Little_Debbie_Donut_Sticks_6_cake_donuts_10_oz_total/Elastic/hard/Little_Debbie_Donut_Sticks_6_cake_donuts_10_oz_total_Elastic_hard.csv,2430,The object has been dropped.
/home/mdxuser/Genesis/main/data/picked_up_4/csv/Little_Debbie_Donut_Sticks_6_cake_donuts_10_oz_total/Elastic/hard/Little_Debbie_Donut_Sticks_6_cake_donuts_10_oz_total_Elastic_hard.csv,2700,The object has been dropped.
/home/mdxuser/Genesis/main/data/picked_up_4/csv/ASICS_GELBlur33_20_GS_Flash_YellowHot_PunchSilver/Elastic/hard/ASICS_GELBlur33_20_GS_Flash_YellowHot_PunchSilver_Elastic_hard.csv,0,"End-effector start towards the object, to begin the task."
/home/mdxuser/Genesis/main/data/picked_up_4/csv/ASICS_GELBlur33_20_GS_Flash_YellowHot_PunchSilver/Elastic/hard/ASICS_GELBlur33_20_GS_Flash_YellowHot_PunchSilver_Elastic_hard.csv,270,"End-effector grasping the object, using strong force, causing hard-deformation, with increasing force."
/home/mdxuser/Genesis/main/data/picked_up_4/csv/ASICS_GELBlur33_20_GS_Flash_YellowHot_PunchSilver/Elastic/hard/ASICS_GELBlur33_20_GS_Flash_YellowHot_PunchSilver_Elastic_hard.csv,540,"End-effector continue grasping the object, using strong force, causing hard-deformation, with increasing force."
/home/mdxuser/Genesis/main/data/picked_up_4/csv/ASICS_GELBlur33_20_GS_Flash_YellowHot_PunchSilver/Elastic/hard/ASICS_GELBlur33_20_GS_Flash_YellowHot_PunchSilver_Elastic_hard.csv,810,"End-effector lifting the object, using strong force, causing hard-deformation, with increasing force."
/home/mdxuser/Genesis/main/data/picked_up_4/csv/ASICS_GELBlur33_20_GS_Flash_YellowHot_PunchSilver/Elastic/hard/ASICS_GELBlur33_20_GS_Flash_YellowHot_PunchSilver_Elastic_hard.csv,1080,"End-effector rotating the object, by an angle of 45.0 degrees, using strong force, causing hard-deformation, with constant force."
/home/mdxuser/Genesis/main/data/picked_up_4/csv/ASICS_GELBlur33_20_GS_Flash_YellowHot_PunchSilver/Elastic/hard/ASICS_GELBlur33_20_GS_Flash_YellowHot_PunchSilver_Elastic_hard.csv,1350,"End-effector continue rotating the object, by an angle of 45.0 degrees, using strong force, causing hard-deformation, with constant force."
/home/mdxuser/Genesis/main/data/picked_up_4/csv/ASICS_GELBlur33_20_GS_Flash_YellowHot_PunchSilver/Elastic/hard/ASICS_GELBlur33_20_GS_Flash_YellowHot_PunchSilver_Elastic_hard.csv,1620,"End-effector holding position of the object, maintaining a stable hold, using strong force, causing hard-deformation."
/home/mdxuser/Genesis/main/data/picked_up_4/csv/ASICS_GELBlur33_20_GS_Flash_YellowHot_PunchSilver/Elastic/hard/ASICS_GELBlur33_20_GS_Flash_YellowHot_PunchSilver_Elastic_hard.csv,1890,The object has been dropped.
/home/mdxuser/Genesis/main/data/picked_up_4/csv/ASICS_GELBlur33_20_GS_Flash_YellowHot_PunchSilver/Elastic/hard/ASICS_GELBlur33_20_GS_Flash_YellowHot_PunchSilver_Elastic_hard.csv,2160,The object has been dropped.
/home/mdxuser/Genesis/main/data/picked_up_4/csv/ASICS_GELBlur33_20_GS_Flash_YellowHot_PunchSilver/Elastic/hard/ASICS_GELBlur33_20_GS_Flash_YellowHot_PunchSilver_Elastic_hard.csv,2430,The object has been dropped.
/home/mdxuser/Genesis/main/data/picked_up_4/csv/ASICS_GELBlur33_20_GS_Flash_YellowHot_PunchSilver/Elastic/hard/ASICS_GELBlur33_20_GS_Flash_YellowHot_PunchSilver_Elastic_hard.csv,2700,The object has been dropped.
/home/mdxuser/Genesis/main/data/picked_up_4/csv/Crayola_Model_Magic_Modeling_Material_White_3_oz/Elastic/hard/Crayola_Model_Magic_Modeling_Material_White_3_oz_Elastic_hard.csv,0,"End-effector start towards the object, to begin the task."
/home/mdxuser/Genesis/main/data/picked_up_4/csv/Crayola_Model_Magic_Modeling_Material_White_3_oz/Elastic/hard/Crayola_Model_Magic_Modeling_Material_White_3_oz_Elastic_hard.csv,270,"End-effector grasping the object, using strong force, causing hard-deformation, with increasing force."
/home/mdxuser/Genesis/main/data/picked_up_4/csv/Crayola_Model_Magic_Modeling_Material_White_3_oz/Elastic/hard/Crayola_Model_Magic_Modeling_Material_White_3_oz_Elastic_hard.csv,540,"End-effector continue grasping the object, using strong force, causing hard-deformation, with increasing force."
/home/mdxuser/Genesis/main/data/picked_up_4/csv/Crayola_Model_Magic_Modeling_Material_White_3_oz/Elastic/hard/Crayola_Model_Magic_Modeling_Material_White_3_oz_Elastic_hard.csv,810,"End-effector lifting the object, using strong force, causing hard-deformation, with increasing force."
/home/mdxuser/Genesis/main/data/picked_up_4/csv/Crayola_Model_Magic_Modeling_Material_White_3_oz/Elastic/hard/Crayola_Model_Magic_Modeling_Material_White_3_oz_Elastic_hard.csv,1080,"End-effector rotating the object, by an angle of 45.0 degrees, using strong force, causing hard-deformation, with constant force."
/home/mdxuser/Genesis/main/data/picked_up_4/csv/Crayola_Model_Magic_Modeling_Material_White_3_oz/Elastic/hard/Crayola_Model_Magic_Modeling_Material_White_3_oz_Elastic_hard.csv,1350,"End-effector continue rotating the object, by an angle of 45.0 degrees, using strong force, causing hard-deformation, with constant force."
/home/mdxuser/Genesis/main/data/picked_up_4/csv/Crayola_Model_Magic_Modeling_Material_White_3_oz/Elastic/hard/Crayola_Model_Magic_Modeling_Material_White_3_oz_Elastic_hard.csv,1620,The object has been dropped.
/home/mdxuser/Genesis/main/data/picked_up_4/csv/Crayola_Model_Magic_Modeling_Material_White_3_oz/Elastic/hard/Crayola_Model_Magic_Modeling_Material_White_3_oz_Elastic_hard.csv,1890,The object has been dropped.
/home/mdxuser/Genesis/main/data/picked_up_4/csv/Crayola_Model_Magic_Modeling_Material_White_3_oz/Elastic/hard/Crayola_Model_Magic_Modeling_Material_White_3_oz_Elastic_hard.csv,2160,The object has been dropped.
/home/mdxuser/Genesis/main/data/picked_up_4/csv/Crayola_Model_Magic_Modeling_Material_White_3_oz/Elastic/hard/Crayola_Model_Magic_Modeling_Material_White_3_oz_Elastic_hard.csv,2430,The object has been dropped.
/home/mdxuser/Genesis/main/data/picked_up_4/csv/Crayola_Model_Magic_Modeling_Material_White_3_oz/Elastic/hard/Crayola_Model_Magic_Modeling_Material_White_3_oz_Elastic_hard.csv,2700,The object has been dropped.
/home/mdxuser/Genesis/main/data/picked_up_4/csv/JarroDophilusFOS_Value_Size/Elastic/medium/JarroDophilusFOS_Value_Size_Elastic_medium.csv,0,"End-effector start towards the object, to begin the task."
/home/mdxuser/Genesis/main/data/picked_up_4/csv/JarroDophilusFOS_Value_Size/Elastic/medium/JarroDophilusFOS_Value_Size_Elastic_medium.csv,270,"End-effector grasping the object, using moderate force, causing medium-deformation, with increasing force."
/home/mdxuser/Genesis/main/data/picked_up_4/csv/JarroDophilusFOS_Value_Size/Elastic/medium/JarroDophilusFOS_Value_Size_Elastic_medium.csv,540,"End-effector continue grasping the object, using moderate force, causing medium-deformation, with increasing force."
/home/mdxuser/Genesis/main/data/picked_up_4/csv/JarroDophilusFOS_Value_Size/Elastic/medium/JarroDophilusFOS_Value_Size_Elastic_medium.csv,810,"End-effector lifting the object, using moderate force, causing medium-deformation, with increasing force."
/home/mdxuser/Genesis/main/data/picked_up_4/csv/JarroDophilusFOS_Value_Size/Elastic/medium/JarroDophilusFOS_Value_Size_Elastic_medium.csv,1080,"End-effector rotating the object, by an angle of 45.0 degrees, using moderate force, causing medium-deformation, with constant force."
/home/mdxuser/Genesis/main/data/picked_up_4/csv/JarroDophilusFOS_Value_Size/Elastic/medium/JarroDophilusFOS_Value_Size_Elastic_medium.csv,1350,"End-effector holding position of the object, maintaining a stable hold, using moderate force, causing medium-deformation."
/home/mdxuser/Genesis/main/data/picked_up_4/csv/JarroDophilusFOS_Value_Size/Elastic/medium/JarroDophilusFOS_Value_Size_Elastic_medium.csv,1620,"End-effector continue holding position of the object, maintaining a stable hold, using moderate force, causing medium-deformation."
/home/mdxuser/Genesis/main/data/picked_up_4/csv/JarroDophilusFOS_Value_Size/Elastic/medium/JarroDophilusFOS_Value_Size_Elastic_medium.csv,1890,"End-effector rotating the object, by an angle of 30.0 degrees, using moderate force, causing medium-deformation, with constant force."
/home/mdxuser/Genesis/main/data/picked_up_4/csv/JarroDophilusFOS_Value_Size/Elastic/medium/JarroDophilusFOS_Value_Size_Elastic_medium.csv,2160,"End-effector continue rotating the object, by an angle of 30.0 degrees, using moderate force, causing medium-deformation, with constant force."
/home/mdxuser/Genesis/main/data/picked_up_4/csv/JarroDophilusFOS_Value_Size/Elastic/medium/JarroDophilusFOS_Value_Size_Elastic_medium.csv,2430,"End-effector holding position of the object, maintaining a stable hold, using moderate force, causing medium-deformation."
/home/mdxuser/Genesis/main/data/picked_up_4/csv/JarroDophilusFOS_Value_Size/Elastic/medium/JarroDophilusFOS_Value_Size_Elastic_medium.csv,2700,"End-effector stopping the object, using zero-force, causing undeformed shape."
/home/mdxuser/Genesis/main/data/picked_up_4/csv/Asus_Z97IPLUS_Motherboard_Mini_ITX_LGA1150_Socket/Elastic/hard/Asus_Z97IPLUS_Motherboard_Mini_ITX_LGA1150_Socket_Elastic_hard.csv,0,"End-effector start towards the object, to begin the task."
/home/mdxuser/Genesis/main/data/picked_up_4/csv/Asus_Z97IPLUS_Motherboard_Mini_ITX_LGA1150_Socket/Elastic/hard/Asus_Z97IPLUS_Motherboard_Mini_ITX_LGA1150_Socket_Elastic_hard.csv,270,"End-effector grasping the object, using strong force, causing hard-deformation, with increasing force."
/home/mdxuser/Genesis/main/data/picked_up_4/csv/Asus_Z97IPLUS_Motherboard_Mini_ITX_LGA1150_Socket/Elastic/hard/Asus_Z97IPLUS_Motherboard_Mini_ITX_LGA1150_Socket_Elastic_hard.csv,540,"End-effector continue grasping the object, using strong force, causing hard-deformation, with increasing force."
/home/mdxuser/Genesis/main/data/picked_up_4/csv/Asus_Z97IPLUS_Motherboard_Mini_ITX_LGA1150_Socket/Elastic/hard/Asus_Z97IPLUS_Motherboard_Mini_ITX_LGA1150_Socket_Elastic_hard.csv,810,"End-effector lifting the object, using strong force, causing hard-deformation, with increasing force."
/home/mdxuser/Genesis/main/data/picked_up_4/csv/Asus_Z97IPLUS_Motherboard_Mini_ITX_LGA1150_Socket/Elastic/hard/Asus_Z97IPLUS_Motherboard_Mini_ITX_LGA1150_Socket_Elastic_hard.csv,1080,"End-effector rotating the object, by an angle of 45.0 degrees, using strong force, causing hard-deformation, with constant force."
/home/mdxuser/Genesis/main/data/picked_up_4/csv/Asus_Z97IPLUS_Motherboard_Mini_ITX_LGA1150_Socket/Elastic/hard/Asus_Z97IPLUS_Motherboard_Mini_ITX_LGA1150_Socket_Elastic_hard.csv,1350,"End-effector holding position of the object, maintaining a stable hold, using strong force, causing hard-deformation."
/home/mdxuser/Genesis/main/data/picked_up_4/csv/Asus_Z97IPLUS_Motherboard_Mini_ITX_LGA1150_Socket/Elastic/hard/Asus_Z97IPLUS_Motherboard_Mini_ITX_LGA1150_Socket_Elastic_hard.csv,1620,"End-effector continue holding position of the object, maintaining a stable hold, using strong force, causing hard-deformation."
/home/mdxuser/Genesis/main/data/picked_up_4/csv/Asus_Z97IPLUS_Motherboard_Mini_ITX_LGA1150_Socket/Elastic/hard/Asus_Z97IPLUS_Motherboard_Mini_ITX_LGA1150_Socket_Elastic_hard.csv,1890,"End-effector rotating the object, by an angle of 30.0 degrees, using strong force, causing hard-deformation, with constant force."
/home/mdxuser/Genesis/main/data/picked_up_4/csv/Asus_Z97IPLUS_Motherboard_Mini_ITX_LGA1150_Socket/Elastic/hard/Asus_Z97IPLUS_Motherboard_Mini_ITX_LGA1150_Socket_Elastic_hard.csv,2160,"End-effector continue rotating the object, by an angle of 30.0 degrees, using strong force, causing hard-deformation, with constant force."
/home/mdxuser/Genesis/main/data/picked_up_4/csv/Asus_Z97IPLUS_Motherboard_Mini_ITX_LGA1150_Socket/Elastic/hard/Asus_Z97IPLUS_Motherboard_Mini_ITX_LGA1150_Socket_Elastic_hard.csv,2430,"End-effector holding position of the object, maintaining a stable hold, using strong force, causing hard-deformation."
/home/mdxuser/Genesis/main/data/picked_up_4/csv/Asus_Z97IPLUS_Motherboard_Mini_ITX_LGA1150_Socket/Elastic/hard/Asus_Z97IPLUS_Motherboard_Mini_ITX_LGA1150_Socket_Elastic_hard.csv,2700,"End-effector stopping the object, using zero-force, causing undeformed shape."
/home/mdxuser/Genesis/main/data/picked_up_4/csv/Down_To_Earth_Ceramic_Orchid_Pot_Asst_Blue/Elastic/medium/Down_To_Earth_Ceramic_Orchid_Pot_Asst_Blue_Elastic_medium.csv,0,"End-effector start towards the object, to begin the task."
/home/mdxuser/Genesis/main/data/picked_up_4/csv/Down_To_Earth_Ceramic_Orchid_Pot_Asst_Blue/Elastic/medium/Down_To_Earth_Ceramic_Orchid_Pot_Asst_Blue_Elastic_medium.csv,270,"End-effector grasping the object, using moderate force, causing medium-deformation, with increasing force."
/home/mdxuser/Genesis/main/data/picked_up_4/csv/Down_To_Earth_Ceramic_Orchid_Pot_Asst_Blue/Elastic/medium/Down_To_Earth_Ceramic_Orchid_Pot_Asst_Blue_Elastic_medium.csv,540,"End-effector continue grasping the object, using moderate force, causing medium-deformation, with increasing force."
/home/mdxuser/Genesis/main/data/picked_up_4/csv/Down_To_Earth_Ceramic_Orchid_Pot_Asst_Blue/Elastic/medium/Down_To_Earth_Ceramic_Orchid_Pot_Asst_Blue_Elastic_medium.csv,810,"End-effector lifting the object, using moderate force, causing medium-deformation, with increasing force."
/home/mdxuser/Genesis/main/data/picked_up_4/csv/Down_To_Earth_Ceramic_Orchid_Pot_Asst_Blue/Elastic/medium/Down_To_Earth_Ceramic_Orchid_Pot_Asst_Blue_Elastic_medium.csv,1080,"End-effector rotating the object, by an angle of 45.0 degrees, using moderate force, causing medium-deformation, with constant force."
/home/mdxuser/Genesis/main/data/picked_up_4/csv/Down_To_Earth_Ceramic_Orchid_Pot_Asst_Blue/Elastic/medium/Down_To_Earth_Ceramic_Orchid_Pot_Asst_Blue_Elastic_medium.csv,1350,"End-effector continue rotating the object, by an angle of 45.0 degrees, using moderate force, causing medium-deformation, with constant force."
/home/mdxuser/Genesis/main/data/picked_up_4/csv/Down_To_Earth_Ceramic_Orchid_Pot_Asst_Blue/Elastic/medium/Down_To_Earth_Ceramic_Orchid_Pot_Asst_Blue_Elastic_medium.csv,1620,"End-effector holding position of the object, maintaining a stable hold, using moderate force, causing medium-deformation."
/home/mdxuser/Genesis/main/data/picked_up_4/csv/Down_To_Earth_Ceramic_Orchid_Pot_Asst_Blue/Elastic/medium/Down_To_Earth_Ceramic_Orchid_Pot_Asst_Blue_Elastic_medium.csv,1890,"End-effector rotating the object, by an angle of 30.0 degrees, using moderate force, causing medium-deformation, with constant force."
/home/mdxuser/Genesis/main/data/picked_up_4/csv/Down_To_Earth_Ceramic_Orchid_Pot_Asst_Blue/Elastic/medium/Down_To_Earth_Ceramic_Orchid_Pot_Asst_Blue_Elastic_medium.csv,2160,"End-effector continue rotating the object, by an angle of 30.0 degrees, using moderate force, causing medium-deformation, with constant force."
/home/mdxuser/Genesis/main/data/picked_up_4/csv/Down_To_Earth_Ceramic_Orchid_Pot_Asst_Blue/Elastic/medium/Down_To_Earth_Ceramic_Orchid_Pot_Asst_Blue_Elastic_medium.csv,2430,"End-effector holding position of the object, maintaining a stable hold, using moderate force, causing medium-deformation."
/home/mdxuser/Genesis/main/data/picked_up_4/csv/Down_To_Earth_Ceramic_Orchid_Pot_Asst_Blue/Elastic/medium/Down_To_Earth_Ceramic_Orchid_Pot_Asst_Blue_Elastic_medium.csv,2700,The object has been dropped.
/home/mdxuser/Genesis/main/data/picked_up_4/csv/Office_Depot_HP_75_Remanufactured_Ink_Cartridge_TriColor/Elastic/hard/Office_Depot_HP_75_Remanufactured_Ink_Cartridge_TriColor_Elastic_hard.csv,0,"End-effector start towards the object, to begin the task."
/home/mdxuser/Genesis/main/data/picked_up_4/csv/Office_Depot_HP_75_Remanufactured_Ink_Cartridge_TriColor/Elastic/hard/Office_Depot_HP_75_Remanufactured_Ink_Cartridge_TriColor_Elastic_hard.csv,270,"End-effector grasping the object, using strong force, causing hard-deformation, with increasing force."
/home/mdxuser/Genesis/main/data/picked_up_4/csv/Office_Depot_HP_75_Remanufactured_Ink_Cartridge_TriColor/Elastic/hard/Office_Depot_HP_75_Remanufactured_Ink_Cartridge_TriColor_Elastic_hard.csv,540,"End-effector continue grasping the object, using strong force, causing hard-deformation, with increasing force."
/home/mdxuser/Genesis/main/data/picked_up_4/csv/Office_Depot_HP_75_Remanufactured_Ink_Cartridge_TriColor/Elastic/hard/Office_Depot_HP_75_Remanufactured_Ink_Cartridge_TriColor_Elastic_hard.csv,810,"End-effector lifting the object, using strong force, causing hard-deformation, with increasing force."
/home/mdxuser/Genesis/main/data/picked_up_4/csv/Office_Depot_HP_75_Remanufactured_Ink_Cartridge_TriColor/Elastic/hard/Office_Depot_HP_75_Remanufactured_Ink_Cartridge_TriColor_Elastic_hard.csv,1080,"End-effector rotating the object, by an angle of 45.0 degrees, using strong force, causing hard-deformation, with constant force."
/home/mdxuser/Genesis/main/data/picked_up_4/csv/Office_Depot_HP_75_Remanufactured_Ink_Cartridge_TriColor/Elastic/hard/Office_Depot_HP_75_Remanufactured_Ink_Cartridge_TriColor_Elastic_hard.csv,1350,"End-effector continue rotating the object, by an angle of 45.0 degrees, using strong force, causing hard-deformation, with constant force."
/home/mdxuser/Genesis/main/data/picked_up_4/csv/Office_Depot_HP_75_Remanufactured_Ink_Cartridge_TriColor/Elastic/hard/Office_Depot_HP_75_Remanufactured_Ink_Cartridge_TriColor_Elastic_hard.csv,1620,The object has been dropped.
/home/mdxuser/Genesis/main/data/picked_up_4/csv/Office_Depot_HP_75_Remanufactured_Ink_Cartridge_TriColor/Elastic/hard/Office_Depot_HP_75_Remanufactured_Ink_Cartridge_TriColor_Elastic_hard.csv,1890,The object has been dropped.
/home/mdxuser/Genesis/main/data/picked_up_4/csv/Office_Depot_HP_75_Remanufactured_Ink_Cartridge_TriColor/Elastic/hard/Office_Depot_HP_75_Remanufactured_Ink_Cartridge_TriColor_Elastic_hard.csv,2160,The object has been dropped.
/home/mdxuser/Genesis/main/data/picked_up_4/csv/Office_Depot_HP_75_Remanufactured_Ink_Cartridge_TriColor/Elastic/hard/Office_Depot_HP_75_Remanufactured_Ink_Cartridge_TriColor_Elastic_hard.csv,2430,The object has been dropped.
/home/mdxuser/Genesis/main/data/picked_up_4/csv/Office_Depot_HP_75_Remanufactured_Ink_Cartridge_TriColor/Elastic/hard/Office_Depot_HP_75_Remanufactured_Ink_Cartridge_TriColor_Elastic_hard.csv,2700,The object has been dropped.
/home/mdxuser/Genesis/main/data/picked_up_4/csv/MK7/Elastic/hard/MK7_Elastic_hard.csv,0,"End-effector start towards the object, to begin the task."
/home/mdxuser/Genesis/main/data/picked_up_4/csv/MK7/Elastic/hard/MK7_Elastic_hard.csv,270,"End-effector grasping the object, using strong force, causing hard-deformation, with increasing force."
/home/mdxuser/Genesis/main/data/picked_up_4/csv/MK7/Elastic/hard/MK7_Elastic_hard.csv,540,"End-effector continue grasping the object, using strong force, causing hard-deformation, with increasing force."
/home/mdxuser/Genesis/main/data/picked_up_4/csv/MK7/Elastic/hard/MK7_Elastic_hard.csv,810,"End-effector lifting the object, using strong force, causing hard-deformation, with increasing force."
/home/mdxuser/Genesis/main/data/picked_up_4/csv/MK7/Elastic/hard/MK7_Elastic_hard.csv,1080,"End-effector rotating the object, by an angle of 45.0 degrees, using strong force, causing hard-deformation, with constant force."
/home/mdxuser/Genesis/main/data/picked_up_4/csv/MK7/Elastic/hard/MK7_Elastic_hard.csv,1350,"End-effector holding position of the object, maintaining a stable hold, using strong force, causing hard-deformation."
/home/mdxuser/Genesis/main/data/picked_up_4/csv/MK7/Elastic/hard/MK7_Elastic_hard.csv,1620,"End-effector continue holding position of the object, maintaining a stable hold, using strong force, causing hard-deformation."
/home/mdxuser/Genesis/main/data/picked_up_4/csv/MK7/Elastic/hard/MK7_Elastic_hard.csv,1890,"End-effector rotating the object, by an angle of 45.0 degrees, using strong force, causing hard-deformation, with constant force."
/home/mdxuser/Genesis/main/data/picked_up_4/csv/MK7/Elastic/hard/MK7_Elastic_hard.csv,2160,"End-effector continue rotating the object, by an angle of 45.0 degrees, using strong force, causing hard-deformation, with constant force."
/home/mdxuser/Genesis/main/data/picked_up_4/csv/MK7/Elastic/hard/MK7_Elastic_hard.csv,2430,"End-effector holding position of the object, maintaining a stable hold, using strong force, causing hard-deformation."
/home/mdxuser/Genesis/main/data/picked_up_4/csv/MK7/Elastic/hard/MK7_Elastic_hard.csv,2700,"End-effector stopping the object, using zero-force, causing undeformed shape."
/home/mdxuser/Genesis/main/data/picked_up_4/csv/Perricone_MD_No_Foundation_Serum/Elastic/medium/Perricone_MD_No_Foundation_Serum_Elastic_medium.csv,0,"End-effector start towards the object, to begin the task."
/home/mdxuser/Genesis/main/data/picked_up_4/csv/Perricone_MD_No_Foundation_Serum/Elastic/medium/Perricone_MD_No_Foundation_Serum_Elastic_medium.csv,270,"End-effector grasping the object, using moderate force, causing medium-deformation, with increasing force."
/home/mdxuser/Genesis/main/data/picked_up_4/csv/Perricone_MD_No_Foundation_Serum/Elastic/medium/Perricone_MD_No_Foundation_Serum_Elastic_medium.csv,540,"End-effector continue grasping the object, using moderate force, causing medium-deformation, with increasing force."
/home/mdxuser/Genesis/main/data/picked_up_4/csv/Perricone_MD_No_Foundation_Serum/Elastic/medium/Perricone_MD_No_Foundation_Serum_Elastic_medium.csv,810,"End-effector lifting the object, using moderate force, causing medium-deformation, with increasing force."
/home/mdxuser/Genesis/main/data/picked_up_4/csv/Perricone_MD_No_Foundation_Serum/Elastic/medium/Perricone_MD_No_Foundation_Serum_Elastic_medium.csv,1080,"End-effector rotating the object, by an angle of 45.0 degrees, using moderate force, causing medium-deformation, with constant force."
/home/mdxuser/Genesis/main/data/picked_up_4/csv/Perricone_MD_No_Foundation_Serum/Elastic/medium/Perricone_MD_No_Foundation_Serum_Elastic_medium.csv,1350,"End-effector continue rotating the object, by an angle of 45.0 degrees, using moderate force, causing medium-deformation, with constant force."
/home/mdxuser/Genesis/main/data/picked_up_4/csv/Perricone_MD_No_Foundation_Serum/Elastic/medium/Perricone_MD_No_Foundation_Serum_Elastic_medium.csv,1620,"End-effector holding position of the object, maintaining a stable hold, using moderate force, causing medium-deformation."
/home/mdxuser/Genesis/main/data/picked_up_4/csv/Perricone_MD_No_Foundation_Serum/Elastic/medium/Perricone_MD_No_Foundation_Serum_Elastic_medium.csv,1890,"End-effector rotating the object, by an angle of 45.0 degrees, using moderate force, causing medium-deformation, with constant force."
/home/mdxuser/Genesis/main/data/picked_up_4/csv/Perricone_MD_No_Foundation_Serum/Elastic/medium/Perricone_MD_No_Foundation_Serum_Elastic_medium.csv,2160,"End-effector holding position of the object, maintaining a stable hold, using moderate force, causing medium-deformation."
/home/mdxuser/Genesis/main/data/picked_up_4/csv/Perricone_MD_No_Foundation_Serum/Elastic/medium/Perricone_MD_No_Foundation_Serum_Elastic_medium.csv,2430,"End-effector continue holding position of the object, maintaining a stable hold, using moderate force, causing medium-deformation."
/home/mdxuser/Genesis/main/data/picked_up_4/csv/Perricone_MD_No_Foundation_Serum/Elastic/medium/Perricone_MD_No_Foundation_Serum_Elastic_medium.csv,2700,"End-effector stopping the object, using zero-force, causing undeformed shape."
/home/mdxuser/Genesis/main/data/picked_up_4/csv/Crayola_Washable_Sidewalk_Chalk_16_pack/Elastic/soft/Crayola_Washable_Sidewalk_Chalk_16_pack_Elastic_soft.csv,0,"End-effector start towards the object, to begin the task."
/home/mdxuser/Genesis/main/data/picked_up_4/csv/Crayola_Washable_Sidewalk_Chalk_16_pack/Elastic/soft/Crayola_Washable_Sidewalk_Chalk_16_pack_Elastic_soft.csv,270,"End-effector grasping the object, using gentle force, causing soft-deformation, with increasing force."
/home/mdxuser/Genesis/main/data/picked_up_4/csv/Crayola_Washable_Sidewalk_Chalk_16_pack/Elastic/soft/Crayola_Washable_Sidewalk_Chalk_16_pack_Elastic_soft.csv,540,"End-effector continue grasping the object, using gentle force, causing soft-deformation, with increasing force."
/home/mdxuser/Genesis/main/data/picked_up_4/csv/Crayola_Washable_Sidewalk_Chalk_16_pack/Elastic/soft/Crayola_Washable_Sidewalk_Chalk_16_pack_Elastic_soft.csv,810,"End-effector lifting the object, using gentle force, causing soft-deformation, with increasing force."
/home/mdxuser/Genesis/main/data/picked_up_4/csv/Crayola_Washable_Sidewalk_Chalk_16_pack/Elastic/soft/Crayola_Washable_Sidewalk_Chalk_16_pack_Elastic_soft.csv,1080,"End-effector rotating the object, by an angle of 45.0 degrees, using gentle force, causing soft-deformation, with constant force."
/home/mdxuser/Genesis/main/data/picked_up_4/csv/Crayola_Washable_Sidewalk_Chalk_16_pack/Elastic/soft/Crayola_Washable_Sidewalk_Chalk_16_pack_Elastic_soft.csv,1350,"End-effector holding position of the object, maintaining a stable hold, using gentle force, causing soft-deformation."
/home/mdxuser/Genesis/main/data/picked_up_4/csv/Crayola_Washable_Sidewalk_Chalk_16_pack/Elastic/soft/Crayola_Washable_Sidewalk_Chalk_16_pack_Elastic_soft.csv,1620,"End-effector continue holding position of the object, maintaining a stable hold, using gentle force, causing soft-deformation."
/home/mdxuser/Genesis/main/data/picked_up_4/csv/Crayola_Washable_Sidewalk_Chalk_16_pack/Elastic/soft/Crayola_Washable_Sidewalk_Chalk_16_pack_Elastic_soft.csv,1890,"End-effector rotating the object, by an angle of 30.0 degrees, using gentle force, causing soft-deformation, with constant force."
/home/mdxuser/Genesis/main/data/picked_up_4/csv/Crayola_Washable_Sidewalk_Chalk_16_pack/Elastic/soft/Crayola_Washable_Sidewalk_Chalk_16_pack_Elastic_soft.csv,2160,"End-effector continue rotating the object, by an angle of 30.0 degrees, using gentle force, causing soft-deformation, with constant force."
/home/mdxuser/Genesis/main/data/picked_up_4/csv/Crayola_Washable_Sidewalk_Chalk_16_pack/Elastic/soft/Crayola_Washable_Sidewalk_Chalk_16_pack_Elastic_soft.csv,2430,"End-effector holding position of the object, maintaining a stable hold, using gentle force, causing soft-deformation."
/home/mdxuser/Genesis/main/data/picked_up_4/csv/Crayola_Washable_Sidewalk_Chalk_16_pack/Elastic/soft/Crayola_Washable_Sidewalk_Chalk_16_pack_Elastic_soft.csv,2700,"End-effector stopping the object, using zero-force, causing undeformed shape."
/home/mdxuser/Genesis/main/data/picked_up_4/csv/Lactoferrin/Elastic/soft/Lactoferrin_Elastic_soft.csv,0,"End-effector start towards the object, to begin the task."
/home/mdxuser/Genesis/main/data/picked_up_4/csv/Lactoferrin/Elastic/soft/Lactoferrin_Elastic_soft.csv,270,"End-effector grasping the object, using gentle force, causing soft-deformation, with increasing force."
/home/mdxuser/Genesis/main/data/picked_up_4/csv/Lactoferrin/Elastic/soft/Lactoferrin_Elastic_soft.csv,540,"End-effector continue grasping the object, using gentle force, causing soft-deformation, with increasing force."
/home/mdxuser/Genesis/main/data/picked_up_4/csv/Lactoferrin/Elastic/soft/Lactoferrin_Elastic_soft.csv,810,"End-effector lifting the object, using gentle force, causing soft-deformation, with increasing force."
/home/mdxuser/Genesis/main/data/picked_up_4/csv/Lactoferrin/Elastic/soft/Lactoferrin_Elastic_soft.csv,1080,"End-effector rotating the object, by an angle of 45.0 degrees, using gentle force, causing soft-deformation, with constant force."
/home/mdxuser/Genesis/main/data/picked_up_4/csv/Lactoferrin/Elastic/soft/Lactoferrin_Elastic_soft.csv,1350,"End-effector holding position of the object, maintaining a stable hold, using gentle force, causing soft-deformation."
/home/mdxuser/Genesis/main/data/picked_up_4/csv/Lactoferrin/Elastic/soft/Lactoferrin_Elastic_soft.csv,1620,"End-effector continue holding position of the object, maintaining a stable hold, using gentle force, causing soft-deformation."
/home/mdxuser/Genesis/main/data/picked_up_4/csv/Lactoferrin/Elastic/soft/Lactoferrin_Elastic_soft.csv,1890,"End-effector rotating the object, by an angle of 45.0 degrees, using gentle force, causing soft-deformation, with constant force."
/home/mdxuser/Genesis/main/data/picked_up_4/csv/Lactoferrin/Elastic/soft/Lactoferrin_Elastic_soft.csv,2160,"End-effector continue rotating the object, by an angle of 45.0 degrees, using gentle force, causing soft-deformation, with constant force."
/home/mdxuser/Genesis/main/data/picked_up_4/csv/Lactoferrin/Elastic/soft/Lactoferrin_Elastic_soft.csv,2430,The object has been dropped.
/home/mdxuser/Genesis/main/data/picked_up_4/csv/Lactoferrin/Elastic/soft/Lactoferrin_Elastic_soft.csv,2700,The object has been dropped.
/home/mdxuser/Genesis/main/data/picked_up_4/csv/Pepsi_Caffeine_Free_Diet_12_CT/Elastic/hard/Pepsi_Caffeine_Free_Diet_12_CT_Elastic_hard.csv,0,"End-effector start towards the object, to begin the task."
/home/mdxuser/Genesis/main/data/picked_up_4/csv/Pepsi_Caffeine_Free_Diet_12_CT/Elastic/hard/Pepsi_Caffeine_Free_Diet_12_CT_Elastic_hard.csv,270,"End-effector grasping the object, using strong force, causing hard-deformation, with increasing force."
/home/mdxuser/Genesis/main/data/picked_up_4/csv/Pepsi_Caffeine_Free_Diet_12_CT/Elastic/hard/Pepsi_Caffeine_Free_Diet_12_CT_Elastic_hard.csv,540,"End-effector continue grasping the object, using strong force, causing hard-deformation, with increasing force."
/home/mdxuser/Genesis/main/data/picked_up_4/csv/Pepsi_Caffeine_Free_Diet_12_CT/Elastic/hard/Pepsi_Caffeine_Free_Diet_12_CT_Elastic_hard.csv,810,"End-effector lifting the object, using strong force, causing hard-deformation, with increasing force."
/home/mdxuser/Genesis/main/data/picked_up_4/csv/Pepsi_Caffeine_Free_Diet_12_CT/Elastic/hard/Pepsi_Caffeine_Free_Diet_12_CT_Elastic_hard.csv,1080,"End-effector rotating the object, by an angle of 30.0 degrees, using strong force, causing hard-deformation, with constant force."
/home/mdxuser/Genesis/main/data/picked_up_4/csv/Pepsi_Caffeine_Free_Diet_12_CT/Elastic/hard/Pepsi_Caffeine_Free_Diet_12_CT_Elastic_hard.csv,1350,"End-effector continue rotating the object, by an angle of 30.0 degrees, using strong force, causing hard-deformation, with constant force."
/home/mdxuser/Genesis/main/data/picked_up_4/csv/Pepsi_Caffeine_Free_Diet_12_CT/Elastic/hard/Pepsi_Caffeine_Free_Diet_12_CT_Elastic_hard.csv,1620,"End-effector holding position of the object, maintaining a stable hold, using strong force, causing hard-deformation."
/home/mdxuser/Genesis/main/data/picked_up_4/csv/Pepsi_Caffeine_Free_Diet_12_CT/Elastic/hard/Pepsi_Caffeine_Free_Diet_12_CT_Elastic_hard.csv,1890,The object has been dropped.
/home/mdxuser/Genesis/main/data/picked_up_4/csv/Pepsi_Caffeine_Free_Diet_12_CT/Elastic/hard/Pepsi_Caffeine_Free_Diet_12_CT_Elastic_hard.csv,2160,The object has been dropped.
/home/mdxuser/Genesis/main/data/picked_up_4/csv/Pepsi_Caffeine_Free_Diet_12_CT/Elastic/hard/Pepsi_Caffeine_Free_Diet_12_CT_Elastic_hard.csv,2430,The object has been dropped.
/home/mdxuser/Genesis/main/data/picked_up_4/csv/Pepsi_Caffeine_Free_Diet_12_CT/Elastic/hard/Pepsi_Caffeine_Free_Diet_12_CT_Elastic_hard.csv,2700,The object has been dropped.
/home/mdxuser/Genesis/main/data/picked_up_4/csv/Olive_Kids_Trains_Planes_Trucks_Bogo_Backpack/Elastic/medium/Olive_Kids_Trains_Planes_Trucks_Bogo_Backpack_Elastic_medium.csv,0,"End-effector start towards the object, to begin the task."
/home/mdxuser/Genesis/main/data/picked_up_4/csv/Olive_Kids_Trains_Planes_Trucks_Bogo_Backpack/Elastic/medium/Olive_Kids_Trains_Planes_Trucks_Bogo_Backpack_Elastic_medium.csv,270,"End-effector grasping the object, using moderate force, causing medium-deformation, with increasing force."
/home/mdxuser/Genesis/main/data/picked_up_4/csv/Olive_Kids_Trains_Planes_Trucks_Bogo_Backpack/Elastic/medium/Olive_Kids_Trains_Planes_Trucks_Bogo_Backpack_Elastic_medium.csv,540,"End-effector continue grasping the object, using moderate force, causing medium-deformation, with increasing force."
/home/mdxuser/Genesis/main/data/picked_up_4/csv/Olive_Kids_Trains_Planes_Trucks_Bogo_Backpack/Elastic/medium/Olive_Kids_Trains_Planes_Trucks_Bogo_Backpack_Elastic_medium.csv,810,"End-effector lifting the object, using moderate force, causing medium-deformation, with increasing force."
/home/mdxuser/Genesis/main/data/picked_up_4/csv/Olive_Kids_Trains_Planes_Trucks_Bogo_Backpack/Elastic/medium/Olive_Kids_Trains_Planes_Trucks_Bogo_Backpack_Elastic_medium.csv,1080,"End-effector rotating the object, by an angle of 30.0 degrees, using moderate force, causing medium-deformation, with constant force."
/home/mdxuser/Genesis/main/data/picked_up_4/csv/Olive_Kids_Trains_Planes_Trucks_Bogo_Backpack/Elastic/medium/Olive_Kids_Trains_Planes_Trucks_Bogo_Backpack_Elastic_medium.csv,1350,"End-effector continue rotating the object, by an angle of 30.0 degrees, using moderate force, causing medium-deformation, with constant force."
/home/mdxuser/Genesis/main/data/picked_up_4/csv/Olive_Kids_Trains_Planes_Trucks_Bogo_Backpack/Elastic/medium/Olive_Kids_Trains_Planes_Trucks_Bogo_Backpack_Elastic_medium.csv,1620,"End-effector holding position of the object, maintaining a stable hold, using moderate force, causing medium-deformation."
/home/mdxuser/Genesis/main/data/picked_up_4/csv/Olive_Kids_Trains_Planes_Trucks_Bogo_Backpack/Elastic/medium/Olive_Kids_Trains_Planes_Trucks_Bogo_Backpack_Elastic_medium.csv,1890,"End-effector rotating the object, by an angle of 30.0 degrees, using moderate force, causing medium-deformation, with constant force."
/home/mdxuser/Genesis/main/data/picked_up_4/csv/Olive_Kids_Trains_Planes_Trucks_Bogo_Backpack/Elastic/medium/Olive_Kids_Trains_Planes_Trucks_Bogo_Backpack_Elastic_medium.csv,2160,"End-effector continue rotating the object, by an angle of 30.0 degrees, using moderate force, causing medium-deformation, with constant force."
/home/mdxuser/Genesis/main/data/picked_up_4/csv/Olive_Kids_Trains_Planes_Trucks_Bogo_Backpack/Elastic/medium/Olive_Kids_Trains_Planes_Trucks_Bogo_Backpack_Elastic_medium.csv,2430,"End-effector holding position of the object, maintaining a stable hold, using moderate force, causing medium-deformation."
/home/mdxuser/Genesis/main/data/picked_up_4/csv/Olive_Kids_Trains_Planes_Trucks_Bogo_Backpack/Elastic/medium/Olive_Kids_Trains_Planes_Trucks_Bogo_Backpack_Elastic_medium.csv,2700,"End-effector stopping the object, using zero-force, causing undeformed shape."
/home/mdxuser/Genesis/main/data/picked_up_4/csv/ASICS_GELAce_Pro_Pearl_WhitePink/Elastic/soft/ASICS_GELAce_Pro_Pearl_WhitePink_Elastic_soft.csv,0,"End-effector start towards the object, to begin the task."
/home/mdxuser/Genesis/main/data/picked_up_4/csv/ASICS_GELAce_Pro_Pearl_WhitePink/Elastic/soft/ASICS_GELAce_Pro_Pearl_WhitePink_Elastic_soft.csv,270,"End-effector grasping the object, using gentle force, causing soft-deformation, with increasing force."
/home/mdxuser/Genesis/main/data/picked_up_4/csv/ASICS_GELAce_Pro_Pearl_WhitePink/Elastic/soft/ASICS_GELAce_Pro_Pearl_WhitePink_Elastic_soft.csv,540,"End-effector continue grasping the object, using gentle force, causing soft-deformation, with increasing force."
/home/mdxuser/Genesis/main/data/picked_up_4/csv/ASICS_GELAce_Pro_Pearl_WhitePink/Elastic/soft/ASICS_GELAce_Pro_Pearl_WhitePink_Elastic_soft.csv,810,"End-effector lifting the object, using gentle force, causing soft-deformation, with increasing force."
/home/mdxuser/Genesis/main/data/picked_up_4/csv/ASICS_GELAce_Pro_Pearl_WhitePink/Elastic/soft/ASICS_GELAce_Pro_Pearl_WhitePink_Elastic_soft.csv,1080,"End-effector rotating the object, by an angle of 45.0 degrees, using gentle force, causing soft-deformation, with constant force."
/home/mdxuser/Genesis/main/data/picked_up_4/csv/ASICS_GELAce_Pro_Pearl_WhitePink/Elastic/soft/ASICS_GELAce_Pro_Pearl_WhitePink_Elastic_soft.csv,1350,"End-effector continue rotating the object, by an angle of 45.0 degrees, using gentle force, causing soft-deformation, with constant force."
/home/mdxuser/Genesis/main/data/picked_up_4/csv/ASICS_GELAce_Pro_Pearl_WhitePink/Elastic/soft/ASICS_GELAce_Pro_Pearl_WhitePink_Elastic_soft.csv,1620,The object has been dropped.
/home/mdxuser/Genesis/main/data/picked_up_4/csv/ASICS_GELAce_Pro_Pearl_WhitePink/Elastic/soft/ASICS_GELAce_Pro_Pearl_WhitePink_Elastic_soft.csv,1890,The object has been dropped.
/home/mdxuser/Genesis/main/data/picked_up_4/csv/ASICS_GELAce_Pro_Pearl_WhitePink/Elastic/soft/ASICS_GELAce_Pro_Pearl_WhitePink_Elastic_soft.csv,2160,The object has been dropped.
/home/mdxuser/Genesis/main/data/picked_up_4/csv/ASICS_GELAce_Pro_Pearl_WhitePink/Elastic/soft/ASICS_GELAce_Pro_Pearl_WhitePink_Elastic_soft.csv,2430,The object has been dropped.
/home/mdxuser/Genesis/main/data/picked_up_4/csv/ASICS_GELAce_Pro_Pearl_WhitePink/Elastic/soft/ASICS_GELAce_Pro_Pearl_WhitePink_Elastic_soft.csv,2700,The object has been dropped.
/home/mdxuser/Genesis/main/data/picked_up_4/csv/CLIMACOOL_BOAT_BREEZE_IE6CyqSaDwN/Elastic/hard/CLIMACOOL_BOAT_BREEZE_IE6CyqSaDwN_Elastic_hard.csv,0,"End-effector start towards the object, to begin the task."
/home/mdxuser/Genesis/main/data/picked_up_4/csv/CLIMACOOL_BOAT_BREEZE_IE6CyqSaDwN/Elastic/hard/CLIMACOOL_BOAT_BREEZE_IE6CyqSaDwN_Elastic_hard.csv,270,"End-effector grasping the object, using strong force, causing hard-deformation, with increasing force."
/home/mdxuser/Genesis/main/data/picked_up_4/csv/CLIMACOOL_BOAT_BREEZE_IE6CyqSaDwN/Elastic/hard/CLIMACOOL_BOAT_BREEZE_IE6CyqSaDwN_Elastic_hard.csv,540,"End-effector continue grasping the object, using strong force, causing hard-deformation, with increasing force."
/home/mdxuser/Genesis/main/data/picked_up_4/csv/CLIMACOOL_BOAT_BREEZE_IE6CyqSaDwN/Elastic/hard/CLIMACOOL_BOAT_BREEZE_IE6CyqSaDwN_Elastic_hard.csv,810,"End-effector lifting the object, using strong force, causing hard-deformation, with increasing force."
/home/mdxuser/Genesis/main/data/picked_up_4/csv/CLIMACOOL_BOAT_BREEZE_IE6CyqSaDwN/Elastic/hard/CLIMACOOL_BOAT_BREEZE_IE6CyqSaDwN_Elastic_hard.csv,1080,"End-effector rotating the object, by an angle of 30.0 degrees, using strong force, causing hard-deformation, with constant force."
/home/mdxuser/Genesis/main/data/picked_up_4/csv/CLIMACOOL_BOAT_BREEZE_IE6CyqSaDwN/Elastic/hard/CLIMACOOL_BOAT_BREEZE_IE6CyqSaDwN_Elastic_hard.csv,1350,"End-effector continue rotating the object, by an angle of 30.0 degrees, using strong force, causing hard-deformation, with constant force."
/home/mdxuser/Genesis/main/data/picked_up_4/csv/CLIMACOOL_BOAT_BREEZE_IE6CyqSaDwN/Elastic/hard/CLIMACOOL_BOAT_BREEZE_IE6CyqSaDwN_Elastic_hard.csv,1620,"End-effector holding position of the object, maintaining a stable hold, using strong force, causing hard-deformation."
/home/mdxuser/Genesis/main/data/picked_up_4/csv/CLIMACOOL_BOAT_BREEZE_IE6CyqSaDwN/Elastic/hard/CLIMACOOL_BOAT_BREEZE_IE6CyqSaDwN_Elastic_hard.csv,1890,"End-effector rotating the object, by an angle of 45.0 degrees, using strong force, causing hard-deformation, with constant force."
/home/mdxuser/Genesis/main/data/picked_up_4/csv/CLIMACOOL_BOAT_BREEZE_IE6CyqSaDwN/Elastic/hard/CLIMACOOL_BOAT_BREEZE_IE6CyqSaDwN_Elastic_hard.csv,2160,The object has been dropped.
/home/mdxuser/Genesis/main/data/picked_up_4/csv/CLIMACOOL_BOAT_BREEZE_IE6CyqSaDwN/Elastic/hard/CLIMACOOL_BOAT_BREEZE_IE6CyqSaDwN_Elastic_hard.csv,2430,The object has been dropped.
/home/mdxuser/Genesis/main/data/picked_up_4/csv/CLIMACOOL_BOAT_BREEZE_IE6CyqSaDwN/Elastic/hard/CLIMACOOL_BOAT_BREEZE_IE6CyqSaDwN_Elastic_hard.csv,2700,The object has been dropped.
/home/mdxuser/Genesis/main/data/picked_up_4/csv/Big_Dot_Pink_Pencil_Case/Elastic/hard/Big_Dot_Pink_Pencil_Case_Elastic_hard.csv,0,"End-effector start towards the object, to begin the task."
/home/mdxuser/Genesis/main/data/picked_up_4/csv/Big_Dot_Pink_Pencil_Case/Elastic/hard/Big_Dot_Pink_Pencil_Case_Elastic_hard.csv,270,"End-effector grasping the object, using strong force, causing hard-deformation, with increasing force."
/home/mdxuser/Genesis/main/data/picked_up_4/csv/Big_Dot_Pink_Pencil_Case/Elastic/hard/Big_Dot_Pink_Pencil_Case_Elastic_hard.csv,540,"End-effector continue grasping the object, using strong force, causing hard-deformation, with increasing force."
/home/mdxuser/Genesis/main/data/picked_up_4/csv/Big_Dot_Pink_Pencil_Case/Elastic/hard/Big_Dot_Pink_Pencil_Case_Elastic_hard.csv,810,"End-effector lifting the object, using strong force, causing hard-deformation, with increasing force."
/home/mdxuser/Genesis/main/data/picked_up_4/csv/Big_Dot_Pink_Pencil_Case/Elastic/hard/Big_Dot_Pink_Pencil_Case_Elastic_hard.csv,1080,"End-effector rotating the object, by an angle of 30.0 degrees, using strong force, causing hard-deformation, with constant force."
/home/mdxuser/Genesis/main/data/picked_up_4/csv/Big_Dot_Pink_Pencil_Case/Elastic/hard/Big_Dot_Pink_Pencil_Case_Elastic_hard.csv,1350,"End-effector continue rotating the object, by an angle of 30.0 degrees, using strong force, causing hard-deformation, with constant force."
/home/mdxuser/Genesis/main/data/picked_up_4/csv/Big_Dot_Pink_Pencil_Case/Elastic/hard/Big_Dot_Pink_Pencil_Case_Elastic_hard.csv,1620,"End-effector holding position of the object, maintaining a stable hold, using strong force, causing hard-deformation."
/home/mdxuser/Genesis/main/data/picked_up_4/csv/Big_Dot_Pink_Pencil_Case/Elastic/hard/Big_Dot_Pink_Pencil_Case_Elastic_hard.csv,1890,"End-effector rotating the object, by an angle of 30.0 degrees, using strong force, causing hard-deformation, with constant force."
/home/mdxuser/Genesis/main/data/picked_up_4/csv/Big_Dot_Pink_Pencil_Case/Elastic/hard/Big_Dot_Pink_Pencil_Case_Elastic_hard.csv,2160,"End-effector continue rotating the object, by an angle of 30.0 degrees, using strong force, causing hard-deformation, with constant force."
/home/mdxuser/Genesis/main/data/picked_up_4/csv/Big_Dot_Pink_Pencil_Case/Elastic/hard/Big_Dot_Pink_Pencil_Case_Elastic_hard.csv,2430,"End-effector holding position of the object, maintaining a stable hold, using strong force, causing hard-deformation."
/home/mdxuser/Genesis/main/data/picked_up_4/csv/Big_Dot_Pink_Pencil_Case/Elastic/hard/Big_Dot_Pink_Pencil_Case_Elastic_hard.csv,2700,"End-effector stopping the object, using zero-force, causing undeformed shape."
/home/mdxuser/Genesis/main/data/picked_up_4/csv/New_Super_Mario_BrosWii_Wii_Game/Elastic/soft/New_Super_Mario_BrosWii_Wii_Game_Elastic_soft.csv,0,"End-effector start towards the object, to begin the task."
/home/mdxuser/Genesis/main/data/picked_up_4/csv/New_Super_Mario_BrosWii_Wii_Game/Elastic/soft/New_Super_Mario_BrosWii_Wii_Game_Elastic_soft.csv,270,"End-effector grasping the object, using gentle force, causing soft-deformation, with increasing force."
/home/mdxuser/Genesis/main/data/picked_up_4/csv/New_Super_Mario_BrosWii_Wii_Game/Elastic/soft/New_Super_Mario_BrosWii_Wii_Game_Elastic_soft.csv,540,"End-effector continue grasping the object, using gentle force, causing soft-deformation, with increasing force."
/home/mdxuser/Genesis/main/data/picked_up_4/csv/New_Super_Mario_BrosWii_Wii_Game/Elastic/soft/New_Super_Mario_BrosWii_Wii_Game_Elastic_soft.csv,810,"End-effector lifting the object, using gentle force, causing soft-deformation, with increasing force."
/home/mdxuser/Genesis/main/data/picked_up_4/csv/New_Super_Mario_BrosWii_Wii_Game/Elastic/soft/New_Super_Mario_BrosWii_Wii_Game_Elastic_soft.csv,1080,"End-effector rotating the object, by an angle of 45.0 degrees, using gentle force, causing soft-deformation, with constant force."
/home/mdxuser/Genesis/main/data/picked_up_4/csv/New_Super_Mario_BrosWii_Wii_Game/Elastic/soft/New_Super_Mario_BrosWii_Wii_Game_Elastic_soft.csv,1350,"End-effector continue rotating the object, by an angle of 45.0 degrees, using gentle force, causing soft-deformation, with constant force."
/home/mdxuser/Genesis/main/data/picked_up_4/csv/New_Super_Mario_BrosWii_Wii_Game/Elastic/soft/New_Super_Mario_BrosWii_Wii_Game_Elastic_soft.csv,1620,The object has been dropped.
/home/mdxuser/Genesis/main/data/picked_up_4/csv/New_Super_Mario_BrosWii_Wii_Game/Elastic/soft/New_Super_Mario_BrosWii_Wii_Game_Elastic_soft.csv,1890,The object has been dropped.
/home/mdxuser/Genesis/main/data/picked_up_4/csv/New_Super_Mario_BrosWii_Wii_Game/Elastic/soft/New_Super_Mario_BrosWii_Wii_Game_Elastic_soft.csv,2160,The object has been dropped.
/home/mdxuser/Genesis/main/data/picked_up_4/csv/New_Super_Mario_BrosWii_Wii_Game/Elastic/soft/New_Super_Mario_BrosWii_Wii_Game_Elastic_soft.csv,2430,The object has been dropped.
/home/mdxuser/Genesis/main/data/picked_up_4/csv/New_Super_Mario_BrosWii_Wii_Game/Elastic/soft/New_Super_Mario_BrosWii_Wii_Game_Elastic_soft.csv,2700,The object has been dropped.
/home/mdxuser/Genesis/main/data/picked_up_4/csv/Pepsi_Cola_Wild_Cherry_Diet_12_12_fl_oz_355_ml_cans_144_fl_oz_426_lt/Elastic/hard/Pepsi_Cola_Wild_Cherry_Diet_12_12_fl_oz_355_ml_cans_144_fl_oz_426_lt_Elastic_hard.csv,0,"End-effector start towards the object, to begin the task."
/home/mdxuser/Genesis/main/data/picked_up_4/csv/Pepsi_Cola_Wild_Cherry_Diet_12_12_fl_oz_355_ml_cans_144_fl_oz_426_lt/Elastic/hard/Pepsi_Cola_Wild_Cherry_Diet_12_12_fl_oz_355_ml_cans_144_fl_oz_426_lt_Elastic_hard.csv,270,"End-effector grasping the object, using strong force, causing hard-deformation, with increasing force."
/home/mdxuser/Genesis/main/data/picked_up_4/csv/Pepsi_Cola_Wild_Cherry_Diet_12_12_fl_oz_355_ml_cans_144_fl_oz_426_lt/Elastic/hard/Pepsi_Cola_Wild_Cherry_Diet_12_12_fl_oz_355_ml_cans_144_fl_oz_426_lt_Elastic_hard.csv,540,"End-effector continue grasping the object, using strong force, causing hard-deformation, with increasing force."
/home/mdxuser/Genesis/main/data/picked_up_4/csv/Pepsi_Cola_Wild_Cherry_Diet_12_12_fl_oz_355_ml_cans_144_fl_oz_426_lt/Elastic/hard/Pepsi_Cola_Wild_Cherry_Diet_12_12_fl_oz_355_ml_cans_144_fl_oz_426_lt_Elastic_hard.csv,810,"End-effector lifting the object, using strong force, causing hard-deformation, with increasing force."
/home/mdxuser/Genesis/main/data/picked_up_4/csv/Pepsi_Cola_Wild_Cherry_Diet_12_12_fl_oz_355_ml_cans_144_fl_oz_426_lt/Elastic/hard/Pepsi_Cola_Wild_Cherry_Diet_12_12_fl_oz_355_ml_cans_144_fl_oz_426_lt_Elastic_hard.csv,1080,"End-effector rotating the object, by an angle of 45.0 degrees, using strong force, causing hard-deformation, with constant force."
/home/mdxuser/Genesis/main/data/picked_up_4/csv/Pepsi_Cola_Wild_Cherry_Diet_12_12_fl_oz_355_ml_cans_144_fl_oz_426_lt/Elastic/hard/Pepsi_Cola_Wild_Cherry_Diet_12_12_fl_oz_355_ml_cans_144_fl_oz_426_lt_Elastic_hard.csv,1350,"End-effector continue rotating the object, by an angle of 45.0 degrees, using strong force, causing hard-deformation, with constant force."
/home/mdxuser/Genesis/main/data/picked_up_4/csv/Pepsi_Cola_Wild_Cherry_Diet_12_12_fl_oz_355_ml_cans_144_fl_oz_426_lt/Elastic/hard/Pepsi_Cola_Wild_Cherry_Diet_12_12_fl_oz_355_ml_cans_144_fl_oz_426_lt_Elastic_hard.csv,1620,"End-effector holding position of the object, maintaining a stable hold, using strong force, causing hard-deformation."
/home/mdxuser/Genesis/main/data/picked_up_4/csv/Pepsi_Cola_Wild_Cherry_Diet_12_12_fl_oz_355_ml_cans_144_fl_oz_426_lt/Elastic/hard/Pepsi_Cola_Wild_Cherry_Diet_12_12_fl_oz_355_ml_cans_144_fl_oz_426_lt_Elastic_hard.csv,1890,"End-effector rotating the object, by an angle of 45.0 degrees, using strong force, causing hard-deformation, with constant force."
/home/mdxuser/Genesis/main/data/picked_up_4/csv/Pepsi_Cola_Wild_Cherry_Diet_12_12_fl_oz_355_ml_cans_144_fl_oz_426_lt/Elastic/hard/Pepsi_Cola_Wild_Cherry_Diet_12_12_fl_oz_355_ml_cans_144_fl_oz_426_lt_Elastic_hard.csv,2160,"End-effector holding position of the object, maintaining a stable hold, using strong force, causing hard-deformation."
/home/mdxuser/Genesis/main/data/picked_up_4/csv/Pepsi_Cola_Wild_Cherry_Diet_12_12_fl_oz_355_ml_cans_144_fl_oz_426_lt/Elastic/hard/Pepsi_Cola_Wild_Cherry_Diet_12_12_fl_oz_355_ml_cans_144_fl_oz_426_lt_Elastic_hard.csv,2430,"End-effector continue holding position of the object, maintaining a stable hold, using strong force, causing hard-deformation."
/home/mdxuser/Genesis/main/data/picked_up_4/csv/Pepsi_Cola_Wild_Cherry_Diet_12_12_fl_oz_355_ml_cans_144_fl_oz_426_lt/Elastic/hard/Pepsi_Cola_Wild_Cherry_Diet_12_12_fl_oz_355_ml_cans_144_fl_oz_426_lt_Elastic_hard.csv,2700,The object has been dropped.
/home/mdxuser/Genesis/main/data/picked_up_4/csv/3D_Dollhouse_Happy_Brother/Elastic/medium/3D_Dollhouse_Happy_Brother_Elastic_medium.csv,0,"End-effector start towards the object, to begin the task."
/home/mdxuser/Genesis/main/data/picked_up_4/csv/3D_Dollhouse_Happy_Brother/Elastic/medium/3D_Dollhouse_Happy_Brother_Elastic_medium.csv,270,"End-effector grasping the object, using moderate force, causing medium-deformation, with increasing force."
/home/mdxuser/Genesis/main/data/picked_up_4/csv/3D_Dollhouse_Happy_Brother/Elastic/medium/3D_Dollhouse_Happy_Brother_Elastic_medium.csv,540,"End-effector continue grasping the object, using moderate force, causing medium-deformation, with increasing force."
/home/mdxuser/Genesis/main/data/picked_up_4/csv/3D_Dollhouse_Happy_Brother/Elastic/medium/3D_Dollhouse_Happy_Brother_Elastic_medium.csv,810,"End-effector lifting the object, using moderate force, causing medium-deformation, with increasing force."
/home/mdxuser/Genesis/main/data/picked_up_4/csv/3D_Dollhouse_Happy_Brother/Elastic/medium/3D_Dollhouse_Happy_Brother_Elastic_medium.csv,1080,"End-effector rotating the object, by an angle of 30.0 degrees, using moderate force, causing medium-deformation, with constant force."
/home/mdxuser/Genesis/main/data/picked_up_4/csv/3D_Dollhouse_Happy_Brother/Elastic/medium/3D_Dollhouse_Happy_Brother_Elastic_medium.csv,1350,"End-effector continue rotating the object, by an angle of 30.0 degrees, using moderate force, causing medium-deformation, with constant force."
/home/mdxuser/Genesis/main/data/picked_up_4/csv/3D_Dollhouse_Happy_Brother/Elastic/medium/3D_Dollhouse_Happy_Brother_Elastic_medium.csv,1620,"End-effector holding position of the object, maintaining a stable hold, using moderate force, causing medium-deformation."
/home/mdxuser/Genesis/main/data/picked_up_4/csv/3D_Dollhouse_Happy_Brother/Elastic/medium/3D_Dollhouse_Happy_Brother_Elastic_medium.csv,1890,"End-effector rotating the object, by an angle of 45.0 degrees, using moderate force, causing medium-deformation, with constant force."
/home/mdxuser/Genesis/main/data/picked_up_4/csv/3D_Dollhouse_Happy_Brother/Elastic/medium/3D_Dollhouse_Happy_Brother_Elastic_medium.csv,2160,"End-effector holding position of the object, maintaining a stable hold, using moderate force, causing medium-deformation."
/home/mdxuser/Genesis/main/data/picked_up_4/csv/3D_Dollhouse_Happy_Brother/Elastic/medium/3D_Dollhouse_Happy_Brother_Elastic_medium.csv,2430,"End-effector continue holding position of the object, maintaining a stable hold, using moderate force, causing medium-deformation."
/home/mdxuser/Genesis/main/data/picked_up_4/csv/3D_Dollhouse_Happy_Brother/Elastic/medium/3D_Dollhouse_Happy_Brother_Elastic_medium.csv,2700,"End-effector stopping the object, using zero-force, causing undeformed shape."
/home/mdxuser/Genesis/main/data/picked_up_4/csv/Crunch_Girl_Scouts_Candy_Bars_Peanut_Butter_Creme_78_oz_box/Elastic/hard/Crunch_Girl_Scouts_Candy_Bars_Peanut_Butter_Creme_78_oz_box_Elastic_hard.csv,0,"End-effector start towards the object, to begin the task."
/home/mdxuser/Genesis/main/data/picked_up_4/csv/Crunch_Girl_Scouts_Candy_Bars_Peanut_Butter_Creme_78_oz_box/Elastic/hard/Crunch_Girl_Scouts_Candy_Bars_Peanut_Butter_Creme_78_oz_box_Elastic_hard.csv,270,"End-effector grasping the object, using strong force, causing hard-deformation, with increasing force."
/home/mdxuser/Genesis/main/data/picked_up_4/csv/Crunch_Girl_Scouts_Candy_Bars_Peanut_Butter_Creme_78_oz_box/Elastic/hard/Crunch_Girl_Scouts_Candy_Bars_Peanut_Butter_Creme_78_oz_box_Elastic_hard.csv,540,"End-effector continue grasping the object, using strong force, causing hard-deformation, with increasing force."
/home/mdxuser/Genesis/main/data/picked_up_4/csv/Crunch_Girl_Scouts_Candy_Bars_Peanut_Butter_Creme_78_oz_box/Elastic/hard/Crunch_Girl_Scouts_Candy_Bars_Peanut_Butter_Creme_78_oz_box_Elastic_hard.csv,810,"End-effector lifting the object, using strong force, causing hard-deformation, with increasing force."
/home/mdxuser/Genesis/main/data/picked_up_4/csv/Crunch_Girl_Scouts_Candy_Bars_Peanut_Butter_Creme_78_oz_box/Elastic/hard/Crunch_Girl_Scouts_Candy_Bars_Peanut_Butter_Creme_78_oz_box_Elastic_hard.csv,1080,"End-effector rotating the object, by an angle of 30.0 degrees, using strong force, causing hard-deformation, with constant force."
/home/mdxuser/Genesis/main/data/picked_up_4/csv/Crunch_Girl_Scouts_Candy_Bars_Peanut_Butter_Creme_78_oz_box/Elastic/hard/Crunch_Girl_Scouts_Candy_Bars_Peanut_Butter_Creme_78_oz_box_Elastic_hard.csv,1350,"End-effector continue rotating the object, by an angle of 30.0 degrees, using strong force, causing hard-deformation, with constant force."
/home/mdxuser/Genesis/main/data/picked_up_4/csv/Crunch_Girl_Scouts_Candy_Bars_Peanut_Butter_Creme_78_oz_box/Elastic/hard/Crunch_Girl_Scouts_Candy_Bars_Peanut_Butter_Creme_78_oz_box_Elastic_hard.csv,1620,"End-effector holding position of the object, maintaining a stable hold, using strong force, causing hard-deformation."
/home/mdxuser/Genesis/main/data/picked_up_4/csv/Crunch_Girl_Scouts_Candy_Bars_Peanut_Butter_Creme_78_oz_box/Elastic/hard/Crunch_Girl_Scouts_Candy_Bars_Peanut_Butter_Creme_78_oz_box_Elastic_hard.csv,1890,"End-effector rotating the object, by an angle of 30.0 degrees, using strong force, causing hard-deformation, with constant force."
/home/mdxuser/Genesis/main/data/picked_up_4/csv/Crunch_Girl_Scouts_Candy_Bars_Peanut_Butter_Creme_78_oz_box/Elastic/hard/Crunch_Girl_Scouts_Candy_Bars_Peanut_Butter_Creme_78_oz_box_Elastic_hard.csv,2160,"End-effector continue rotating the object, by an angle of 30.0 degrees, using strong force, causing hard-deformation, with constant force."
/home/mdxuser/Genesis/main/data/picked_up_4/csv/Crunch_Girl_Scouts_Candy_Bars_Peanut_Butter_Creme_78_oz_box/Elastic/hard/Crunch_Girl_Scouts_Candy_Bars_Peanut_Butter_Creme_78_oz_box_Elastic_hard.csv,2430,"End-effector holding position of the object, maintaining a stable hold, using strong force, causing hard-deformation."
/home/mdxuser/Genesis/main/data/picked_up_4/csv/Crunch_Girl_Scouts_Candy_Bars_Peanut_Butter_Creme_78_oz_box/Elastic/hard/Crunch_Girl_Scouts_Candy_Bars_Peanut_Butter_Creme_78_oz_box_Elastic_hard.csv,2700,"End-effector stopping the object, using zero-force, causing undeformed shape."
/home/mdxuser/Genesis/main/data/picked_up_4/csv/BABY_CAR/Elastic/medium/BABY_CAR_Elastic_medium.csv,0,"End-effector start towards the object, to begin the task."
/home/mdxuser/Genesis/main/data/picked_up_4/csv/BABY_CAR/Elastic/medium/BABY_CAR_Elastic_medium.csv,270,"End-effector grasping the object, using moderate force, causing medium-deformation, with increasing force."
/home/mdxuser/Genesis/main/data/picked_up_4/csv/BABY_CAR/Elastic/medium/BABY_CAR_Elastic_medium.csv,540,"End-effector continue grasping the object, using moderate force, causing medium-deformation, with increasing force."
/home/mdxuser/Genesis/main/data/picked_up_4/csv/BABY_CAR/Elastic/medium/BABY_CAR_Elastic_medium.csv,810,"End-effector lifting the object, using moderate force, causing medium-deformation, with increasing force."
/home/mdxuser/Genesis/main/data/picked_up_4/csv/BABY_CAR/Elastic/medium/BABY_CAR_Elastic_medium.csv,1080,"End-effector rotating the object, by an angle of 30.0 degrees, using moderate force, causing medium-deformation, with constant force."
/home/mdxuser/Genesis/main/data/picked_up_4/csv/BABY_CAR/Elastic/medium/BABY_CAR_Elastic_medium.csv,1350,"End-effector continue rotating the object, by an angle of 30.0 degrees, using moderate force, causing medium-deformation, with constant force."
/home/mdxuser/Genesis/main/data/picked_up_4/csv/BABY_CAR/Elastic/medium/BABY_CAR_Elastic_medium.csv,1620,"End-effector holding position of the object, maintaining a stable hold, using moderate force, causing medium-deformation."
/home/mdxuser/Genesis/main/data/picked_up_4/csv/BABY_CAR/Elastic/medium/BABY_CAR_Elastic_medium.csv,1890,"End-effector rotating the object, by an angle of 45.0 degrees, using moderate force, causing medium-deformation, with constant force."
/home/mdxuser/Genesis/main/data/picked_up_4/csv/BABY_CAR/Elastic/medium/BABY_CAR_Elastic_medium.csv,2160,"End-effector continue rotating the object, by an angle of 45.0 degrees, using moderate force, causing medium-deformation, with constant force."
/home/mdxuser/Genesis/main/data/picked_up_4/csv/BABY_CAR/Elastic/medium/BABY_CAR_Elastic_medium.csv,2430,The object has been dropped.
/home/mdxuser/Genesis/main/data/picked_up_4/csv/BABY_CAR/Elastic/medium/BABY_CAR_Elastic_medium.csv,2700,The object has been dropped.
/home/mdxuser/Genesis/main/data/picked_up_4/csv/Pepsi_Cola_Wild_Cherry_Diet_12_12_fl_oz_355_ml_cans_144_fl_oz_426_lt/Elastic/medium/Pepsi_Cola_Wild_Cherry_Diet_12_12_fl_oz_355_ml_cans_144_fl_oz_426_lt_Elastic_medium.csv,0,"End-effector start towards the object, to begin the task."
/home/mdxuser/Genesis/main/data/picked_up_4/csv/Pepsi_Cola_Wild_Cherry_Diet_12_12_fl_oz_355_ml_cans_144_fl_oz_426_lt/Elastic/medium/Pepsi_Cola_Wild_Cherry_Diet_12_12_fl_oz_355_ml_cans_144_fl_oz_426_lt_Elastic_medium.csv,270,"End-effector grasping the object, using moderate force, causing medium-deformation, with increasing force."
/home/mdxuser/Genesis/main/data/picked_up_4/csv/Pepsi_Cola_Wild_Cherry_Diet_12_12_fl_oz_355_ml_cans_144_fl_oz_426_lt/Elastic/medium/Pepsi_Cola_Wild_Cherry_Diet_12_12_fl_oz_355_ml_cans_144_fl_oz_426_lt_Elastic_medium.csv,540,"End-effector continue grasping the object, using moderate force, causing medium-deformation, with increasing force."
/home/mdxuser/Genesis/main/data/picked_up_4/csv/Pepsi_Cola_Wild_Cherry_Diet_12_12_fl_oz_355_ml_cans_144_fl_oz_426_lt/Elastic/medium/Pepsi_Cola_Wild_Cherry_Diet_12_12_fl_oz_355_ml_cans_144_fl_oz_426_lt_Elastic_medium.csv,810,"End-effector lifting the object, using moderate force, causing medium-deformation, with increasing force."
/home/mdxuser/Genesis/main/data/picked_up_4/csv/Pepsi_Cola_Wild_Cherry_Diet_12_12_fl_oz_355_ml_cans_144_fl_oz_426_lt/Elastic/medium/Pepsi_Cola_Wild_Cherry_Diet_12_12_fl_oz_355_ml_cans_144_fl_oz_426_lt_Elastic_medium.csv,1080,"End-effector rotating the object, by an angle of 30.0 degrees, using moderate force, causing medium-deformation, with constant force."
/home/mdxuser/Genesis/main/data/picked_up_4/csv/Pepsi_Cola_Wild_Cherry_Diet_12_12_fl_oz_355_ml_cans_144_fl_oz_426_lt/Elastic/medium/Pepsi_Cola_Wild_Cherry_Diet_12_12_fl_oz_355_ml_cans_144_fl_oz_426_lt_Elastic_medium.csv,1350,"End-effector continue rotating the object, by an angle of 30.0 degrees, using moderate force, causing medium-deformation, with constant force."
/home/mdxuser/Genesis/main/data/picked_up_4/csv/Pepsi_Cola_Wild_Cherry_Diet_12_12_fl_oz_355_ml_cans_144_fl_oz_426_lt/Elastic/medium/Pepsi_Cola_Wild_Cherry_Diet_12_12_fl_oz_355_ml_cans_144_fl_oz_426_lt_Elastic_medium.csv,1620,"End-effector holding position of the object, maintaining a stable hold, using moderate force, causing medium-deformation."
/home/mdxuser/Genesis/main/data/picked_up_4/csv/Pepsi_Cola_Wild_Cherry_Diet_12_12_fl_oz_355_ml_cans_144_fl_oz_426_lt/Elastic/medium/Pepsi_Cola_Wild_Cherry_Diet_12_12_fl_oz_355_ml_cans_144_fl_oz_426_lt_Elastic_medium.csv,1890,"End-effector rotating the object, by an angle of 45.0 degrees, using moderate force, causing medium-deformation, with constant force."
/home/mdxuser/Genesis/main/data/picked_up_4/csv/Pepsi_Cola_Wild_Cherry_Diet_12_12_fl_oz_355_ml_cans_144_fl_oz_426_lt/Elastic/medium/Pepsi_Cola_Wild_Cherry_Diet_12_12_fl_oz_355_ml_cans_144_fl_oz_426_lt_Elastic_medium.csv,2160,"End-effector holding position of the object, maintaining a stable hold, using moderate force, causing medium-deformation."
/home/mdxuser/Genesis/main/data/picked_up_4/csv/Pepsi_Cola_Wild_Cherry_Diet_12_12_fl_oz_355_ml_cans_144_fl_oz_426_lt/Elastic/medium/Pepsi_Cola_Wild_Cherry_Diet_12_12_fl_oz_355_ml_cans_144_fl_oz_426_lt_Elastic_medium.csv,2430,"End-effector continue holding position of the object, maintaining a stable hold, using moderate force, causing medium-deformation."
/home/mdxuser/Genesis/main/data/picked_up_4/csv/Pepsi_Cola_Wild_Cherry_Diet_12_12_fl_oz_355_ml_cans_144_fl_oz_426_lt/Elastic/medium/Pepsi_Cola_Wild_Cherry_Diet_12_12_fl_oz_355_ml_cans_144_fl_oz_426_lt_Elastic_medium.csv,2700,The object has been dropped.
/home/mdxuser/Genesis/main/data/picked_up_4/csv/Home_Fashions_Washcloth_Olive_Green/Elastic/medium/Home_Fashions_Washcloth_Olive_Green_Elastic_medium.csv,0,"End-effector start towards the object, to begin the task."
/home/mdxuser/Genesis/main/data/picked_up_4/csv/Home_Fashions_Washcloth_Olive_Green/Elastic/medium/Home_Fashions_Washcloth_Olive_Green_Elastic_medium.csv,270,"End-effector grasping the object, using moderate force, causing medium-deformation, with increasing force."
/home/mdxuser/Genesis/main/data/picked_up_4/csv/Home_Fashions_Washcloth_Olive_Green/Elastic/medium/Home_Fashions_Washcloth_Olive_Green_Elastic_medium.csv,540,"End-effector continue grasping the object, using moderate force, causing medium-deformation, with increasing force."
/home/mdxuser/Genesis/main/data/picked_up_4/csv/Home_Fashions_Washcloth_Olive_Green/Elastic/medium/Home_Fashions_Washcloth_Olive_Green_Elastic_medium.csv,810,"End-effector lifting the object, using moderate force, causing medium-deformation, with increasing force."
/home/mdxuser/Genesis/main/data/picked_up_4/csv/Home_Fashions_Washcloth_Olive_Green/Elastic/medium/Home_Fashions_Washcloth_Olive_Green_Elastic_medium.csv,1080,"End-effector rotating the object, by an angle of 45.0 degrees, using moderate force, causing medium-deformation, with constant force."
/home/mdxuser/Genesis/main/data/picked_up_4/csv/Home_Fashions_Washcloth_Olive_Green/Elastic/medium/Home_Fashions_Washcloth_Olive_Green_Elastic_medium.csv,1350,The object has been dropped.
/home/mdxuser/Genesis/main/data/picked_up_4/csv/Home_Fashions_Washcloth_Olive_Green/Elastic/medium/Home_Fashions_Washcloth_Olive_Green_Elastic_medium.csv,1620,The object has been dropped.
/home/mdxuser/Genesis/main/data/picked_up_4/csv/Home_Fashions_Washcloth_Olive_Green/Elastic/medium/Home_Fashions_Washcloth_Olive_Green_Elastic_medium.csv,1890,The object has been dropped.
/home/mdxuser/Genesis/main/data/picked_up_4/csv/Home_Fashions_Washcloth_Olive_Green/Elastic/medium/Home_Fashions_Washcloth_Olive_Green_Elastic_medium.csv,2160,The object has been dropped.
/home/mdxuser/Genesis/main/data/picked_up_4/csv/Home_Fashions_Washcloth_Olive_Green/Elastic/medium/Home_Fashions_Washcloth_Olive_Green_Elastic_medium.csv,2430,The object has been dropped.
/home/mdxuser/Genesis/main/data/picked_up_4/csv/Home_Fashions_Washcloth_Olive_Green/Elastic/medium/Home_Fashions_Washcloth_Olive_Green_Elastic_medium.csv,2700,The object has been dropped.
/home/mdxuser/Genesis/main/data/picked_up_4/csv/Cootie_Game_tDhURNbfU5J/Elastic/soft/Cootie_Game_tDhURNbfU5J_Elastic_soft.csv,0,"End-effector start towards the object, to begin the task."
/home/mdxuser/Genesis/main/data/picked_up_4/csv/Cootie_Game_tDhURNbfU5J/Elastic/soft/Cootie_Game_tDhURNbfU5J_Elastic_soft.csv,270,"End-effector grasping the object, using gentle force, causing soft-deformation, with increasing force."
/home/mdxuser/Genesis/main/data/picked_up_4/csv/Cootie_Game_tDhURNbfU5J/Elastic/soft/Cootie_Game_tDhURNbfU5J_Elastic_soft.csv,540,"End-effector continue grasping the object, using gentle force, causing soft-deformation, with increasing force."
/home/mdxuser/Genesis/main/data/picked_up_4/csv/Cootie_Game_tDhURNbfU5J/Elastic/soft/Cootie_Game_tDhURNbfU5J_Elastic_soft.csv,810,"End-effector lifting the object, using gentle force, causing soft-deformation, with increasing force."
/home/mdxuser/Genesis/main/data/picked_up_4/csv/Cootie_Game_tDhURNbfU5J/Elastic/soft/Cootie_Game_tDhURNbfU5J_Elastic_soft.csv,1080,"End-effector rotating the object, by an angle of 45.0 degrees, using gentle force, causing soft-deformation, with constant force."
/home/mdxuser/Genesis/main/data/picked_up_4/csv/Cootie_Game_tDhURNbfU5J/Elastic/soft/Cootie_Game_tDhURNbfU5J_Elastic_soft.csv,1350,"End-effector holding position of the object, maintaining a stable hold, using gentle force, causing soft-deformation."
/home/mdxuser/Genesis/main/data/picked_up_4/csv/Cootie_Game_tDhURNbfU5J/Elastic/soft/Cootie_Game_tDhURNbfU5J_Elastic_soft.csv,1620,"End-effector continue holding position of the object, maintaining a stable hold, using gentle force, causing soft-deformation."
/home/mdxuser/Genesis/main/data/picked_up_4/csv/Cootie_Game_tDhURNbfU5J/Elastic/soft/Cootie_Game_tDhURNbfU5J_Elastic_soft.csv,1890,"End-effector rotating the object, by an angle of 30.0 degrees, using gentle force, causing soft-deformation, with constant force."
/home/mdxuser/Genesis/main/data/picked_up_4/csv/Cootie_Game_tDhURNbfU5J/Elastic/soft/Cootie_Game_tDhURNbfU5J_Elastic_soft.csv,2160,"End-effector continue rotating the object, by an angle of 30.0 degrees, using gentle force, causing soft-deformation, with constant force."
/home/mdxuser/Genesis/main/data/picked_up_4/csv/Cootie_Game_tDhURNbfU5J/Elastic/soft/Cootie_Game_tDhURNbfU5J_Elastic_soft.csv,2430,"End-effector holding position of the object, maintaining a stable hold, using gentle force, causing soft-deformation."
/home/mdxuser/Genesis/main/data/picked_up_4/csv/Cootie_Game_tDhURNbfU5J/Elastic/soft/Cootie_Game_tDhURNbfU5J_Elastic_soft.csv,2700,The object has been dropped.
/home/mdxuser/Genesis/main/data/picked_up_4/csv/Crayola_Bonus_64_Crayons/Elastic/medium/Crayola_Bonus_64_Crayons_Elastic_medium.csv,0,"End-effector start towards the object, to begin the task."
/home/mdxuser/Genesis/main/data/picked_up_4/csv/Crayola_Bonus_64_Crayons/Elastic/medium/Crayola_Bonus_64_Crayons_Elastic_medium.csv,270,"End-effector grasping the object, using moderate force, causing medium-deformation, with increasing force."
/home/mdxuser/Genesis/main/data/picked_up_4/csv/Crayola_Bonus_64_Crayons/Elastic/medium/Crayola_Bonus_64_Crayons_Elastic_medium.csv,540,"End-effector continue grasping the object, using moderate force, causing medium-deformation, with increasing force."
/home/mdxuser/Genesis/main/data/picked_up_4/csv/Crayola_Bonus_64_Crayons/Elastic/medium/Crayola_Bonus_64_Crayons_Elastic_medium.csv,810,"End-effector lifting the object, using moderate force, causing medium-deformation, with increasing force."
/home/mdxuser/Genesis/main/data/picked_up_4/csv/Crayola_Bonus_64_Crayons/Elastic/medium/Crayola_Bonus_64_Crayons_Elastic_medium.csv,1080,"End-effector rotating the object, by an angle of 30.0 degrees, using moderate force, causing medium-deformation, with constant force."
/home/mdxuser/Genesis/main/data/picked_up_4/csv/Crayola_Bonus_64_Crayons/Elastic/medium/Crayola_Bonus_64_Crayons_Elastic_medium.csv,1350,"End-effector continue rotating the object, by an angle of 30.0 degrees, using moderate force, causing medium-deformation, with constant force."
/home/mdxuser/Genesis/main/data/picked_up_4/csv/Crayola_Bonus_64_Crayons/Elastic/medium/Crayola_Bonus_64_Crayons_Elastic_medium.csv,1620,"End-effector holding position of the object, maintaining a stable hold, using moderate force, causing medium-deformation."
/home/mdxuser/Genesis/main/data/picked_up_4/csv/Crayola_Bonus_64_Crayons/Elastic/medium/Crayola_Bonus_64_Crayons_Elastic_medium.csv,1890,"End-effector rotating the object, by an angle of 30.0 degrees, using moderate force, causing medium-deformation, with constant force."
/home/mdxuser/Genesis/main/data/picked_up_4/csv/Crayola_Bonus_64_Crayons/Elastic/medium/Crayola_Bonus_64_Crayons_Elastic_medium.csv,2160,"End-effector continue rotating the object, by an angle of 30.0 degrees, using moderate force, causing medium-deformation, with constant force."
/home/mdxuser/Genesis/main/data/picked_up_4/csv/Crayola_Bonus_64_Crayons/Elastic/medium/Crayola_Bonus_64_Crayons_Elastic_medium.csv,2430,"End-effector holding position of the object, maintaining a stable hold, using moderate force, causing medium-deformation."
/home/mdxuser/Genesis/main/data/picked_up_4/csv/Crayola_Bonus_64_Crayons/Elastic/medium/Crayola_Bonus_64_Crayons_Elastic_medium.csv,2700,"End-effector stopping the object, using zero-force, causing undeformed shape."
/home/mdxuser/Genesis/main/data/picked_up_4/csv/ClimaCool_Aerate_2_W_Wide/Elastic/hard/ClimaCool_Aerate_2_W_Wide_Elastic_hard.csv,0,"End-effector start towards the object, to begin the task."
/home/mdxuser/Genesis/main/data/picked_up_4/csv/ClimaCool_Aerate_2_W_Wide/Elastic/hard/ClimaCool_Aerate_2_W_Wide_Elastic_hard.csv,270,"End-effector grasping the object, using strong force, causing hard-deformation, with increasing force."
/home/mdxuser/Genesis/main/data/picked_up_4/csv/ClimaCool_Aerate_2_W_Wide/Elastic/hard/ClimaCool_Aerate_2_W_Wide_Elastic_hard.csv,540,"End-effector continue grasping the object, using strong force, causing hard-deformation, with increasing force."
/home/mdxuser/Genesis/main/data/picked_up_4/csv/ClimaCool_Aerate_2_W_Wide/Elastic/hard/ClimaCool_Aerate_2_W_Wide_Elastic_hard.csv,810,"End-effector lifting the object, using strong force, causing hard-deformation, with increasing force."
/home/mdxuser/Genesis/main/data/picked_up_4/csv/ClimaCool_Aerate_2_W_Wide/Elastic/hard/ClimaCool_Aerate_2_W_Wide_Elastic_hard.csv,1080,"End-effector rotating the object, by an angle of 30.0 degrees, using strong force, causing hard-deformation, with constant force."
/home/mdxuser/Genesis/main/data/picked_up_4/csv/ClimaCool_Aerate_2_W_Wide/Elastic/hard/ClimaCool_Aerate_2_W_Wide_Elastic_hard.csv,1350,"End-effector continue rotating the object, by an angle of 30.0 degrees, using strong force, causing hard-deformation, with constant force."
/home/mdxuser/Genesis/main/data/picked_up_4/csv/ClimaCool_Aerate_2_W_Wide/Elastic/hard/ClimaCool_Aerate_2_W_Wide_Elastic_hard.csv,1620,"End-effector holding position of the object, maintaining a stable hold, using strong force, causing hard-deformation."
/home/mdxuser/Genesis/main/data/picked_up_4/csv/ClimaCool_Aerate_2_W_Wide/Elastic/hard/ClimaCool_Aerate_2_W_Wide_Elastic_hard.csv,1890,"End-effector rotating the object, by an angle of 45.0 degrees, using strong force, causing hard-deformation, with constant force."
/home/mdxuser/Genesis/main/data/picked_up_4/csv/ClimaCool_Aerate_2_W_Wide/Elastic/hard/ClimaCool_Aerate_2_W_Wide_Elastic_hard.csv,2160,"End-effector holding position of the object, maintaining a stable hold, using strong force, causing hard-deformation."
/home/mdxuser/Genesis/main/data/picked_up_4/csv/ClimaCool_Aerate_2_W_Wide/Elastic/hard/ClimaCool_Aerate_2_W_Wide_Elastic_hard.csv,2430,"End-effector continue holding position of the object, maintaining a stable hold, using strong force, causing hard-deformation."
/home/mdxuser/Genesis/main/data/picked_up_4/csv/ClimaCool_Aerate_2_W_Wide/Elastic/hard/ClimaCool_Aerate_2_W_Wide_Elastic_hard.csv,2700,The object has been dropped.
/home/mdxuser/Genesis/main/data/picked_up_4/csv/Cole_Hardware_Antislip_Surfacing_White_2_x_60/Elastic/medium/Cole_Hardware_Antislip_Surfacing_White_2_x_60_Elastic_medium.csv,0,"End-effector start towards the object, to begin the task."
/home/mdxuser/Genesis/main/data/picked_up_4/csv/Cole_Hardware_Antislip_Surfacing_White_2_x_60/Elastic/medium/Cole_Hardware_Antislip_Surfacing_White_2_x_60_Elastic_medium.csv,270,"End-effector grasping the object, using moderate force, causing medium-deformation, with increasing force."
/home/mdxuser/Genesis/main/data/picked_up_4/csv/Cole_Hardware_Antislip_Surfacing_White_2_x_60/Elastic/medium/Cole_Hardware_Antislip_Surfacing_White_2_x_60_Elastic_medium.csv,540,"End-effector continue grasping the object, using moderate force, causing medium-deformation, with increasing force."
/home/mdxuser/Genesis/main/data/picked_up_4/csv/Cole_Hardware_Antislip_Surfacing_White_2_x_60/Elastic/medium/Cole_Hardware_Antislip_Surfacing_White_2_x_60_Elastic_medium.csv,810,"End-effector lifting the object, using moderate force, causing medium-deformation, with increasing force."
/home/mdxuser/Genesis/main/data/picked_up_4/csv/Cole_Hardware_Antislip_Surfacing_White_2_x_60/Elastic/medium/Cole_Hardware_Antislip_Surfacing_White_2_x_60_Elastic_medium.csv,1080,"End-effector rotating the object, by an angle of 45.0 degrees, using moderate force, causing medium-deformation, with constant force."
/home/mdxuser/Genesis/main/data/picked_up_4/csv/Cole_Hardware_Antislip_Surfacing_White_2_x_60/Elastic/medium/Cole_Hardware_Antislip_Surfacing_White_2_x_60_Elastic_medium.csv,1350,"End-effector continue rotating the object, by an angle of 45.0 degrees, using moderate force, causing medium-deformation, with constant force."
/home/mdxuser/Genesis/main/data/picked_up_4/csv/Cole_Hardware_Antislip_Surfacing_White_2_x_60/Elastic/medium/Cole_Hardware_Antislip_Surfacing_White_2_x_60_Elastic_medium.csv,1620,"End-effector holding position of the object, maintaining a stable hold, using moderate force, causing medium-deformation."
/home/mdxuser/Genesis/main/data/picked_up_4/csv/Cole_Hardware_Antislip_Surfacing_White_2_x_60/Elastic/medium/Cole_Hardware_Antislip_Surfacing_White_2_x_60_Elastic_medium.csv,1890,"End-effector rotating the object, by an angle of 30.0 degrees, using moderate force, causing medium-deformation, with constant force."
/home/mdxuser/Genesis/main/data/picked_up_4/csv/Cole_Hardware_Antislip_Surfacing_White_2_x_60/Elastic/medium/Cole_Hardware_Antislip_Surfacing_White_2_x_60_Elastic_medium.csv,2160,"End-effector continue rotating the object, by an angle of 30.0 degrees, using moderate force, causing medium-deformation, with constant force."
/home/mdxuser/Genesis/main/data/picked_up_4/csv/Cole_Hardware_Antislip_Surfacing_White_2_x_60/Elastic/medium/Cole_Hardware_Antislip_Surfacing_White_2_x_60_Elastic_medium.csv,2430,"End-effector holding position of the object, maintaining a stable hold, using moderate force, causing medium-deformation."
/home/mdxuser/Genesis/main/data/picked_up_4/csv/Cole_Hardware_Antislip_Surfacing_White_2_x_60/Elastic/medium/Cole_Hardware_Antislip_Surfacing_White_2_x_60_Elastic_medium.csv,2700,"End-effector stopping the object, using zero-force, causing undeformed shape."
/home/mdxuser/Genesis/main/data/picked_up_4/csv/BABY_CAR/Elastic/hard/BABY_CAR_Elastic_hard.csv,0,"End-effector start towards the object, to begin the task."
/home/mdxuser/Genesis/main/data/picked_up_4/csv/BABY_CAR/Elastic/hard/BABY_CAR_Elastic_hard.csv,270,"End-effector grasping the object, using strong force, causing hard-deformation, with increasing force."
/home/mdxuser/Genesis/main/data/picked_up_4/csv/BABY_CAR/Elastic/hard/BABY_CAR_Elastic_hard.csv,540,"End-effector continue grasping the object, using strong force, causing hard-deformation, with increasing force."
/home/mdxuser/Genesis/main/data/picked_up_4/csv/BABY_CAR/Elastic/hard/BABY_CAR_Elastic_hard.csv,810,"End-effector lifting the object, using strong force, causing hard-deformation, with increasing force."
/home/mdxuser/Genesis/main/data/picked_up_4/csv/BABY_CAR/Elastic/hard/BABY_CAR_Elastic_hard.csv,1080,"End-effector rotating the object, by an angle of 45.0 degrees, using strong force, causing hard-deformation, with constant force."
/home/mdxuser/Genesis/main/data/picked_up_4/csv/BABY_CAR/Elastic/hard/BABY_CAR_Elastic_hard.csv,1350,"End-effector holding position of the object, maintaining a stable hold, using strong force, causing hard-deformation."
/home/mdxuser/Genesis/main/data/picked_up_4/csv/BABY_CAR/Elastic/hard/BABY_CAR_Elastic_hard.csv,1620,"End-effector continue holding position of the object, maintaining a stable hold, using strong force, causing hard-deformation."
/home/mdxuser/Genesis/main/data/picked_up_4/csv/BABY_CAR/Elastic/hard/BABY_CAR_Elastic_hard.csv,1890,"End-effector rotating the object, by an angle of 45.0 degrees, using strong force, causing hard-deformation, with constant force."
/home/mdxuser/Genesis/main/data/picked_up_4/csv/BABY_CAR/Elastic/hard/BABY_CAR_Elastic_hard.csv,2160,"End-effector continue rotating the object, by an angle of 45.0 degrees, using strong force, causing hard-deformation, with constant force."
/home/mdxuser/Genesis/main/data/picked_up_4/csv/BABY_CAR/Elastic/hard/BABY_CAR_Elastic_hard.csv,2430,"End-effector holding position of the object, maintaining a stable hold, using strong force, causing hard-deformation."
/home/mdxuser/Genesis/main/data/picked_up_4/csv/BABY_CAR/Elastic/hard/BABY_CAR_Elastic_hard.csv,2700,"End-effector stopping the object, using zero-force, causing undeformed shape."
